municipio,uf,lat,lon,eco_mw_instalado,eco_mw_outorgado,eco_n_plantas,eco_mw_ocioso,eco_share_renovavel,eco_bio_capacidade_m3d,eco_bio_processado_m3d,eco_bio_n_plantas,eco_bio_ociosidade,eco_n_linhas_transmissao,eco_tensao_media_kv,eco_capacidade_subestacao_mva,soc_diversidade_fontes,soc_n_plantas_operacionais,env_co2_evitado_t_ano,env_n_projetos_transmissao,env_bio_producao_m3
ABADIA DOS DOURADOS,MG,-18.48194444,-47.42722222,990,990.0,1,0.0,1.0,,,,,112,425.625,25999.989999999998,1,1.0,520344.0,1018,
ABAIARA,CE,-7.389607503333334,-38.988013181666666,163700,213700.0,6,50000.0,1.0,,,,,40,345.0,15125.0,1,5.0,86040720.0,383,
ABDON BATISTA,SC,-27.61442056,-51.155503065000005,1071900,1071900.0,2,0.0,1.0,,,,,47,313.24285714285713,14955.0,1,2.0,563390640.0,396,
ABELARDO LUZ,SC,-26.59254395230769,-52.28960357846154,36541,107280.3,13,70739.3,0.9778331189622615,,,,,47,313.24285714285713,14955.0,3,7.0,18780213.599999998,396,
ABRE CAMPO,MG,-20.18288989,-42.36562922,15800,15800.0,1,0.0,1.0,,,,,112,425.625,25999.989999999998,1,1.0,8304480.0,1018,
ABREU E LIMA,PE,-7.92252632,-34.89984764,3876,3876.0,3,0.0,0.13312693498452013,,,,,28,315.2631578947368,7640.0,2,3.0,271209.6,222,
ACAILANDIA,MA,-3.670747985,-35.558400954999996,12690,23440.0,4,10750.0,0.038613081166272656,,,,,21,420.0,10616.16,2,3.0,257544.0,244,
ACARA,PA,-2.52591667,-48.79791667,1640,1640.0,1,0.0,0.0,,,,,28,380.5882352941176,18060.0,1,1.0,,419,
ACARAU,CE,-2.8898696063157896,-40.04267122631579,155800,775800.0,19,620000.0,1.0,,,,,40,345.0,15125.0,1,5.0,81888480.0,383,
ACAUA,PE,-8.51920884,-41.14185238,0,37800.0,1,37800.0,0.0,,,,,28,315.2631578947368,7640.0,1,,0.0,222,
ACREUNA,GO,-17.65393059,-50.4769139,30000,30000.0,1,0.0,1.0,,,,,34,286.2564102564103,10976.33,1,1.0,15768000.0,295,
ACU,RN,-5.498486809310345,-37.02624152068965,1243970,4078692.0,87,2834722.0,1.0,,,,,22,284.0,9222.56,2,31.0,653830632.0,290,
ACUCENA,MG,-19.00107167,-42.55934727666667,149240,149240.0,3,0.0,1.0,,,,,112,425.625,25999.989999999998,2,3.0,78440544.0,1018,
ADAMANTINA,SP,-21.58,-51.05472222,15029,15029.6,2,0.6000000000003638,0.0,,,,,78,338.8053097345133,41332.81,1,2.0,,784,
ADUSTINA,BA,-10.613155043999999,-37.98696028,0,210000.0,5,210000.0,0.0,,,,,71,380.63157894736844,19914.15,1,,0.0,852,
AFONSO BEZERRA,RN,-5.409117,-36.492484,29400,29400.0,1,0.0,1.0,,,,,22,284.0,9222.56,1,1.0,15452640.0,290,
AFRANIO,PI,-8.53761,-41.14887436,0,37800.0,1,37800.0,0.0,,,,,37,381.875,5655.0,1,,0.0,338,
AFUA,PA,-0.15667598,-50.38664855,6000,6000.0,1,0.0,0.0,,,,,28,380.5882352941176,18060.0,1,1.0,,419,
AGRESTINA,PE,-4.207998335,-17.97900139,29675,29675.0,2,0.0,1.0,,,,,28,315.2631578947368,7640.0,1,2.0,15597180.0,222,
AGROLANDIA,SC,-27.47467223,-49.87641965,3490,3490.0,2,0.0,1.0,,,,,47,313.24285714285713,14955.0,1,2.0,1834344.0,396,
AGUA BOA,MT,-14.06616956,-52.28454386,24,24.6,1,0.6000000000000014,1.0,,,,,22,357.5,3719.99,1,1.0,12614.4,352,
AGUA CLARA,MS,-19.64226917285714,-52.91906608428571,210030,210030.0,7,0.0,1.0,,,,,30,218.0952380952381,5050.0,2,7.0,110391768.0,269,
AGUA DOCE,SC,-26.631266650714284,-51.79302041285714,175276,175276.0,14,0.0,1.0,,,,,47,313.24285714285713,14955.0,3,14.0,92125065.6,396,
AGUA FRIA DE GOIAS,GO,-15.13377722,-48.01710833,0,9990.0,1,9990.0,0.0,,,,,34,286.2564102564103,10976.33,1,,0.0,295,
AGUAS DE CHAPECO,RS,-27.14,-53.04333333,855000,855000.0,1,0.0,1.0,,,,,99,275.508064516129,19463.33,1,1.0,449388000.0,726,
AGUAS DE SANTA BARBARA,SP,-22.87413056,-49.21534167,10500,10500.0,1,0.0,1.0,,,,,78,338.8053097345133,41332.81,1,1.0,5518800.0,784,
AGUAS DE SAO PEDRO,SP,-23.61194445,-46.65916666,50,50.4,1,0.3999999999999986,0.0,,,,,78,338.8053097345133,41332.81,1,1.0,,784,
AGUAS FRIAS,SC,-26.85333333,-52.90027778,4600,4600.0,1,0.0,1.0,,,,,47,313.24285714285713,14955.0,1,1.0,2417760.0,396,
AGUAS VERMELHAS,MG,-15.52247511,-41.51111691,1720,1720.0,1,0.0,1.0,,,,,112,425.625,25999.989999999998,1,1.0,904032.0,1018,
AGUDO,RS,-14.72454415,-26.642501985,125375,125375.0,2,0.0,1.0,,,,,99,275.508064516129,19463.33,2,2.0,65897100.0,726,
AGUDOS,SP,-22.46900716,-48.98803336,4800,4800.0,1,0.0,0.0,,,,,78,338.8053097345133,41332.81,1,1.0,,784,
AGUIARNOPOLIS,MA,-6.58909741,-47.46648003,1087000,1087000.0,1,0.0,1.0,,,,,21,420.0,10616.16,1,1.0,571327200.0,244,
AJURICABA,RS,-28.21388889,-53.62888889,1000,1000.0,1,0.0,1.0,,,,,99,275.508064516129,19463.33,1,1.0,525600.0,726,
ALAGOA,MG,-22.23133889,-44.66744167,1600,1600.0,1,0.0,1.0,,,,,112,425.625,25999.989999999998,1,1.0,840960.0,1018,
ALAGOINHAS,BA,-3.021085765,-9.5858975275,3525,3525.6,4,0.599999999999909,0.11914893617021277,,,,,71,380.63157894736844,19914.15,2,4.0,220752.0,852,
ALDEIAS ALTAS,MA,-4.62388889,-43.61416667,5000,5000.0,1,0.0,0.0,,,,,21,420.0,10616.16,1,1.0,,244,
ALEGRE,ES,-20.692160483333335,-41.50924885,58056,58056.0,3,0.0,1.0,,,,,9,342.0833333333333,6516.66,1,3.0,30514233.599999998,130,
ALEGRETE,RS,-29.965611434285712,-56.05969165,11925,511425.0,14,499500.0,0.0,,,,,99,275.508064516129,19463.33,2,3.0,0.0,726,
ALEGRETE DO PIAUI,PI,-7.13621528,-40.80028139,2500,2500.0,1,0.0,1.0,,,,,37,381.875,5655.0,1,1.0,1314000.0,338,
ALEM PARAIBA,MG,-21.904356399999998,-42.74859087,333884,333884.0,2,0.0,0.9994489104000192,,,,,112,425.625,25999.989999999998,2,2.0,175392720.0,1018,
ALEM PARAIBA,RJ,-21.84333333,-42.57944444,187169,187169.0,1,0.0,1.0,,,,,23,429.54545454545456,13884.66,1,1.0,98376026.39999999,226,
ALFENAS,MG,-21.428471805,-45.945255275,1668,1668.0,2,0.0,0.0,,,,,112,425.625,25999.989999999998,1,2.0,,1018,
ALFREDO CHAVES,ES,-20.60360012,-40.80552455,21000,21000.0,1,0.0,1.0,,,,,9,342.0833333333333,6516.66,1,1.0,11037600.0,130,
ALMEIRIM,AP,-0.65,-52.51666667,392950,392950.0,1,0.0,1.0,,,,,3,230.0,950.0,1,1.0,206534520.0,61,
ALMEIRIM,PA,-1.225197225,-52.50494528,63000,63000.0,2,0.0,0.0,,,,,28,380.5882352941176,18060.0,1,2.0,,419,
ALMIRANTE TAMANDARE,PR,-25.36472222,-49.295,1300,1300.0,1,0.0,1.0,,,,,61,329.2857142857143,12734.23,1,1.0,683280.0,433,
ALMIRANTE TAMANDARE DO SUL,RS,-28.10295278,-53.01492778,2880,2880.0,1,0.0,1.0,,,,,99,275.508064516129,19463.33,1,1.0,1513728.0,726,
ALPERCATA,MG,-19.02156872,-42.12489562,140000,140000.0,1,0.0,1.0,,,,,112,425.625,25999.989999999998,1,1.0,73584000.0,1018,
ALTA FLORESTA,MT,-10.335540606,-56.981800226,104900,104900.0,5,0.0,0.9809342230695901,,,,,22,357.5,3719.99,4,5.0,54084240.0,352,
ALTA FLORESTA D'OESTE,RO,-12.157108367272729,-62.12625106545455,43322,43322.0,11,0.0,0.9699459858732283,,,,,14,269.64285714285717,8246.66,3,11.0,22085712.0,155,
ALTAMIRA,PA,-5.023673676666667,-53.00614857,11253180,11253180.0,3,0.0,0.9999928908983949,,,,,28,380.5882352941176,18060.0,3,3.0,5914629360.0,419,
ALTO ALEGRE,RR,2.9094363999999997,-62.485952749999996,580,580.0,2,0.0,0.0,,,,,1,500.0,800.0,1,2.0,,42,
ALTO ARAGUAIA,MT,-17.130029773333334,-53.28131763,36300,66300.0,6,30000.0,0.1046831955922865,,,,,22,357.5,3719.99,4,5.0,1997280.0,352,
ALTO DO RODRIGUES,RN,-5.38054153,-36.819848605000004,111100,111100.0,2,0.0,0.009900990099009901,,,,,22,284.0,9222.56,2,2.0,578160.0,290,
ALTO GARCAS,MT,-16.799708324999997,-53.585405030000004,1820,1820.0,2,0.0,0.1978021978021978,,,,,22,357.5,3719.99,2,2.0,189216.0,352,
ALTO PARAGUAI,MT,-14.47829947,-56.39193309,1680,1680.0,1,0.0,1.0,,,,,22,357.5,3719.99,1,1.0,883008.0,352,
ALTO PARANA,PR,-24.18472222,-53.0275,240,240.0,1,0.0,0.0,,,,,61,329.2857142857143,12734.23,1,1.0,,433,
ALTO TAQUARI,MT,-17.88306639,-53.331690975,93580,93580.0,2,0.0,0.22312459927334902,,,,,22,357.5,3719.99,2,2.0,10974528.0,352,
ALVARAES,AM,-3.23472222,-64.78666667,3872,3872.0,1,0.0,0.0,,,,,7,328.1818181818182,4127.5,1,1.0,,179,
ALVARENGA,MG,-19.43687973,-41.61439138,27000,27000.0,1,0.0,1.0,,,,,112,425.625,25999.989999999998,1,1.0,14191200.0,1018,
ALVINOPOLIS,MG,-20.156862489999998,-42.93111353,1900,1900.0,3,0.0,0.8105263157894737,,,,,112,425.625,25999.989999999998,2,3.0,809424.0,1018,
AMAJARI,RR,3.3009560444444443,-54.54753518333334,7928,7928.2,9,0.1999999999998181,0.1324419778002018,,,,,1,500.0,800.0,2,9.0,551880.0,42,
AMAMBAI,MS,-22.7012514,-55.05503569,688,688.0,1,0.0,1.0,,,,,30,218.0952380952381,5050.0,1,1.0,361612.8,269,
AMARAJI,PE,-8.38972222,-35.445,0,8850.0,1,8850.0,0.0,,,,,28,315.2631578947368,7640.0,1,,0.0,222,
AMATURA,AM,-3.36916667,-68.19111093,3872,3872.0,1,0.0,0.0,,,,,7,328.1818181818182,4127.5,1,1.0,,179,
AMERICANA,SP,-22.73028192,-47.31850194444444,48627,48627.6,9,0.5999999999985448,0.6169412055031156,,,,,78,338.8053097345133,41332.81,2,9.0,15768000.0,784,
AMERICO BRASILIENSE,SP,-21.76277778,-48.08388889,84000,84000.0,1,0.0,0.0,578025.0,157.0,1.0,0.9997283854504563,78,338.8053097345133,41332.81,1,1.0,,784,
AMETISTA DO SUL,RS,-27.359943536666666,-53.193151,1657,1658.58,3,1.5799999999999272,1.0,,,,,99,275.508064516129,19463.33,1,3.0,870919.2,726,
AMONTADA,CE,-3.104270902631579,-39.67047830631579,212100,652000.0,19,439900.0,1.0,,,,,40,345.0,15125.0,1,7.0,111479760.0,383,
AMPARO,SP,-22.710892821999998,-46.81918975,5470,5470.0,5,0.0,0.10749542961608775,,,,,78,338.8053097345133,41332.81,2,5.0,309052.8,784,
ANAHY,PR,-24.63757778,-53.10264167,9850,9850.0,1,0.0,1.0,,,,,61,329.2857142857143,12734.23,1,1.0,5177160.0,433,
ANAJAS,PA,-0.98596678,-49.94593211,3800,3800.0,1,0.0,0.0,,,,,28,380.5882352941176,18060.0,1,1.0,,419,
ANAMA,AM,-3.5796249949999996,-61.405013885,5465,5465.0,2,0.0,0.0,,,,,7,328.1818181818182,4127.5,1,2.0,,179,
ANANINDEUA,PA,-1.3705611528571429,-48.389604684285715,8617,8618.15,7,1.1499999999996362,0.0,,,,,28,380.5882352941176,18060.0,1,7.0,,419,
ANAPOLIS,GO,-15.01014627,-44.86449995583334,53317,53317.0,12,0.0,0.030253014985839412,,,,,34,286.2564102564103,10976.33,2,12.0,847792.7999999999,295,
ANAURILANDIA,SP,-22.47567361,-52.958685,1540000,1540000.0,1,0.0,1.0,,,,,78,338.8053097345133,41332.81,1,1.0,809424000.0,784,
ANCHIETA,SC,-26.51999996,-53.374722225,12500,12500.0,2,0.0,1.0,,,,,47,313.24285714285713,14955.0,1,2.0,6570000.0,396,
ANDIRA,SP,-22.93833333,-50.25083333,72000,72000.0,1,0.0,1.0,,,,,78,338.8053097345133,41332.81,1,1.0,37843200.0,784,
ANDRADINA,SP,-20.7741349,-51.30561442333334,890460,890460.0,3,0.0,0.9068346697212677,,,,,78,338.8053097345133,41332.81,2,3.0,424422000.0,784,
ANDRE DA ROCHA,RS,-28.58585347,-51.403938887500004,31325,38625.0,4,7300.0,1.0,,,,,99,275.508064516129,19463.33,1,3.0,16464420.0,726,
ANGELICA,MS,-22.039657406666667,-53.84107411333334,109841,156281.0,3,46440.0,0.0,,,,,30,218.0952380952381,5050.0,1,2.0,,269,
ANGELINA,SC,-27.523727458000003,-49.028021763,58071,58071.8,10,0.8000000000029104,0.968314649308605,,,,,47,313.24285714285713,14955.0,4,10.0,29555013.599999998,396,
ANGICOS,RN,-5.64425619875,-36.5628234075,142500,292500.0,8,150000.0,1.0,,,,,22,284.0,9222.56,2,3.0,74898000.0,290,
ANGRA DOS REIS,RJ,-23.007203262,-44.409913556,1992648,3342648.0,5,1350000.0,0.0,,,,,23,429.54545454545456,13884.66,2,4.0,,226,
ANITA GARIBALDI,RS,-27.78026185,-51.19189954,690000,690000.0,1,0.0,1.0,,,,,99,275.508064516129,19463.33,1,1.0,362664000.0,726,
ANITA GARIBALDI,SC,-27.72005,-51.098501389999996,2765,2765.0,2,0.0,1.0,,,,,47,313.24285714285713,14955.0,1,2.0,1453284.0,396,
ANITAPOLIS,SC,-27.98284326,-49.10183035,2000,2000.0,1,0.0,1.0,,,,,47,313.24285714285713,14955.0,1,1.0,1051200.0,396,
ANORI,AM,-3.729775725,-61.66126692500001,7870,7870.0,2,0.0,0.0,,,,,7,328.1818181818182,4127.5,1,2.0,,179,
ANTA GORDA,RS,-14.483333335,-25.95833333,420,30420.0,2,30000.0,1.0,,,,,99,275.508064516129,19463.33,2,1.0,220752.0,726,
ANTONINA,PR,-25.183116665,-48.811855554999994,261000,261000.0,2,0.0,1.0,,,,,61,329.2857142857143,12734.23,2,2.0,137181600.0,433,
ANTONIO CARLOS,SC,-27.471195,-48.83606167,3006,3006.0,1,0.0,1.0,,,,,47,313.24285714285713,14955.0,1,1.0,1579953.5999999999,396,
ANTONIO DIAS,MG,-19.62483794,-42.85895077333333,228000,228000.0,3,0.0,1.0,,,,,112,425.625,25999.989999999998,2,3.0,119836800.0,1018,
ANTONIO PRADO,RS,-28.89143806,-51.45587639,26000,26000.0,1,0.0,1.0,,,,,99,275.508064516129,19463.33,1,1.0,13665600.0,726,
ANTONIO PRADO DE MINAS,MG,-21.02860013,-42.19971953,1000,1000.0,1,0.0,1.0,,,,,112,425.625,25999.989999999998,1,1.0,525600.0,1018,
APARECIDA,SP,-7.61674748,-15.077961969999999,6296,6296.0,3,0.0,0.7941550190597204,,,,,78,338.8053097345133,41332.81,2,3.0,2628000.0,784,
APARECIDA DE GOIANIA,GO,-11.99066705,-35.18140397571428,2611,144747.0,7,142136.0,0.5863653772500957,,,,,34,286.2564102564103,10976.33,2,6.0,804693.6,295,
APARECIDA DO TABOADO,MS,-10.043645555,-25.649505115,4450,4450.0,2,0.0,0.056179775280898875,,,,,30,218.0952380952381,5050.0,2,2.0,131400.0,269,
APIUNA,SC,-27.046340396666665,-49.41533322666667,194062,194062.0,3,0.0,0.9888077006317568,,,,,47,313.24285714285713,14955.0,2,3.0,100857384.0,396,
APORE,GO,-18.731709908333332,-52.0331715,118774,218774.0,6,100000.0,0.7895162240894472,,,,,34,286.2564102564103,10976.33,3,5.0,49287614.4,295,
APUCARANA,PR,-23.538989766666663,-51.4304736,1755,1756.0,3,1.0,0.0,,,,,61,329.2857142857143,12734.23,1,3.0,,433,
APUI,AM,-7.068647406666667,-59.607532219999996,6836,6836.0,3,0.0,0.0,,,,,7,328.1818181818182,4127.5,1,3.0,,179,
AQUIRAZ,CE,-3.563740454,-34.570043778,85640,373140.0,10,287500.0,1.0,,,,,40,345.0,15125.0,1,4.0,45012384.0,383,
ARABUTA,SC,-27.138081945,-52.166856945000006,2410,2410.0,2,0.0,1.0,,,,,47,313.24285714285713,14955.0,1,2.0,1266696.0,396,
ARACAJU,SE,-10.932726433571428,-37.0619199125,30036,30036.0,28,0.0,0.026634705020641896,,,,,5,365.0,315.0,2,28.0,420480.0,187,
ARACATI,CE,-4.674966417586207,-36.858122704827586,323680,1676080.0,58,1352400.0,1.0,,,,,40,345.0,15125.0,2,12.0,170126208.0,383,
ARACATUBA,SP,-20.08843405857143,-50.99194583285714,9818,9819.3,7,1.2999999999992724,0.012324302301894479,,,,,78,338.8053097345133,41332.81,2,7.0,63597.6,784,
ARACI,BA,-11.35996856,-38.80407728,12400,12400.0,1,0.0,1.0,,,,,71,380.63157894736844,19914.15,1,1.0,6517440.0,852,
ARACRUZ,ES,-19.84295367,-40.07470155,238000,238000.0,1,0.0,0.0,,,,,9,342.0833333333333,6516.66,1,1.0,,130,
ARACUAI,MG,-16.82190825,-41.97066275,0,120000.0,4,120000.0,0.0,,,,,112,425.625,25999.989999999998,1,,0.0,1018,
ARAGUAINA,TO,-6.470932809,-43.394774867,4786,4786.0,10,0.0,0.17342248223986628,,,,,13,398.75,3940.0,3,10.0,436248.0,139,
ARAGUARI,MG,-18.669338192857143,-48.20444323142857,467415,467415.0,7,0.0,0.97420921450959,,,,,112,425.625,25999.989999999998,3,7.0,239337216.0,1018,
ARAPEI,SP,-22.7032375,-44.46364972,288,288.0,1,0.0,1.0,,,,,78,338.8053097345133,41332.81,1,1.0,151372.8,784,
ARAPIRACA,AL,-7.3232211425,-27.489258815,1760,1760.0,4,0.0,0.06818181818181818,,,,,12,305.0,3165.0,2,4.0,63072.0,104,
ARAPONGAS,PR,-23.41351694,-51.43828,365,365.0,1,0.0,0.0,,,,,61,329.2857142857143,12734.23,1,1.0,,433,
ARAPORA,MG,-18.432366655,-49.15421691,2132000,2132000.0,2,0.0,0.9765478424015009,,,,,112,425.625,25999.989999999998,2,2.0,1094299200.0,1018,
ARAPOTI,PR,-24.087224871666667,-49.848672175,1071,13072.1,6,12001.1,1.0,,,,,61,329.2857142857143,12734.23,3,5.0,562917.6,433,
ARAPUA,MG,-19.033855,-46.15459805,800,800.0,1,0.0,0.0,,,,,112,425.625,25999.989999999998,1,1.0,,1018,
ARAPUTANGA,MT,-15.086968315,-58.739388704999996,47960,47960.0,2,0.0,1.0,,,,,22,357.5,3719.99,1,2.0,25207776.0,352,
ARAQUARI,SC,-26.475438755,-48.74465037,2600,2600.0,2,0.0,0.15384615384615385,,,,,47,313.24285714285713,14955.0,2,2.0,210240.0,396,
ARARAQUARA,SP,-21.830369415555555,-48.16972220444445,29979,29979.0,9,0.0,0.14259981987391174,,,,,78,338.8053097345133,41332.81,2,9.0,2246940.0,784,
ARARAS,SP,-15.976435378571429,-33.84797985142857,76152,76720.0,7,568.0,0.008798193087509192,,,,,78,338.8053097345133,41332.81,2,7.0,352152.0,784,
ARARIPINA,PE,-7.192698423125,-38.0794223475,278925,615157.0,16,336232.0,1.0,,,,,28,315.2631578947368,7640.0,2,9.0,146602980.0,222,
ARARIPINA,PI,-7.59470395,-40.66974475,45600,45600.0,1,0.0,1.0,,,,,37,381.875,5655.0,1,1.0,23967360.0,338,
ARARUAMA,RJ,-22.650740736666666,-42.23416666333333,11056,11056.0,3,0.0,0.0,,,,,23,429.54545454545456,13884.66,1,3.0,,226,
ARARUNA,PB,-6.544620368571429,-35.78490886142857,0,252000.0,7,252000.0,0.0,,,,,16,311.0,2342.56,1,,0.0,119,
ARARUNA,PR,-23.936306616666666,-52.49934420333333,3179,3179.6,3,0.599999999999909,0.0,,,,,61,329.2857142857143,12734.23,1,3.0,,433,
ARATIBA,RS,-27.27671111,-52.38216111,1450000,1450000.0,1,0.0,1.0,,,,,99,275.508064516129,19463.33,1,1.0,762120000.0,726,
ARAUCARIA,PR,-25.573432458000003,-49.373919876,557270,557270.0,5,0.0,0.0,,,,,61,329.2857142857143,12734.23,1,5.0,,433,
ARAXA,MG,-19.619812335000002,-46.959667813571436,117715,117715.0,14,0.0,0.7645584674850274,,,,,112,425.625,25999.989999999998,2,14.0,47304000.0,1018,
ARCEBURGO,MG,-21.391179898,-46.926690367999996,4292,4292.0,5,0.0,0.6644920782851818,,,,,112,425.625,25999.989999999998,3,5.0,1499011.2,1018,
ARCOS,MG,-20.285006256666666,-45.567248346666666,2380,2380.0,3,0.0,0.0,,,,,112,425.625,25999.989999999998,1,3.0,,1018,
ARCOVERDE,PE,0.0,0.0,150,150.0,1,0.0,1.0,,,,,28,315.2631578947368,7640.0,1,1.0,78840.0,222,
AREAL,RJ,-22.217819475,-43.108231755,27000,27000.0,2,0.0,1.0,,,,,23,429.54545454545456,13884.66,1,2.0,14191200.0,226,
AREIA BRANCA,RN,-4.988172922857143,-36.98398545428571,394670,430070.0,14,35400.0,1.0,,,,,22,284.0,9222.56,2,14.0,207438552.0,290,
AREIA DE BARAUNAS,PB,-7.0404878375,-36.954559745,107415,107415.0,4,0.0,1.0,,,,,16,311.0,2342.56,1,4.0,56457324.0,119,
ARENOPOLIS,GO,-16.45014568,-51.4339788575,105328,105328.0,4,0.0,1.0,,,,,34,286.2564102564103,10976.33,1,4.0,55360396.8,295,
ARES,RN,-6.22663966,-35.19802455,21000,21000.0,1,0.0,0.0,,,,,22,284.0,9222.56,1,1.0,,290,
ARINOS,MG,-15.693600048230088,-46.00278102707964,1695106,5410751.0,113,3715645.0,1.0,,,,,112,425.625,25999.989999999998,1,36.0,890947713.6,1018,
ARIPUANA,MT,-10.135933475714285,-59.52284171142857,328163,328163.0,7,0.0,0.8976880391756535,,,,,22,357.5,3719.99,4,7.0,154835452.79999998,352,
ARIQUEMES,RO,-9.97861111,-63.06833333,37000,37000.0,2,0.0,1.0,,,,,14,269.64285714285717,8246.66,1,2.0,19447200.0,155,
ARIRANHA,SP,-21.184314473333334,-48.831172366666664,112000,148795.0,3,36795.0,0.0,,,,,78,338.8053097345133,41332.81,1,3.0,,784,
ARMACAO DE BUZIOS,RJ,-22.776249999999997,-41.93083333,264,264.0,2,0.0,0.0,,,,,23,429.54545454545456,13884.66,1,2.0,,226,
ARMAZEM,SC,0.0,0.0,414,414.0,2,0.0,1.0,,,,,47,313.24285714285713,14955.0,1,2.0,217598.4,396,
ARRAIAS,TO,-12.93442,-46.94610694,8020,8020.0,1,0.0,0.0,,,,,13,398.75,3940.0,1,1.0,,139,
ARROIO DO MEIO,RS,-29.35843966,-51.95562455,1016,1016.0,1,0.0,0.0,,,,,99,275.508064516129,19463.33,1,1.0,,726,
ARROIO TRINTA,SC,-26.87793611,-51.28107778,1000,1000.0,1,0.0,1.0,,,,,47,313.24285714285713,14955.0,1,1.0,525600.0,396,
ARTUR NOGUEIRA,SP,-22.58601944,-47.157775,560,560.0,1,0.0,0.0,,,,,78,338.8053097345133,41332.81,1,1.0,,784,
ARUJA,SP,-23.39582694,-46.32049,360,360.0,1,0.0,0.0,,,,,78,338.8053097345133,41332.81,1,1.0,,784,
ARVOREDO,SC,-27.060487546666668,-52.45944799,48680,48680.0,3,0.0,1.0,,,,,47,313.24285714285713,14955.0,1,3.0,25586208.0,396,
ASSIS,SP,-22.66199977,-50.41199989,144,144.0,1,0.0,0.0,,,,,78,338.8053097345133,41332.81,1,1.0,,784,
ASSIS BRASIL,AC,-10.94286568,-69.56345917,2200,2200.0,1,0.0,0.0,,,,,3,230.0,490.0,1,1.0,,87,
ASSIS CHATEAUBRIAND,PR,-24.41847675,-53.49560953,736,736.0,1,0.0,1.0,,,,,61,329.2857142857143,12734.23,1,1.0,386841.6,433,
ASTOLFO DUTRA,MG,-21.30883909,-42.92876564,32400,32400.0,2,0.0,1.0,,,,,112,425.625,25999.989999999998,1,2.0,17029440.0,1018,
ATALAIA,AL,-9.50138694,-36.02142694,10000,10000.0,1,0.0,0.0,,,,,12,305.0,3165.0,1,1.0,,104,
ATALAIA DO NORTE,AM,-4.679558146666667,-70.83424073666667,1260,11060.0,3,9800.0,0.0,,,,,7,328.1818181818182,4127.5,1,2.0,,179,
AUGUSTO DE LIMA,MG,-18.17305556,-43.975,0,29250.0,1,29250.0,0.0,,,,,112,425.625,25999.989999999998,1,,0.0,1018,
AUREA,RS,-27.72477023,-52.13363057,94,94.0,1,0.0,1.0,,,,,99,275.508064516129,19463.33,1,1.0,49406.4,726,
AUTAZES,AM,-3.5811796975,-59.16033976,18298,18299.3,4,1.2999999999992724,0.0005465078150617554,,,,,7,328.1818181818182,4127.5,2,4.0,5256.0,179,
AVANHANDAVA,SP,-21.40130021,-49.89350002,6000,6000.0,1,0.0,0.0,,,,,78,338.8053097345133,41332.81,1,1.0,,784,
AVARE,SP,-22.99496052666667,-48.943617043333326,31072,31072.0,3,0.0,0.03153964984552008,,,,,78,338.8053097345133,41332.81,2,3.0,515088.0,784,
AVEIRO,PA,-3.60724188,-55.32992016,1200,1200.0,1,0.0,0.0,,,,,28,380.5882352941176,18060.0,1,1.0,,419,
BACABEIRA,MA,0.0,0.0,1500,1500.0,1,0.0,1.0,,,,,21,420.0,10616.16,1,1.0,788400.0,244,
BAEPENDI,MG,-22.023840325000002,-44.831800387499996,2952,2952.0,4,0.0,1.0,,,,,112,425.625,25999.989999999998,2,4.0,1551571.2,1018,
BAGE,RS,-31.347166545,-54.08865461,3546,3546.0,4,0.0,0.0,,,,,99,275.508064516129,19463.33,1,4.0,,726,
BAIA FORMOSA,RN,-6.41613439,-35.0557286,40000,40000.0,1,0.0,0.0,,,,,22,284.0,9222.56,1,1.0,,290,
BAIXO GUANDU,ES,-19.50048333,-40.91846389,198000,198000.0,1,0.0,1.0,,,,,9,342.0833333333333,6516.66,1,1.0,104068800.0,130,
BAIXO GUANDU,MG,-19.45714111,-41.09797972,330000,330000.0,1,0.0,1.0,,,,,112,425.625,25999.989999999998,1,1.0,173448000.0,1018,
BALNEARIO CAMBORIU,SC,-26.98919389,-48.634617,364,364.0,1,0.0,0.0,,,,,47,313.24285714285713,14955.0,1,1.0,,396,
BALSAS,MA,-7.993787005,-46.483942725000006,26488,26488.8,2,0.7999999999992724,0.0,,,,,21,420.0,10616.16,1,2.0,,244,
BAMBUI,MG,-20.08634889,-46.042039455,55000,55000.0,2,0.0,0.0,,,,,112,425.625,25999.989999999998,1,2.0,,1018,
BANANAL,SP,-22.81183955,-44.45159368,450,450.0,1,0.0,1.0,,,,,78,338.8053097345133,41332.81,1,1.0,236520.0,784,
BANDEIRANTE,SC,-26.799508990000003,-53.66575707333334,9600,9600.0,3,0.0,1.0,,,,,47,313.24285714285713,14955.0,1,3.0,5045760.0,396,
BANDEIRANTES,PR,-15.359317593333335,-34.06574537,13200,13200.0,3,0.0,0.3181818181818182,,,,,61,329.2857142857143,12734.23,2,3.0,2207520.0,433,
BARAO DE GRAJAU,MA,-6.75305556,-43.03333333,400,400.0,1,0.0,1.0,,,,,21,420.0,10616.16,1,1.0,210240.0,244,
BARAO DO TRIUNFO,RS,-30.31769167,-51.86760611,2250,2250.0,1,0.0,1.0,,,,,99,275.508064516129,19463.33,1,1.0,1182600.0,726,
BARAUNA,PB,-6.73754599,-36.40365855,0,30000.0,1,30000.0,0.0,,,,,16,311.0,2342.56,1,,0.0,119,
BARAUNA,RN,-4.957271295555556,-37.60785925777778,400,354712.0,9,354312.0,0.0,,,,,22,284.0,9222.56,2,1.0,0.0,290,
BARBACENA,MG,-21.25765586,-43.89021583,3760,3760.0,2,0.0,1.0,,,,,112,425.625,25999.989999999998,1,2.0,1976256.0,1018,
BARCARENA,PA,-1.536718895,-48.7129876375,108704,2309959.0,4,2201255.0,0.0,,,,,28,380.5882352941176,18060.0,1,2.0,,419,
BARCELOS,AM,-1.31367795,-62.177543926666665,10686,12147.2,6,1461.2000000000007,0.0014972861688190156,,,,,7,328.1818181818182,4127.5,2,4.0,8409.6,179,
BARIRI,SP,-22.071438559999997,-48.72538311,8708,8708.0,2,0.0,0.01240238860817639,,,,,78,338.8053097345133,41332.81,2,2.0,56764.799999999996,784,
BARRA BONITA,SC,-26.71083333,-53.39166667,8700,8700.0,1,0.0,1.0,,,,,47,313.24285714285713,14955.0,1,1.0,4572720.0,396,
BARRA BONITA,SP,-22.498682315,-48.533221260000005,276760,276760.0,2,0.0,0.5085995085995086,,,,,78,338.8053097345133,41332.81,2,2.0,73983456.0,784,
BARRA DE SAO FRANCISCO,ES,-18.716286525,-40.781101664999994,650,650.0,2,0.0,1.0,,,,,9,342.0833333333333,6516.66,1,2.0,341640.0,130,
BARRA DO BUGRES,MT,-14.833327668571428,-57.91668838428571,172920,177000.8,7,4080.7999999999884,0.8265093684941013,,,,,22,357.5,3719.99,4,6.0,75118752.0,352,
BARRA DO CHAPEU,SP,-24.48338607,-49.06499596,1000,1000.0,1,0.0,1.0,,,,,78,338.8053097345133,41332.81,1,1.0,525600.0,784,
BARRA DO GARCAS,MT,-15.888963753333334,-52.26541379666667,422,422.0,3,0.0,0.533175355450237,,,,,22,357.5,3719.99,2,3.0,118260.0,352,
BARRA DO RIBEIRO,RS,0.0,0.0,780,780.0,1,0.0,1.0,,,,,99,275.508064516129,19463.33,1,1.0,409968.0,726,
BARRA DOS COQUEIROS,SE,-10.812806890000001,-36.93316129,1627699,1627699.0,2,0.0,0.02119556502768632,,,,,5,365.0,315.0,2,2.0,18133200.0,187,
BARRA VELHA,SC,-26.63472222,-48.70472222,2752,2752.8,1,0.8000000000001819,0.0,,,,,47,313.24285714285713,14955.0,1,1.0,,396,
BARRACAO,RS,-27.7338440225,-51.371091677500004,66900,66900.0,4,0.0,1.0,,,,,99,275.508064516129,19463.33,1,4.0,35162640.0,726,
BARREIRAS,BA,-11.94888514986111,-44.287995914305554,448975,2991191.0,72,2542216.0,0.9974052007350075,,,,,71,380.63157894736844,19914.15,3,16.0,235368936.0,852,
BARREIRINHA,AM,-2.799945345,-57.14204437,9119,9119.0,2,0.0,0.0,,,,,7,328.1818181818182,4127.5,1,2.0,,179,
BARREIRINHAS,MA,-2.658089313333333,-42.65410467444444,223605,223605.0,9,0.0,0.9874555577916415,,,,,21,420.0,10616.16,2,9.0,116052480.0,244,
BARRETOS,SP,-20.55323189,-48.55853455,576,576.0,1,0.0,0.0,,,,,78,338.8053097345133,41332.81,1,1.0,,784,
BARRO ALTO,GO,-14.9791189925,-49.162670915625,0,774110.0,16,774110.0,0.0,,,,,34,286.2564102564103,10976.33,1,,0.0,295,
BARROSO,MG,-21.158294445,-43.96886528,2816,2816.0,2,0.0,0.5738636363636364,,,,,112,425.625,25999.989999999998,2,2.0,849369.6,1018,
BARUERI,SP,-23.503230317272724,-46.855942481818175,14461,34462.1,22,20001.1,6.915151096051449e-05,,,,,78,338.8053097345133,41332.81,2,21.0,525.6,784,
BATAIPORA,MS,-22.45413334,-53.30467222,35200,35200.0,1,0.0,0.0,,,,,30,218.0952380952381,5050.0,1,1.0,,269,
BATATAIS,SP,-20.767286374999998,-47.55083658,8515,8515.0,2,0.0,0.013505578391074574,,,,,78,338.8053097345133,41332.81,2,2.0,60444.0,784,
BAURU,SP,-22.318372312727274,-49.072327050000005,6056,6056.2,11,0.1999999999998181,0.0,,,,,78,338.8053097345133,41332.81,1,11.0,,784,
BAYEUX,PB,-7.14718849,-34.95042855,616,616.0,1,0.0,0.0,,,,,16,311.0,2342.56,1,1.0,,119,
BEBEDOURO,SP,-13.95433926,-32.329867396666664,9400,9400.0,3,0.0,0.027659574468085105,,,,,78,338.8053097345133,41332.81,2,3.0,136656.0,784,
BEBERIBE,CE,-4.227413946666666,-38.03690878333334,79600,79600.0,3,0.0,1.0,,,,,40,345.0,15125.0,1,3.0,41837760.0,383,
BELA VISTA,MS,-5.5253909025,-14.185663265,4066,4066.25,4,0.25,1.0,,,,,30,218.0952380952381,5050.0,1,4.0,2137089.6,269,
BELA VISTA DE GOIAS,GO,-16.978411660000003,-48.97331037666667,9696,9696.0,3,0.0,0.0,,,,,34,286.2564102564103,10976.33,1,3.0,,295,
BELEM,PA,-1.8129068059999998,-48.807367584,26090,26090.92,20,0.9199999999982538,0.0,,,,,28,380.5882352941176,18060.0,1,20.0,,419,
BELFORD ROXO,RJ,-22.76083577,-43.38234967,960,960.0,1,0.0,0.0,,,,,23,429.54545454545456,13884.66,1,1.0,,226,
BELMIRO BRAGA,MG,-21.9792544,-43.36307658,60000,60000.0,1,0.0,1.0,,,,,112,425.625,25999.989999999998,1,1.0,31536000.0,1018,
BELO HORIZONTE,MG,-18.684779829354838,-41.06600822741935,37045,37046.2,31,1.1999999999970896,0.4051828856795789,,,,,112,425.625,25999.989999999998,3,31.0,7889256.0,1018,
BELO ORIENTE,MG,-19.21600967,-42.47453455,100000,100000.0,1,0.0,0.0,,,,,112,425.625,25999.989999999998,1,1.0,,1018,
BELO VALE,MG,-20.44583333,-43.9325,1224,1224.0,1,0.0,0.0,,,,,112,425.625,25999.989999999998,1,1.0,,1018,
BELTERRA,PA,-3.271,-54.898501,100,100.0,1,0.0,1.0,,,,,28,380.5882352941176,18060.0,1,1.0,52560.0,419,
BENEDITO NOVO,SC,-23.964286663333333,-44.00006476666667,67051,67051.3,9,0.3000000000029104,1.0,,,,,47,313.24285714285713,14955.0,2,9.0,35242005.6,396,
BENEVIDES,PA,-0.45374482666666666,-16.081813286666666,1064,1064.0,3,0.0,0.8796992481203008,,,,,28,380.5882352941176,18060.0,2,3.0,491961.6,419,
BENJAMIN CONSTANT,AM,-4.326666664999999,-69.78611111000001,11778,11778.0,2,0.0,0.0,,,,,7,328.1818181818182,4127.5,1,2.0,,179,
BENTO DE ABREU,SP,-21.23071457,-50.77811977,4200,4200.0,1,0.0,0.0,,,,,78,338.8053097345133,41332.81,1,1.0,,784,
BENTO FERNANDES,RN,-5.743039835,-35.895085755,130200,130200.0,2,0.0,1.0,,,,,22,284.0,9222.56,1,2.0,68433120.0,290,
BENTO GONCALVES,RS,-29.111261316666667,-51.53244263166667,231726,231726.0,6,0.0,0.9969101438768201,,,,,99,275.508064516129,19463.33,4,6.0,121418856.0,726,
BERILO,MG,-16.73805556,-42.57472222,399000,399000.0,1,0.0,1.0,,,,,112,425.625,25999.989999999998,1,1.0,209714400.0,1018,
BERTIOGA,SP,-23.752198364999998,-46.078856834999996,15041,15041.6,2,0.6000000000003638,0.9972741174124061,,,,,78,338.8053097345133,41332.81,2,2.0,7884000.0,784,
BERURI,AM,-4.365842043333333,-61.90183898666667,11549,11549.8,3,0.7999999999992724,0.0008658758334054897,,,,,7,328.1818181818182,4127.5,2,3.0,5256.0,179,
BETANIA DO PIAUI,PI,-8.031663408,-40.707624196,211500,211500.0,5,0.0,1.0,,,,,37,381.875,5655.0,1,5.0,111164400.0,338,
BETIM,MG,-18.30130846333333,-40.477835495,75655,99655.0,12,24000.0,0.01130130196285771,,,,,112,425.625,25999.989999999998,2,11.0,449388.0,1018,
BIGUACU,SC,-18.286481480000003,-32.44944444,4825,4825.2,3,0.1999999999998181,0.029015544041450778,,,,,47,313.24285714285713,14955.0,2,3.0,73584.0,396,
BIRITINGA,BA,-11.42005176,-38.81289148,43400,43400.0,1,0.0,1.0,,,,,71,380.63157894736844,19914.15,1,1.0,22811040.0,852,
BITURUNA,PR,-26.00977231,-51.66597303,1676000,1676000.0,1,0.0,1.0,,,,,61,329.2857142857143,12734.23,1,1.0,880905600.0,433,
BLUMENAU,SC,-13.449046928571429,-24.54053538642857,14112,37112.01,14,23000.010000000002,0.503968253968254,,,,,47,313.24285714285713,14955.0,3,14.0,3738067.1999999997,396,
BOA VENTURA DE SAO ROQUE,PR,-24.852598421666666,-51.49359294833334,32590,32590.0,6,0.0,1.0,,,,,61,329.2857142857143,12734.23,2,6.0,17129304.0,433,
BOA VISTA,RR,2.974181965882353,-60.67683633941176,394332,394332.2,17,0.20000000001164153,0.0,,,,,1,500.0,800.0,1,17.0,,42,
BOA VISTA DAS MISSOES,RS,-27.68769439,-53.307333,729,729.6,1,0.6000000000000227,1.0,,,,,99,275.508064516129,19463.33,1,1.0,383162.39999999997,726,
BOA VISTA DO CADEADO,RS,-28.666388885,-53.916493055000004,6600,6600.0,2,0.0,1.0,,,,,99,275.508064516129,19463.33,1,2.0,3468960.0,726,
BOA VISTA DO RAMOS,AM,-2.96537386,-57.5863244,5914,5914.0,1,0.0,0.0,,,,,7,328.1818181818182,4127.5,1,1.0,,179,
BOCA DA MATA,AL,-9.62667,-36.19892,14000,14000.0,1,0.0,0.0,,,,,12,305.0,3165.0,1,1.0,,104,
BOCA DO ACRE,AM,-8.76931107,-67.32919716,18723,18723.0,1,0.0,0.0,,,,,7,328.1818181818182,4127.5,1,1.0,,179,
BOCAINA,SP,-22.105161029999998,-48.481538764999996,85000,85000.0,2,0.0,0.0,,,,,78,338.8053097345133,41332.81,1,2.0,,784,
BOCAIUVA,MG,-17.561066666666665,-43.76546666666667,0,113421.0,3,113421.0,0.0,,,,,112,425.625,25999.989999999998,1,,0.0,1018,
BOCAIUVA DO SUL,PR,-25.00056125,-48.6227515,23000,23000.0,1,0.0,1.0,,,,,61,329.2857142857143,12734.23,1,1.0,12088800.0,433,
BODO,RN,-5.9617710441666665,-36.442924910833334,282800,389000.0,12,106200.0,1.0,,,,,22,284.0,9222.56,1,10.0,148639680.0,290,
BOITUVA,SP,-23.27110849,-47.66767119857143,6822,6822.5,7,0.5,0.1468777484608619,,,,,78,338.8053097345133,41332.81,4,7.0,526651.2,784,
BOM DESPACHO,MG,-19.72434708,-45.2234619875,2365,2366.59,4,1.5900000000001455,0.6634249471458774,,,,,112,425.625,25999.989999999998,2,4.0,824666.4,1018,
BOM JARDIM,RJ,-22.168651036,-42.361254896000005,41159,41160.2,5,1.1999999999970896,0.9292499817779829,,,,,23,429.54545454545456,13884.66,3,5.0,20102623.2,226,
BOM JARDIM DA SERRA,SC,-28.439906426,-49.58853732,93600,93600.0,5,0.0,1.0,,,,,47,313.24285714285713,14955.0,1,5.0,49196160.0,396,
BOM JESUS,PI,-9.140298888,-44.351804442,0,195909.0,5,195909.0,0.0,,,,,37,381.875,5655.0,1,,0.0,338,
BOM JESUS,RN,-6.0178034725,-35.5731013875,0,149985.0,4,149985.0,0.0,,,,,22,284.0,9222.56,1,,0.0,290,
BOM JESUS,RS,-28.850689965714285,-50.507423304285716,74600,97120.0,7,22520.0,1.0,,,,,99,275.508064516129,19463.33,2,4.0,39209760.0,726,
BOM JESUS,SC,-26.75888889,-52.38544167,4000,4000.0,1,0.0,1.0,,,,,47,313.24285714285713,14955.0,1,1.0,2102400.0,396,
BOM JESUS DA LAPA,BA,-12.493018774216868,-40.668808160843376,214000,3008847.0,83,2794847.0,1.0,,,,,71,380.63157894736844,19914.15,1,8.0,112478400.0,852,
BOM JESUS DO GALHO,MG,-19.82634705,-42.317534466666665,3478,3478.4,3,0.40000000000009095,1.0,,,,,112,425.625,25999.989999999998,1,3.0,1828036.8,1018,
BOM JESUS DO ITABAPOANA,ES,-21.01231773,-41.724711825,75000,75000.0,2,0.0,1.0,,,,,9,342.0833333333333,6516.66,2,2.0,39420000.0,130,
BOM JESUS DO ITABAPOANA,RJ,-21.029531175000002,-41.716154,24028,24028.0,2,0.0,1.0,,,,,23,429.54545454545456,13884.66,1,2.0,12629116.799999999,226,
BOM PRINCIPIO,RS,-29.4494175,-51.35302333,300,300.0,1,0.0,1.0,,,,,99,275.508064516129,19463.33,1,1.0,157680.0,726,
BOM PRINCIPIO DO PIAUI,PI,-3.137298990454546,-41.56310239909091,0,1100044.0,22,1100044.0,0.0,,,,,37,381.875,5655.0,1,,0.0,338,
BOM SUCESSO,MG,-21.14294206,-45.03614405,180000,180000.0,1,0.0,1.0,,,,,112,425.625,25999.989999999998,1,1.0,94608000.0,1018,
BOM SUCESSO DE ITARARE,SP,-24.31800001,-49.144,24,24.0,1,0.0,0.0,,,,,78,338.8053097345133,41332.81,1,1.0,,784,
BOM SUCESSO DO SUL,PR,-26.05832685333333,-52.89526018666667,11408,11408.0,3,0.0,1.0,,,,,61,329.2857142857143,12734.23,2,3.0,5996044.8,433,
BONFIM,MG,-20.37632111,-44.19165875,7400,7400.0,2,0.0,1.0,,,,,112,425.625,25999.989999999998,1,2.0,3889440.0,1018,
BONFIM,RR,2.953812223,-59.874609718,598,598.8,10,0.7999999999999545,0.0,,,,,1,500.0,800.0,1,10.0,,42,
BONINAL,BA,-12.734372234999999,-42.038222685,81000,81000.0,2,0.0,1.0,,,,,71,380.63157894736844,19914.15,1,2.0,42573600.0,852,
BONITO,BA,-11.922972380000001,-41.430346295,40000,40000.0,2,0.0,1.0,,,,,71,380.63157894736844,19914.15,1,2.0,21024000.0,852,
BONITO,MS,-21.2342854,-56.59123795,50,50.0,1,0.0,1.0,,,,,30,218.0952380952381,5050.0,1,1.0,26280.0,269,
BONITO,PE,-8.50910852,-35.59773042,960,960.0,1,0.0,1.0,,,,,28,315.2631578947368,7640.0,1,1.0,504576.0,222,
BORA,SP,-22.16160967,-50.47443455,16520,16520.0,1,0.0,0.0,,,,,78,338.8053097345133,41332.81,1,1.0,,784,
BORACEIA,SP,-22.173269554999997,-48.76585903,143580,143580.0,2,0.0,0.9966569160050146,,,,,78,338.8053097345133,41332.81,2,2.0,75213360.0,784,
BORBA,AM,-4.1647545599999996,-59.44694380000001,12393,12393.0,3,0.0,0.0,,,,,7,328.1818181818182,4127.5,1,3.0,,179,
BORDA DA MATA,MG,-22.31470264,-46.19728121,1000,1000.0,1,0.0,1.0,,,,,112,425.625,25999.989999999998,1,1.0,525600.0,1018,
BOTUCATU,SP,-22.92220926,-48.46533333,1860,1860.0,3,0.0,0.0,,,,,78,338.8053097345133,41332.81,1,3.0,,784,
BRACO DO NORTE,SC,-28.23777778,-49.16361111,1299,1299.99,1,0.9900000000000091,1.0,,,,,47,313.24285714285713,14955.0,1,1.0,682754.4,396,
BRAGA,RS,-27.56003654,-53.798007385000005,28590,28590.3,2,0.2999999999992724,1.0,,,,,99,275.508064516129,19463.33,1,2.0,15026904.0,726,
BRAGANCA,PA,-0.99071,-46.75361111,405,405.0,1,0.0,1.0,,,,,28,380.5882352941176,18060.0,1,1.0,212868.0,419,
BRAGANCA PAULISTA,SP,-22.964662219999997,-46.54061092333333,41,41.6,3,0.6000000000000014,0.0,,,,,78,338.8053097345133,41332.81,1,3.0,,784,
BRASILEIRA,PI,-4.10452506074074,-41.44725137888889,360000,984414.0,27,624414.0,1.0,,,,,37,381.875,5655.0,1,12.0,189216000.0,338,
BRASILIA,DF,-15.75964008125,-47.86952403541667,50120,50120.4,24,0.4000000000014552,0.6167597765363129,,,,,4,429.1666666666667,1260.0,3,24.0,16247347.2,20,
BRASNORTE,MT,-12.6191902875,-58.1008255875,61160,61160.0,4,0.0,1.0,,,,,22,357.5,3719.99,2,4.0,32145696.0,352,
BRAUNAS,MG,-19.16527776,-42.77504028,102000,102000.0,1,0.0,1.0,,,,,112,425.625,25999.989999999998,1,1.0,53611200.0,1018,
BREJAO,PE,-9.697037036666666,-40.465648146666666,0,102600.0,3,102600.0,0.0,,,,,28,315.2631578947368,7640.0,1,,0.0,222,
BREJINHO,RN,-6.20991667,-35.363,6,6.0,1,0.0,1.0,,,,,22,284.0,9222.56,1,1.0,3153.6,290,
BREJO DO PIAUI,PI,-8.19050104375,-42.5388951375,0,333000.0,8,333000.0,0.0,,,,,37,381.875,5655.0,1,,0.0,338,
BREVES,PA,-1.69073694,-50.480895,60,60.0,1,0.0,0.0,,,,,28,380.5882352941176,18060.0,1,1.0,,419,
BROTAS,SP,-22.349730545,-48.07797425,72240,72240.0,4,0.0,0.02768549280177187,,,,,78,338.8053097345133,41332.81,2,4.0,1051200.0,784,
BROTAS DE MACAUBAS,BA,-12.291327984285715,-42.35184596285715,180320,245320.0,7,65000.0,1.0,,,,,71,380.63157894736844,19914.15,2,5.0,94776192.0,852,
BRUMADINHO,MG,-20.116255115,-44.215086355,6000,6000.0,2,0.0,0.0,,,,,112,425.625,25999.989999999998,1,2.0,,1018,
BRUMADO,BA,-14.0375344325,-41.591906275,102895,102895.0,4,0.0,0.8746780698770591,,,,,71,380.63157894736844,19914.15,2,4.0,47304000.0,852,
BRUNOPOLIS,SC,-27.49777778,-50.80463889,141900,141900.0,1,0.0,1.0,,,,,47,313.24285714285713,14955.0,1,1.0,74582640.0,396,
BRUSQUE,SC,-17.500861572222224,-32.61412073555555,8753,8753.35,9,0.3500000000003638,0.06294984576716554,,,,,47,313.24285714285713,14955.0,2,9.0,289605.6,396,
BUENO BRANDAO,MG,-22.572062705,-46.41087938,2500,2500.0,2,0.0,1.0,,,,,112,425.625,25999.989999999998,1,2.0,1314000.0,1018,
BUIQUE,PE,-8.637471130833333,-37.23066325083334,0,315000.0,12,315000.0,0.0,,,,,28,315.2631578947368,7640.0,1,,0.0,222,
BURITAMA,SP,-21.11121953,-50.215638584999994,351800,351800.0,2,0.0,0.9874928936895964,,,,,78,338.8053097345133,41332.81,2,2.0,182593440.0,784,
BURITI DOS LOPES,PI,-3.146944446,-41.80285185333333,0,775000.0,15,775000.0,0.0,,,,,37,381.875,5655.0,1,,0.0,338,
BURITINOPOLIS,GO,-14.34515648,-46.23962522333333,38000,38000.0,3,0.0,1.0,,,,,34,286.2564102564103,10976.33,1,3.0,19972800.0,295,
BURITIS,RO,-10.21153028,-63.80520528,5200,5200.0,1,0.0,1.0,,,,,14,269.64285714285717,8246.66,1,1.0,2733120.0,155,
BURITIZAL,SP,-20.2178448375,-47.66609656,80050,105050.0,4,25000.0,0.009993753903810118,,,,,78,338.8053097345133,41332.81,2,3.0,420480.0,784,
BURITIZEIRO,MG,-17.2387053944086,-45.12671758849462,69,4465169.68,93,4465100.68,1.0,,,,,112,425.625,25999.989999999998,2,6.0,36266.4,1018,
CAAPIRANGA,AM,-3.3480201566666667,-61.26273282333333,5777,5777.0,3,0.0,0.0,,,,,7,328.1818181818182,4127.5,1,3.0,,179,
CAAPORA,PB,-7.50838722,-34.87588028,12200,12200.0,1,0.0,0.0,,,,,16,311.0,2342.56,1,1.0,,119,
CAARAPO,MS,-22.610608220000003,-54.749301415,135471,135471.0,2,0.0,0.0,,,,,30,218.0952380952381,5050.0,1,2.0,,269,
CAATIBA,BA,-14.97267633,-40.39803455,186,186.0,1,0.0,0.0,,,,,71,380.63157894736844,19914.15,1,1.0,,852,
CABECEIRA GRANDE,MG,-16.19211806,-47.17349278,24000,24000.0,1,0.0,1.0,,,,,112,425.625,25999.989999999998,1,1.0,12614400.0,1018,
CABO DE SANTO AGOSTINHO,PE,-7.546784590000001,-31.84028068909091,445627,445627.6,11,0.5999999999767169,0.00650768467799303,,,,,28,315.2631578947368,7640.0,3,11.0,1524240.0,222,
CABO FRIO,RJ,-22.821951720999998,-42.049097396,10564,10564.0,10,0.0,0.0,,,,,23,429.54545454545456,13884.66,1,10.0,,226,
CABREUVA,SP,-23.25182017,-47.09190811,2700,2700.0,1,0.0,0.0,,,,,78,338.8053097345133,41332.81,1,1.0,,784,
CACADOR,SC,-26.7706082325,-50.99877084125,10259,10259.15,8,0.1499999999996362,0.2513890242713715,,,,,47,313.24285714285713,14955.0,2,8.0,1355522.4,396,
CACAPAVA,SP,-23.1106961675,-45.7117189175,5768,5768.8,4,0.8000000000001819,0.0,,,,,78,338.8053097345133,41332.81,1,4.0,,784,
CACAPAVA DO SUL,RS,-30.58942966,-53.46847455,324,324.0,1,0.0,0.0,,,,,99,275.508064516129,19463.33,1,1.0,,726,
CACHOEIRA,BA,-12.58353873,-38.9980234,160000,160000.0,1,0.0,1.0,,,,,71,380.63157894736844,19914.15,1,1.0,84096000.0,852,
CACHOEIRA ALTA,GO,-18.72172588,-51.00279929,90000,90000.0,1,0.0,1.0,,,,,34,286.2564102564103,10976.33,1,1.0,47304000.0,295,
CACHOEIRA DA PRATA,MG,-19.52619459,-44.4504453,160,160.0,1,0.0,1.0,,,,,112,425.625,25999.989999999998,1,1.0,84096.0,1018,
CACHOEIRA DO SUL,RS,-30.04582,-52.89341306,2114,2114.0,4,0.0,0.0,,,,,99,275.508064516129,19463.33,1,4.0,,726,
CACHOEIRA DOURADA,GO,-18.499390769999998,-49.567377115,698000,698000.0,2,0.0,0.9426934097421203,,,,,34,286.2564102564103,10976.33,2,2.0,345844800.0,295,
CACHOEIRA PAULISTA,SP,-22.66831889,-44.99052611,1075,1075.0,1,0.0,1.0,,,,,78,338.8053097345133,41332.81,1,1.0,565020.0,784,
CACHOEIRINHA,RS,-19.96190740666667,-34.064388890000004,4372,4372.0,3,0.0,0.32479414455626715,,,,,99,275.508064516129,19463.33,2,3.0,746352.0,726,
CACHOEIRO DE ITAPEMIRIM,ES,-14.405143399999998,-28.46575418076923,16153,16154.77,13,1.7700000000004366,0.96254565715347,,,,,9,342.0833333333333,6516.66,3,13.0,8172028.8,130,
CACONDE,SP,-21.57666667,-46.62416667,80400,80400.0,1,0.0,1.0,,,,,78,338.8053097345133,41332.81,1,1.0,42258240.0,784,
CACU,GO,-18.767145996666667,-51.02217069833333,472400,502400.0,6,30000.0,0.724809483488569,,,,,34,286.2564102564103,10976.33,3,5.0,179965440.0,295,
CAETES,PE,-8.770784332222222,-36.74436759444445,230900,258420.0,9,27520.0,1.0,,,,,28,315.2631578947368,7640.0,2,8.0,121361040.0,222,
CAETITE,BA,-14.109704655833333,-42.56357389645833,921290,1379950.0,48,458660.0,1.0,,,,,71,380.63157894736844,19914.15,2,37.0,484230024.0,852,
CAFARNAUM,BA,-11.825212796666667,-41.44222272666667,89900,89900.0,3,0.0,1.0,,,,,71,380.63157894736844,19914.15,1,3.0,47251440.0,852,
CAICARA DO NORTE,RN,-5.24335253,-36.080207445,92300,92300.0,2,0.0,1.0,,,,,22,284.0,9222.56,1,2.0,48512880.0,290,
CAICARA DO RIO DO VENTO,RN,-5.733815992,-36.036283052,297400,415400.0,10,118000.0,1.0,,,,,22,284.0,9222.56,1,5.0,156313440.0,290,
CAIEIRAS,SP,-23.33844087,-46.77210274,29547,29547.0,1,0.0,0.0,1276800.0,1042619.0,1.0,0.18341243734335844,78,338.8053097345133,41332.81,1,1.0,,784,
CAJAMAR,SP,-23.370214323333332,-46.859890416666666,3947,3947.0,3,0.0,0.0,,,,,78,338.8053097345133,41332.81,1,3.0,,784,
CAJATI,SP,-24.72636111,-48.105,10700,10700.0,1,0.0,0.0,,,,,78,338.8053097345133,41332.81,1,1.0,,784,
CAJAZEIRAS,PB,-6.89690375,-38.53025804,600,600.0,2,0.0,1.0,,,,,16,311.0,2342.56,1,2.0,315360.0,119,
CAJUEIRO,AL,-9.33352966,-36.15008455,2400,2400.0,1,0.0,0.0,,,,,12,305.0,3165.0,1,1.0,,104,
CAJURU,SP,-21.33280747,-47.298229875000004,1406,1406.4,2,0.40000000000009095,1.0,,,,,78,338.8053097345133,41332.81,1,2.0,738993.6,784,
CALDAS,MG,-21.86562663,-46.36538868,312,312.08,1,0.07999999999998408,1.0,,,,,112,425.625,25999.989999999998,1,1.0,163987.19999999998,1018,
CALDAS NOVAS,GO,-17.866457905,-48.57764535,375508,375508.0,2,0.0,0.9986471659724959,,,,,34,286.2564102564103,10976.33,2,2.0,197100000.0,295,
CALDEIRAO GRANDE DO PIAUI,PI,-7.389651259565217,-40.626540309130434,667594,686494.0,23,18900.0,1.0,,,,,37,381.875,5655.0,2,23.0,350887406.4,338,
CAMACARI,BA,-12.631590446153846,-38.279039884615386,386115,386115.0,13,0.0,0.0,,,,,71,380.63157894736844,19914.15,1,13.0,,852,
CAMACHO,MG,-20.6320341,-45.23709812,620,620.4,1,0.39999999999997726,1.0,,,,,112,425.625,25999.989999999998,1,1.0,325872.0,1018,
CAMANDUCAIA,MG,-22.758545515,-46.12270623,2766,2766.0,2,0.0,0.5661605206073753,,,,,112,425.625,25999.989999999998,2,2.0,823089.6,1018,
CAMAQUA,RS,-30.85664277,-51.77828833,3500,3500.0,1,0.0,0.0,,,,,99,275.508064516129,19463.33,1,1.0,,726,
CAMARAGIBE,PE,-7.96091389,-35.00984719,160,160.0,1,0.0,1.0,,,,,28,315.2631578947368,7640.0,1,1.0,84096.0,222,
CAMARGO,RS,-28.593067599999998,-52.215516885,1216,1216.0,2,0.0,0.16447368421052633,,,,,99,275.508064516129,19463.33,2,2.0,105120.0,726,
CAMBARA,SP,-22.90389936,-49.99798631,73800,73800.0,1,0.0,1.0,,,,,78,338.8053097345133,41332.81,1,1.0,38789280.0,784,
CAMBARA DO SUL,RS,-29.2062575,-50.23941028,0,50000.0,1,50000.0,0.0,,,,,99,275.508064516129,19463.33,1,,,726,
CAMBE,PR,-15.583984053333333,-34.24826293666667,1060,1060.0,3,0.0,0.24528301886792453,,,,,61,329.2857142857143,12734.23,2,3.0,136656.0,433,
CAMBORIU,SC,-26.99711662,-48.65535039,368,368.0,1,0.0,0.0,,,,,47,313.24285714285713,14955.0,1,1.0,,396,
CAMBUI,MG,-11.28125,-23.044166665,2470,2470.0,2,0.0,1.0,,,,,112,425.625,25999.989999999998,2,2.0,1298232.0,1018,
CAMOCIM,CE,-2.90509733,-41.03924765,105000,105000.0,1,0.0,1.0,,,,,40,345.0,15125.0,1,1.0,55188000.0,383,
CAMPANHA,MG,-21.92413136,-45.47101121,1808,1808.0,1,0.0,1.0,,,,,112,425.625,25999.989999999998,1,1.0,950284.7999999999,1018,
CAMPESTRE,MG,-21.78226346,-46.150401474999995,1800,1800.0,2,0.0,1.0,,,,,112,425.625,25999.989999999998,1,2.0,946080.0,1018,
CAMPESTRE DA SERRA,RS,-28.60714114,-51.21940149,2000,2000.0,1,0.0,1.0,,,,,99,275.508064516129,19463.33,1,1.0,1051200.0,726,
CAMPESTRE DE GOIAS,GO,-14.297848412857144,-42.609917855714286,300,263800.0,7,263500.0,1.0,,,,,34,286.2564102564103,10976.33,1,1.0,157680.0,295,
CAMPINA DAS MISSOES,RS,-28.02309998,-54.8353661,953,953.1,1,0.10000000000002274,1.0,,,,,99,275.508064516129,19463.33,1,1.0,500896.8,726,
CAMPINA DO SIMAO,PR,-24.99778675,-51.83485646,40,40.0,1,0.0,1.0,,,,,61,329.2857142857143,12734.23,1,1.0,21024.0,433,
CAMPINA GRANDE,PB,-7.31094610923077,-36.03027304153846,169080,729311.0,13,560231.0,0.0,,,,,16,311.0,2342.56,2,1.0,0.0,119,
CAMPINAPOLIS,MT,-13.85209361,-53.25631111,29020,29020.0,1,0.0,1.0,,,,,22,357.5,3719.99,1,1.0,15252912.0,352,
CAMPINAS,SP,-22.911059404230766,-47.07782548769231,40227,40229.19,26,2.1900000000023283,0.1400054689636314,,,,,78,338.8053097345133,41332.81,3,26.0,2960179.1999999997,784,
CAMPO ALEGRE DE LOURDES,BA,0.0,0.0,185,185.0,1,0.0,1.0,,,,,71,380.63157894736844,19914.15,1,1.0,97236.0,852,
CAMPO BELO,MG,-20.895583334999998,-45.269722220000006,576,576.0,2,0.0,0.0,,,,,112,425.625,25999.989999999998,1,2.0,,1018,
CAMPO BELO DO SUL,SC,-27.7387299,-50.64619244,20600,20600.0,2,0.0,1.0,,,,,47,313.24285714285713,14955.0,2,2.0,10827360.0,396,
CAMPO BOM,RS,-22.259088769999998,-38.30040752,2567,2567.0,4,0.0,0.35294117647058826,,,,,99,275.508064516129,19463.33,2,4.0,476193.6,726,
CAMPO ERE,SC,-26.40484533,-53.273322056666665,1455,1455.2,3,0.20000000000004547,1.0,,,,,47,313.24285714285713,14955.0,1,3.0,764748.0,396,
CAMPO FLORIDO,MG,-19.809037595,-48.727535415,60000,60000.0,2,0.0,0.0,,,,,112,425.625,25999.989999999998,1,2.0,,1018,
CAMPO FORMOSO,BA,-10.293860170344828,-40.69919017689655,885000,1027800.0,29,142800.0,1.0,,,,,71,380.63157894736844,19914.15,1,26.0,465156000.0,852,
CAMPO GRANDE,MS,-16.23704289894737,-50.953859188421056,188551,679551.0,19,491000.0,0.003489771998027059,,,,,30,218.0952380952381,5050.0,3,12.0,345844.8,269,
CAMPO LARGO,PR,-25.303777,-49.565066215,3630,19470.0,4,15840.0,1.0,,,,,61,329.2857142857143,12734.23,2,2.0,1907928.0,433,
CAMPO LIMPO PAULISTA,SP,-11.604027775,-23.38888889,4075,4075.0,2,0.0,0.018404907975460124,,,,,78,338.8053097345133,41332.81,2,2.0,39420.0,784,
CAMPO MAIOR,PI,-4.7216690329629625,-42.04143991814814,0,1175877.0,27,1175877.0,0.0,,,,,37,381.875,5655.0,1,,0.0,338,
CAMPO MOURAO,PR,-24.068643433333335,-52.32362378,23425,23425.62,3,0.6199999999989814,1.0,,,,,61,329.2857142857143,12734.23,3,3.0,12312180.0,433,
CAMPO NOVO,RS,-27.67353385,-53.78742708,9070,9070.0,2,0.0,1.0,,,,,99,275.508064516129,19463.33,2,2.0,4767192.0,726,
CAMPO NOVO DO PARECIS,MT,-11.063338946363636,-47.246023582727275,102132,117132.0,11,15000.0,0.7314064152273528,,,,,22,357.5,3719.99,4,10.0,39262320.0,352,
CAMPO REDONDO,RN,-6.276388746,-36.297092096,315000,315000.0,5,0.0,1.0,,,,,22,284.0,9222.56,1,5.0,165564000.0,290,
CAMPOS ALTOS,MG,-19.69889611,-46.17371,160,160.0,1,0.0,0.0,,,,,112,425.625,25999.989999999998,1,1.0,,1018,
CAMPOS DE JULIO,MT,-13.333655752857142,-59.09857690928572,246628,270338.0,14,23710.0,1.0,,,,,22,357.5,3719.99,3,12.0,129627676.8,352,
CAMPOS DO JORDAO,SP,-22.63194792,-45.48780925,360,360.0,1,0.0,1.0,,,,,78,338.8053097345133,41332.81,1,1.0,189216.0,784,
CAMPOS DOS GOYTACAZES,RJ,-21.727614198571427,-41.33299136857143,51008,51008.0,7,0.0,0.0,,,,,23,429.54545454545456,13884.66,1,7.0,,226,
CAMPOS NOVOS,SC,-25.178058488333335,-47.08258083416666,61579,61579.799999999996,12,0.7999999999956344,0.9311291186930609,62880.0,0.0,1.0,1.0,47,313.24285714285713,14955.0,4,12.0,30136852.8,396,
CAMUTANGA,PE,-7.41761966,-35.24413455,30000,30000.0,1,0.0,0.0,,,,,28,315.2631578947368,7640.0,1,1.0,,222,
CANAA,MG,-20.703395685,-42.66819542,872,872.5,2,0.5,1.0,,,,,112,425.625,25999.989999999998,1,2.0,458323.2,1018,
CANAPOLIS,MG,-18.825772296666667,-49.210391146666666,32240,32240.0,3,0.0,0.0,,,,,112,425.625,25999.989999999998,1,3.0,,1018,
CANARANA,MT,-13.164539000000001,-52.455583335,56,10056.25,2,10000.25,1.0,,,,,22,357.5,3719.99,2,1.0,29433.6,352,
CANDEIAS,BA,-12.726236974999999,-38.482003915,292470,292470.0,4,0.0,0.0,,,,,71,380.63157894736844,19914.15,1,4.0,,852,
CANDEIAS,MG,-20.67982119,-45.3636267,680,680.0,1,0.0,1.0,,,,,112,425.625,25999.989999999998,1,1.0,357408.0,1018,
CANDELARIA,RS,-9.888336556666667,-17.593178183333332,1086,1086.0,3,0.0,0.5432780847145487,,,,,99,275.508064516129,19463.33,2,3.0,310104.0,726,
CANDIDO MOTA,SP,-22.91138889,-50.424027775,83844,83844.0,2,0.0,1.0,,,,,78,338.8053097345133,41332.81,2,2.0,44068406.4,784,
CANDIOTA,RS,-31.498338445,-53.71780126,695000,695000.0,2,0.0,0.0,,,,,99,275.508064516129,19463.33,1,2.0,,726,
CANDOI,PR,-25.567175063333334,-52.00206732888889,204062,204062.0,9,0.0,1.0,,,,,61,329.2857142857143,12734.23,3,9.0,107254987.2,433,
CANELA,RS,-29.33072475,-50.69094611,55920,62420.0,2,6500.0,1.0,,,,,99,275.508064516129,19463.33,1,2.0,29391552.0,726,
CANGUCU,RS,-31.45,-52.64055556,92,92.0,1,0.0,0.0,,,,,99,275.508064516129,19463.33,1,1.0,,726,
CANINDE DE SAO FRANCISCO,SE,-9.75478287,-37.96453004666667,0,850000.0,6,850000.0,0.0,,,,,5,365.0,315.0,1,,0.0,187,
CANOAS,RS,-29.8947259775,-51.1699220075,325107,325107.0,4,0.0,0.0,,,,,99,275.508064516129,19463.33,1,4.0,,726,
CANOINHAS,SC,-26.18917383,-50.36919527,4000,4000.0,1,0.0,0.0,,,,,47,313.24285714285713,14955.0,1,1.0,,396,
CANTA,RR,2.6773053562499998,-60.5838322875,24084,24084.0,8,0.0,0.0,,,,,1,500.0,800.0,1,8.0,,42,
CANTAGALO,PR,-25.35853585,-52.08120739,320,320.0,1,0.0,1.0,,,,,61,329.2857142857143,12734.23,1,1.0,168192.0,433,
CANTAGALO,RJ,-10.97388889,-21.17486111,1875,1875.0,2,0.0,1.0,,,,,23,429.54545454545456,13884.66,1,2.0,985500.0,226,
CANUDOS,BA,-10.141446251875,-38.76265031,99400,772344.0,16,672944.0,1.0,,,,,71,380.63157894736844,19914.15,2,2.0,52244640.0,852,
CANUTAMA,AM,-6.387387465,-64.315862665,6518,6518.0,2,0.0,0.0,,,,,7,328.1818181818182,4127.5,1,2.0,,179,
CAPANEMA,PR,-25.50333,-53.671666,350200,350200.0,1,0.0,1.0,,,,,61,329.2857142857143,12734.23,1,1.0,184065120.0,433,
CAPAO ALTO,SC,-9.339348146666667,-16.91531111,0,16800.0,3,16800.0,0.0,,,,,47,313.24285714285713,14955.0,2,,0.0,396,
CAPAO BONITO,SP,-23.977150555,-48.41849528,1290,1290.4,2,0.40000000000009095,0.0,,,,,78,338.8053097345133,41332.81,1,2.0,,784,
CAPAO BONITO DO SUL,RS,-28.16083333,-51.50083333,420,420.0,1,0.0,1.0,,,,,99,275.508064516129,19463.33,1,1.0,220752.0,726,
CAPAO DO LEAO,RS,-31.760232126666665,-52.442005746666666,8840,8840.0,3,0.0,0.0,,,,,99,275.508064516129,19463.33,1,3.0,,726,
CAPELA,SE,-10.5061,-37.054833056666666,17200,17200.0,3,0.0,0.0,,,,,5,365.0,315.0,1,3.0,,187,
CAPINOPOLIS,MG,-18.70194778,-49.686178,0,20000.0,1,20000.0,0.0,,,,,112,425.625,25999.989999999998,1,,,1018,
CAPINZAL,SC,-27.405007676666667,-51.69793367333333,403,33796.2,3,33393.2,1.0,,,,,47,313.24285714285713,14955.0,2,1.0,211816.8,396,
CAPITAO ENEAS,MG,-16.079111148333332,-43.655350185,0,202783.0,6,202783.0,0.0,,,,,112,425.625,25999.989999999998,1,,0.0,1018,
CAPITAO LEONIDAS MARQUES,PR,-25.54305498,-53.49805503,1240000,1240000.0,1,0.0,1.0,,,,,61,329.2857142857143,12734.23,1,1.0,651744000.0,433,
CAPIVARI,SP,-22.87330621,-47.45355109,3600,3600.0,1,0.0,0.0,,,,,78,338.8053097345133,41332.81,1,1.0,,784,
CAPIVARI DE BAIXO,SC,-28.454233336666665,-48.96906967,740000,740000.0,3,0.0,0.0,,,,,47,313.24285714285713,14955.0,1,3.0,,396,
CARACARAI,RR,0.47867138000000004,-61.61194752142857,20623,20624.2,14,1.2000000000007276,0.0,,,,,1,500.0,800.0,1,14.0,,42,
CARAGUATATUBA,SP,-23.653592825,-45.468746395,97920,97920.0,2,0.0,0.0,,,,,78,338.8053097345133,41332.81,1,2.0,,784,
CARAMBEI,PR,-24.949611105,-50.1212778,5260,5260.0,2,0.0,0.049429657794676805,,,,,61,329.2857142857143,12734.23,2,2.0,136656.0,433,
CARANDAI,MG,-20.99222222,-43.72527778,1000,1000.0,1,0.0,1.0,,,,,112,425.625,25999.989999999998,1,1.0,525600.0,1018,
CARANGOLA,MG,-20.70180059,-42.06403008,15000,15000.0,1,0.0,1.0,,,,,112,425.625,25999.989999999998,1,1.0,7884000.0,1018,
CARAPICUIBA,SP,-23.523707576666666,-46.82729971,3370,3370.0,3,0.0,0.0,,,,,78,338.8053097345133,41332.81,1,3.0,,784,
CARATINGA,MG,-19.756808033333332,-42.030457866666666,41482,41482.0,6,0.0,0.9842582324863797,,,,,112,425.625,25999.989999999998,4,6.0,21459722.4,1018,
CARAUARI,AM,-4.876835460000001,-66.898223535,9571,9571.0,2,0.0,0.0,,,,,7,328.1818181818182,4127.5,1,2.0,,179,
CARAUBAS,RN,-5.736908333333333,-37.47251388666667,0,151848.0,3,151848.0,0.0,,,,,22,284.0,9222.56,1,,0.0,290,
CARAVELAS,BA,-17.65361111,-39.43833333,400,400.0,1,0.0,1.0,,,,,71,380.63157894736844,19914.15,1,1.0,210240.0,852,
CARAZINHO,RS,-28.290015695,-52.73987778,1170,1170.0,2,0.0,0.38461538461538464,,,,,99,275.508064516129,19463.33,2,2.0,236520.0,726,
CAREIRO,AM,-3.61123714,-60.134710975000004,31602,31602.0,2,0.0,0.0,,,,,7,328.1818181818182,4127.5,1,2.0,,179,
CAREIRO DA VARZEA,AM,-1.5961057975,-29.832399997499998,10023,10839.5,4,816.5,0.0,,,,,7,328.1818181818182,4127.5,2,2.0,0.0,179,
CARIACICA,ES,-20.24624306,-40.377615,841,841.8,1,0.7999999999999545,1.0,,,,,9,342.0833333333333,6516.66,1,1.0,442029.6,130,
CARLOS CHAGAS,MG,-17.59509393,-40.98612175,19100,19100.0,1,0.0,1.0,,,,,112,425.625,25999.989999999998,1,1.0,10038960.0,1018,
CARMO,RJ,-21.86363333,-42.43552222,3000,3000.0,1,0.0,1.0,,,,,23,429.54545454545456,13884.66,1,1.0,1576800.0,226,
CARMO DA CACHOEIRA,MG,-21.39593911,-45.16385007,241,241.6,1,0.5999999999999943,0.0,,,,,112,425.625,25999.989999999998,1,1.0,,1018,
CARMO DE MINAS,MG,-22.08575833,-45.16913611,550,550.0,1,0.0,1.0,,,,,112,425.625,25999.989999999998,1,1.0,289080.0,1018,
CARMO DO CAJURU,MG,-20.23865167,-44.75417872,7200,7200.0,1,0.0,1.0,,,,,112,425.625,25999.989999999998,1,1.0,3784320.0,1018,
CARMO DO RIO VERDE,GO,-15.38205966,-49.72719455,15000,15000.0,2,0.0,0.0,,,,,34,286.2564102564103,10976.33,1,2.0,,295,
CARMOPOLIS DE MINAS,MG,-20.53796291,-44.56481802,1575,1575.0,1,0.0,1.0,,,,,112,425.625,25999.989999999998,1,1.0,827820.0,1018,
CARNAUBAIS,RN,-5.30558534,-37.0233854175,0,208000.0,4,208000.0,0.0,,,,,22,284.0,9222.56,1,,0.0,290,
CARNAUBAL,CE,-4.14305973125,-40.99971064625,0,601000.0,16,601000.0,0.0,,,,,40,345.0,15125.0,1,,0.0,383,
CARNEIRINHO,MG,-19.81176967,-50.77506455,24000,24000.0,1,0.0,0.0,,,,,112,425.625,25999.989999999998,1,1.0,,1018,
CAROEBE,RR,0.63022259,-59.331345925,74,72.6,6,0.0,0.0,,,,,1,500.0,800.0,1,6.0,,42,
CARPINA,PE,-7.81867745,-35.30713881,2440,2440.0,1,0.0,0.0,,,,,28,315.2631578947368,7640.0,1,1.0,,222,
CARUARU,PE,-8.28643585,-35.9676387325,3564,3564.0,4,0.0,0.4208754208754209,,,,,28,315.2631578947368,7640.0,2,4.0,788400.0,222,
CARVALHOS,MG,-21.956342735,-44.51615675,1670,1670.0,2,0.0,1.0,,,,,112,425.625,25999.989999999998,1,2.0,877752.0,1018,
CASA NOVA,BA,-6.461827429,-28.944969481999998,211600,364600.0,10,153000.0,1.0,,,,,71,380.63157894736844,19914.15,2,6.0,111216960.0,852,
CASCA,RS,-28.52031022,-51.90856934,990,990.0,1,0.0,1.0,,,,,99,275.508064516129,19463.33,1,1.0,520344.0,726,
CASCAVEL,CE,-4.13083333,-38.23555556,5,5.0,1,0.0,1.0,,,,,40,345.0,15125.0,1,1.0,2628.0,383,
CASCAVEL,PR,-22.449222695,-48.160089557,3001,8701.6,10,5700.6,0.47784071976007997,,,,,61,329.2857142857143,12734.23,4,9.0,753710.4,433,
CASSIA DOS COQUEIROS,SP,-21.31583333,-47.19916667,493,493.0,1,0.0,1.0,,,,,78,338.8053097345133,41332.81,1,1.0,259120.8,784,
CASSILANDIA,GO,-18.78833333,-52.37527778,17000,17000.0,1,0.0,1.0,,,,,34,286.2564102564103,10976.33,1,1.0,8935200.0,295,
CASSILANDIA,MS,-17.088302630999998,-47.201293801999995,46038,301094.0,10,255056.0,1.0,,,,,30,218.0952380952381,5050.0,3,4.0,24197572.8,269,
CASTANHAL,PA,-1.274896815,-47.931954575000006,5392,5392.0,2,0.0,0.0,,,,,28,380.5882352941176,18060.0,1,2.0,,419,
CASTELO,ES,-20.631861524999998,-41.24941139,26630,26630.0,2,0.0,1.0,,,,,9,342.0833333333333,6516.66,2,2.0,13996728.0,130,
CASTILHO,SP,-20.85652224125,-51.53935369875,280012,280014.8,8,2.7999999999883585,0.7320936245589474,,,,,78,338.8053097345133,41332.81,2,8.0,107745372.0,784,
CASTRO,PR,-24.783720059999997,-49.933894974999994,17137,17137.15,6,0.1500000000014552,0.8949057594678181,,,,,61,329.2857142857143,12734.23,4,6.0,8060601.6,433,
CATAGUASES,MG,-21.401566076666665,-42.684070633333334,1530,1531.2,3,1.2000000000000455,0.0,,,,,112,425.625,25999.989999999998,1,3.0,,1018,
CATALAO,GO,-18.043486233333336,-47.77802458833333,231097,231097.8,6,0.7999999999883585,0.925844991497077,,,,,34,286.2564102564103,10976.33,3,6.0,112457376.0,295,
CATALAO,MG,-18.45234934,-47.98477771,1192000,1192000.0,1,0.0,1.0,,,,,112,425.625,25999.989999999998,1,1.0,626515200.0,1018,
CATANDUVA,SP,-17.597037656666668,-40.802324803333335,107375,107375.0,6,0.0,0.0026356228172293365,,,,,78,338.8053097345133,41332.81,2,6.0,148744.8,784,
CATANDUVAS,SC,-27.080397225,-51.725868055,920,920.36,2,0.36000000000001364,1.0,,,,,47,313.24285714285713,14955.0,2,2.0,483552.0,396,
CATENDE,PE,-8.74313627,-35.81168699,448,448.0,1,0.0,1.0,,,,,28,315.2631578947368,7640.0,1,1.0,235468.8,222,
CATOLE DO ROCHA,PB,0.0,0.0,700,700.0,3,0.0,1.0,,,,,16,311.0,2342.56,1,3.0,367920.0,119,
CATU,BA,-12.338425019999999,-38.370919369999996,1520,1520.0,2,0.0,0.0,,,,,71,380.63157894736844,19914.15,1,2.0,,852,
CAUCAIA,CE,-3.759646126923077,-38.875082882307694,421024,567949.0,13,146925.0,0.4774074637075321,8250000.0,11184737.0,1.0,0.0,40,345.0,15125.0,2,10.0,105645600.0,383,
CAVALCANTE,GO,-13.637411103333335,-47.9352881,1725000,1755000.0,3,30000.0,1.0,,,,,34,286.2564102564103,10976.33,2,2.0,906660000.0,295,
CAXAMBU DO SUL,SC,-27.13452359,-52.84598386,1000,1000.0,1,0.0,1.0,,,,,47,313.24285714285713,14955.0,1,1.0,525600.0,396,
CAXIAS,MA,-4.77367443,-43.660467954,549,226717.6,5,226168.6,0.0,,,,,21,420.0,10616.16,2,1.0,0.0,244,
CAXIAS DO SUL,RS,-29.1207864395,-51.136910936,64104,64105.0,20,1.0,0.9239205041807064,,,,,99,275.508064516129,19463.33,4,20.0,31129711.2,726,
CEARA-MIRIM,RN,-5.511191924210526,-35.45792479421053,145882,583018.0,19,437136.0,1.0,,,,,22,284.0,9222.56,2,6.0,76675579.2,290,
CEDRAL,SP,-20.86722222,-49.23583333,300,300.0,1,0.0,1.0,,,,,78,338.8053097345133,41332.81,1,1.0,157680.0,784,
CENTRALINA,MG,-18.52531057,-49.21532289,704,704.0,1,0.0,1.0,,,,,112,425.625,25999.989999999998,1,1.0,370022.39999999997,1018,
CERQUEIRA CESAR,SP,-23.119741809999997,-49.175071503333335,162156,162156.0,3,0.0,0.6225856582550137,,,,,78,338.8053097345133,41332.81,2,3.0,53062473.6,784,
CERQUILHO,SP,-23.15077137333333,-47.790807040000004,9673,9673.6,3,0.6000000000003638,0.607153933629691,,,,,78,338.8053097345133,41332.81,3,3.0,3086848.8,784,
CERRO AZUL,PR,-24.75833333,-49.33534722,0,6300.0,1,6300.0,0.0,,,,,61,329.2857142857143,12734.23,1,,0.0,433,
CERRO CORA,RN,-5.8914315833333335,-36.28808386,73600,73600.0,3,0.0,1.0,,,,,22,284.0,9222.56,1,3.0,38684160.0,290,
CERRO GRANDE,RS,-27.571815280000003,-53.14559027999999,3309,28716.84,2,25407.84,1.0,,,,,99,275.508064516129,19463.33,2,1.0,1739210.4,726,
CEU AZUL,PR,-25.04586667,-53.78357778,110,110.0,1,0.0,0.0,,,,,61,329.2857142857143,12734.23,1,1.0,,433,
CHALE,MG,-20.01318799,-41.72894881,11100,11100.0,2,0.0,1.0,,,,,112,425.625,25999.989999999998,2,2.0,5834160.0,1018,
CHAPADA DOS GUIMARAES,MT,-15.197578656666666,-55.557896416666665,225940,225940.0,3,0.0,1.0,,,,,22,357.5,3719.99,2,3.0,118754064.0,352,
CHAPADAO DO CEU,GO,-18.430437146666666,-52.619111260000004,160184,160184.0,3,0.0,0.0011486790191280029,,,,,34,286.2564102564103,10976.33,2,3.0,96710.4,295,
CHAPADAO DO SUL,MS,-18.986951246,-52.658291973999994,94676,97876.0,5,3200.0,0.2447927669103046,,,,,30,218.0952380952381,5050.0,3,4.0,12181305.6,269,
CHAPECO,SC,-27.138741385555555,-52.68564763,15962,15962.0,9,0.0,0.6358852274151109,,,,,47,313.24285714285713,14955.0,2,9.0,5334840.0,396,
CHAVANTES,SP,-23.12795665,-49.73295944,414000,414000.0,1,0.0,1.0,,,,,78,338.8053097345133,41332.81,1,1.0,217598400.0,784,
CHAVES,PA,-0.16089936,-50.0014821,1300,1300.0,1,0.0,0.0,,,,,28,380.5882352941176,18060.0,1,1.0,,419,
CHIAPETA,RS,-27.96131742,-53.97034264,680,680.0,1,0.0,1.0,,,,,99,275.508064516129,19463.33,1,1.0,357408.0,726,
CHOPINZINHO,PR,-25.79727566,-52.50576781,323,323.0,1,0.0,1.0,,,,,61,329.2857142857143,12734.23,1,1.0,169768.8,433,
CHUI,RS,-33.64597755166667,-53.42197635916667,161900,377900.0,12,216000.0,1.0,,,,,99,275.508064516129,19463.33,1,7.0,85094640.0,726,
CHUPINGUAIA,RO,-9.86303,-48.77377729,10900,31900.0,5,21000.0,0.7577981651376147,,,,,14,269.64285714285717,8246.66,3,4.0,4341456.0,155,
CIANORTE,PR,-11.8461281275,-26.2787907375,1403,7403.0,4,6000.0,0.481111903064861,,,,,61,329.2857142857143,12734.23,3,3.0,354780.0,433,
CIDADE GAUCHA,PR,-23.3726,-52.905,40000,40000.0,1,0.0,0.0,,,,,61,329.2857142857143,12734.23,1,1.0,,433,
CLAUDIA,MT,-11.26666667,-55.45,401880,401880.0,1,0.0,1.0,,,,,22,357.5,3719.99,1,1.0,211228128.0,352,
CLEMENTINA,SP,-21.57972222,-50.43166667,11200,11200.0,1,0.0,0.0,,,,,78,338.8053097345133,41332.81,1,1.0,,784,
CLEVELANDIA,PR,-22.9938091525,-45.81005335375,36234,55735.42,8,19501.42,1.0,,,,,61,329.2857142857143,12734.23,2,7.0,19044590.4,433,
COARI,AM,-4.15547988,-63.14960584,40064,40064.0,1,0.0,0.0,,,,,7,328.1818181818182,4127.5,1,1.0,,179,
COCAL DO SUL,SC,-28.598701355000003,-49.32583672,240,240.0,2,0.0,0.0,,,,,47,313.24285714285713,14955.0,1,2.0,,396,
CODAJAS,AM,-3.822916685,-62.25805556,5461,5461.0,2,0.0,0.0,,,,,7,328.1818181818182,4127.5,1,2.0,,179,
CODO,MA,-4.45133806,-43.88608,1440,1440.0,1,0.0,0.0,,,,,21,420.0,10616.16,1,1.0,,244,
COELHO NETO,MA,-4.28624954,-42.98831793,4400,4400.0,1,0.0,0.0,,,,,21,420.0,10616.16,1,1.0,,244,
COLATINA,ES,-19.525350115000002,-40.6227943925,1379,1379.98,4,0.9800000000000182,1.0,,,,,9,342.0833333333333,6516.66,2,4.0,724802.4,130,
COLINA,SP,-20.66194444,-48.53388889,83000,83000.0,1,0.0,0.0,,,,,78,338.8053097345133,41332.81,1,1.0,,784,
COLNIZA,MT,-9.45790389,-59.21894889,2000,2000.0,1,0.0,0.0,,,,,22,357.5,3719.99,1,1.0,,352,
COLOMBIA,SP,-20.22999598,-48.62444503,8000,8000.0,1,0.0,0.0,,,,,78,338.8053097345133,41332.81,1,1.0,,784,
COLOMBO,PR,-25.379321814999997,-49.157133404999996,3320,3320.0,2,0.0,0.0,,,,,61,329.2857142857143,12734.23,1,2.0,,433,
COLONIA LEOPOLDINA,AL,-8.905083914999999,-35.69319546,4800,4800.0,2,0.0,0.0,,,,,12,305.0,3165.0,1,2.0,,104,
COLORADO,PR,-22.855307263333334,-51.98520020666667,80000,95000.0,3,15000.0,0.0,,,,,61,329.2857142857143,12734.23,2,2.0,0.0,433,
COLORADO DO OESTE,RO,-13.1196364175,-60.6096109725,15376,15376.0,4,0.0,0.288111342351717,,,,,14,269.64285714285717,8246.66,2,4.0,2328408.0,155,
COMENDADOR LEVY GASPARIAN,MG,-22.007083335,-43.294722225,19000,35020.0,2,16020.0,1.0,,,,,112,425.625,25999.989999999998,1,1.0,9986400.0,1018,
COMENDADOR LEVY GASPARIAN,RJ,-22.026947640000003,-43.22694405,55000,55000.0,2,0.0,1.0,,,,,23,429.54545454545456,13884.66,1,2.0,28908000.0,226,
COMODORO,MT,-13.523357524,-59.942542890000006,9670,9670.25,5,0.25,1.0,,,,,22,357.5,3719.99,2,5.0,5082552.0,352,
CONCEICAO DA BARRA,ES,-18.45735773,-39.9453552,33000,33000.0,1,0.0,0.0,,,,,9,342.0833333333333,6516.66,1,1.0,,130,
CONCEICAO DAS ALAGOAS,MG,-19.9799,-48.2645,54938,54938.0,1,0.0,0.0,,,,,112,425.625,25999.989999999998,1,1.0,,1018,
CONCEICAO DAS ALAGOAS,SP,-20.03326721,-48.22184427,380000,380000.0,1,0.0,1.0,,,,,78,338.8053097345133,41332.81,1,1.0,199728000.0,784,
CONCEICAO DE IPANEMA,MG,-19.98666667,-41.71916667,7500,7500.0,1,0.0,1.0,,,,,112,425.625,25999.989999999998,1,1.0,3942000.0,1018,
CONCEICAO DO ARAGUAIA,PA,-8.34977496,-49.31391389,528,528.0,1,0.0,0.0,,,,,28,380.5882352941176,18060.0,1,1.0,,419,
CONCEICAO DO CASTELO,ES,-20.3999529,-41.26649469,4500,4500.0,1,0.0,1.0,,,,,9,342.0833333333333,6516.66,1,1.0,2365200.0,130,
CONCEICAO DO JACUIPE,BA,-12.32704706,-38.771723015,1692,1692.0,2,0.0,0.0,,,,,71,380.63157894736844,19914.15,1,2.0,,852,
CONCEICAO DO PARA,MG,-19.746494849999998,-44.894242725,2850,2850.0,2,0.0,0.5789473684210527,,,,,112,425.625,25999.989999999998,2,2.0,867240.0,1018,
CONCHAS,SP,0.0,0.0,75,75.0,1,0.0,1.0,,,,,78,338.8053097345133,41332.81,1,1.0,39420.0,784,
CONCORDIA,SC,-27.226537272,-52.0027315,9044,9044.24,5,0.23999999999978172,0.44714727996461745,,,,,47,313.24285714285713,14955.0,3,5.0,2125526.4,396,
CONDADO,PB,-6.91704135,-37.56017362,27200,27200.0,1,0.0,1.0,,,,,16,311.0,2342.56,1,1.0,14296320.0,119,
CONDOR,RS,-28.232075036666668,-53.47226196333333,2022,2022.0,3,0.0,1.0,,,,,99,275.508064516129,19463.33,1,3.0,1062763.2,726,
CONFINS,MG,-19.63712078,-43.962479,2200,2200.0,1,0.0,0.0,,,,,112,425.625,25999.989999999998,1,1.0,,1018,
CONFRESA,MT,-10.65453607,-51.41867782,4032,4032.0,1,0.0,0.0,,,,,22,357.5,3719.99,1,1.0,,352,
CONGONHAS,MG,-20.50321137,-43.91684278,3000,3000.0,1,0.0,0.0,,,,,112,425.625,25999.989999999998,1,1.0,,1018,
CONQUISTA,MG,-20.01672593,-47.61586809,3600,3600.0,1,0.0,0.0,,,,,112,425.625,25999.989999999998,1,1.0,,1018,
CONQUISTA,SP,-19.98907385,-47.7559932,210000,210000.0,1,0.0,1.0,,,,,78,338.8053097345133,41332.81,1,1.0,110376000.0,784,
CONQUISTA D'OESTE,MT,-14.508607595,-59.4586474225,2402,2402.0,4,0.0,1.0,,,,,22,357.5,3719.99,1,4.0,1262491.2,352,
CONTAGEM,MG,-19.927956560000002,-44.0469396,22520,22520.2,6,0.2000000000007276,0.0013321492007104796,,,,,112,425.625,25999.989999999998,2,6.0,15768.0,1018,
COQUEIRAL,MG,-21.26611111,-45.42638889,60,60.35,1,0.3500000000000014,1.0,,,,,112,425.625,25999.989999999998,1,1.0,31536.0,1018,
COQUEIRO BAIXO,RS,-29.15598889,-52.18705833,0,6400.0,1,6400.0,0.0,,,,,99,275.508064516129,19463.33,1,,0.0,726,
CORBELIA,PR,-16.462875463333333,-35.46357889,5158,5158.0,3,0.0,1.0,,,,,61,329.2857142857143,12734.23,1,3.0,2711044.8,433,
CORDEIROPOLIS,SP,-22.4838209475,-47.435327405,4487,4487.2,4,0.1999999999998181,0.0,,,,,78,338.8053097345133,41332.81,1,4.0,,784,
CORDILHEIRA ALTA,SC,-27.00301111,-52.61735278,120,120.0,1,0.0,1.0,,,,,47,313.24285714285713,14955.0,1,1.0,63072.0,396,
COREMAS,PB,-6.960975287777778,-37.993598681111116,189000,238550.0,9,49550.0,1.0,,,,,16,311.0,2342.56,1,7.0,99338400.0,119,
COROACI,MG,-18.71899192,-42.26287429,8500,8500.0,1,0.0,1.0,,,,,112,425.625,25999.989999999998,1,1.0,4467600.0,1018,
COROMANDEL,MG,-18.442309256666665,-47.015917519999995,60680,60680.0,3,0.0,1.0,,,,,112,425.625,25999.989999999998,2,3.0,31893408.0,1018,
CORONEL BARROS,RS,-28.35134482,-54.00595704,23600,23600.0,1,0.0,1.0,,,,,99,275.508064516129,19463.33,1,1.0,12404160.0,726,
CORONEL DOMINGOS SOARES,PR,-26.23005833,-51.943080554999995,31730,31730.0,2,0.0,1.0,,,,,61,329.2857142857143,12734.23,2,2.0,16677288.0,433,
CORONEL EZEQUIEL,PB,-6.03732806,-36.13237762,0,63000.0,1,63000.0,0.0,,,,,16,311.0,2342.56,1,,0.0,119,
CORONEL FABRICIANO,MG,-19.51930555,-42.627499994999994,804,804.0,2,0.0,0.0,,,,,112,425.625,25999.989999999998,1,2.0,,1018,
CORONEL VIVIDA,PR,-26.06854248,-52.58979494,828,828.0,1,0.0,1.0,,,,,61,329.2857142857143,12734.23,1,1.0,435196.8,433,
CORONEL XAVIER CHAVES,MG,-21.05555555,-44.20944445,4194,4194.4,1,0.3999999999996362,1.0,,,,,112,425.625,25999.989999999998,1,1.0,2204366.4,1018,
CORREGO FUNDO,MG,-20.38874676,-45.506165195,3712,3712.0,2,0.0,0.0,,,,,112,425.625,25999.989999999998,1,2.0,,1018,
CORREIA PINTO,SC,-13.792404025,-25.181880555,38042,38042.0,2,0.0,0.0057830818568950105,,,,,47,313.24285714285713,14955.0,2,2.0,115632.0,396,
CORRENTINA,BA,-13.33890314,-44.63304689,8000,8000.0,1,0.0,1.0,,,,,71,380.63157894736844,19914.15,1,1.0,4204800.0,852,
CORUMBA,MS,-18.657075104235336,-56.71244099002793,13174,14261.56,2864,1087.5599999999995,0.2172460907848793,,,,,30,218.0952380952381,5050.0,2,2864.0,1504267.2,269,
CORUMBA DE GOIAS,GO,-15.802333335,-48.664541665,0,78125.0,2,78125.0,0.0,,,,,34,286.2564102564103,10976.33,1,,0.0,295,
CORUMBIARA,RO,-12.852221369999999,-60.914763085000004,9832,9832.0,2,0.0,0.9764035801464606,,,,,14,269.64285714285717,8246.66,2,2.0,5045760.0,155,
CORUPA,SC,-26.4197083,-49.33509225,1008,1008.0,1,0.0,1.0,,,,,47,313.24285714285713,14955.0,1,1.0,529804.7999999999,396,
CORURIPE,AL,-10.0948784875,-36.2812496275,90312,90312.0,4,0.0,0.0,,,,,12,305.0,3165.0,1,4.0,,104,
COSMOPOLIS,SP,-22.65729996,-47.21090003,40000,40000.0,1,0.0,0.0,,,,,78,338.8053097345133,41332.81,1,1.0,,784,
COSTA MARQUES,RO,-12.43831043,-64.22856358,224,224.0,1,0.0,0.0,,,,,14,269.64285714285717,8246.66,1,1.0,,155,
COSTA RICA,MS,-18.639603761666667,-53.08956966333333,118832,128832.0,6,10000.0,0.32822808671065035,,,,,30,218.0952380952381,5050.0,3,5.0,20500502.4,269,
COTIA,SP,-23.596431476666666,-46.87942569888889,10968,10968.0,9,0.0,0.09117432530999271,,,,,78,338.8053097345133,41332.81,2,9.0,525600.0,784,
COTIPORA,RS,-28.96282975,-51.7577345,19500,19500.0,1,0.0,1.0,,,,,99,275.508064516129,19463.33,1,1.0,10249200.0,726,
COXIM,MS,-18.3143161275,-56.012335039999996,424,424.76,4,0.7599999999999909,0.9481132075471698,,,,,30,218.0952380952381,5050.0,3,4.0,211291.19999999998,269,
CRICIUMA,SC,-28.6788014725,-49.3750401325,1168,1168.0,4,0.0,0.2825342465753425,,,,,47,313.24285714285713,14955.0,2,4.0,173448.0,396,
CRISSIUMAL,RS,-27.42916667,-54.12055556,1000,1000.0,1,0.0,1.0,,,,,99,275.508064516129,19463.33,1,1.0,525600.0,726,
CRISTAL,RS,-31.0263889,-52.04944443,92,92.0,1,0.0,0.0,,,,,99,275.508064516129,19463.33,1,1.0,,726,
CRISTAL DO SUL,RS,-27.44004167,-53.2732,520,520.0,1,0.0,1.0,,,,,99,275.508064516129,19463.33,1,1.0,273312.0,726,
CRISTALINA,GO,-16.6005359975,-47.753516375,34720,34720.0,4,0.0,0.8582949308755761,,,,,34,286.2564102564103,10976.33,2,4.0,15662880.0,295,
CRISTALINA,MG,-16.778138315,-47.406388365,157500,157500.0,2,0.0,1.0,,,,,112,425.625,25999.989999999998,1,2.0,82782000.0,1018,
CRISTINA,MG,-22.16218821,-45.27746806,3800,3800.0,1,0.0,1.0,,,,,112,425.625,25999.989999999998,1,1.0,1997280.0,1018,
CRISTINO CASTRO,PI,-8.854027773333334,-44.17171296,0,600000.0,6,600000.0,0.0,,,,,37,381.875,5655.0,1,,0.0,338,
CRUZ ALTA,RS,-19.08514814,-35.71432407333333,1969,1969.5,3,0.5,1.0,,,,,99,275.508064516129,19463.33,1,3.0,1034906.3999999999,726,
CRUZ MACHADO,PR,-26.0346517,-51.18966673,940,940.0,1,0.0,1.0,,,,,61,329.2857142857143,12734.23,1,1.0,494064.0,433,
CRUZEIRO DO IGUACU,PR,-25.594439649999998,-53.097382825,37072,37072.0,2,0.0,1.0,,,,,61,329.2857142857143,12734.23,1,2.0,19485043.2,433,
CRUZEIRO DO SUL,AC,-7.6008171419999995,-72.733612978,86880,86880.0,5,0.0,0.0,,,,,3,230.0,490.0,1,5.0,,87,
CRUZEIRO DO SUL,RS,-29.51278785,-51.98529726,365,365.0,1,0.0,0.0,,,,,99,275.508064516129,19463.33,1,1.0,,726,
CRUZETA,RN,0.0,0.0,300,300.0,1,0.0,1.0,,,,,22,284.0,9222.56,1,1.0,157680.0,290,
CUBATAO,SP,-23.86054114625,-46.413472695,1186086,1186086.0,8,0.0,0.7495240648654482,,,,,78,338.8053097345133,41332.81,2,8.0,467258400.0,784,
CUIABA,MT,-14.745772273859648,-53.123493155789475,546496,1771066.2,57,1224570.2,0.0073998711792949996,,,,,22,357.5,3719.99,3,23.0,2125526.4,352,
CUMARU,PE,-7.96676906,-35.742113,1000,1000.0,1,0.0,1.0,,,,,28,315.2631578947368,7640.0,1,1.0,525600.0,222,
CURITIBA,PR,-22.641353235,-43.810012648333334,16968,16969.06,18,1.0600000000013097,0.1747996228194248,,,,,61,329.2857142857143,12734.23,2,18.0,1558929.5999999999,433,
CURITIBANOS,SC,-27.252712023636363,-50.57272266454545,78411,78411.3,11,0.3000000000029104,0.8176276287765747,,,,,47,313.24285714285713,14955.0,4,11.0,33696741.6,396,
CURRAIS NOVOS,RN,-5.740751607857143,-33.854500315,138900,549900.0,14,411000.0,1.0,,,,,22,284.0,9222.56,2,4.0,73005840.0,290,
CURRAL NOVO DO PIAUI,PI,-7.982264218333333,-40.615277919166665,386218,386218.0,12,0.0,1.0,,,,,37,381.875,5655.0,2,12.0,202996180.79999998,338,
CURRALINHO,PA,-1.6012735058914027,-49.963340462846155,2248,2248.0,2210,0.0,1.0,,,,,28,380.5882352941176,18060.0,1,2210.0,1181548.8,419,
CURURUPU,MA,-1.720107745,-44.812285595000006,43,43.56,2,0.5600000000000023,1.0,,,,,21,420.0,10616.16,2,2.0,22600.8,244,
CURVELO,MG,-18.816106723333334,-44.54683843,84897,84897.0,3,0.0,0.9853940657502621,,,,,112,425.625,25999.989999999998,2,3.0,43970119.199999996,1018,
DAVINOPOLIS,GO,-18.13250278,-47.63995278,0,12000.0,1,12000.0,0.0,,,,,34,286.2564102564103,10976.33,1,,0.0,295,
DELFIM MOREIRA,MG,-22.49360887,-45.33001027,10000,10000.0,1,0.0,1.0,,,,,112,425.625,25999.989999999998,1,1.0,5256000.0,1018,
DELFINOPOLIS,MG,-20.28626109,-47.06438589,476000,476000.0,1,0.0,1.0,,,,,112,425.625,25999.989999999998,1,1.0,250185600.0,1018,
DELMIRO GOUVEIA,AL,-9.364502982000001,-38.162909881999994,400000,502700.0,5,102700.0,1.0,,,,,12,305.0,3165.0,2,1.0,210240000.0,104,
DELMIRO GOUVEIA,BA,-9.40167063,-38.2037860175,3879601,3879601.0,4,0.0,1.0,,,,,71,380.63157894736844,19914.15,1,4.0,2039118285.6,852,
DELTA,MG,-19.950396904999998,-47.82496964,102156,102156.0,2,0.0,0.0,,,,,112,425.625,25999.989999999998,1,2.0,,1018,
DEODAPOLIS,MS,-22.26601667,-54.16353333,296,296.8,1,0.8000000000000114,1.0,,,,,30,218.0952380952381,5050.0,1,1.0,155577.6,269,
DESCALVADO,SP,-21.8318,-47.7505,4000,4000.0,1,0.0,0.0,,,,,78,338.8053097345133,41332.81,1,1.0,,784,
DESCOBERTO,MG,-21.37404851,-42.99378205,24300,24300.0,1,0.0,1.0,,,,,112,425.625,25999.989999999998,1,1.0,12772080.0,1018,
DEZESSEIS DE NOVEMBRO,RS,-28.14111111,-55.05194444,77000,77000.0,1,0.0,1.0,,,,,99,275.508064516129,19463.33,1,1.0,40471200.0,726,
DIADEMA,SP,-23.681330432,-46.614157554,4886,4886.0,5,0.0,0.0,,,,,78,338.8053097345133,41332.81,1,5.0,,784,
DIAMANTE DO NORTE,SP,-22.6,-52.869444,354000,354000.0,1,0.0,1.0,,,,,78,338.8053097345133,41332.81,1,1.0,186062400.0,784,
DIAMANTINA,MG,-18.36289722,-43.95995556,30000,30000.0,1,0.0,1.0,,,,,112,425.625,25999.989999999998,1,1.0,15768000.0,1018,
DIAMANTINO,MT,-13.910146525,-56.79490326,28150,61450.0,4,33300.0,1.0,,,,,22,357.5,3719.99,2,2.0,14795640.0,352,
DIANOPOLIS,TO,-11.617478574285714,-46.69291406142857,168920,615846.0,28,446926.0,1.0,,,,,13,398.75,3940.0,2,13.0,88784352.0,139,
DIAS D'AVILA,BA,-12.65077152,-38.3567934,3152,3152.0,1,0.0,0.0,,,,,71,380.63157894736844,19914.15,1,1.0,,852,
DIVINO,MG,-20.14183333,-44.90594444,1772,1772.0,1,0.0,0.0,,,,,112,425.625,25999.989999999998,1,1.0,,1018,
DIVINOPOLIS,MG,-20.13022497772727,-44.890226421363636,33726,33726.0,22,0.0,0.46216568819308546,,,,,112,425.625,25999.989999999998,3,22.0,8192527.199999999,1018,
DOBRADA,SP,-21.51480389,-48.40024306,1600,1600.0,1,0.0,0.0,,,,,78,338.8053097345133,41332.81,1,1.0,,784,
DOIS CORREGOS,SP,-22.33879999,-48.40660002,6500,6500.0,1,0.0,0.0,,,,,78,338.8053097345133,41332.81,1,1.0,,784,
DOIS IRMAOS,RS,-29.59147322,-51.11239844,1630,1630.0,2,0.0,1.0,,,,,99,275.508064516129,19463.33,2,2.0,856728.0,726,
DOIS LAJEADOS,RS,-28.94069116,-51.77335718,19500,19500.0,1,0.0,1.0,,,,,99,275.508064516129,19463.33,1,1.0,10249200.0,726,
DOIS VIZINHOS,PR,-24.74875088,-53.72958088,3000,3000.0,1,0.0,0.0,,,,,61,329.2857142857143,12734.23,1,1.0,,433,
DOM BASILIO,BA,0.0,0.0,0,126000.0,3,126000.0,0.0,,,,,71,380.63157894736844,19914.15,1,,0.0,852,
DOM ELISEU,PA,-4.3887420850000005,-47.651237914999996,1072,1072.0,2,0.0,1.0,,,,,28,380.5882352941176,18060.0,2,2.0,563443.2,419,
DOM INOCENCIO,PI,-8.98533443016129,-41.75158910725806,1326350,2900054.0,62,1573704.0,1.0,,,,,37,381.875,5655.0,2,29.0,697129560.0,338,
DOM PEDRITO,RS,-30.97620861,-54.64368442,1200,1200.0,1,0.0,0.0,,,,,99,275.508064516129,19463.33,1,1.0,,726,
DOMINGOS MARTINS,ES,-10.180388715,-20.302381955,35440,40440.0,4,5000.0,1.0,,,,,9,342.0833333333333,6516.66,3,3.0,18627264.0,130,
DONA EMMA,SC,-26.992694235000002,-49.678271255,4066,4066.0,2,0.0,1.0,,,,,47,313.24285714285713,14955.0,1,2.0,2137089.6,396,
DORES DE GUANHAES,MG,-19.048584425,-42.903239705000004,57500,57500.0,4,0.0,1.0,,,,,112,425.625,25999.989999999998,1,4.0,30222000.0,1018,
DORES DO RIO PRETO,ES,-20.74657479,-41.87479677,4500,4500.0,1,0.0,1.0,,,,,9,342.0833333333333,6516.66,1,1.0,2365200.0,130,
DOURADINA,PR,-23.381527775000002,-53.29736111,2000,2000.0,2,0.0,1.0,,,,,61,329.2857142857143,12734.23,1,2.0,1051200.0,433,
DOURADOS,MS,-22.286012205,-54.808540635,57096,57096.0,4,0.0,0.0875718088832843,,,,,30,218.0952380952381,5050.0,2,4.0,2628000.0,269,
DOUTOR PEDRINHO,SC,-26.757204455,-49.45390511,4797,4797.0,2,0.0,1.0,,,,,47,313.24285714285713,14955.0,1,2.0,2521303.1999999997,396,
DRACENA,SP,-21.459014446666668,-51.589465733333334,81000,81000.0,3,0.0,1.0,,,,,78,338.8053097345133,41332.81,1,3.0,42573600.0,784,
DUQUE DE CAXIAS,RJ,-19.49775914,-37.10447527142857,1060603,1060603.6,7,0.6000000000931323,0.0012728608159697833,,,,,23,429.54545454545456,13884.66,2,7.0,709560.0,226,
DURANDE,MG,-20.10611109,-41.771805580000006,2260,2260.0,2,0.0,1.0,,,,,112,425.625,25999.989999999998,1,2.0,1187856.0,1018,
EDEIA,GO,-17.510010110000003,-50.01878061,112000,112000.0,2,0.0,0.0,,,,,34,286.2564102564103,10976.33,1,2.0,,295,
EIRUNEPE,AM,-6.7428633079999996,-69.89258552599999,9015,9016.3,5,1.2999999999992724,0.0025513033832501386,,,,,7,328.1818181818182,4127.5,2,5.0,12088.8,179,
ELDORADO DO SUL,RS,-30.00472222,-51.32472222,200,200.0,1,0.0,1.0,,,,,99,275.508064516129,19463.33,1,1.0,105120.0,726,
ELIAS FAUSTO,SP,-23.07075,-47.37063,4200,4200.0,1,0.0,0.0,331716.0,51970.0,1.0,0.8433298363660481,78,338.8053097345133,41332.81,1,1.0,,784,
ELISEU MARTINS,PI,-8.0782561925,-43.672628544999995,0,164550.0,4,164550.0,0.0,,,,,37,381.875,5655.0,1,,0.0,338,
EMBU,SP,-23.649064206666665,-46.84972797166666,4956,4956.0,6,0.0,0.0,,,,,78,338.8053097345133,41332.81,1,6.0,,784,
ENCANTADO,RS,-29.21202778,-51.88925,730,730.0,1,0.0,0.0,,,,,99,275.508064516129,19463.33,1,1.0,,726,
ENCRUZILHADA DO SUL,RS,-20.442665056666666,-35.04743778666667,8460,8460.0,3,0.0,0.574468085106383,,,,,99,275.508064516129,19463.33,2,3.0,2554416.0,726,
ENGENHEIRO BELTRAO,PR,-23.69424444,-52.20846944,4365,4365.0,1,0.0,0.0,,,,,61,329.2857142857143,12734.23,1,1.0,,433,
ENTRE RIOS DO SUL,RS,-27.55318839,-52.74140696,226000,226000.0,1,0.0,1.0,,,,,99,275.508064516129,19463.33,1,1.0,118785600.0,726,
ENTRE-IJUIS,RS,-28.410995835,-54.305366665,13600,13600.0,2,0.0,1.0,,,,,99,275.508064516129,19463.33,1,2.0,7148160.0,726,
ENVIRA,AM,-7.44083333,-70.02972222,4095,4095.0,1,0.0,0.0,,,,,7,328.1818181818182,4127.5,1,1.0,,179,
EQUADOR,RN,-6.71667081,-36.6375384,27000,27000.0,1,0.0,1.0,,,,,22,284.0,9222.56,1,1.0,14191200.0,290,
ERECHIM,RS,-27.654095008888888,-52.25235480222222,9640,9640.6,9,0.6000000000003638,0.21431535269709542,,,,,99,275.508064516129,19463.33,3,9.0,1085889.5999999999,726,
ERVAL SECO,RS,-27.53881174,-53.529865965714286,22846,28846.0,7,6000.0,1.0,,,,,99,275.508064516129,19463.33,2,6.0,12007857.6,726,
ERVAL VELHO,SC,-27.301087850000002,-51.50121866666666,4384,4384.0,3,0.0,1.0,,,,,47,313.24285714285713,14955.0,1,3.0,2304230.4,396,
ERVALIA,MG,-20.90705556,-42.66161111,6970,6970.0,1,0.0,1.0,,,,,112,425.625,25999.989999999998,1,1.0,3663432.0,1018,
ESCADA,PE,-8.332288903333334,-35.28502866666667,1808,1808.45,3,0.4500000000000455,1.0,,,,,28,315.2631578947368,7640.0,2,3.0,950284.7999999999,222,
ESPIRITO SANTO DO PINHAL,SP,-22.268321565,-46.740537425,25800,25800.0,2,0.0,1.0,,,,,78,338.8053097345133,41332.81,1,2.0,13560480.0,784,
ESPIRITO SANTO DO TURVO,SP,-22.6777,-49.4202,3864,3864.0,1,0.0,0.0,,,,,78,338.8053097345133,41332.81,1,1.0,,784,
ESPLANADA,BA,-11.79555561,-37.94472219,110,110.0,1,0.0,1.0,,,,,71,380.63157894736844,19914.15,1,1.0,57816.0,852,
ESTANCIA,SE,-5.64095322,-18.72340998,1464,1650.0,2,186.0,0.24863387978142076,,,,,5,365.0,315.0,2,2.0,191318.4,187,
ESTANCIA VELHA,RS,0.0,0.0,50,50.0,1,0.0,1.0,,,,,99,275.508064516129,19463.33,1,1.0,26280.0,726,
ESTEIO,RS,-29.86249029,-51.18045629,720,720.0,2,0.0,0.0,,,,,99,275.508064516129,19463.33,1,2.0,,726,
ESTIVA GERBI,SP,0.0,0.0,300,300.0,1,0.0,1.0,,,,,78,338.8053097345133,41332.81,1,1.0,157680.0,784,
ESTRELA,RS,-29.527062036666667,-51.92212485333334,1935,1936.15,3,1.150000000000091,0.3643410852713178,,,,,99,275.508064516129,19463.33,2,3.0,370548.0,726,
EUGENIO DE CASTRO,RS,-28.44226581,-54.28925864,1118,1118.0,1,0.0,1.0,,,,,99,275.508064516129,19463.33,1,1.0,587620.7999999999,726,
EUNAPOLIS,BA,-16.37400967,-39.57053455,126000,126600.0,1,600.0,0.0,,,,,71,380.63157894736844,19914.15,1,1.0,,852,
EUSEBIO,CE,-3.8395498,-38.446505355,820,820.0,2,0.0,0.024390243902439025,,,,,40,345.0,15125.0,2,2.0,10512.0,383,
FARO,PA,-2.16973152,-56.74221191,3520,3520.0,1,0.0,0.0,,,,,28,380.5882352941176,18060.0,1,1.0,,419,
FARROUPILHA,RS,-21.90801751,-38.499948835,3918,3918.4,4,0.40000000000009095,0.3164880040837162,,,,,99,275.508064516129,19463.33,2,4.0,651744.0,726,
FATIMA DO SUL,MS,-22.336396225,-54.52739169,6750,6750.0,2,0.0,0.0,,,,,30,218.0952380952381,5050.0,1,2.0,,269,
FAXINAL DOS GUEDES,SC,-26.815187164999998,-52.2495995675,61075,61075.0,8,0.0,0.9803520261972984,,,,,47,313.24285714285713,14955.0,3,8.0,31470300.0,396,
FAXINALZINHO,RS,-27.34603944,-52.73162917,74000,74000.0,1,0.0,1.0,,,,,99,275.508064516129,19463.33,1,1.0,38894400.0,726,
FAZENDA RIO GRANDE,PR,-12.8301374,-24.672081845,10582,10582.0,2,0.0,0.0567000567000567,,,,,61,329.2857142857143,12734.23,2,2.0,315360.0,433,
FEIJO,AC,-8.170266945000002,-70.35661644499999,13413,13413.2,2,0.2000000000007276,0.0,,,,,3,230.0,490.0,1,2.0,,87,
FEIRA DE SANTANA,BA,-12.254752223333334,-38.963134595,4932,4932.0,6,0.0,0.0,,,,,71,380.63157894736844,19914.15,1,6.0,,852,
FERNANDO DE NORONHA,PE,-3.84993525,-32.41720121,4759,4759.2,1,0.1999999999998181,0.0,,,,,28,315.2631578947368,7640.0,1,1.0,,222,
FERNANDO PEDROZA,RN,-5.78281696,-36.283264020000004,114000,114000.0,2,0.0,1.0,,,,,22,284.0,9222.56,1,2.0,59918400.0,290,
FERNANDO PRESTES,SP,-21.27416667,-48.68972222,291,291.0,1,0.0,1.0,,,,,78,338.8053097345133,41332.81,1,1.0,152949.6,784,
FERNANDOPOLIS,SP,-20.26464394,-50.294850325,16475,16475.0,2,0.0,0.004552352048558422,,,,,78,338.8053097345133,41332.81,2,2.0,39420.0,784,
FERRAZ DE VASCONCELOS,SP,-23.52798333,-46.37749167,576,576.0,1,0.0,0.0,,,,,78,338.8053097345133,41332.81,1,1.0,,784,
FERREIRA GOMES,AP,0.8705514933333333,-51.25111741999999,549000,549000.0,3,0.0,1.0,,,,,3,230.0,950.0,1,3.0,288554400.0,61,
FIGUEIROPOLIS D'OESTE,MT,-15.39260834,-58.63775833,19410,19410.0,1,0.0,1.0,,,,,22,357.5,3719.99,1,1.0,10201896.0,352,
FIRMINO ALVES,BA,-14.98669772,-39.921966155,372,372.0,2,0.0,0.0,,,,,71,380.63157894736844,19914.15,1,2.0,,852,
FIRMINOPOLIS,GO,-16.6048541625,-50.324849305,0,200000.0,4,200000.0,0.0,,,,,34,286.2564102564103,10976.33,1,,0.0,295,
FLOR DO SERTAO,SC,-26.75559348,-53.3688445,21600,21600.0,2,0.0,1.0,,,,,47,313.24285714285713,14955.0,1,2.0,11352960.0,396,
FLORES,PE,-7.88398911,-37.964170556,84915,84915.0,5,0.0,1.0,,,,,28,315.2631578947368,7640.0,1,5.0,44631324.0,222,
FLORES DA CUNHA,RS,-29.08937222,-51.30944444,1000,1000.0,1,0.0,1.0,,,,,99,275.508064516129,19463.33,1,1.0,525600.0,726,
FLORESTA,PE,-8.705344445833333,-38.54424513916667,0,557140.0,12,557140.0,0.0,,,,,28,315.2631578947368,7640.0,1,,0.0,222,
FLORESTAL,MG,-19.85615556,-44.40329444,500,500.0,1,0.0,1.0,,,,,112,425.625,25999.989999999998,1,1.0,262800.0,1018,
FLORESTOPOLIS,PR,-22.873834445,-51.385306775000004,46000,46000.0,2,0.0,0.0,,,,,61,329.2857142857143,12734.23,1,2.0,,433,
FLORIANO,PI,-7.117884427540983,-43.14956870377049,2455,2856325.0,61,2853870.0,1.0,,,,,37,381.875,5655.0,1,6.0,1290348.0,338,
FLORIANO PEIXOTO,RS,-27.823775,-52.06999722,720,720.0,1,0.0,1.0,,,,,99,275.508064516129,19463.33,1,1.0,378432.0,726,
FLORIANOPOLIS,SC,-21.45191429222222,-37.743779509999996,4902,4903.5,9,1.5,0.22052223582211342,,,,,47,313.24285714285713,14955.0,2,9.0,568173.6,396,
FONTE BOA,AM,-2.52416661,-66.03861108,6336,6336.0,1,0.0,0.0,,,,,7,328.1818181818182,4127.5,1,1.0,,179,
FONTOURA XAVIER,RS,-28.94122139,-52.49463111,2060,2060.0,2,0.0,1.0,,,,,99,275.508064516129,19463.33,1,2.0,1082736.0,726,
FORMIGA,MG,-20.50036708,-45.41510208,904,904.0,3,0.0,0.3893805309734513,,,,,112,425.625,25999.989999999998,2,3.0,185011.19999999998,1018,
FORMOSA,GO,-15.52545,-47.37942222,400,100400.0,3,100000.0,0.0,,,,,34,286.2564102564103,10976.33,2,1.0,0.0,295,
FORMOSA DO RIO PRETO,BA,-11.251936,-45.417710115,120,120.0,2,0.0,0.5,,,,,71,380.63157894736844,19914.15,2,2.0,31536.0,852,
FORMOSO,MG,-15.12572966,-46.14902455,324,324.0,1,0.0,0.0,,,,,112,425.625,25999.989999999998,1,1.0,,1018,
FORTALEZA,CE,-3.2034880907142855,-33.02117116857143,29359,29359.6,14,0.5999999999985448,0.2520521816138152,,,,,40,345.0,15125.0,3,14.0,3889440.0,383,
FORTIM,CE,-4.447148202,-37.848761174,123000,123000.0,5,0.0,1.0,,,,,40,345.0,15125.0,1,5.0,64648800.0,383,
FOZ DO IGUACU,PR,-25.517906576666665,-54.55351852333333,7000420,7000420.0,3,0.0,0.999940003599784,,,,,61,329.2857142857143,12734.23,2,3.0,3679200000.0,433,
FOZ DO JORDAO,PR,-25.706029625,-52.000038895,122643,122643.0,2,0.0,1.0,,,,,61,329.2857142857143,12734.23,2,2.0,64461160.8,433,
FRAIBURGO,SC,-27.05801717,-50.82393228,7706,7706.0,2,0.0,0.3680249156501427,,,,,47,313.24285714285713,14955.0,2,2.0,1490601.5999999999,396,
FRANCA,SP,-20.55149258,-47.411360335,1448,1448.0,2,0.0,0.0,,,,,78,338.8053097345133,41332.81,1,2.0,,784,
FRANCISCO BELTRAO,PR,-26.09117966,-53.12101395,450,450.0,1,0.0,1.0,,,,,61,329.2857142857143,12734.23,1,1.0,236520.0,433,
FRANCISCO SA,MG,-16.4726483095,-43.566257309,99000,837448.0,20,738448.0,1.0,,,,,112,425.625,25999.989999999998,2,3.0,52034400.0,1018,
FREDERICO WESTPHALEN,RS,-27.36159397,-53.41404147,2384,2384.4,2,0.40000000000009095,0.9437919463087249,,,,,99,275.508064516129,19463.33,2,2.0,1182600.0,726,
FREI INOCENCIO,MG,-18.59989761,-41.8483167,20000,20000.0,1,0.0,1.0,,,,,112,425.625,25999.989999999998,1,1.0,10512000.0,1018,
FREI ROGERIO,SC,-27.17916667,-50.72888889,400,400.0,1,0.0,1.0,,,,,47,313.24285714285713,14955.0,1,1.0,210240.0,396,
FRONTEIRA,MG,-20.30332534,-49.20185046,1442600,1442600.0,2,0.0,0.9981976985997505,,,,,112,425.625,25999.989999999998,2,2.0,756864000.0,1018,
FRONTEIRAS,PI,-6.95488898,-40.52030541,4500,4500.0,1,0.0,0.0,,,,,37,381.875,5655.0,1,1.0,,338,
FRUTAL,MG,-19.983153751666666,-49.03356230833333,170484,170484.0,6,0.0,0.0,,,,,112,425.625,25999.989999999998,1,6.0,,1018,
GALIA,SP,-22.29100121,-49.55301195,144,144.0,1,0.0,0.0,,,,,78,338.8053097345133,41332.81,1,1.0,,784,
GALINHOS,RN,-5.206200379999999,-36.225454,118570,613498.0,14,494928.0,1.0,,,,,22,284.0,9222.56,2,2.0,62320392.0,290,
GAMELEIRA,PE,-8.59486233,-35.39068085,1224,1224.0,1,0.0,1.0,,,,,28,315.2631578947368,7640.0,1,1.0,643334.4,222,
GAMELEIRA DE GOIAS,GO,-16.52196667,-48.63415833,958,958.74,1,0.7400000000000091,1.0,,,,,34,286.2564102564103,10976.33,1,1.0,503524.8,295,
GARCA,SP,-22.21070889,-49.65653,324,324.0,2,0.0,0.0,,,,,78,338.8053097345133,41332.81,1,2.0,,784,
GASPAR,SC,-26.903887734999998,-48.96804776,796,796.0,2,0.0,0.0,,,,,47,313.24285714285713,14955.0,1,2.0,,396,
GAUCHA DO NORTE,MT,-13.15004444,-59.75270278,220,220.0,1,0.0,1.0,,,,,22,357.5,3719.99,1,1.0,115632.0,352,
GAVIAO PEIXOTO,SP,-21.84694444,-48.48944444,4860,4860.0,1,0.0,1.0,,,,,78,338.8053097345133,41332.81,1,1.0,2554416.0,784,
GENERAL CARNEIRO,PR,-26.444117490000004,-51.338310244,4674,4674.76,5,0.7600000000002183,0.5721009841677364,,,,,61,329.2857142857143,12734.23,2,5.0,1405454.4,433,
GENERAL CARNEIRO,SC,-26.58198611,-51.22363611,640,640.0,1,0.0,1.0,,,,,47,313.24285714285713,14955.0,1,1.0,336384.0,396,
GENERAL SALGADO,SP,-10.28754989,-25.192199945,8745,8745.0,2,0.0,0.5654659805603202,,,,,78,338.8053097345133,41332.81,2,2.0,2599092.0,784,
GENTIO DO OURO,BA,-11.307817170945947,-42.60843793878378,1431700,2193340.0,74,761640.0,1.0,,,,,71,380.63157894736844,19914.15,2,45.0,752501520.0,852,
GILBUES,PI,-9.757057778,-45.461336666,0,367158.0,10,367158.0,0.0,,,,,37,381.875,5655.0,1,,0.0,338,
GIRUA,RS,-28.0869957,-54.305675225,1439,1439.9,2,0.900000000000091,0.3050729673384295,,,,,99,275.508064516129,19463.33,2,2.0,230738.4,726,
GOIANA,PE,-6.280951655,-29.149874648333334,62536,194545.09,6,132009.09,0.8635026224894461,,,,,28,315.2631578947368,7640.0,2,4.0,28382400.0,222,
GOIANDIRA,GO,-18.102723245,-48.240133924999995,48000,48000.0,2,0.0,1.0,,,,,34,286.2564102564103,10976.33,1,2.0,25228800.0,295,
GOIANESIA,GO,-11.3787595525,-36.8462589775,150750,150750.0,4,0.0,0.0029850746268656717,,,,,34,286.2564102564103,10976.33,2,4.0,236520.0,295,
GOIANIA,GO,-16.674136127,-49.27562456766667,81455,81455.6,30,0.6000000000058208,0.012522251549935547,,,,,34,286.2564102564103,10976.33,2,30.0,536112.0,295,
GOIANIRA,GO,-16.49865,-49.43028001,256,256.0,1,0.0,0.0,,,,,34,286.2564102564103,10976.33,1,1.0,,295,
GOIATUBA,GO,-17.989867643333334,-49.80449141666667,102520,102520.0,3,0.0,0.0,,,,,34,286.2564102564103,10976.33,1,3.0,,295,
GOIOERE,PR,-24.200635203333334,-52.98893530666667,973,973.8,3,0.7999999999999545,0.2312435765673176,,,,,61,329.2857142857143,12734.23,2,3.0,118260.0,433,
GOIOXIM,PR,-25.31080556,-51.96759722,0,5200.0,1,5200.0,0.0,,,,,61,329.2857142857143,12734.23,1,,0.0,433,
GOUVEIA,MG,-4.65963541,-10.99134983,4280,118280.0,4,114000.0,1.0,,,,,112,425.625,25999.989999999998,2,1.0,2249568.0,1018,
GOVERNADOR VALADARES,MG,-18.8492569025,-41.919319045,5168,5168.0,4,0.0,0.0,,,,,112,425.625,25999.989999999998,1,4.0,,1018,
GRANJA,CE,-3.1043673829032254,-40.7652912183871,0,900000.0,31,900000.0,0.0,,,,,40,345.0,15125.0,1,,0.0,383,
GRAO MOGOL,MG,-16.514741973333333,-43.10215412,7120,7120.0,3,0.0,0.1404494382022472,,,,,112,425.625,25999.989999999998,2,3.0,525600.0,1018,
GRAVATA,PE,-8.2607091425,-35.5883370125,15330,15330.0,4,0.0,0.9686888454011742,,,,,28,315.2631578947368,7640.0,2,4.0,7805160.0,222,
GRAVATAI,RS,-19.966035496666667,-34.02466366666667,2816,2816.0,3,0.0,0.35511363636363635,,,,,99,275.508064516129,19463.33,2,3.0,525600.0,726,
GUABIRUBA,SC,-9.02923437,-16.32078563,310,310.0,3,0.0,1.0,,,,,47,313.24285714285713,14955.0,1,3.0,162936.0,396,
GUADALUPE,PI,-6.75349577,-43.56267317,237300,237300.0,1,0.0,1.0,,,,,37,381.875,5655.0,1,1.0,124724880.0,338,
GUAIBA,RS,-30.13144252,-51.29753455,264967,264967.0,1,0.0,0.0,,,,,99,275.508064516129,19463.33,1,1.0,,726,
GUAIMBE,SP,-21.891292221999997,-49.86981161,150000,150000.0,5,0.0,1.0,,,,,78,338.8053097345133,41332.81,1,5.0,78840000.0,784,
GUAIRA,SP,-20.392206446666666,-48.262823033333326,201715,201715.0,3,0.0,0.0,,,,,78,338.8053097345133,41332.81,1,3.0,,784,
GUAJARA-MIRIM,RO,-11.154773333333333,-65.19802036,1204,1204.0,3,0.0,0.0,,,,,14,269.64285714285717,8246.66,1,3.0,,155,
GUAMARE,RN,-5.132611745555555,-36.35553824888889,284815,284815.0,9,0.0,0.9987184663729087,,,,,22,284.0,9222.56,2,9.0,149506920.0,290,
GUAMIRANGA,PR,-25.16766944,-50.94234444,4191,4191.52,1,0.5200000000004366,1.0,,,,,61,329.2857142857143,12734.23,1,1.0,2202789.6,433,
GUANAMBI,BA,-14.135809304545454,-42.670797493636364,195640,239872.0,11,44232.0,1.0,,,,,71,380.63157894736844,19914.15,2,10.0,102828384.0,852,
GUANHAES,MG,-18.84168627,-42.753810765,10000,10000.0,2,0.0,1.0,,,,,112,425.625,25999.989999999998,2,2.0,5256000.0,1018,
GUAPIACU,SP,-20.79288582,-49.21579928,4944,4944.0,1,0.0,0.0,,,,,78,338.8053097345133,41332.81,1,1.0,,784,
GUAPORE,RS,-28.836684846666667,-51.87730637666667,40667,40667.2,3,0.19999999999708962,1.0,,,,,99,275.508064516129,19463.33,2,3.0,21374575.2,726,
GUARA,SP,-20.515402502500002,-47.835212655,63230,63230.0,4,0.0,1.0,,,,,78,338.8053097345133,41332.81,1,4.0,33233688.0,784,
GUARACI,SP,-20.40150967,-48.99113455,53000,53000.0,1,0.0,0.0,,,,,78,338.8053097345133,41332.81,1,1.0,,784,
GUARACIABA,MG,-20.552259395,-42.989883455,17831,17831.0,2,0.0,1.0,,,,,112,425.625,25999.989999999998,2,2.0,9371973.6,1018,
GUARACIABA,SC,-26.54265202,-53.58064958,1000,1000.0,1,0.0,1.0,,,,,47,313.24285714285713,14955.0,1,1.0,525600.0,396,
GUARACIABA DO NORTE,CE,-1.1177536846666667,-10.940795537333333,0,274972.0,15,274972.0,0.0,,,,,40,345.0,15125.0,1,,0.0,383,
GUARAI,TO,-8.8669492,-48.48608076,400,400.0,1,0.0,0.0,,,,,13,398.75,3940.0,1,1.0,,139,
GUARAMIRIM,SC,-13.23897222,-24.507069445,424,424.0,2,0.0,0.14150943396226415,,,,,47,313.24285714285713,14955.0,2,2.0,31536.0,396,
GUARANESIA,MG,-21.321043425,-46.823556554999996,8440,8440.3,2,0.2999999999992724,0.052132701421800945,,,,,112,425.625,25999.989999999998,2,2.0,231264.0,1018,
GUARANI,MG,-21.34503536,-42.97078418,12400,12400.0,1,0.0,1.0,,,,,112,425.625,25999.989999999998,1,1.0,6517440.0,1018,
GUARANI DAS MISSOES,RS,-28.13885818,-54.54640396,175,175.5,1,0.5,1.0,,,,,99,275.508064516129,19463.33,1,1.0,91980.0,726,
GUARANTA DO NORTE,MT,-9.71192821,-54.92660543666667,44092,68592.0,6,24500.0,1.0,,,,,22,357.5,3719.99,1,4.0,23174755.2,352,
GUARAPUAVA,PR,-25.398959835454548,-51.521253368181824,37639,53139.0,11,15500.0,0.4914848959855469,,,,,61,329.2857142857143,12734.23,3,10.0,9723074.4,433,
GUARARAPES,SP,-21.356190974999997,-50.718212300000005,9800,9800.0,2,0.0,0.0,,,,,78,338.8053097345133,41332.81,1,2.0,,784,
GUARATINGUETA,SP,-22.771691363333332,-45.193931615,9762,9762.8,6,0.7999999999992724,0.10366728129481663,,,,,78,338.8053097345133,41332.81,2,6.0,531907.2,784,
GUARATUBA,PR,-25.71494042,-48.97296714,36000,36000.0,1,0.0,1.0,,,,,61,329.2857142857143,12734.23,1,1.0,18921600.0,433,
GUARIBA,SP,-21.416388310000002,-48.28556561,131893,131893.0,2,0.0,0.0,,,,,78,338.8053097345133,41332.81,1,2.0,,784,
GUARUJA,SP,-23.98417394,-46.24808857333333,1032,1032.6,3,0.599999999999909,0.0,,,,,78,338.8053097345133,41332.81,1,3.0,,784,
GUARULHOS,SP,-23.450420428695654,-46.48713198217392,26435,26438.6,23,3.599999999998545,0.0,,,,,78,338.8053097345133,41332.81,1,23.0,,784,
GUATAMBU,SC,-27.121137007999998,-52.774731008,8235,8235.0,5,0.0,1.0,,,,,47,313.24285714285713,14955.0,2,5.0,4328316.0,396,
GUATAPARA,SP,-21.39215583,-47.95279195,5704,5704.0,1,0.0,0.0,,,,,78,338.8053097345133,41332.81,1,1.0,,784,
GUAXUPE,MG,-21.32694444,-46.7425,3421,3421.0,1,0.0,0.0,,,,,112,425.625,25999.989999999998,1,1.0,,1018,
GUIMARANIA,MG,-18.820522680000003,-46.682456975,65100,65100.0,2,0.0,1.0,,,,,112,425.625,25999.989999999998,1,2.0,34216560.0,1018,
GURUPA,PA,-1.40416262,-51.63833053,7400,7400.0,1,0.0,0.0,,,,,28,380.5882352941176,18060.0,1,1.0,,419,
GURUPI,TO,-11.773810183333334,-48.92797685,0,130606.0,3,130606.0,0.0,,,,,13,398.75,3940.0,1,,0.0,139,
HERVAL D'OESTE,SC,0.0,0.0,75,75.0,1,0.0,1.0,,,,,47,313.24285714285713,14955.0,1,1.0,39420.0,396,
HIDROLANDIA,GO,-16.96416667,-49.31194444,8,8.0,1,0.0,1.0,,,,,34,286.2564102564103,10976.33,1,1.0,4204.8,295,
HORIZONTE,CE,-4.09500966,-38.48653455,4980,4980.0,1,0.0,0.0,,,,,40,345.0,15125.0,1,1.0,,383,
HORTOLANDIA,SP,-22.887261083333332,-47.19631467166667,4149,4149.4,6,0.3999999999996362,0.05181971559411906,,,,,78,338.8053097345133,41332.81,2,6.0,113004.0,784,
HULHA NEGRA,RS,-31.40194444,-53.90166666,800,800.0,1,0.0,0.0,,,,,99,275.508064516129,19463.33,1,1.0,,726,
HUMAITA,AM,-6.86847616,-62.433013294999995,22523,22523.0,2,0.0,0.0,,,,,7,328.1818181818182,4127.5,1,2.0,,179,
HUMAITA,RO,-8.02277778,-62.77277778,77,77.0,1,0.0,0.0,,,,,14,269.64285714285717,8246.66,1,1.0,,155,
HUMBERTO DE CAMPOS,MA,-2.47427779,-43.57421666,30,30.87,1,0.870000000000001,1.0,,,,,21,420.0,10616.16,1,1.0,15768.0,244,
IACANGA,SP,-21.806505415,-49.017732190000004,55000,55000.0,2,0.0,0.0,,,,,78,338.8053097345133,41332.81,1,2.0,,784,
IARAS,SP,-22.85801389,-49.159780555,136,6926.0,2,6790.0,0.0,,,,,78,338.8053097345133,41332.81,2,1.0,0.0,784,
IAURETE,AM,-0.12600966,-67.07953455,1110,1110.0,1,0.0,0.0,,,,,7,328.1818181818182,4127.5,1,1.0,,179,
IBAITI,PR,-23.68217301,-50.41424937,3600,3600.0,1,0.0,0.0,,,,,61,329.2857142857143,12734.23,1,1.0,,433,
IBATE,SP,-22.032671335,-48.040483775,16392,16392.0,2,0.0,0.01171303074670571,,,,,78,338.8053097345133,41332.81,2,2.0,100915.2,784,
IBIA,MG,-19.475680245,-46.531060749999995,361,361.0,2,0.0,0.0,,,,,112,425.625,25999.989999999998,1,2.0,,1018,
IBIACA,RS,-28.05537474,-51.92099721,800,800.0,1,0.0,1.0,,,,,99,275.508064516129,19463.33,1,1.0,420480.0,726,
IBIAPINA,CE,-3.9342117099999996,-41.05928951666667,54600,54600.0,3,0.0,1.0,,,,,40,345.0,15125.0,1,3.0,28697760.0,383,
IBICARE,SC,-27.105972219999998,-51.379583335,9965,18965.0,2,9000.0,1.0,,,,,47,313.24285714285713,14955.0,1,1.0,5237604.0,396,
IBICUI,BA,-14.83767633,-39.97720122,186,186.0,1,0.0,0.0,,,,,71,380.63157894736844,19914.15,1,1.0,,852,
IBICUITINGA,CE,-5.017227135185186,-38.617709383703705,0,820000.0,27,820000.0,0.0,,,,,40,345.0,15125.0,1,,0.0,383,
IBIMIRIM,PE,-8.578898617,-37.622810007,43700,43700.64,10,0.6399999999994179,1.0,,,,,28,315.2631578947368,7640.0,2,10.0,22968720.0,222,
IBIPEBA,BA,-11.415935718666667,-42.17259855266666,296400,568300.0,15,271900.0,1.0,,,,,71,380.63157894736844,19914.15,2,9.0,155787840.0,852,
IBIRACI,MG,-20.32978119,-47.15753796,650,650.0,1,0.0,1.0,,,,,112,425.625,25999.989999999998,1,1.0,341640.0,1018,
IBIRAMA,SC,-27.03722222,-49.57083333,21000,21000.0,1,0.0,1.0,,,,,47,313.24285714285713,14955.0,1,1.0,11037600.0,396,
IBIRAPITANGA,BA,-13.98493665,-39.47706696,533,533.6,1,0.6000000000000227,1.0,,,,,71,380.63157894736844,19914.15,1,1.0,280144.8,852,
IBIRAPUA,BA,-17.6419,-40.18175555,6000,6000.0,1,0.0,0.0,,,,,71,380.63157894736844,19914.15,1,1.0,,852,
IBIRAREMA,SP,-22.782301023333332,-50.10079495333333,38360,38360.0,3,0.0,0.0,,,,,78,338.8053097345133,41332.81,1,3.0,,784,
IBIRITE,MG,-19.99880206,-44.106382355,226000,237000.0,2,11000.0,0.0,,,,,112,425.625,25999.989999999998,2,1.0,0.0,1018,
IBIRUBA,RS,-28.620590280000002,-53.17305278,1645,1645.0,2,0.0,1.0,,,,,99,275.508064516129,19463.33,2,2.0,864612.0,726,
IBITIARA,BA,-12.6501503225,-42.0535666025,175500,175500.0,4,0.0,1.0,,,,,71,380.63157894736844,19914.15,1,4.0,92242800.0,852,
IBITINGA,SP,-21.759167,-48.990556,131490,131490.0,1,0.0,1.0,,,,,78,338.8053097345133,41332.81,1,1.0,69111144.0,784,
IBITITA,BA,-11.58611388,-41.98676112,0,30000.0,1,30000.0,0.0,,,,,71,380.63157894736844,19914.15,1,,0.0,852,
IBIUNA,SP,-24.00875028,-47.26445434,36400,36400.0,1,0.0,1.0,,,,,78,338.8053097345133,41332.81,1,1.0,19131840.0,784,
ICAPUI,CE,-4.754085328139535,-37.477461020813955,284745,2519145.0,86,2234400.0,1.0,,,,,40,345.0,15125.0,2,10.0,149661972.0,383,
ICARA,SC,0.0,0.0,2657,2657.5,2,0.5,1.0,,,,,47,313.24285714285713,14955.0,1,2.0,1396519.2,396,
ICO,CE,-6.362163332727272,-38.859749525454546,189035,529936.0,11,340901.0,1.0,,,,,40,345.0,15125.0,1,3.0,99356796.0,383,
IGAPORA,BA,-13.967870074285713,-42.67013129714286,369020,407120.0,21,38100.0,1.0,,,,,71,380.63157894736844,19914.15,1,20.0,193956912.0,852,
IGARACU DO TIETE,SP,-22.85416669,-48.925,10,10.05,1,0.05000000000000071,1.0,,,,,78,338.8053097345133,41332.81,1,1.0,5256.0,784,
IGARAPAVA,SP,-19.9881,-47.79816,14700,14700.0,1,0.0,0.0,,,,,78,338.8053097345133,41332.81,1,1.0,,784,
IGARAPE-MIRI,PA,-1.97263889,-48.959444435,1244,1244.96,2,0.9600000000000364,1.0,,,,,28,380.5882352941176,18060.0,1,2.0,653846.4,419,
IGARASSU,PE,-7.851015752,-34.990346596,529095,529095.0,5,0.0,0.0,,,,,28,315.2631578947368,7640.0,1,5.0,,222,
IGARATINGA,MG,-19.99395878,-44.69174997,625,625.6,1,0.6000000000000227,1.0,,,,,112,425.625,25999.989999999998,1,1.0,328500.0,1018,
IGRAPIUNA,BA,-13.841662496666666,-39.27843269666667,844,844.0,3,0.0,1.0,,,,,71,380.63157894736844,19914.15,1,3.0,443606.39999999997,852,
IGREJA NOVA,AL,-10.15063889,-36.542,20500,20500.0,1,0.0,0.0,,,,,12,305.0,3165.0,1,1.0,,104,
IGUABA GRANDE,RJ,-22.844027775,-42.229722225,200,200.0,2,0.0,0.0,,,,,23,429.54545454545456,13884.66,1,2.0,,226,
IGUAI,BA,-14.75239855,-40.07970122,186,186.0,1,0.0,0.0,,,,,71,380.63157894736844,19914.15,1,1.0,,852,
IGUATEMI,MS,-23.16267633,-54.38453455,4000,4000.0,1,0.0,0.0,,,,,30,218.0952380952381,5050.0,1,1.0,,269,
IJUI,RS,-28.358580424285716,-53.86577747285714,38533,41533.0,7,3000.0,0.8286144343809202,,,,,99,275.508064516129,19463.33,4,7.0,16781882.4,726,
ILHA GRANDE,PI,-2.81152091,-41.773894444,47000,189600.0,5,142600.0,1.0,,,,,37,381.875,5655.0,1,2.0,24703200.0,338,
ILHA SOLTEIRA,SP,-20.660435645,-51.33729398166667,254504,254505.41999999998,6,1.4199999999837019,1.0,,,,,78,338.8053097345133,41332.81,1,6.0,133767302.39999999,784,
ILHEUS,BA,-14.80988889,-39.03533333,600,600.0,1,0.0,0.0,,,,,71,380.63157894736844,19914.15,1,1.0,,852,
ILHOTA,SC,-26.90555555,-48.82333333,1520,1520.0,1,0.0,0.0,,,,,47,313.24285714285713,14955.0,1,1.0,,396,
ILOPOLIS,RS,-28.92333333,-52.13,134,134.0,1,0.0,0.0,,,,,99,275.508064516129,19463.33,1,1.0,,726,
IMPERATRIZ,MA,-5.492248356666667,-47.484965718333335,256499,256499.6,6,0.6000000000058208,0.0024561499265104347,,,,,21,420.0,10616.16,2,6.0,331128.0,244,
INDAIAL,SC,-26.88174436,-49.215515458,2277,29277.2,5,27000.2,0.026350461133069828,,,,,47,313.24285714285713,14955.0,3,4.0,31536.0,396,
INDAIATUBA,SP,-23.1258866325,-47.228288809999995,2651,2651.2,4,0.1999999999998181,0.07544322897019992,,,,,78,338.8053097345133,41332.81,2,4.0,105120.0,784,
INDEPENDENCIA,RS,-27.89166667,-54.10305556,3240,3240.0,1,0.0,1.0,,,,,99,275.508064516129,19463.33,1,1.0,1702944.0,726,
INDIANOPOLIS,MG,-18.873724715,-47.97956756,610700,610700.0,2,0.0,0.6680858031766825,,,,,112,425.625,25999.989999999998,2,2.0,214444800.0,1018,
INDIAVAI,MT,-15.261335766666667,-58.72013142333333,168500,168500.0,3,0.0,1.0,,,,,22,357.5,3719.99,2,3.0,88563600.0,352,
INHAPIM,MG,-19.53593671,-42.12563117,6000,6000.0,1,0.0,1.0,,,,,112,425.625,25999.989999999998,1,1.0,3153600.0,1018,
INOCENCIA,MS,-19.5742,-52.1025,0,420450.0,1,420450.0,0.0,,,,,30,218.0952380952381,5050.0,1,,,269,
IPABA,MG,-19.41325111,-42.41816611,244,244.0,1,0.0,0.0,,,,,112,425.625,25999.989999999998,1,1.0,,1018,
IPAMERI,GO,-17.427150926666666,-47.79629444333333,24893,35093.6,3,10200.599999999999,0.12826899128268993,,,,,34,286.2564102564103,10976.33,2,2.0,1678240.8,295,
IPANEMA,MG,-19.83280985,-41.80073073,6468,6468.0,1,0.0,1.0,,,,,112,425.625,25999.989999999998,1,1.0,3399580.8,1018,
IPATINGA,MG,-19.469929123846153,-42.54766345923077,124142,124144.68,13,2.679999999993015,0.00010471878977300189,,,,,112,425.625,25999.989999999998,2,13.0,6832.8,1018,
IPAUCU,SP,-23.09573189,-49.58359011,76000,76000.0,1,0.0,0.0,,,,,78,338.8053097345133,41332.81,1,1.0,,784,
IPAUMIRIM,CE,-6.80888889,-38.77444444,100,100.0,1,0.0,1.0,,,,,40,345.0,15125.0,1,1.0,52560.0,383,
IPE,RS,-28.62962778,-51.348961110000005,28270,28270.0,2,0.0,1.0,,,,,99,275.508064516129,19463.33,2,2.0,14858712.0,726,
IPERO,SP,-23.389721805,-47.619391385,5524,5524.0,2,0.0,0.0,,,,,78,338.8053097345133,41332.81,1,2.0,,784,
IPIRA,SC,-27.42767481,-51.78823681,24000,24000.0,1,0.0,1.0,,,,,47,313.24285714285713,14955.0,1,1.0,12614400.0,396,
IPIRANGA,PR,0.0,0.0,600,600.0,1,0.0,1.0,,,,,61,329.2857142857143,12734.23,1,1.0,315360.0,433,
IPIXUNA,AM,-7.05472225,-71.691389,4095,4095.0,1,0.0,0.0,,,,,7,328.1818181818182,4127.5,1,1.0,,179,
IPOJUCA,PE,-6.994769701666667,-29.185220208333334,666800,678800.0,6,12000.0,0.0,,,,,28,315.2631578947368,7640.0,2,5.0,0.0,222,
IPUACU,SC,-26.63445313,-52.539548965,148500,148500.0,2,0.0,1.0,,,,,47,313.24285714285713,14955.0,2,2.0,78051600.0,396,
IPUMIRIM,SC,-27.14714395,-52.05122498,4950,4950.0,1,0.0,1.0,,,,,47,313.24285714285713,14955.0,1,1.0,2601720.0,396,
IPUPIARA,BA,-11.796918267777777,-42.52708996888889,0,378000.0,9,378000.0,0.0,,,,,71,380.63157894736844,19914.15,1,,0.0,852,
IRACEMA,RR,2.18123141,-61.03153455,360,360.0,1,0.0,0.0,,,,,1,500.0,800.0,1,1.0,,42,
IRACEMAPOLIS,SP,-15.06819353,-31.676188909999997,17180,17180.0,3,0.0,0.02910360884749709,,,,,78,338.8053097345133,41332.81,2,3.0,262800.0,784,
IRACEMINHA,SC,-13.43652778,-26.70222222,1000,11000.0,2,10000.0,1.0,,,,,47,313.24285714285713,14955.0,2,1.0,525600.0,396,
IRAI DE MINAS,MG,-19.01022704,-47.545406165,1100,1100.0,2,0.0,0.2727272727272727,,,,,112,425.625,25999.989999999998,2,2.0,157680.0,1018,
IRAQUARA,BA,-12.120738435,-41.50171899,82500,82500.0,2,0.0,1.0,,,,,71,380.63157894736844,19914.15,1,2.0,43362000.0,852,
IRINEOPOLIS,SC,-26.498541665,-50.778472225,11000,56000.0,4,45000.0,1.0,,,,,47,313.24285714285713,14955.0,1,2.0,5781600.0,396,
ITA,SC,-27.221581535,-52.292691024999996,5400,5400.0,2,0.0,0.5185185185185185,,,,,47,313.24285714285713,14955.0,2,2.0,1471680.0,396,
ITAARA,RS,0.0,0.0,1350,1350.0,2,0.0,1.0,,,,,99,275.508064516129,19463.33,1,2.0,709560.0,726,
ITABERA,SP,-23.85916669,-49.13861111,60,60.0,1,0.0,1.0,,,,,78,338.8053097345133,41332.81,1,1.0,31536.0,784,
ITABERAI,GO,-16.01497428,-49.800356165,4188,4188.0,2,0.0,0.11938872970391595,,,,,34,286.2564102564103,10976.33,2,2.0,262800.0,295,
ITABIRA,MG,-19.62388889,-43.22166667,320,320.0,1,0.0,0.0,,,,,112,425.625,25999.989999999998,1,1.0,,1018,
ITABIRITO,MG,-20.234304381999998,-43.82404036,16673,16673.6,5,0.5999999999985448,0.7030528399208301,,,,,112,425.625,25999.989999999998,3,5.0,6161083.2,1018,
ITABORAI,RJ,-22.64535556,-42.860825,0,257101.0,1,257101.0,0.0,,,,,23,429.54545454545456,13884.66,1,,,226,
ITABUNA,BA,-14.79976063,-39.28952217,400,400.0,1,0.0,0.0,,,,,71,380.63157894736844,19914.15,1,1.0,,852,
ITACARAMBI,MG,-15.128055555,-44.136666665,6625,6625.0,2,0.0,1.0,,,,,112,425.625,25999.989999999998,1,2.0,3482100.0,1018,
ITACARE,BA,-14.38333333,-39.015,86,86.0,1,0.0,1.0,,,,,71,380.63157894736844,19914.15,1,1.0,45201.6,852,
ITACOATIARA,AM,-2.31008411625,-44.02583642125,62331,82010.0,8,19679.0,0.0,,,,,7,328.1818181818182,4127.5,2,5.0,0.0,179,
ITAGUACU DA BAHIA,BA,-11.00118628375,-42.473638629999996,209720,309718.0,8,99998.0,1.0,,,,,71,380.63157894736844,19914.15,2,6.0,110228832.0,852,
ITAGUAI,RJ,-22.433185415,-43.837660695,568800,568800.0,4,0.0,0.0,,,,,23,429.54545454545456,13884.66,1,4.0,,226,
ITAGUARA,MG,-20.38138891,-44.48444452,360,360.0,1,0.0,0.0,,,,,112,425.625,25999.989999999998,1,1.0,,1018,
ITAI,SP,-23.512397375,-48.983392055,7580,7580.0,2,0.0,0.0,,,,,78,338.8053097345133,41332.81,1,2.0,,784,
ITAIOPOLIS,SC,-26.62721667,-49.87986111,4500,4500.0,1,0.0,1.0,,,,,47,313.24285714285713,14955.0,1,1.0,2365200.0,396,
ITAIPULANDIA,PR,-12.58105278,-27.152500555,1140,1140.0,2,0.0,0.9649122807017544,,,,,61,329.2857142857143,12734.23,2,2.0,578160.0,433,
ITAITUBA,PA,-5.35004636,-55.974073245,5550,5550.0,2,0.0,0.0,,,,,28,380.5882352941176,18060.0,1,2.0,,419,
ITAJAI,SC,-26.917467980000005,-48.703090728,4697,4697.8,5,0.8000000000001819,0.0,,,,,47,313.24285714285713,14955.0,1,5.0,,396,
ITAJOBI,SP,-21.30539781,-49.04313591,3150,3150.0,1,0.0,0.0,,,,,78,338.8053097345133,41332.81,1,1.0,,784,
ITAJUBA,MG,-14.939982568333333,-30.294875898333334,4175,4175.0,6,0.0,0.6732934131736527,,,,,112,425.625,25999.989999999998,3,6.0,1477461.5999999999,1018,
ITAMARAJU,BA,-17.07479781,-40.06934674,14800,14800.0,1,0.0,1.0,,,,,71,380.63157894736844,19914.15,1,1.0,7778880.0,852,
ITAMARATI,AM,-6.43944444,-68.24611111,2816,2816.0,1,0.0,0.0,,,,,7,328.1818181818182,4127.5,1,1.0,,179,
ITAMBE,BA,-15.248019,-40.624042,372,372.0,2,0.0,0.0,,,,,71,380.63157894736844,19914.15,1,2.0,,852,
ITAMONTE,MG,-22.23694444,-44.84361111,500,500.0,1,0.0,1.0,,,,,112,425.625,25999.989999999998,1,1.0,262800.0,1018,
ITANHAEM,SP,-24.09157597,-46.609312375,1174,1174.0,2,0.0,0.0,,,,,78,338.8053097345133,41332.81,1,2.0,,784,
ITAPACI,GO,-14.88542361,-49.5328472225,0,206220.0,4,206220.0,0.0,,,,,34,286.2564102564103,10976.33,1,,0.0,295,
ITAPAGIPE,MG,-19.893971495,-49.524132550000004,6325,6325.0,2,0.0,0.0,,,,,112,425.625,25999.989999999998,1,2.0,,1018,
ITAPEBI,BA,-15.96564305,-39.59263939,462011,462011.0,1,0.0,1.0,,,,,71,380.63157894736844,19914.15,1,1.0,242832981.6,852,
ITAPEJARA D'OESTE,PR,-25.99132815,-52.766392485,7260,7260.0,2,0.0,1.0,,,,,61,329.2857142857143,12734.23,2,2.0,3815856.0,433,
ITAPEMA,SC,-27.09478851,-48.61703204,186,186.0,1,0.0,0.0,,,,,47,313.24285714285713,14955.0,1,1.0,,396,
ITAPEMIRIM,ES,-20.900538335,-41.03465,7000,7000.0,2,0.0,0.5428571428571428,,,,,9,342.0833333333333,6516.66,2,2.0,1997280.0,130,
ITAPERUCU,PR,-24.97527778,-49.59555556,0,8000.0,1,8000.0,0.0,,,,,61,329.2857142857143,12734.23,1,,0.0,433,
ITAPERUNA,RJ,-21.1857097,-42.09989709,1600,1600.0,1,0.0,1.0,,,,,23,429.54545454545456,13884.66,1,1.0,840960.0,226,
ITAPETINGA,BA,-15.24578118,-40.24443225666666,8148,8148.0,3,0.0,0.0,,,,,71,380.63157894736844,19914.15,1,3.0,,852,
ITAPETININGA,SP,-23.568899146666666,-48.06987164833333,64364,64364.8,6,0.8000000000029104,0.0037287924926977813,,,,,78,338.8053097345133,41332.81,2,6.0,126144.0,784,
ITAPEVA,SP,-24.07256717,-48.80474426666667,5752,5752.0,3,0.0,1.0,,,,,78,338.8053097345133,41332.81,1,3.0,3023251.1999999997,784,
ITAPEVI,SP,-23.541915715000002,-46.9580689,2800,2800.0,2,0.0,0.0,,,,,78,338.8053097345133,41332.81,1,2.0,,784,
ITAPIPOCA,CE,-3.49333314,-39.59833348,560,560.0,1,0.0,0.0,,,,,40,345.0,15125.0,1,1.0,,383,
ITAPIRA,SP,-22.416250405,-46.821861940000005,6200,6200.0,2,0.0,0.06451612903225806,,,,,78,338.8053097345133,41332.81,2,2.0,210240.0,784,
ITAPIRANGA,AM,-2.74968043,-58.02233714,5100,5100.0,1,0.0,0.0,,,,,7,328.1818181818182,4127.5,1,1.0,,179,
ITAPISSUMA,PE,-7.794343,-34.91664566,3105,3105.6,1,0.599999999999909,0.0,,,,,28,315.2631578947368,7640.0,1,1.0,,222,
ITAPOLIS,SP,-21.62772593,-48.83048282,4000,4000.0,1,0.0,0.0,,,,,78,338.8053097345133,41332.81,1,1.0,,784,
ITAPORA,MS,-14.670438906666666,-36.495119433333336,1168,1168.0,3,0.0,1.0,,,,,30,218.0952380952381,5050.0,1,3.0,613900.7999999999,269,
ITAPORANGA,PB,0.0,0.0,108,108.0,1,0.0,1.0,,,,,16,311.0,2342.56,1,1.0,56764.799999999996,119,
ITAPUI,SP,-22.23212805,-48.71887389,1056,1056.0,1,0.0,0.0,,,,,78,338.8053097345133,41332.81,1,1.0,,784,
ITAQUAQUECETUBA,SP,-23.45960104,-46.3414020875,3378,3378.0,4,0.0,0.0,,,,,78,338.8053097345133,41332.81,1,4.0,,784,
ITAQUI,RS,-29.143982676666667,-56.53098585,8200,20290.0,3,12090.0,0.0,,,,,99,275.508064516129,19463.33,1,2.0,,726,
ITARANTIM,BA,-15.65783,-40.061545,186,186.0,1,0.0,0.0,,,,,71,380.63157894736844,19914.15,1,1.0,,852,
ITARARE,SP,-24.06941301,-49.33124164333333,4144,4144.0,3,0.0,0.9555984555984556,,,,,78,338.8053097345133,41332.81,2,3.0,2081376.0,784,
ITAREMA,CE,-2.951100615833333,-39.855015191666666,285300,285300.0,12,0.0,1.0,,,,,40,345.0,15125.0,1,12.0,149953680.0,383,
ITARUMA,GO,-18.54383611,-51.541590740000004,0,102200.0,3,102200.0,0.0,,,,,34,286.2564102564103,10976.33,2,,0.0,295,
ITATIAIA,RJ,-22.52881287,-44.56793131,216000,216000.0,1,0.0,1.0,,,,,23,429.54545454545456,13884.66,1,1.0,113529600.0,226,
ITATINGA,SP,-23.02828669,-48.672208510000004,1760,1760.0,2,0.0,0.9181818181818182,,,,,78,338.8053097345133,41332.81,2,2.0,849369.6,784,
ITAU DE MINAS,MG,-20.80722222,-46.70888889,3200,3200.0,1,0.0,1.0,,,,,112,425.625,25999.989999999998,1,1.0,1681920.0,1018,
ITAUBA,MT,-5.51100119,-27.63633842,577,578.0,2,1.0,1.0,,,,,22,357.5,3719.99,1,2.0,303271.2,352,
ITAUNA,MG,-20.055692895555556,-44.582328814444445,10158,18158.0,9,8000.0,0.5928332348887576,,,,,112,425.625,25999.989999999998,3,8.0,3165163.1999999997,1018,
ITIQUIRA,MT,-17.25582361,-54.84855,158530,158530.0,4,0.0,1.0,,,,,22,357.5,3719.99,2,4.0,83323368.0,352,
ITORORO,BA,-15.11903694,-40.07170306,372,372.0,2,0.0,0.0,,,,,71,380.63157894736844,19914.15,1,2.0,,852,
ITU,SP,-23.265988646666667,-47.28998803166667,2833,2833.5,6,0.5,0.5690081186021885,,,,,78,338.8053097345133,41332.81,2,6.0,847267.2,784,
ITUIUTABA,MG,-18.970550012857142,-49.469635247142854,59386,59386.0,7,0.0,0.04031253157309804,,,,,112,425.625,25999.989999999998,2,7.0,1258286.4,1018,
ITUMBIARA,GO,-18.375659594285715,-49.342353824285716,101160,101160.0,7,0.0,0.0,,,,,34,286.2564102564103,10976.33,1,7.0,,295,
ITUPORANGA,SC,-27.40194469,-49.6080561,0,0.99,1,0.99,0.0,,,,,47,313.24285714285713,14955.0,1,1.0,0.0,396,
ITURAMA,MG,-19.745739917999998,-50.294712518,1440564,1440564.0,5,0.0,0.9693120194590452,,,,,112,425.625,25999.989999999998,3,5.0,733924713.6,1018,
ITUTINGA,MG,-21.308729319999998,-44.620608454999996,98000,98000.0,2,0.0,1.0,,,,,112,425.625,25999.989999999998,1,2.0,51508800.0,1018,
IVATE,PR,-23.40958889,-53.37387889,9000,9000.0,1,0.0,0.0,,,,,61,329.2857142857143,12734.23,1,1.0,,433,
IVINHEMA,MS,-22.38626007666667,-53.76320028,120000,160000.0,3,40000.0,0.0,128000.0,0.0,1.0,1.0,30,218.0952380952381,5050.0,1,2.0,,269,
JABOATAO DOS GUARARAPES,PE,-8.155556376,-34.956931288,37140,37140.0,5,0.0,0.030156165858912225,980379.0,80790.0,1.0,0.9175930940993228,28,315.2631578947368,7640.0,2,5.0,588672.0,222,
JABORA,SC,-27.08527778,-51.81833333,700,700.0,1,0.0,1.0,,,,,47,313.24285714285713,14955.0,1,1.0,367920.0,396,
JABORANDI,BA,-10.497850695,-34.05193889,5740,5740.0,4,0.0,1.0,,,,,71,380.63157894736844,19914.15,2,4.0,3016944.0,852,
JABOTICABAL,SP,-21.27686478,-48.280193680000004,44342,44342.0,3,0.0,0.0,,,,,78,338.8053097345133,41332.81,1,3.0,,784,
JABOTICATUBAS,MG,-19.386193055,-43.819930555,90000,90000.0,2,0.0,1.0,,,,,112,425.625,25999.989999999998,1,2.0,47304000.0,1018,
JACARACI,BA,-14.81988175,-42.5626836,40500,40500.0,1,0.0,1.0,,,,,71,380.63157894736844,19914.15,1,1.0,21286800.0,852,
JACAREACANGA,PA,-7.752140035,-57.3420026075,2523612,2523612.0,4,0.0,0.998489466685053,,,,,28,380.5882352941176,18060.0,2,4.0,1324406880.0,419,
JACAREI,SP,-23.300843582857144,-45.96626822571428,232655,232656.8,14,1.7999999999883585,0.35954524940362337,,,,,78,338.8053097345133,41332.81,2,14.0,43966440.0,784,
JACAREZINHO,PR,-15.417715953333333,-33.348452079999994,26000,51000.0,3,25000.0,0.0,,,,,61,329.2857142857143,12734.23,1,2.0,,433,
JACI,SP,-20.88199986,-49.56999982,900,900.0,1,0.0,0.0,,,,,78,338.8053097345133,41332.81,1,1.0,,784,
JACIARA,MT,-15.982531891818182,-55.08352303181818,59881,59881.2,11,0.19999999999708962,0.8638633289357225,,,,,22,357.5,3719.99,3,11.0,27188762.4,352,
JACOBINA,BA,-11.108550848333332,-40.68417618666667,0,252000.0,6,252000.0,0.0,,,,,71,380.63157894736844,19914.15,1,,0.0,852,
JACUI,MG,-20.81289209,-46.81055515,500,650.0,1,150.0,1.0,,,,,112,425.625,25999.989999999998,1,1.0,262800.0,1018,
JACUNDA,PA,0.0,0.0,225,225.0,1,0.0,1.0,,,,,28,380.5882352941176,18060.0,1,1.0,118260.0,419,
JACUTINGA,MG,-22.25870389,-46.67596056,576,576.0,1,0.0,1.0,,,,,112,425.625,25999.989999999998,1,1.0,302745.6,1018,
JAGUARACU,MG,-19.64500967,-42.74053455,960,960.0,1,0.0,0.0,,,,,112,425.625,25999.989999999998,1,1.0,,1018,
JAGUARAO,RS,0.0,0.0,150,150.0,2,0.0,1.0,,,,,99,275.508064516129,19463.33,1,2.0,78840.0,726,
JAGUARETAMA,CE,-5.445370799512195,-38.83590053658536,230000,1827500.0,41,1597500.0,1.0,,,,,40,345.0,15125.0,1,8.0,120888000.0,383,
JAGUARI,RS,-29.36527778,-54.50388889,9800,9800.0,1,0.0,1.0,,,,,99,275.508064516129,19463.33,1,1.0,5150880.0,726,
JAGUARIAIVA,PR,-24.16791596,-49.657424952,24558,41228.76,5,16670.760000000002,1.0,,,,,61,329.2857142857143,12734.23,2,4.0,12907684.799999999,433,
JAGUARIBE,CE,0.0,0.0,1230,1230.0,1,0.0,1.0,,,,,40,345.0,15125.0,1,1.0,646488.0,383,
JAGUARIUNA,SP,-17.0321285025,-35.250002942500004,15994,15994.0,4,0.0,0.29698636988870825,,,,,78,338.8053097345133,41332.81,2,4.0,2496600.0,784,
JAGUARUANA,CE,-4.890714504615385,-37.67260999384615,199800,1075567.0,26,875767.0,1.0,,,,,40,345.0,15125.0,1,4.0,105014880.0,383,
JAGUARUNA,SC,-28.62496389,-49.04912889,0,0.24,1,0.24,0.0,,,,,47,313.24285714285713,14955.0,1,1.0,,396,
JAIBA,MG,-15.351232854814816,-43.72723194944444,1485806,2611892.0,54,1126086.0,0.9623100189392155,,,,,112,425.625,25999.989999999998,2,39.0,751506033.6,1018,
JANAUBA,MG,-15.898611758437498,-43.46858296916667,2104400,4950673.0,96,2846273.0,1.0,,,,,112,425.625,25999.989999999998,1,45.0,1106072640.0,1018,
JANDAIA,GO,-17.27425967,-50.13953455,6200,6200.0,1,0.0,0.0,,,,,34,286.2564102564103,10976.33,1,1.0,,295,
JANDAIA DO SUL,PR,-23.63303817,-51.672122775,4960,4960.0,2,0.0,0.1935483870967742,,,,,61,329.2857142857143,12734.23,2,2.0,504576.0,433,
JANDAIRA,RN,-5.37696304090909,-36.10979311727272,598203,708203.39,22,110000.39000000001,1.0,,,,,22,284.0,9222.56,2,18.0,314415496.8,290,
JANDIRA,SP,-23.51666589,-46.91567289,1070,1070.4,1,0.40000000000009095,0.0,,,,,78,338.8053097345133,41332.81,1,1.0,,784,
JANUARIA,MG,-15.49278056,-44.39271389,9125,9125.0,1,0.0,1.0,,,,,112,425.625,25999.989999999998,1,1.0,4796100.0,1018,
JAPARATUBA,SE,-10.52103611,-36.86424097,0,82488.0,4,82488.0,0.0,,,,,5,365.0,315.0,1,,0.0,187,
JAPERI,RJ,-22.64355689,-43.65921689,1,1.0,1,0.0,1.0,,,,,23,429.54545454545456,13884.66,1,1.0,525.6,226,
JAPURA,AM,-0.9259722225,-33.398194445,3355,8068.04,4,4713.04,0.0,,,,,7,328.1818181818182,4127.5,2,2.0,0.0,179,
JAQUEIRA,PE,-8.733773995,-35.84225329,612,612.0,2,0.0,1.0,,,,,28,315.2631578947368,7640.0,1,2.0,321667.2,222,
JARAGUA DO SUL,SC,-23.496146398888886,-43.65368952111111,20713,20713.0,9,0.0,0.747356732486844,,,,,47,313.24285714285713,14955.0,4,9.0,8136288.0,396,
JARAGUARI,MS,-20.39991022,-54.44433525,925,925.0,1,0.0,1.0,,,,,30,218.0952380952381,5050.0,1,1.0,486180.0,269,
JARDIM DE ANGICOS,RN,-5.51577764,-35.99971058,59400,59400.0,2,0.0,1.0,,,,,22,284.0,9222.56,1,2.0,31220640.0,290,
JARDINOPOLIS,SC,-26.6998109,-52.894655935,6360,6360.0,2,0.0,1.0,,,,,47,313.24285714285713,14955.0,2,2.0,3342816.0,396,
JATAI,GO,-15.314135877142858,-44.33181417285714,153894,156394.6,7,2500.600000000006,0.31563283818732374,,,,,34,286.2564102564103,10976.33,3,6.0,25530494.4,295,
JATOBA,PE,-9.14352303,-38.31240468,1479600,1479600.0,1,0.0,1.0,,,,,28,315.2631578947368,7640.0,1,1.0,777677760.0,222,
JAU,SP,-22.304119694999997,-48.58211431,8968,8968.0,2,0.0,0.0,,,,,78,338.8053097345133,41332.81,1,2.0,,784,
JECEABA,MG,-20.50666667,-43.98611111,2460,2460.0,1,0.0,1.0,,,,,112,425.625,25999.989999999998,1,1.0,1292976.0,1018,
JEQUIA DA PRAIA,AL,-9.88113966,-36.15073455,18000,18000.0,1,0.0,0.0,,,,,12,305.0,3165.0,1,1.0,,104,
JEQUIE,BA,-13.863924755,-40.155615475000005,20407,20407.0,2,0.0,0.9803988827363159,,,,,71,380.63157894736844,19914.15,2,2.0,10515679.2,852,
JI-PARANA,RO,-10.84726389,-61.999588884999994,2250,2250.0,2,0.0,0.5555555555555556,,,,,14,269.64285714285717,8246.66,2,2.0,657000.0,155,
JOACABA,SC,-27.157672453333333,-51.46671132666666,3515,3515.0,3,0.0,1.0,,,,,47,313.24285714285713,14955.0,1,3.0,1847484.0,396,
JOAO CAMARA,RN,-5.413327395882353,-35.905394226176476,741560,882696.0,34,141136.0,1.0,,,,,22,284.0,9222.56,2,29.0,389763936.0,290,
JOAO COSTA,PI,-8.548166,-43.78452978,30000,60000.0,2,30000.0,1.0,,,,,37,381.875,5655.0,1,1.0,15768000.0,338,
JOAO DOURADO,BA,-11.226199998,-41.577443331999994,133400,294400.0,5,161000.0,1.0,,,,,71,380.63157894736844,19914.15,1,2.0,70115040.0,852,
JOAO MONLEVADE,MG,-19.832500000000003,-43.149305555,9320,9320.0,2,0.0,0.9656652360515021,,,,,112,425.625,25999.989999999998,2,2.0,4730400.0,1018,
JOAO NEIVA,ES,-19.75400967,-40.37653455,3500,3500.0,1,0.0,0.0,,,,,9,342.0833333333333,6516.66,1,1.0,,130,
JOAO PESSOA,PB,-6.568007315,-31.967332797500003,353749,353750.4,12,1.400000000023283,0.010976709474797102,,,,,16,311.0,2342.56,2,12.0,2040904.7999999998,119,
JOAO PINHEIRO,MG,-17.53086879285714,-46.71463205571428,136000,306000.0,7,170000.0,0.0,,,,,112,425.625,25999.989999999998,2,3.0,0.0,1018,
JOAQUIM NABUCO,PE,-8.53797761,-35.51180283,14500,14500.0,2,0.0,0.4482758620689655,,,,,28,315.2631578947368,7640.0,2,2.0,3416400.0,222,
JOINVILLE,SC,-26.286729157777778,-48.86447865555556,3798,3798.0,9,0.0,0.33438651922064244,,,,,47,313.24285714285713,14955.0,3,9.0,667512.0,396,
JORDAO,AC,-9.43416667,-71.88388888,2044,2044.0,1,0.0,0.0,,,,,3,230.0,490.0,1,1.0,,87,
JOSE BONIFACIO,SP,-21.084075390000002,-49.916953995,24000,24000.0,2,0.0,0.0,,,,,78,338.8053097345133,41332.81,1,2.0,,784,
JUAZEIRINHO,PB,0.0,0.0,0,90000.0,2,90000.0,0.0,,,,,16,311.0,2342.56,1,,0.0,119,
JUAZEIRO,BA,-9.514671291530611,-40.14627793397959,990624,4302691.6,98,3312067.5999999996,0.9808040184772426,,,,,71,380.63157894736844,19914.15,2,36.0,510677164.79999995,852,
JUAZEIRO DO NORTE,CE,-7.237181675,-39.32379819,1219,1219.0,2,0.0,0.40935192780968005,,,,,40,345.0,15125.0,2,2.0,262274.39999999997,383,
JUCURUCU,BA,-17.073909995,-40.095789835,27000,27000.0,2,0.0,1.0,,,,,71,380.63157894736844,19914.15,1,2.0,14191200.0,852,
JUINA,MT,-11.31111111,-59.22333333,5300,5300.0,1,0.0,1.0,,,,,22,357.5,3719.99,1,1.0,2785680.0,352,
JUIZ DE FORA,MG,-21.68895824304348,-43.34029563304348,164201,164201.0,23,0.0,0.38262860762114725,,,,,112,425.625,25999.989999999998,3,23.0,33022396.799999997,1018,
JULIO DE CASTILHOS,RS,-25.081726252857145,-46.014809312857146,82651,82651.0,7,0.0,1.0,,,,,99,275.508064516129,19463.33,3,7.0,43441365.6,726,
JUNCO DO SERIDO,PB,-6.993222009,-36.781301126,392800,392800.0,10,0.0,1.0,,,,,16,311.0,2342.56,1,10.0,206455680.0,119,
JUNDIAI,SP,-23.17822993,-46.92501259,10454,10454.0,6,0.0,0.0,,,,,78,338.8053097345133,41332.81,1,6.0,,784,
JUNQUEIROPOLIS,SP,-21.4226873825,-51.3791754625,103000,103000.0,4,0.0,0.0,,,,,78,338.8053097345133,41332.81,1,4.0,,784,
JUQUIA,SP,-24.126173265,-47.633962365,60870,60870.0,2,0.0,1.0,,,,,78,338.8053097345133,41332.81,1,2.0,31993272.0,784,
JUQUITIBA,SP,-23.938019825,-47.105721015,30000,30000.0,2,0.0,0.9833333333333333,,,,,78,338.8053097345133,41332.81,2,2.0,15505200.0,784,
JURUA,AM,-3.0725196,-65.869806025,4059,4059.0,2,0.0,0.0,,,,,7,328.1818181818182,4127.5,1,2.0,,179,
JURUTI,PA,-2.342117835,-56.138555845,15472,15472.0,2,0.0,0.0,,,,,28,380.5882352941176,18060.0,1,2.0,,419,
JUSCIMEIRA,MT,-16.181442055,-54.981530835,58788,58788.0,4,0.0,1.0,,,,,22,357.5,3719.99,2,4.0,30898972.799999997,352,
JUSSARA,PR,-23.56777222,-52.42850236,40000,40000.0,1,0.0,0.0,,,,,61,329.2857142857143,12734.23,1,1.0,,433,
JUTAI,AM,-2.74222222,-66.76833333,5984,5984.0,1,0.0,0.0,,,,,7,328.1818181818182,4127.5,1,1.0,,179,
LABREA,AM,-7.28121389,-64.77726944,19697,19697.0,1,0.0,0.0,,,,,7,328.1818181818182,4127.5,1,1.0,,179,
LACERDOPOLIS,SC,-27.27155405,-51.54806029,9600,9600.0,1,0.0,1.0,,,,,47,313.24285714285713,14955.0,1,1.0,5045760.0,396,
LAGES,SC,-27.936947011428572,-50.38110423714286,60495,97314.0,7,36819.0,0.060087610546326144,,,,,47,313.24285714285713,14955.0,3,5.0,1910556.0,396,
LAGOA DA CONFUSAO,TO,-10.82504169,-49.656725,1125,1125.0,1,0.0,1.0,,,,,13,398.75,3940.0,1,1.0,591300.0,139,
LAGOA DA PRATA,MG,-20.04878928,-45.539523585,85292,85292.0,2,0.0,0.0,,,,,112,425.625,25999.989999999998,1,2.0,,1018,
LAGOA DO BARRO DO PIAUI,PI,-8.676945474594595,-41.55448156810811,689700,1440688.0,37,750988.0,1.0,,,,,37,381.875,5655.0,2,21.0,362506320.0,338,
LAGOA DO ITAENGA,PE,-7.8967757899999995,-35.264346384999996,69000,69000.0,2,0.0,0.0,,,,,28,315.2631578947368,7640.0,1,2.0,,222,
LAGOA DOS PATOS,MG,-17.113641944444442,-44.641388444444445,0,776762.0,18,776762.0,0.0,,,,,112,425.625,25999.989999999998,1,,0.0,1018,
LAGOA NOVA,RN,-6.0810248325,-36.53910986416667,108800,313720.0,12,204920.0,1.0,,,,,22,284.0,9222.56,2,5.0,57185280.0,290,
LAGOA VERMELHA,RS,-28.13,-51.62694444,780,780.0,1,0.0,1.0,,,,,99,275.508064516129,19463.33,1,1.0,409968.0,726,
LAGOAS,MG,-19.444,-44.338,5000,5000.0,1,0.0,0.0,,,,,112,425.625,25999.989999999998,1,1.0,,1018,
LAGUNA,SC,-28.54579639,-48.80999955,3000,3000.0,1,0.0,1.0,,,,,47,313.24285714285713,14955.0,1,1.0,1576800.0,396,
LAJEADO,RS,0.0,0.0,298,298.8,1,0.8000000000000114,1.0,,,,,99,275.508064516129,19463.33,1,1.0,156628.8,726,
LAJEADO,TO,-9.8416277,-48.29313045,1776,1776.0,1,0.0,1.0,,,,,13,398.75,3940.0,1,1.0,933465.6,139,
LAJES,RN,-6.0600669908333336,-36.539650615,1181371,1494170.13,36,312799.1299999999,1.0,,,,,22,284.0,9222.56,2,29.0,620928597.6,290,
LAJES PINTADAS,RN,-6.16657036,-36.29008018,58500,58500.0,1,0.0,1.0,,,,,22,284.0,9222.56,1,1.0,30747600.0,290,
LAPA,PR,-25.55070953,-49.83723189,28220,28220.0,2,0.0,1.0,,,,,61,329.2857142857143,12734.23,2,2.0,14832432.0,433,
LARANJA DA TERRA,ES,-19.96527778,-41.07611111,10500,10500.0,1,0.0,1.0,,,,,9,342.0833333333333,6516.66,1,1.0,5518800.0,130,
LARANJAL,PR,-24.74790184,-52.46849337,19807,19856.59,1,49.590000000000146,1.0,,,,,61,329.2857142857143,12734.23,1,1.0,10410559.2,433,
LARANJEIRAS,SE,-10.76470966,-37.20453455,17500,17500.0,1,0.0,0.0,,,,,5,365.0,315.0,1,1.0,,187,
LARANJEIRAS DO SUL,PR,-25.11859181,-52.38657496,14200,14200.0,1,0.0,1.0,,,,,61,329.2857142857143,12734.23,1,1.0,7463520.0,433,
LASSANCE,MG,-17.832858355,-44.761343117500004,5335,149689.0,4,144354.0,1.0,,,,,112,425.625,25999.989999999998,2,1.0,2804076.0,1018,
LAURO DE FREITAS,BA,-12.891638195,-38.317724995,3840,3840.0,4,0.0,0.0,,,,,71,380.63157894736844,19914.15,1,4.0,,852,
LAVRAS,MG,-21.25156075,-44.98800315,876,876.0,2,0.0,0.0,,,,,112,425.625,25999.989999999998,1,2.0,,1018,
LAVRAS DA MANGABEIRA,CE,-6.757320063333334,-38.846138271111116,0,399839.0,9,399839.0,0.0,,,,,40,345.0,15125.0,1,,0.0,383,
LAVRINHAS,SP,-22.555872264999998,-44.82966763,60000,60000.0,2,0.0,1.0,,,,,78,338.8053097345133,41332.81,1,2.0,31536000.0,784,
LEBON REGIS,SC,-26.955694445,-50.71291667,835,6835.0,2,6000.0,1.0,,,,,47,313.24285714285713,14955.0,2,1.0,438876.0,396,
LEME,SP,-22.188024445,-47.3822127775,40091,40091.04,4,0.040000000000873115,0.004265296450574942,,,,,78,338.8053097345133,41332.81,2,4.0,89877.59999999999,784,
LENCOIS PAULISTA,SP,-18.487388763636364,-39.920288266363634,578567,673339.0,11,94772.0,0.010370449749121536,,,,,78,338.8053097345133,41332.81,2,9.0,3153600.0,784,
LEOBERTO LEAL,SC,-27.364569445,-49.230708335,5500,5500.0,2,0.0,1.0,,,,,47,313.24285714285713,14955.0,1,2.0,2890800.0,396,
LEOPOLDINA,MG,-21.477469194999998,-42.845181260000004,29872,29872.0,2,0.0,1.0,,,,,112,425.625,25999.989999999998,2,2.0,15700723.2,1018,
LEOPOLDO DE BULHOES,GO,-16.61611111,-48.79361111,750,750.0,1,0.0,1.0,,,,,34,286.2564102564103,10976.33,1,1.0,394200.0,295,
LIBERATO SALZANO,RS,-27.49999997,-53.155,0,17801.04,1,17801.04,0.0,,,,,99,275.508064516129,19463.33,1,,0.0,726,
LIBERDADE,MG,-21.997700926666667,-44.385946293333326,2325,2325.2,3,0.1999999999998181,1.0,,,,,112,425.625,25999.989999999998,1,3.0,1222020.0,1018,
LICINIO DE ALMEIDA,BA,-14.7381892225,-42.57817760625,151500,256900.0,8,105400.0,1.0,,,,,71,380.63157894736844,19914.15,1,4.0,79628400.0,852,
LIMA DUARTE,MG,-21.85123956,-43.89017665,2340,2340.0,1,0.0,1.0,,,,,112,425.625,25999.989999999998,1,1.0,1229904.0,1018,
LIMEIRA,SP,-22.56438257125,-47.35949438,62306,62306.0,8,0.0,0.040927037524475976,,,,,78,338.8053097345133,41332.81,3,8.0,1340280.0,784,
LIMEIRA DO OESTE,MG,-19.3639728825,-50.7042379025,62000,82000.0,4,20000.0,0.0,,,,,112,425.625,25999.989999999998,1,3.0,,1018,
LIMOEIRO DO NORTE,CE,-5.242686108,-37.975846666,154665,154665.0,5,0.0,1.0,,,,,40,345.0,15125.0,1,5.0,81291924.0,383,
LINHARES,ES,-12.960658118888889,-26.654295874444443,339940,352240.8,9,12300.799999999988,0.006648232040948402,,,,,9,342.0833333333333,6516.66,2,9.0,1187856.0,130,
LINS,SP,-21.638010015,-49.660329114999996,60000,60000.0,2,0.0,0.0,,,,,78,338.8053097345133,41332.81,1,2.0,,784,
LONDRINA,PR,-23.313905933999997,-51.163579188,6683,6683.2,5,0.1999999999998181,0.031123746820290288,,,,,61,329.2857142857143,12734.23,2,5.0,109324.8,433,
LONTRAS,SC,-27.13566111,-49.53164722,0,10000.0,1,10000.0,0.0,,,,,47,313.24285714285713,14955.0,1,,0.0,396,
LORENA,SP,-22.741477054999997,-45.112211725,1198,1198.0,2,0.0,0.0,,,,,78,338.8053097345133,41332.81,1,2.0,,784,
LOUVEIRA,SP,-23.08600149,-46.95100413,1300,1300.0,1,0.0,0.0,,,,,78,338.8053097345133,41332.81,1,1.0,,784,
LUCAS DO RIO VERDE,MT,-10.287445106,-44.825162856,85932,85932.0,5,0.0,0.6508867476609412,,,,,22,357.5,3719.99,4,5.0,29397859.2,352,
LUCELIA,SP,-21.56486967,-50.95939455,12000,12000.0,1,0.0,0.0,,,,,78,338.8053097345133,41332.81,1,1.0,,784,
LUIS ANTONIO,SP,-21.505246746666668,-47.77062461333333,42600,92600.0,3,50000.0,0.0,,,,,78,338.8053097345133,41332.81,1,2.0,,784,
LUIS CORREIA,PI,-3.10969396,-41.52849837181818,0,330000.0,11,330000.0,0.0,,,,,37,381.875,5655.0,1,,0.0,338,
LUIS EDUARDO MAGALHAES,BA,-12.102085335,-45.878600665,31180,57360.0,2,26180.0,0.0,,,,,71,380.63157894736844,19914.15,1,2.0,,852,
LUIZ ALVES,SC,-26.72117221,-48.90002949,412,412.5,1,0.5,1.0,,,,,47,313.24285714285713,14955.0,1,1.0,216547.19999999998,396,
LUZIANIA,GO,-16.382627673,-47.798278438,237647,553647.0,10,316000.0,1.0,,,,,34,286.2564102564103,10976.33,3,3.0,124907263.19999999,295,
MACAE,RJ,-19.148754590000003,-35.84595572571429,2317809,2317809.0,7,0.0,0.0003235814512757522,,,,,23,429.54545454545456,13884.66,2,7.0,394200.0,226,
MACAIBA,RN,-3.9179769833333333,-23.537009503333334,101011,101011.0,9,0.0,0.013968775677896467,,,,,22,284.0,9222.56,2,9.0,741621.6,290,
MACAPA,AP,0.026047643333333332,-51.09835822333333,6828,6828.0,3,0.0,0.0,,,,,3,230.0,950.0,1,3.0,,61,
MACAPARANA,PE,-7.490465315,-35.494589435,27450,27450.0,2,0.0,1.0,,,,,28,315.2631578947368,7640.0,1,2.0,14427720.0,222,
MACARANI,BA,-15.56731611,-40.42204389,372,372.0,2,0.0,0.0,,,,,71,380.63157894736844,19914.15,1,2.0,,852,
MACATUBA,SP,-22.50071674,-48.73443540666667,131980,131980.0,3,0.0,0.01272920139415063,,,,,78,338.8053097345133,41332.81,2,3.0,883008.0,784,
MACAU,RN,-5.2110673783333334,-36.52265512583333,206170,206170.0,12,0.0,0.9723529126449046,,,,,22,284.0,9222.56,2,12.0,105367032.0,290,
MACEIO,AL,-9.027571123529412,-33.63593758647059,13458,13459.4,17,1.3999999999996362,0.3005647198692228,,,,,12,305.0,3165.0,3,17.0,2126052.0,104,
MACHADINHO,RS,-27.61436111,-51.74988889,13000,13000.0,1,0.0,1.0,,,,,99,275.508064516129,19463.33,1,1.0,6832800.0,726,
MACHADINHO D'OESTE,RO,-9.45465278,-62.02678444,5300,5300.0,1,0.0,1.0,,,,,14,269.64285714285717,8246.66,1,1.0,2785680.0,155,
MACHADO,MG,-21.67576859,-45.91053455,3066,3066.0,1,0.0,0.0,,,,,112,425.625,25999.989999999998,1,1.0,,1018,
MACUCO,RJ,-21.98548189,-42.23817344,704,704.0,1,0.0,0.0,,,,,23,429.54545454545456,13884.66,1,1.0,,226,
MACURURE,BA,-9.619722222857144,-39.05492063428572,0,306910.0,7,306910.0,0.0,,,,,71,380.63157894736844,19914.15,1,,0.0,852,
MADRE DE DEUS DE MINAS,MG,-21.47732194,-44.34088611,300,300.0,1,0.0,0.0,,,,,112,425.625,25999.989999999998,1,1.0,,1018,
MAFRA,SC,-26.131894900000002,-49.83427666,1092,1092.0,3,0.0,0.8241758241758241,,,,,47,313.24285714285713,14955.0,3,3.0,473040.0,396,
MAGE,RJ,-22.53305555,-43.03916666,686,686.0,1,0.0,1.0,,,,,23,429.54545454545456,13884.66,1,1.0,360561.6,226,
MAIQUINIQUE,BA,-15.61977194,-40.260515,186,186.0,1,0.0,0.0,,,,,71,380.63157894736844,19914.15,1,1.0,,852,
MAJOR GERCINO,SC,-13.69977642,-24.516254465,9900,11900.0,2,2000.0,1.0,,,,,47,313.24285714285713,14955.0,2,1.0,5203440.0,396,
MALHADA,BA,0.0,0.0,5000,5000.0,1,0.0,1.0,,,,,71,380.63157894736844,19914.15,1,1.0,2628000.0,852,
MALTA,PB,-6.91449905,-37.55445583,27200,41200.0,2,14000.0,1.0,,,,,16,311.0,2342.56,1,1.0,14296320.0,119,
MAMANGUAPE,PB,-6.68319366,-35.14897261,19200,19200.0,1,0.0,0.0,,,,,16,311.0,2342.56,1,1.0,,119,
MANACAPURU,AM,-3.3968107025,-60.931370827500004,6118,6118.5,4,0.5,0.0,,,,,7,328.1818181818182,4127.5,1,4.0,,179,
MANAQUIRI,AM,-3.43187485,-60.45961901,10212,10212.0,1,0.0,0.0,,,,,7,328.1818181818182,4127.5,1,1.0,,179,
MANAUS,AM,-2.7045509128,-57.597531253999996,1184055,1346961.84,25,162906.84000000008,0.0014467233363315048,,,,,7,328.1818181818182,4127.5,2,24.0,900352.7999999999,179,
MANGUEIRINHA,PR,-25.97366406,-52.17007813666667,1307500,1307500.0,6,0.0,1.0,,,,,61,329.2857142857143,12734.23,3,6.0,687222000.0,433,
MANHUACU,MG,-20.230407745,-42.0214187825,12584,12584.0,4,0.0,1.0,,,,,112,425.625,25999.989999999998,3,4.0,6614150.399999999,1018,
MANICORE,AM,-5.886132551666666,-61.38540220666667,40360,40360.0,6,0.0,0.0,,,,,7,328.1818181818182,4127.5,1,6.0,,179,
MANOEL RIBAS,PR,-24.520186903333336,-51.70778736,6000,6000.0,3,0.0,1.0,,,,,61,329.2857142857143,12734.23,1,3.0,3153600.0,433,
MANOEL URBANO,AC,-8.87363671,-69.2806454,2220,2220.0,1,0.0,0.0,,,,,3,230.0,490.0,1,1.0,,87,
MANSIDAO,BA,-10.725391666153847,-43.94923718076923,0,643500.0,13,643500.0,0.0,,,,,71,380.63157894736844,19914.15,1,,0.0,852,
MARAA,AM,-1.8289593,-65.60696942,4224,4224.0,1,0.0,0.0,,,,,7,328.1818181818182,4127.5,1,1.0,,179,
MARABA,PA,-5.36166139,-49.13903472,1480,1480.0,2,0.0,0.0,,,,,28,380.5882352941176,18060.0,1,2.0,,419,
MARACAI,SP,-22.57108967,-50.64415455,46820,51000.0,1,4180.0,0.0,,,,,78,338.8053097345133,41332.81,1,1.0,,784,
MARACAJU,MS,-21.778254015,-55.271168044999996,79500,99000.0,2,19500.0,0.0,,,,,30,218.0952380952381,5050.0,1,2.0,,269,
MARACANAU,CE,-3.22025749,-32.17052210166667,175221,175221.5,6,0.5,0.027679330673834757,,,,,40,345.0,15125.0,2,6.0,2549160.0,383,
MARAPOAMA,SP,-21.19320283,-49.13722129,8949,8949.0,1,0.0,0.0,,,,,78,338.8053097345133,41332.81,1,1.0,,784,
MARAU,RS,-28.422221264999997,-52.1932758125,4874,4874.3,4,0.3000000000001819,0.7340993024210094,,,,,99,275.508064516129,19463.33,3,4.0,1880596.8,726,
MARAVILHA,SC,-27.16375,-51.32944444,4310,4310.0,2,0.0,0.22041763341067286,,,,,47,313.24285714285713,14955.0,2,2.0,499320.0,396,
MARCO,CE,-3.12766667,-40.12588889,1800,1800.0,1,0.0,1.0,,,,,40,345.0,15125.0,1,1.0,946080.0,383,
MARCOLANDIA,PI,-7.4675294828571435,-40.73332679857143,206200,206200.0,7,0.0,1.0,,,,,37,381.875,5655.0,1,7.0,108378720.0,338,
MARECHAL CANDIDO RONDON,PR,-18.38935244,-40.5620837275,10320,10320.0,4,0.0,0.46511627906976744,,,,,61,329.2857142857143,12734.23,3,4.0,2522880.0,433,
MARECHAL DEODORO,AL,-9.705282323333334,-35.86806835666667,10087,10087.5,3,0.5,0.0,,,,,12,305.0,3165.0,1,3.0,,104,
MARECHAL THAUMATURGO,AC,-9.001694445,-72.51820444500001,4470,4470.4,2,0.3999999999996362,0.1599552572706935,,,,,3,230.0,490.0,2,2.0,375804.0,87,
MAREMA,SC,0.0,0.0,192,192.0,1,0.0,0.0,,,,,47,313.24285714285713,14955.0,1,1.0,,396,
MARIA DA FE,MG,-22.34916667,-45.37722222,450,450.0,1,0.0,1.0,,,,,112,425.625,25999.989999999998,1,1.0,236520.0,1018,
MARIANA,MG,-20.407719104999998,-43.242599854999995,16000,16000.0,2,0.0,1.0,,,,,112,425.625,25999.989999999998,1,2.0,8409600.0,1018,
MARILANDIA DO SUL,PR,-23.85527778,-51.37611111,970,970.0,1,0.0,1.0,,,,,61,329.2857142857143,12734.23,1,1.0,509832.0,433,
MARILIA,SP,-19.73928462111111,-44.39733119888889,10061,10061.0,9,0.0,0.01580359805188351,,,,,78,338.8053097345133,41332.81,2,9.0,83570.4,784,
MARINGA,PR,-19.15677354909091,-42.519142506363636,22617,22618.6,11,1.5999999999985448,0.12579033470398374,,,,,61,329.2857142857143,12734.23,2,11.0,1495332.0,433,
MARITUBA,PA,-1.39695833,-48.3369,1141,1141.0,1,0.0,0.0,,,,,28,380.5882352941176,18060.0,1,1.0,,419,
MARMELEIRO,PR,-26.123961429999998,-52.998848513333336,6640,6640.0,3,0.0,1.0,,,,,61,329.2857142857143,12734.23,2,3.0,3489984.0,433,
MARTINHO CAMPOS,MG,-19.36769435,-45.26982094,513,513.6,1,0.6000000000000227,0.0,,,,,112,425.625,25999.989999999998,1,1.0,,1018,
MARTINOPOLE,CE,-3.0601805549999996,-40.735611115,0,60000.0,2,60000.0,0.0,,,,,40,345.0,15125.0,1,,0.0,383,
MARTINOPOLIS,SP,-22.198776379999998,-51.0997451,3520,3520.0,2,0.0,0.20454545454545456,,,,,78,338.8053097345133,41332.81,2,2.0,378432.0,784,
MASSARANDUBA,SC,-26.60328205,-48.981027275,528,528.0,2,0.0,0.7859848484848485,,,,,47,313.24285714285713,14955.0,2,2.0,218124.0,396,
MATA DE SAO JOAO,BA,-12.54916667,-38.29722222,1760,1760.0,1,0.0,0.0,,,,,71,380.63157894736844,19914.15,1,1.0,,852,
MATAO,SP,-21.61409957,-48.352878445,15000,15000.0,2,0.0,0.0,,,,,78,338.8053097345133,41332.81,1,2.0,,784,
MATARACA,PB,-6.558372774166666,-34.97535224166666,62700,62700.0,12,0.0,1.0,,,,,16,311.0,2342.56,1,12.0,32955120.0,119,
MATEIROS,TO,-10.543494445,-46.129415275,1000,1000.0,2,0.0,1.0,,,,,13,398.75,3940.0,1,2.0,525600.0,139,
MATELANDIA,PR,-25.20522554,-53.95331294,10960,10960.0,2,0.0,0.0,,,,,61,329.2857142857143,12734.23,1,2.0,,433,
MATIAS BARBOSA,MG,-21.84467144,-43.33947619,4080,4080.0,1,0.0,1.0,,,,,112,425.625,25999.989999999998,1,1.0,2144448.0,1018,
MATIAS CARDOSO,MG,-14.826764581785714,-43.61949295642857,0,2309664.0,56,2309664.0,0.0,,,,,112,425.625,25999.989999999998,1,,0.0,1018,
MATINHOS,PR,-25.80361111,-48.545556,120,120.0,1,0.0,1.0,,,,,61,329.2857142857143,12734.23,1,1.0,63072.0,433,
MATO VERDE,MG,-15.340949167,-42.89470389,0,500000.0,10,500000.0,0.0,,,,,112,425.625,25999.989999999998,1,,0.0,1018,
MATOS COSTA,SC,-26.457177185,-51.12154588,10093,10093.5,2,0.5,1.0,,,,,47,313.24285714285713,14955.0,2,2.0,5304880.8,396,
MATOZINHOS,MG,-19.552405122499998,-44.07805027,3584,3584.0,4,0.0,0.0,,,,,112,425.625,25999.989999999998,1,4.0,,1018,
MATRIZ DE CAMARAGIBE,AL,-9.08527778,-35.57055556,945,945.0,1,0.0,1.0,,,,,12,305.0,3165.0,1,1.0,496692.0,104,
MAUA,SP,-19.723638768333334,-38.716711365,30842,110842.4,6,80000.4,0.01621165942545879,,,,,78,338.8053097345133,41332.81,2,5.0,262800.0,784,
MAUES,AM,-3.424136964,-57.83968659,30443,30444.7,5,1.7000000000007276,0.0018066550602765824,,,,,7,328.1818181818182,4127.5,2,5.0,28908.0,179,
MAURITI,CE,-7.3772250011111105,-38.79799197555556,284838,341088.0,9,56250.0,1.0,,,,,40,345.0,15125.0,1,7.0,149710852.79999998,383,
MAXIMILIANO DE ALMEIDA,RS,-27.648281945,-51.743283335,1100,8600.0,2,7500.0,1.0,,,,,99,275.508064516129,19463.33,2,1.0,578160.0,726,
MEDEIROS NETO,RJ,-17.45693889,-40.14275278,0,60000.0,1,60000.0,0.0,,,,,23,429.54545454545456,13884.66,1,,,226,
MEDIANEIRA,PR,0.0,0.0,2000,2000.0,2,0.0,1.0,,,,,61,329.2857142857143,12734.23,1,2.0,1051200.0,433,
MELEIRO,SC,-28.84489861,-49.61997888,400,400.0,1,0.0,0.0,,,,,47,313.24285714285713,14955.0,1,1.0,,396,
MELGACO,PA,-1.783067663406998,-50.62103416768876,1172,1172.0,1086,0.0,1.0,,,,,28,380.5882352941176,18060.0,1,1086.0,616003.2,419,
MENDONCA,SP,-21.152412499999997,-49.611640275,62000,92000.0,2,30000.0,0.0,,,,,78,338.8053097345133,41332.81,1,1.0,,784,
MERIDIANO,SP,-20.35411,-50.18183194,90000,90000.0,2,0.0,0.0,,,,,78,338.8053097345133,41332.81,1,2.0,,784,
MIGUEL CALMON,BA,-11.291352275,-40.823434565,0,92400.0,2,92400.0,0.0,,,,,71,380.63157894736844,19914.15,1,,0.0,852,
MIGUEL PEREIRA,RJ,-22.53694682,-43.564411375,3120,3120.0,4,0.0,0.8717948717948718,,,,,23,429.54545454545456,13884.66,3,4.0,1429632.0,226,
MILAGRES,CE,-7.4233513900000005,-38.874341665,58932,58932.0,2,0.0,1.0,,,,,40,345.0,15125.0,1,2.0,30974659.2,383,
MIMOSO DO SUL,ES,-21.19861111,-41.37638889,19000,19000.0,1,0.0,1.0,,,,,9,342.0833333333333,6516.66,1,1.0,9986400.0,130,
MINAS DO LEAO,RS,-30.15078494,-52.0260286,8496,12744.0,1,4248.0,0.0,518784.0,267662.0,1.0,0.4840588761411301,99,275.508064516129,19463.33,1,1.0,,726,
MINEIROS,GO,-17.5409927,-52.793089066666674,76260,76260.0,3,0.0,0.03933910306845004,,,,,34,286.2564102564103,10976.33,2,3.0,1576800.0,295,
MINEIROS DO TIETE,SP,-22.40924722,-48.44721944,100,100.0,1,0.0,1.0,,,,,78,338.8053097345133,41332.81,1,1.0,52560.0,784,
MIRACATU,SP,-24.08132336,-47.47732805,72000,72000.0,1,0.0,1.0,,,,,78,338.8053097345133,41332.81,1,1.0,37843200.0,784,
MIRACEMA DO TOCANTINS,TO,-9.648962529999999,-48.454892099999995,907500,907500.0,2,0.0,1.0,,,,,13,398.75,3940.0,2,2.0,476982000.0,139,
MIRADOURO,MG,-20.835694445,-42.359305555,2260,2260.0,2,0.0,1.0,,,,,112,425.625,25999.989999999998,1,2.0,1187856.0,1018,
MIRAI,MG,-21.172438836666668,-42.592755696666664,1920,1920.0,3,0.0,0.6041666666666666,,,,,112,425.625,25999.989999999998,2,3.0,609696.0,1018,
MIRANDA DO NORTE,MA,-3.5661887,-44.55871817,331740,331740.0,2,0.0,0.0,,,,,21,420.0,10616.16,1,2.0,,244,
MIRANDOPOLIS,SP,-21.193634590000002,-51.19915562,9050,9050.0,3,0.0,0.0,,,,,78,338.8053097345133,41332.81,1,3.0,,784,
MIRANTE DO PARANAPANEMA,SP,-22.12020967,-51.75683455,110000,110000.0,1,0.0,0.0,,,,,78,338.8053097345133,41332.81,1,1.0,,784,
MIRASSOL D'OESTE,MT,-15.7044,-58.1253,12000,12000.0,1,0.0,0.0,,,,,22,357.5,3719.99,1,1.0,,352,
MIRIM DOCE,SC,-27.210379670000002,-50.112168005,1762,1762.0,2,0.0,1.0,,,,,47,313.24285714285713,14955.0,1,2.0,926107.2,396,
MOCOCA,SP,-21.548660695,-47.07246701333333,73172,73172.0,6,0.0,0.02071830754933581,,,,,78,338.8053097345133,41332.81,2,6.0,796809.6,784,
MODELO,SC,0.0,0.0,710,710.0,1,0.0,1.0,,,,,47,313.24285714285713,14955.0,1,1.0,373176.0,396,
MOGI GUACU,SP,-15.976865071428572,-33.52996925,60189,147861.4,7,87672.4,0.14678761900014953,,,,,78,338.8053097345133,41332.81,3,7.0,4643676.0,784,
MOJI DAS CRUZES,SP,-23.2841171575,-46.4776820225,13442,13442.0,8,0.0,0.16292218419877993,,,,,78,338.8053097345133,41332.81,2,8.0,1151064.0,784,
MOJI-MIRIM,SP,-22.454594776,-46.918773386000005,1820,1820.0,5,0.0,0.5604395604395604,,,,,78,338.8053097345133,41332.81,2,5.0,536112.0,784,
MONCOES,SP,-20.86324,-50.07932,20000,22000.0,1,2000.0,0.0,,,,,78,338.8053097345133,41332.81,1,1.0,,784,
MONTALVANIA,MG,-14.39899444,-44.35994722,0,41244.0,1,41244.0,0.0,,,,,112,425.625,25999.989999999998,1,,0.0,1018,
MONTANHA,ES,-18.12685694,-40.36342111,347,347.0,1,0.0,0.0,,,,,9,342.0833333333333,6516.66,1,1.0,,130,
MONTE ALEGRE DE MINAS,MG,-18.68833333,-49.00916667,21690,21690.0,1,0.0,1.0,,,,,112,425.625,25999.989999999998,1,1.0,11400264.0,1018,
MONTE ALEGRE DO PIAUI,PI,-9.44800539404762,-45.08909483071428,0,2014082.0,42,2014082.0,0.0,,,,,37,381.875,5655.0,1,,0.0,338,
MONTE ALEGRE DOS CAMPOS,RS,-28.79184163,-50.74647603,29025,29025.0,1,0.0,1.0,,,,,99,275.508064516129,19463.33,1,1.0,15255540.0,726,
MONTE APRAZIVEL,SP,-20.771068053333334,-49.75006043,19464,19464.0,3,0.0,0.0,,,,,78,338.8053097345133,41332.81,1,3.0,,784,
MONTE BELO,MG,-21.38492484,-46.24766547,16000,16000.0,1,0.0,0.0,,,,,112,425.625,25999.989999999998,1,1.0,,1018,
MONTE CARMELO,MG,-18.733754299999998,-47.49727876666666,1313,1313.6399999999999,3,0.6399999999998727,0.0,,,,,112,425.625,25999.989999999998,1,3.0,,1018,
MONTE DAS GAMELEIRAS,RN,-6.439508735,-35.78088488,103500,103500.0,2,0.0,1.0,,,,,22,284.0,9222.56,1,2.0,54399600.0,290,
MONTE DO CARMO,TO,-10.6988284,-47.79391384,29064,29064.0,1,0.0,1.0,,,,,13,398.75,3940.0,1,1.0,15276038.399999999,139,
MONTE MOR,SP,0.0,0.0,285,285.0,1,0.0,1.0,,,,,78,338.8053097345133,41332.81,1,1.0,149796.0,784,
MONTE NEGRO,RO,-10.23041667,-63.23375,17010,17010.0,1,0.0,1.0,,,,,14,269.64285714285717,8246.66,1,1.0,8940456.0,155,
MONTE SANTO DE MINAS,MG,-21.12874184,-47.04093091,670,670.35,1,0.35000000000002274,1.0,,,,,112,425.625,25999.989999999998,1,1.0,352152.0,1018,
MONTE SANTO DO TOCANTINS,TO,-10.10212077,-48.92331233,368,368.0,1,0.0,0.0,,,,,13,398.75,3940.0,1,1.0,,139,
MONTENEGRO,RS,-29.685833295000002,-51.47180555,505,505.0,2,0.0,1.0,,,,,99,275.508064516129,19463.33,1,2.0,265428.0,726,
MONTES CLAROS,MG,-16.775598192941178,-43.95845184823529,88864,337688.0,17,248824.0,0.9583408354339215,,,,,112,425.625,25999.989999999998,2,11.0,44761147.199999996,1018,
MONTES CLAROS DE GOIAS,GO,-15.91443611,-51.50776389,0,38250.0,1,38250.0,0.0,,,,,34,286.2564102564103,10976.33,1,,,295,
MORADA NOVA,CE,-5.036186727777778,-38.36830833333333,0,380000.0,9,380000.0,0.0,,,,,40,345.0,15125.0,1,,0.0,383,
MOREIRA SALES,PR,-23.9396111,-53.08800001,15000,15000.0,1,0.0,0.0,,,,,61,329.2857142857143,12734.23,1,1.0,,433,
MORMACO,RS,-28.65585278,-52.70406944,5200,5200.0,1,0.0,1.0,,,,,99,275.508064516129,19463.33,1,1.0,2733120.0,726,
MORRETES,PR,-25.42416667,-48.92111111,4800,4800.0,1,0.0,1.0,,,,,61,329.2857142857143,12734.23,1,1.0,2522880.0,433,
MORRINHOS,GO,-17.781806093333334,-49.14020944333333,25614,25614.8,3,0.7999999999992724,0.0,,,,,34,286.2564102564103,10976.33,1,3.0,,295,
MORRO AGUDO,SP,-20.695989230000002,-48.096341210000006,113400,113400.0,2,0.0,0.0,,,,,78,338.8053097345133,41332.81,1,2.0,,784,
MORRO DA FUMACA,SC,-28.64393411,-49.23319037,4553,4553.6,4,0.6000000000003638,0.0,,,,,47,313.24285714285713,14955.0,1,4.0,,396,
MORRO DO CHAPEU,BA,-11.160771500307693,-41.344217818153844,2314430,2867810.0,65,553380.0,1.0,,,,,71,380.63157894736844,19914.15,2,56.0,1216464408.0,852,
MOSSORO,RN,-2.079955048,-14.948782214,3547,3547.0,5,0.0,0.7970115590639978,,,,,22,284.0,9222.56,2,5.0,1485871.2,290,
MOSTARDAS,RS,-31.07475193,-50.89514418,1000,1000.0,1,0.0,0.0,,,,,99,275.508064516129,19463.33,1,1.0,,726,
MUANA,PA,-1.54083174,-49.25027579,7373,7373.0,1,0.0,0.0,,,,,28,380.5882352941176,18060.0,1,1.0,,419,
MUCAJAI,RR,2.47977195,-60.91151888,10,10.0,1,0.0,0.0,,,,,1,500.0,800.0,1,1.0,,42,
MUCURI,BA,-18.04246214,-39.91966083,214080,214080.0,1,0.0,0.0,,,,,71,380.63157894736844,19914.15,1,1.0,,852,
MUCURI,MG,-17.89615334,-40.20182371,60000,60000.0,1,0.0,1.0,,,,,112,425.625,25999.989999999998,1,1.0,31536000.0,1018,
MUITOS CAPOES,RS,-28.60520559,-51.354429806666666,10600,19600.0,3,9000.0,1.0,,,,,99,275.508064516129,19463.33,2,2.0,5571360.0,726,
MULUNGU DO MORRO,BA,-12.010673178571428,-41.4891334,220100,220100.0,7,0.0,1.0,,,,,71,380.63157894736844,19914.15,1,7.0,115684560.0,852,
MUNIZ FREIRE,ES,-20.45688002,-41.47934699,25000,25000.0,1,0.0,1.0,,,,,9,342.0833333333333,6516.66,1,1.0,13140000.0,130,
MUQUEM DE SAO FRANCISCO,BA,-12.27869445,-43.32366667,0,22500.0,1,22500.0,0.0,,,,,71,380.63157894736844,19914.15,1,,,852,
MURIAE,MG,-21.060958478,-42.39754465,43147,43147.2,5,0.19999999999708962,0.9919577259137368,,,,,112,425.625,25999.989999999998,4,5.0,22495680.0,1018,
MURIBECA,SE,-10.42212528,-36.92247056,1200,1200.0,1,0.0,0.0,,,,,5,365.0,315.0,1,1.0,,187,
MUZAMBINHO,MG,-21.34578813,-46.59176869,630,630.0,1,0.0,1.0,,,,,112,425.625,25999.989999999998,1,1.0,331128.0,1018,
NAO INFORMADO,PI,-7.20062222,-43.20581667,0,96000.0,1,96000.0,0.0,,,,,37,381.875,5655.0,1,,0.0,338,
NAO INFORMADO,SP,-22.94083333,-49.77,36000,36000.0,1,0.0,0.0,,,,,78,338.8053097345133,41332.81,1,1.0,,784,
NAO-ME-TOQUE,RS,-28.47022779,-52.74652639,2780,2780.0,2,0.0,1.0,,,,,99,275.508064516129,19463.33,2,2.0,1461168.0,726,
NARANDIBA,SP,-22.279407296666665,-52.858158403333334,131300,131300.0,3,0.0,0.0,1220040.0,165794.0,1.0,0.8641077341726501,78,338.8053097345133,41332.81,1,3.0,,784,
NATAL,RN,-5.819158687647058,-35.22628891764706,10621,10621.84,17,0.8400000000001455,0.1944261368985971,,,,,22,284.0,9222.56,2,17.0,1085364.0,290,
NATIVIDADE,TO,-11.37138889,-47.57555556,480,480.0,1,0.0,1.0,,,,,13,398.75,3940.0,1,1.0,252288.0,139,
NAVEGANTES,SC,-26.87956562,-48.64989171,608,608.0,1,0.0,0.0,,,,,47,313.24285714285713,14955.0,1,1.0,,396,
NAVIRAI,MS,-23.12600967,-54.19243455,12000,12000.0,1,0.0,0.0,,,,,30,218.0952380952381,5050.0,1,1.0,,269,
NAZARE DA MATA,PE,-7.78322805,-35.23886,1160,1160.0,1,0.0,1.0,,,,,28,315.2631578947368,7640.0,1,1.0,609696.0,222,
NAZARIO,GO,-16.59035047,-49.86455253,3999,3999.99,1,0.9899999999997817,0.0,,,,,34,286.2564102564103,10976.33,1,1.0,,295,
NEOPOLIS,SE,-10.31587806,-36.57671805,1230,1230.0,1,0.0,0.0,,,,,5,365.0,315.0,1,1.0,,187,
NEPOMUCENO,MG,0.0,0.0,1000,1000.0,1,0.0,1.0,,,,,112,425.625,25999.989999999998,1,1.0,525600.0,1018,
NEROPOLIS,GO,-16.40676859,-49.20953455,3688,3688.0,1,0.0,0.0,,,,,34,286.2564102564103,10976.33,1,1.0,,295,
NHAMUNDA,AM,-2.18929485,-56.71437611,8349,8349.0,1,0.0,0.0,,,,,7,328.1818181818182,4127.5,1,1.0,,179,
NIQUELANDIA,GO,-14.702358125,-48.6686092075,36000,246000.0,8,210000.0,0.0,,,,,34,286.2564102564103,10976.33,2,1.0,0.0,295,
NITEROI,RJ,-22.8896715575,-43.111586185,3773,3773.0,4,0.0,0.0,,,,,23,429.54545454545456,13884.66,1,4.0,,226,
NOBRES,MT,-11.01873861,-42.230178047500004,4156,4157.4,4,1.3999999999996362,1.0,,,,,22,357.5,3719.99,1,4.0,2184393.6,352,
NONOAI,RS,-27.384433751666666,-52.792336516666666,13170,13170.0,6,0.0,1.0,,,,,99,275.508064516129,19463.33,3,6.0,6922152.0,726,
NORMANDIA,RR,3.945740155714286,-59.98794749761905,4501,4502.42,21,1.4200000000000728,0.0,,,,,1,500.0,800.0,1,21.0,,42,
NORTELANDIA,MT,-14.368992935,-56.81171353,18808,18808.0,2,0.0,1.0,,,,,22,357.5,3719.99,2,2.0,9885484.799999999,352,
NOSSA SENHORA DAS DORES,SE,-10.46812336,-37.18153455,25000,25000.0,1,0.0,0.0,,,,,5,365.0,315.0,1,1.0,,187,
NOSSA SENHORA DO SOCORRO,SE,-10.879601222,-37.083778608,6866,6866.4,5,0.3999999999996362,0.0,,,,,5,365.0,315.0,1,5.0,,187,
NOVA ALIANCA,SP,-21.013735,-49.50713806,1820,1820.0,1,0.0,0.0,,,,,78,338.8053097345133,41332.81,1,1.0,,784,
NOVA ALVORADA DO SUL,MS,-21.445027166666666,-54.422652019999994,134698,134698.0,3,0.0,0.000430592881854222,,,,,30,218.0952380952381,5050.0,2,3.0,30484.8,269,
NOVA ANDRADINA,MS,-22.0774472075,-53.405687725,13200,191200.0,4,178000.0,0.0,,,,,30,218.0952380952381,5050.0,1,2.0,,269,
NOVA AURORA,PR,0.0,0.0,2000,2000.0,1,0.0,1.0,,,,,61,329.2857142857143,12734.23,1,1.0,1051200.0,433,
NOVA BANDEIRANTES,MT,-9.84295282,-57.8184758,3000,3000.0,1,0.0,0.0,,,,,22,357.5,3719.99,1,1.0,,352,
NOVA BASSANO,RS,-28.72104758,-51.84646815666667,47000,47000.0,3,0.0,1.0,,,,,99,275.508064516129,19463.33,2,3.0,24703200.0,726,
NOVA BRASILANDIA D'OESTE,RO,-11.6185486,-62.17280272,3000,3000.0,2,0.0,1.0,,,,,14,269.64285714285717,8246.66,1,2.0,1576800.0,155,
NOVA CAMPINA,SP,-16.13323798,-32.631514970000005,15808,31808.0,3,16000.0,0.0,,,,,78,338.8053097345133,41332.81,1,2.0,,784,
NOVA CANAA DO NORTE,MT,-10.98480528,-55.766005,300000,300000.0,1,0.0,1.0,,,,,22,357.5,3719.99,1,1.0,157680000.0,352,
NOVA CANTU,PR,-24.76786111,-52.59405556,0,10000.0,1,10000.0,0.0,,,,,61,329.2857142857143,12734.23,1,,0.0,433,
NOVA EUROPA,SP,-21.814985255,-48.624685084999996,22409,22409.6,2,0.5999999999985448,0.01825159534115757,,,,,78,338.8053097345133,41332.81,2,2.0,214970.4,784,
NOVA FATIMA,PR,-23.43388889,-50.5525,180,180.0,1,0.0,1.0,,,,,61,329.2857142857143,12734.23,1,1.0,94608.0,433,
NOVA FRIBURGO,RJ,-22.24678195,-42.521815053333334,2064,11864.0,3,9800.0,1.0,,,,,23,429.54545454545456,13884.66,2,2.0,1084838.4,226,
NOVA GRANADA,SP,-20.53000967,-49.30453455,1172,1172.0,1,0.0,0.0,,,,,78,338.8053097345133,41332.81,1,1.0,,784,
NOVA HARTZ,RS,-14.811111095,-25.446111095,550,550.0,2,0.0,1.0,,,,,99,275.508064516129,19463.33,1,2.0,289080.0,726,
NOVA IGUACU,RJ,-22.711240833333335,-43.46368836,26664,26664.0,6,0.0,0.036003600360036005,,,,,23,429.54545454545456,13884.66,2,6.0,504576.0,226,
NOVA INDEPENDENCIA,SP,-21.09974416,-51.445173225,55000,55000.0,2,0.0,0.0,,,,,78,338.8053097345133,41332.81,1,2.0,,784,
NOVA ITABERABA,SC,-26.91722222,-52.85583333,0,24001.0,1,24001.0,0.0,,,,,47,313.24285714285713,14955.0,1,,0.0,396,
NOVA LACERDA,MT,-14.430731713333335,-59.495196480000004,30020,30020.0,3,0.0,1.0,,,,,22,357.5,3719.99,2,3.0,15778512.0,352,
NOVA LIMA,MG,-20.091597226666668,-43.891499038333336,15943,15943.8,12,0.7999999999992724,0.8655836417236404,,,,,112,425.625,25999.989999999998,3,12.0,7253280.0,1018,
NOVA LONDRINA,PR,-22.80010833,-52.98918055,7600,7600.0,1,0.0,0.0,,,,,61,329.2857142857143,12734.23,1,1.0,,433,
NOVA MAMORE,RO,-10.426442755,-64.741896535,3220,3220.48,2,0.4800000000000182,0.006211180124223602,,,,,14,269.64285714285717,8246.66,2,2.0,10512.0,155,
NOVA MARILANDIA,MT,-14.33293915,-57.61612676,10500,10500.0,1,0.0,1.0,,,,,22,357.5,3719.99,1,1.0,5518800.0,352,
NOVA MARINGA,MT,0.0,0.0,1000,1000.0,1,0.0,1.0,,,,,22,357.5,3719.99,1,1.0,525600.0,352,
NOVA MUTUM,MT,-13.671328553999999,-56.197281832,43308,69808.0,5,26500.0,0.3463563313937379,,,,,22,357.5,3719.99,3,5.0,7884000.0,352,
NOVA ODESSA,SP,-22.78090161,-47.30658399833334,5064,5064.0,6,0.0,0.0,,,,,78,338.8053097345133,41332.81,1,6.0,,784,
NOVA OLIMPIA,MT,-14.75879801,-57.19577445,40500,40500.0,1,0.0,0.0,,,,,22,357.5,3719.99,1,1.0,,352,
NOVA OLINDA,TO,-7.633315,-48.42480694,347,347.0,1,0.0,0.0,,,,,13,398.75,3940.0,1,1.0,,139,
NOVA OLINDA DO NORTE,AM,-3.88630556,-59.07238889,9218,9218.0,1,0.0,0.0,,,,,7,328.1818181818182,4127.5,1,1.0,,179,
NOVA PADUA,RS,-29.00529866,-51.3844177,130000,130000.0,1,0.0,1.0,,,,,99,275.508064516129,19463.33,1,1.0,68328000.0,726,
NOVA PALMEIRA,PB,-6.713828541,-36.394753698,0,284200.0,10,284200.0,0.0,,,,,16,311.0,2342.56,1,,0.0,119,
NOVA PONTE,MG,-19.31395766,-47.711955245,510024,510024.0,2,0.0,1.0,,,,,112,425.625,25999.989999999998,2,2.0,268068614.39999998,1018,
NOVA PRATA,RS,-28.714734434999997,-51.491018145,1028,1028.0,2,0.0,1.0,,,,,99,275.508064516129,19463.33,1,2.0,540316.7999999999,726,
NOVA ROMA DO SUL,RS,-28.93654917,-51.46532111,28000,28000.0,1,0.0,1.0,,,,,99,275.508064516129,19463.33,1,1.0,14716800.0,726,
NOVA SANTA RITA,PI,-8.088028125,-42.05098993,0,257424.0,8,257424.0,0.0,,,,,37,381.875,5655.0,1,,0.0,338,
NOVA TRENTO,SC,-21.855055736,-39.24558598,10531,15212.6,5,4681.6,1.0,,,,,47,313.24285714285713,14955.0,3,4.0,5535093.6,396,
NOVA UBIRATA,MT,-13.09805555,-54.8175,6660,6660.0,1,0.0,1.0,,,,,22,357.5,3719.99,1,1.0,3500496.0,352,
NOVA VENEZA,GO,-16.37702081,-49.29750169,4000,4000.0,1,0.0,1.0,,,,,34,286.2564102564103,10976.33,1,1.0,2102400.0,295,
NOVO AIRAO,AM,-2.141029076,-61.166079086,10263,10265.2,5,2.2000000000007276,0.003994933255383416,,,,,7,328.1818181818182,4127.5,2,5.0,21549.6,179,
NOVO AIRAO,RR,-1.33916667,-61.58111111,16,16.0,1,0.0,0.0,,,,,1,500.0,800.0,1,1.0,,42,
NOVO ARIPUANA,AM,-5.117453815,-60.372244555,16120,16120.0,2,0.0,0.0,,,,,7,328.1818181818182,4127.5,1,2.0,,179,
NOVO BARREIRO,RS,-27.88388889,-53.13527778,280,280.0,1,0.0,1.0,,,,,99,275.508064516129,19463.33,1,1.0,147168.0,726,
NOVO HAMBURGO,RS,-29.687552136666667,-51.12631520666667,3893,3893.0,6,0.0,0.015412278448497303,,,,,99,275.508064516129,19463.33,2,6.0,31536.0,726,
NOVO HORIZONTE,BA,-12.797160004999999,-42.052318472500005,166500,166500.0,4,0.0,1.0,,,,,71,380.63157894736844,19914.15,1,4.0,87512400.0,852,
NOVO HORIZONTE,SP,-21.501549166666667,-49.20188518333333,86500,116500.0,3,30000.0,0.0,,,,,78,338.8053097345133,41332.81,1,2.0,,784,
NOVO MUNDO,MT,-9.687177345,-55.33522424,0,22000.0,2,22000.0,0.0,,,,,22,357.5,3719.99,1,,0.0,352,
NOVO PROGRESSO,PA,-8.957771436666667,-54.93877149333334,42000,42000.0,3,0.0,1.0,,,,,28,380.5882352941176,18060.0,2,3.0,22075200.0,419,
NOVO SAO JOAQUIM,MT,-12.82842530142857,-45.65576475142858,8160,8160.0,7,0.0,1.0,,,,,22,357.5,3719.99,1,7.0,4288896.0,352,
NOVO TIRADENTES,RS,-27.56111111,-53.18666667,270,270.0,1,0.0,1.0,,,,,99,275.508064516129,19463.33,1,1.0,141912.0,726,
NUPORANGA,SP,-20.66686929,-47.65398253,10800,10800.0,1,0.0,1.0,,,,,78,338.8053097345133,41332.81,1,1.0,5676480.0,784,
OBIDOS,PA,-1.8718803033333333,-55.51618696,1192,1192.0,3,0.0,0.45302013422818793,,,,,28,380.5882352941176,18060.0,2,3.0,283824.0,419,
OEIRAS DO PARA,PA,-2.00250287,-49.86222416,5480,5480.0,1,0.0,0.0,,,,,28,380.5882352941176,18060.0,1,1.0,,419,
OIAPOQUE,AP,3.83329665,-51.83494717999999,24927,32427.2,5,7500.200000000001,0.16203313675933725,,,,,3,230.0,950.0,3,4.0,2122898.4,61,
OLHOS-D'AGUA,MG,-17.561991666666668,-43.71887013833333,0,484617.0,12,484617.0,0.0,,,,,112,425.625,25999.989999999998,1,,0.0,1018,
OLIMPIA,SP,-20.688469445,-49.11086486,89800,89800.0,2,0.0,0.0,,,,,78,338.8053097345133,41332.81,1,2.0,,784,
OLIVEIRA,MG,-20.729097545,-44.770424840000004,3576,3576.0,4,0.0,0.8053691275167785,,,,,112,425.625,25999.989999999998,2,4.0,1513728.0,1018,
OLIVEIRA DOS BREJINHOS,BA,-12.32073958375,-42.62128819375,414996,414999.95,8,3.9500000000116415,1.0,,,,,71,380.63157894736844,19914.15,1,8.0,218121897.6,852,
ONDA VERDE,SP,-20.59804967,-49.19000455,10000,10000.0,1,0.0,0.0,,,,,78,338.8053097345133,41332.81,1,1.0,,784,
ORINDIUVA,SP,-20.20183,-49.35565,89000,89000.0,1,0.0,0.0,,,,,78,338.8053097345133,41332.81,1,1.0,,784,
ORIXIMINA,PA,-1.76317248,-55.86071151666667,61140,61140.0,3,0.0,0.0,,,,,28,380.5882352941176,18060.0,1,3.0,,419,
ORTIGUEIRA,PR,-24.183337686666665,-50.730671773333334,827938,825800.0,3,0.0,0.43860530619442517,,,,,61,329.2857142857143,12734.23,2,3.0,190865332.79999998,433,
OSASCO,SP,-23.52976688111111,-46.77865632222222,7605,7605.8,9,0.8000000000001819,0.0,,,,,78,338.8053097345133,41332.81,1,9.0,,784,
OSORIO,RS,-29.97200006916667,-50.3228642,317900,384620.0,12,66720.0,1.0,,,,,99,275.508064516129,19463.33,1,9.0,167088240.0,726,
OSVALDO CRUZ,SP,-21.77737497,-50.88740561,7000,7000.0,1,0.0,0.0,,,,,78,338.8053097345133,41332.81,1,1.0,,784,
OTACILIO COSTA,SC,-27.51049059,-50.10109055,33745,33745.0,1,0.0,0.0,,,,,47,313.24285714285713,14955.0,1,1.0,,396,
OURICURI,PE,-7.9561244349999996,-40.316466930000004,45000,125000.0,2,80000.0,1.0,,,,,28,315.2631578947368,7640.0,2,1.0,23652000.0,222,
OURINHOS,SP,-18.398179388,-39.870771556,67778,67778.0,5,0.0,0.6941780518752397,,,,,78,338.8053097345133,41332.81,3,5.0,24729480.0,784,
OURO,SC,-27.35093889,-51.64692222,0,17000.0,1,17000.0,0.0,,,,,47,313.24285714285713,14955.0,1,,0.0,396,
OURO BRANCO,MG,-20.5246084,-43.67546915,102890,102890.0,1,0.0,0.0,,,,,112,425.625,25999.989999999998,1,1.0,,1018,
OURO FINO,MG,-22.28352389,-46.38008111,144,144.0,1,0.0,0.0,,,,,112,425.625,25999.989999999998,1,1.0,,1018,
OURO PRETO,MG,-20.47727223,-43.44662222,3757,3757.5,1,0.5,1.0,,,,,112,425.625,25999.989999999998,1,1.0,1974679.2,1018,
OURO VERDE,SC,-26.751944445,-52.304861110000004,660,660.0,2,0.0,1.0,,,,,47,313.24285714285713,14955.0,1,2.0,346896.0,396,
OURO VERDE DO OESTE,PR,-24.73305556,-53.89277778,14000,14000.0,1,0.0,1.0,,,,,61,329.2857142857143,12734.23,1,1.0,7358400.0,433,
OUROESTE,SP,-19.88260553625,-50.44933456625,190330,190330.0,8,0.0,0.936951610360952,,,,,78,338.8053097345133,41332.81,2,8.0,93730248.0,784,
OUROLANDIA,BA,-9.768326283636362,-37.4806162769697,248100,1320252.0,33,1072152.0,1.0,,,,,71,380.63157894736844,19914.15,2,6.0,130401360.0,852,
PACARAIMA,RR,4.295089498888888,-61.01319524722222,10223,10225.99,18,2.9899999999997817,0.10270957644527047,,,,,1,500.0,800.0,2,18.0,551880.0,42,
PACATUBA,CE,-3.89478889,-38.60228055,1524,1524.0,1,0.0,0.0,,,,,40,345.0,15125.0,1,1.0,,383,
PADRE BERNARDO,GO,-15.593935714285715,-48.519295237142856,0,350000.0,7,350000.0,0.0,,,,,34,286.2564102564103,10976.33,1,,0.0,295,
PALESTINA,SP,-20.31065667,-49.58983055,15000,40000.0,1,25000.0,0.0,,,,,78,338.8053097345133,41332.81,1,1.0,,784,
PALMA SOLA,SC,-26.456387149999998,-53.403114275,1910,1910.0,2,0.0,1.0,,,,,47,313.24285714285713,14955.0,1,2.0,1003896.0,396,
PALMARES,PE,-8.6925,-35.60583333,4225,4225.0,1,0.0,0.0,,,,,28,315.2631578947368,7640.0,1,1.0,,222,
PALMARES DO SUL,RS,-30.378227585,-50.36086166875,177500,177500.0,8,0.0,1.0,,,,,99,275.508064516129,19463.33,1,8.0,93294000.0,726,
PALMAS,PR,-26.506352790000005,-51.69102632,3976,3976.4,3,0.40000000000009095,1.0,,,,,61,329.2857142857143,12734.23,2,3.0,2089785.5999999999,433,
PALMAS,TO,-10.221674895000001,-48.311604493,4974,4974.0,10,0.0,0.0,,,,,13,398.75,3940.0,1,10.0,,139,
PALMEIRA,PR,-25.70019189,-49.1002225,95,95.0,1,0.0,1.0,,,,,61,329.2857142857143,12734.23,1,1.0,49932.0,433,
PALMEIRA DAS MISSOES,RS,-27.84725667,-53.37946167,840,840.0,1,0.0,0.0,,,,,99,275.508064516129,19463.33,1,1.0,,726,
PALMEIRAS DE GOIAS,GO,-16.772928445,-49.921470055,175560,215560.0,2,40000.0,0.0,,,,,34,286.2564102564103,10976.33,2,1.0,0.0,295,
PALMITAL,SP,-22.762117045,-50.20858602,912,912.0,2,0.0,0.0,,,,,78,338.8053097345133,41332.81,1,2.0,,784,
PALOTINA,PR,-24.23671694,-53.70384861,780,780.0,1,0.0,0.0,,,,,61,329.2857142857143,12734.23,1,1.0,,433,
PANAMBI,RS,-14.1986273,-26.729256885,1425,1425.0,2,0.0,1.0,,,,,99,275.508064516129,19463.33,2,2.0,748980.0,726,
PARA DE MINAS,MG,-19.8481885,-44.62700354375,13132,13132.4,8,0.3999999999996362,0.11209259823332318,,,,,112,425.625,25999.989999999998,2,8.0,773683.2,1018,
PARACAMBI,RJ,-22.67105423,-43.75560797,25000,25000.0,1,0.0,1.0,,,,,23,429.54545454545456,13884.66,1,1.0,13140000.0,226,
PARACATU,MG,-17.20573228102564,-46.89370004435897,1386980,1386980.0,39,0.0,0.9785721495623585,,,,,112,425.625,25999.989999999998,3,39.0,713375856.0,1018,
PARACURU,CE,-3.434109045,-38.973667685,67200,67200.0,2,0.0,1.0,,,,,40,345.0,15125.0,1,2.0,35320320.0,383,
PARAGOMINAS,PA,-3.142630463333333,-47.76063624666667,22150,22150.0,3,0.0,0.040632054176072234,,,,,28,380.5882352941176,18060.0,2,3.0,473040.0,419,
PARAGUACU PAULISTA,SP,-22.5857746175,-49.8416897525,69000,99000.0,4,30000.0,0.0,180000.0,0.0,1.0,1.0,78,338.8053097345133,41332.81,1,3.0,,784,
PARAIBA DO SUL,RJ,-22.25874513,-43.17134306,7480,7480.0,2,0.0,1.0,,,,,23,429.54545454545456,13884.66,2,2.0,3931488.0,226,
PARAIBUNA,SP,-23.41,-45.600556,87020,87020.0,1,0.0,1.0,,,,,78,338.8053097345133,41332.81,1,1.0,45737712.0,784,
PARAIPABA,CE,0.0,0.0,0,160650.0,6,160650.0,0.0,,,,,40,345.0,15125.0,1,,0.0,383,
PARAISO,SC,-26.69584192,-53.654168545000005,7700,7700.0,2,0.0,1.0,,,,,47,313.24285714285713,14955.0,2,2.0,4047120.0,396,
PARAISO,SP,-21.123588554999998,-49.221220105,36000,36000.0,2,0.0,0.0,,,,,78,338.8053097345133,41332.81,1,2.0,,784,
PARAISO DAS AGUAS,MS,-19.3055679,-52.87969753,22000,662128.0,9,640128.0,1.0,,,,,30,218.0952380952381,5050.0,2,1.0,11563200.0,269,
PARAISO DO TOCANTINS,TO,-10.16694707,-48.87610711,184,184.0,1,0.0,0.0,,,,,13,398.75,3940.0,1,1.0,,139,
PARANA,TO,-12.80843539,-48.23817967,243200,243200.0,1,0.0,1.0,,,,,13,398.75,3940.0,1,1.0,127825920.0,139,
PARANACITY,PR,-22.87555556,-52.18083333,36000,36000.0,1,0.0,0.0,,,,,61,329.2857142857143,12734.23,1,1.0,,433,
PARANAGUA,PR,-25.5367994,-48.572367635000006,6480,6480.0,2,0.0,0.0,,,,,61,329.2857142857143,12734.23,1,2.0,,433,
PARANAIBA,MS,-19.687802147692306,-51.420568485,49744,997208.0,26,947464.0,0.0,,,,,30,218.0952380952381,5050.0,2,3.0,0.0,269,
PARANAPOEMA,PR,-22.61705556,-51.99680556,0,7300.0,1,7300.0,0.0,,,,,61,329.2857142857143,12734.23,1,,0.0,433,
PARANATAMA,PE,-8.89753805111111,-36.746388072222224,242445,242445.0,9,0.0,1.0,,,,,28,315.2631578947368,7640.0,1,9.0,127429092.0,222,
PARANATINGA,MT,-14.064416071666665,-54.241528214999995,7012,7012.4,6,0.3999999999996362,0.6919566457501426,,,,,22,357.5,3719.99,3,6.0,2550211.1999999997,352,
PARANAVAI,PR,0.0,0.0,400,400.0,1,0.0,1.0,,,,,61,329.2857142857143,12734.23,1,1.0,210240.0,433,
PARAOPEBA,MG,-19.17861111,-44.50609011,300,300.0,1,0.0,0.0,,,,,112,425.625,25999.989999999998,1,1.0,,1018,
PARAPUA,SP,-21.91459057,-50.86549965,4400,4400.0,1,0.0,0.0,,,,,78,338.8053097345133,41332.81,1,1.0,,784,
PARATINGA,BA,-12.798575556,-43.11028111,0,225000.0,5,225000.0,0.0,,,,,71,380.63157894736844,19914.15,1,,0.0,852,
PARAUAPEBAS,PA,-6.07273,-49.90078111,2032,2032.0,1,0.0,0.0,,,,,28,380.5882352941176,18060.0,1,1.0,,419,
PARAUNA,GO,-17.33041666,-50.49572222,47000,47000.0,1,0.0,0.0,,,,,34,286.2564102564103,10976.33,1,1.0,,295,
PARAZINHO,RN,-5.27544565,-35.90649480318182,629200,629200.0,22,0.0,1.0,,,,,22,284.0,9222.56,1,22.0,330707520.0,290,
PARELHAS,RN,-6.761740804444445,-36.66726707555555,220500,220500.0,9,0.0,1.0,,,,,22,284.0,9222.56,1,9.0,115894800.0,290,
PARINTINS,AM,-1.6912817616666667,-37.96782739,32474,39563.5,6,7089.5,0.0,,,,,7,328.1818181818182,4127.5,2,3.0,0.0,179,
PARIPIRANGA,BA,-10.59490222,-37.93040218,0,42000.0,1,42000.0,0.0,,,,,71,380.63157894736844,19914.15,1,,0.0,852,
PARNAGUA,PI,-10.69272778,-44.678480555,0,91672.0,2,91672.0,0.0,,,,,37,381.875,5655.0,1,,0.0,338,
PARNAIBA,PI,-2.8570733225,-41.744937873333335,120389,262989.0,12,142600.0,0.9955643788053726,,,,,37,381.875,5655.0,3,9.0,62995788.0,338,
PARNAMIRIM,RN,-4.5359672515384615,-27.113109416153844,10356,10356.0,13,0.0,0.4982618771726535,,,,,22,284.0,9222.56,2,13.0,2712096.0,290,
PASSA QUATRO,MG,-22.38139058333333,-44.942684740000004,1818,1818.0,3,0.0,0.46534653465346537,,,,,112,425.625,25999.989999999998,3,3.0,444657.6,1018,
PASSA TEMPO,MG,-20.55375,-44.55027778,9745,9745.0,2,0.0,1.0,,,,,112,425.625,25999.989999999998,2,2.0,5121972.0,1018,
PASSA-VINTE,MG,-22.18035945,-44.27777722,1920,1920.0,1,0.0,1.0,,,,,112,425.625,25999.989999999998,1,1.0,1009152.0,1018,
PASSO FUNDO,RS,-28.263437425,-52.394319769999996,2680,2680.0,2,0.0,0.0,,,,,99,275.508064516129,19463.33,1,2.0,,726,
PASSOS,MG,-20.73952376571429,-46.64357226285714,29587,29587.0,7,0.0,0.4975158008584851,,,,,112,425.625,25999.989999999998,2,7.0,7736832.0,1018,
PASSOS MAIA,SC,-26.725894485999998,-52.02853949599999,40440,40440.0,5,0.0,1.0,,,,,47,313.24285714285713,14955.0,2,5.0,21255264.0,396,
PATO BRANCO,PR,-26.24653333,-52.70111111,3624,3624.0,1,0.0,0.0,,,,,61,329.2857142857143,12734.23,1,1.0,,433,
PATOS,PB,-7.02821081,-37.28153611,300,300.0,1,0.0,1.0,,,,,16,311.0,2342.56,1,1.0,157680.0,119,
PATOS DE MINAS,MG,-18.58993515777778,-46.51657989333333,4168,4168.4,9,0.3999999999996362,0.0,,,,,112,425.625,25999.989999999998,1,9.0,,1018,
PATROCINIO,MG,-18.933629842222224,-46.980938215555554,2532,2532.0,9,0.0,0.11848341232227488,,,,,112,425.625,25999.989999999998,2,9.0,157680.0,1018,
PATROCINIO DO MURIAE,MG,-21.15484456,-42.21301898,368,368.0,1,0.0,0.0,,,,,112,425.625,25999.989999999998,1,1.0,,1018,
PATROCINIO PAULISTA,SP,-20.739567366666666,-47.33704064666667,59760,59760.0,3,0.0,0.08433734939759036,,,,,78,338.8053097345133,41332.81,2,3.0,2649024.0,784,
PATY DO ALFERES,RJ,-22.29388889,-43.41805556,1000,1000.0,1,0.0,1.0,,,,,23,429.54545454545456,13884.66,1,1.0,525600.0,226,
PAUINI,AM,-7.71559029,-66.99410287,5914,5914.0,1,0.0,0.0,,,,,7,328.1818181818182,4127.5,1,1.0,,179,
PAULICEIA,SP,-21.30927611,-51.84714,33750,33750.0,1,0.0,0.0,,,,,78,338.8053097345133,41332.81,1,1.0,,784,
PAULINIA,SP,-20.227464488888888,-41.90573583888889,157551,203219.0,9,45668.0,0.0,534335.0,377.0,1.0,0.9992944501108855,78,338.8053097345133,41332.81,2,7.0,0.0,784,
PAULINO NEVES,MA,-2.701854559,-42.578551723,205200,335400.0,10,130200.0,1.0,,,,,21,420.0,10616.16,1,7.0,107853120.0,244,
PAULISTA,PE,-7.940794163333333,-34.871060226666664,782,782.0,3,0.0,0.0,,,,,28,315.2631578947368,7640.0,1,3.0,,222,
PEABIRU,PR,-23.99530501,-52.23238902,4000,4000.0,1,0.0,1.0,,,,,61,329.2857142857143,12734.23,1,1.0,2102400.0,433,
PEDRA,PE,-8.82748442,-36.75920084,42500,42500.0,2,0.0,1.0,,,,,28,315.2631578947368,7640.0,1,2.0,22338000.0,222,
PEDRA AZUL,MG,-15.89032128,-41.0510361,3624,3624.0,1,0.0,0.0,,,,,112,425.625,25999.989999999998,1,1.0,,1018,
PEDRA DO INDAIA,MG,-20.27605811,-45.14919693,910,910.0,1,0.0,1.0,,,,,112,425.625,25999.989999999998,1,1.0,478296.0,1018,
PEDRA GRANDE,RN,-5.099322822,-35.86017923333334,283600,334000.0,15,50400.0,1.0,,,,,22,284.0,9222.56,1,14.0,149060160.0,290,
PEDRA LAVRADA,PB,-6.757572745,-36.386360296,0,266600.0,10,266600.0,0.0,,,,,16,311.0,2342.56,1,,0.0,119,
PEDRA PRETA,MT,-16.658316815,-54.61334901,25935,25935.0,2,0.0,1.0,,,,,22,357.5,3719.99,2,2.0,13631436.0,352,
PEDRA PRETA,RN,-5.522672475999999,-36.085375158666665,29400,466000.0,15,436600.0,1.0,,,,,22,284.0,9222.56,1,1.0,15452640.0,290,
PEDRANOPOLIS,SP,-20.195369443333334,-50.04121296333333,90000,90000.0,3,0.0,1.0,,,,,78,338.8053097345133,41332.81,1,3.0,47304000.0,784,
PEDRAS DE FOGO,PB,-7.35327785,-35.02966974,30000,30000.0,1,0.0,0.0,,,,,16,311.0,2342.56,1,1.0,,119,
PEDRAS GRANDES,SC,-28.47102671,-49.19430286,502,502.0,3,0.0,0.9163346613545816,,,,,47,313.24285714285713,14955.0,2,3.0,241776.0,396,
PEDREIRA,SP,-22.76780959,-46.904321759999995,12497,12497.69,3,0.6900000000005093,0.9443066335920621,,,,,78,338.8053097345133,41332.81,3,3.0,6202605.6,784,
PEDRO AFONSO,TO,-9.19801513,-48.14333793,80000,80000.0,1,0.0,0.0,,,,,13,398.75,3940.0,1,1.0,,139,
PEDRO AVELINO,RN,-5.536422314782609,-36.24262895565217,555671,914821.13,23,359150.13,1.0,,,,,22,284.0,9222.56,2,15.0,292060677.59999996,290,
PEDRO LEOPOLDO,MG,-19.628472225000003,-44.027777779999994,2720,2720.0,2,0.0,0.0,,,,,112,425.625,25999.989999999998,1,2.0,,1018,
PEIXE,TO,-12.23546655,-48.38636694,498750,498750.0,1,0.0,1.0,,,,,13,398.75,3940.0,1,1.0,262143000.0,139,
PELOTAS,RS,-18.645026727058823,-30.78734512294118,2466,2466.98,17,0.9800000000000182,0.27656123276561234,,,,,99,275.508064516129,19463.33,3,17.0,358459.2,726,
PENAPOLIS,SP,-21.46171861,-50.098582085000004,1430,1430.0,2,0.0,0.16083916083916083,,,,,78,338.8053097345133,41332.81,2,2.0,120888.0,784,
PENDENCIAS,RN,-5.26399169,-36.71959439,3000,3000.0,1,0.0,1.0,,,,,22,284.0,9222.56,1,1.0,1576800.0,290,
PENEDO,AL,-10.290583335,-36.514250000000004,4840,4840.0,2,0.0,0.09090909090909091,,,,,12,305.0,3165.0,2,2.0,231264.0,104,
PERDIZES,MG,-19.408338084999997,-47.343370144999994,3550,3550.2,2,0.1999999999998181,0.9507042253521126,,,,,112,425.625,25999.989999999998,2,2.0,1773900.0,1018,
PEREIRA BARRETO,SP,-20.607547654285717,-51.25912816142857,243602,243602.35,7,0.35000000000582077,0.8357977356507746,,,,,78,338.8053097345133,41332.81,2,7.0,107013211.2,784,
PERITIBA,SC,-27.30361111,-51.90361111,1010,1010.5,1,0.5,1.0,,,,,47,313.24285714285713,14955.0,1,1.0,530856.0,396,
PEROBAL,PR,-23.90916666,-53.47242222,2400,2400.0,1,0.0,0.0,,,,,61,329.2857142857143,12734.23,1,1.0,,433,
PEROLANDIA,GO,-17.52016266,-52.03963455,79828,79828.0,1,0.0,0.0,,,,,34,286.2564102564103,10976.33,1,1.0,,295,
PETROLANDIA,SC,-13.79826389,-24.870055555,1915,1915.0,2,0.0,1.0,,,,,47,313.24285714285713,14955.0,2,2.0,1006524.0,396,
PETROLINA,PE,-9.39359083,-40.494249445,136300,136300.0,2,0.0,0.0,,,,,28,315.2631578947368,7640.0,1,2.0,,222,
PETROPOLIS,RJ,-22.41995374,-43.144600376666666,2043,2043.0,3,0.0,0.38962310327949096,,,,,23,429.54545454545456,13884.66,2,3.0,418377.6,226,
PIATA,BA,-13.09702454,-41.8507338,7,7.5,1,0.5,1.0,,,,,71,380.63157894736844,19914.15,1,1.0,3679.2,852,
PIAU,MG,-21.48916667,-43.40222222,18012,18012.0,1,0.0,1.0,,,,,112,425.625,25999.989999999998,1,1.0,9467107.2,1018,
PICUI,PB,-6.022041251818181,-33.04491155181818,195,358695.0,11,358500.0,1.0,,,,,16,311.0,2342.56,2,1.0,102492.0,119,
PIEDADE,SP,-23.92373204,-47.377649989999995,420,420.9,2,0.8999999999999773,1.0,,,,,78,338.8053097345133,41332.81,1,2.0,220752.0,784,
PILAR DO SUL,SP,-23.830586423333333,-47.66252226333333,5554,5554.0,3,0.0,1.0,,,,,78,338.8053097345133,41332.81,1,3.0,2919182.4,784,
PIMENTA BUENO,RO,-11.89295168,-61.078356465,112200,142200.0,4,30000.0,0.8841354723707665,,,,,14,269.64285714285717,8246.66,3,3.0,52139520.0,155,
PIMENTEIRAS DO OESTE,RO,-12.57412121,-61.49030303,3804,3804.42,1,0.42000000000007276,1.0,,,,,14,269.64285714285717,8246.66,1,1.0,1999382.4,155,
PINDAI,BA,-14.388746661363637,-42.628665525,347550,347550.0,22,0.0,1.0,,,,,71,380.63157894736844,19914.15,1,22.0,182672280.0,852,
PINDAMONHANGABA,SP,-22.880782507142857,-45.45102984,9441,9441.0,7,0.0,0.5585213430780638,,,,,78,338.8053097345133,41332.81,3,7.0,2771488.8,784,
PINDORETAMA,CE,-4.04305556,-38.29694444,4500,4500.0,1,0.0,1.0,,,,,40,345.0,15125.0,1,1.0,2365200.0,383,
PINHAL GRANDE,RS,-29.26071944,-53.23588333,500400,500400.0,1,0.0,1.0,,,,,99,275.508064516129,19463.33,1,1.0,263010240.0,726,
PINHALAO,PR,-23.77834074,-50.04221879,846,846.4,1,0.39999999999997726,1.0,,,,,61,329.2857142857143,12734.23,1,1.0,444657.6,433,
PINHAO,PR,-25.683421296666666,-51.929879629999995,2953,2953.8,3,0.8000000000001819,1.0,,,,,61,329.2857142857143,12734.23,1,3.0,1552096.8,433,
PINHEIRO MACHADO,RS,-31.5803762325,-53.510379289999996,0,117600.0,4,117600.0,0.0,,,,,99,275.508064516129,19463.33,1,,0.0,726,
PINHEIRO PRETO,SC,-27.04924997,-51.23305368,828,828.0,1,0.0,1.0,,,,,47,313.24285714285713,14955.0,1,1.0,435196.8,396,
PINTOPOLIS,MG,-16.0953083325,-45.6099402775,0,105000.0,4,105000.0,0.0,,,,,112,425.625,25999.989999999998,1,,0.0,1018,
PIRACAIA,SP,0.0,0.0,216,216.0,1,0.0,1.0,,,,,78,338.8053097345133,41332.81,1,1.0,113529.59999999999,784,
PIRACANJUBA,GO,-17.38821667,-49.21722222,4000,4000.0,1,0.0,1.0,,,,,34,286.2564102564103,10976.33,1,1.0,2102400.0,295,
PIRACICABA,SP,-21.28733698625,-44.6603968525,98209,98209.8,16,0.8000000000029104,0.04959830565426794,2607360.0,835699.0,1.0,0.6794846127884143,78,338.8053097345133,41332.81,4,16.0,2560197.6,784,
PIRAI,RJ,-22.679827558,-43.870155018000005,633218,633218.08,5,0.07999999995809048,0.9932092896917017,,,,,23,429.54545454545456,13884.66,3,5.0,330559300.8,226,
PIRAI DO SUL,PR,-24.532358,-49.941331,9000,9000.0,1,0.0,0.0,,,,,61,329.2857142857143,12734.23,1,1.0,,433,
PIRAJU,SP,-23.17096537,-49.382218595,101500,101500.0,2,0.0,1.0,,,,,78,338.8053097345133,41332.81,1,2.0,53348400.0,784,
PIRAJUBA,MG,-19.95935386,-48.69663805,86000,86000.0,1,0.0,0.0,,,,,112,425.625,25999.989999999998,1,1.0,,1018,
PIRANGI,SP,-21.09963194,-48.66984194,3800,3800.0,1,0.0,0.0,,,,,78,338.8053097345133,41332.81,1,1.0,,784,
PIRANGUCU,MG,-22.60083336,-45.54748278,6820,6820.0,1,0.0,1.0,,,,,112,425.625,25999.989999999998,1,1.0,3584592.0,1018,
PIRANHAS,GO,-16.59156518,-51.80620284,18000,18000.0,1,0.0,1.0,,,,,34,286.2564102564103,10976.33,1,1.0,9460800.0,295,
PIRANHAS,SE,-9.61958018,-37.7925598,3162000,3162000.0,1,0.0,1.0,,,,,5,365.0,315.0,1,1.0,1661947200.0,187,
PIRAPORA,MG,-17.369890035294116,-44.887712044705886,824800,1162800.0,34,338000.0,0.9990300678952473,,,,,112,425.625,25999.989999999998,2,23.0,433094400.0,1018,
PIRAPORA DO BOM JESUS,SP,-23.387213135,-47.012298465,47024,47024.0,2,0.0,1.0,,,,,78,338.8053097345133,41332.81,2,2.0,24715814.4,784,
PIRAPOZINHO,SP,-22.24111111,-51.42611111,240,240.0,1,0.0,0.0,,,,,78,338.8053097345133,41332.81,1,1.0,,784,
PIRASSUNUNGA,SP,-21.948596774285715,-47.396262525714285,197869,197869.4,7,0.39999999999417923,0.036463518792736606,,,,,78,338.8053097345133,41332.81,2,7.0,3792204.0,784,
PIRATINI,RS,-31.41267667,-53.07386755,10000,10000.0,1,0.0,0.0,,,,,99,275.508064516129,19463.33,1,1.0,,726,
PIRATUBA,SC,-27.471398025,-51.776081065,1140264,1140264.0,2,0.0,0.999768474669024,,,,,47,313.24285714285713,14955.0,2,2.0,599184000.0,396,
PIRENOPOLIS,GO,-15.85334195,-48.96252693,1120,1120.0,1,0.0,0.0,,,,,34,286.2564102564103,10976.33,1,1.0,,295,
PIRIPIRI,PI,-4.1733017672727275,-41.49008409272727,0,486000.0,11,486000.0,0.0,,,,,37,381.875,5655.0,1,,0.0,338,
PITANGA,PR,-12.36554514,-26.0043475,10919,10919.0,2,0.0,0.054950087004304426,,,,,61,329.2857142857143,12734.23,2,2.0,315360.0,433,
PITANGUEIRAS,SP,-17.48865174166667,-40.221177571666665,190000,190000.0,6,0.0,0.0,,,,,78,338.8053097345133,41332.81,1,6.0,,784,
PITANGUI,MG,-19.6923894,-44.91620369,9497,9497.0,3,0.0,0.0,,,,,112,425.625,25999.989999999998,1,3.0,,1018,
PLANALTINA,GO,-15.17777778,-47.74222222,920,920.0,1,0.0,0.0,,,,,34,286.2564102564103,10976.33,1,1.0,,295,
PLANALTO,SP,-21.03051751,-49.924147669999996,10000,60000.0,2,50000.0,0.0,,,,,78,338.8053097345133,41332.81,1,1.0,,784,
PLANURA,MG,-20.124167,-48.571944,320000,320000.0,1,0.0,1.0,,,,,112,425.625,25999.989999999998,1,1.0,168192000.0,1018,
PLATINA,SP,-22.66365,-50.21668,1520,1520.0,1,0.0,0.0,,,,,78,338.8053097345133,41332.81,1,1.0,,784,
POCAO,PE,-8.182458,-36.744318745,72000,72000.0,2,0.0,1.0,,,,,28,315.2631578947368,7640.0,1,2.0,37843200.0,222,
POCINHOS,PB,-7.0362075125,-35.9702556075,0,123900.0,4,123900.0,0.0,,,,,16,311.0,2342.56,1,,0.0,119,
POCO FUNDO,MG,-21.80673056,-46.13504639,30000,30000.0,1,0.0,1.0,,,,,112,425.625,25999.989999999998,1,1.0,15768000.0,1018,
POCOS DE CALDAS,MG,-21.782359732499998,-46.58448329083333,38033,37953.0,12,0.0,0.9118397181395105,,,,,112,425.625,25999.989999999998,4,12.0,18227808.0,1018,
POMBAL,PB,-6.8586257,-37.89166833,27021,27021.6,2,0.5999999999985448,1.0,,,,,16,311.0,2342.56,1,2.0,14202237.6,119,
POMBOS,PE,-8.17499992,-35.38888887,4950,4950.0,1,0.0,1.0,,,,,28,315.2631578947368,7640.0,1,1.0,2601720.0,222,
POMERODE,SC,-21.421289922,-39.328916834,2621,2622.3,5,1.300000000000182,0.21861884776802748,,,,,47,313.24285714285713,14955.0,3,5.0,301168.8,396,
POMPEIA,SP,-22.10614611,-50.17602806,3500,3500.0,1,0.0,0.0,,,,,78,338.8053097345133,41332.81,1,1.0,,784,
POMPEU,MG,-19.251694,-44.984972,51600,51600.0,1,0.0,0.0,,,,,112,425.625,25999.989999999998,1,1.0,,1018,
PONTA GROSSA,PR,-25.08641667,-50.11555242199999,6501,6502.35,5,1.3500000000003638,0.48684817720350715,,,,,61,329.2857142857143,12734.23,3,5.0,1663524.0,433,
PONTA PORA,MS,-22.4272244575,-55.435169665000004,21394,21394.0,4,0.0,0.05908198560344022,,,,,30,218.0952380952381,5050.0,2,4.0,664358.4,269,
PONTAL,SP,-20.984684786666666,-48.03352606000001,161000,161000.0,3,0.0,0.0,,,,,78,338.8053097345133,41332.81,1,3.0,,784,
PONTE ALTA DO BOM JESUS,TO,-11.953101495,-46.345898213750004,11800,17300.0,8,5500.0,1.0,,,,,13,398.75,3940.0,2,7.0,6202080.0,139,
PONTE ALTA DO NORTE,SC,-27.14019095,-50.46996434,999,999.0,1,0.0,1.0,,,,,47,313.24285714285713,14955.0,1,1.0,525074.4,396,
PONTE NOVA,MG,-20.403531775,-42.96332415,2900,31900.0,2,29000.0,1.0,,,,,112,425.625,25999.989999999998,2,1.0,1524240.0,1018,
PONTE SERRADA,SC,-26.870702573333332,-51.97832900666666,2050,13550.0,3,11500.0,1.0,,,,,47,313.24285714285713,14955.0,2,2.0,1077480.0,396,
PONTES E LACERDA,MT,-15.0916954,-59.02904062333334,134000,153000.0,3,19000.0,1.0,,,,,22,357.5,3719.99,2,2.0,70430400.0,352,
PONTES GESTAL,SP,-20.11378297,-49.76029594,12000,12000.0,1,0.0,0.0,,,,,78,338.8053097345133,41332.81,1,1.0,,784,
PORTAO,RS,-14.845138905,-25.61625,1497,1497.6,2,0.599999999999909,1.0,,,,,99,275.508064516129,19463.33,1,2.0,786823.2,726,
PORTEL,PA,-2.1724020618395237,-50.88367901796601,5990,5990.0,5708,0.0,1.0,,,,,28,380.5882352941176,18060.0,1,5708.0,3148344.0,419,
PORTO ALEGRE,RS,-30.02231208409091,-51.203213477272726,26832,26833.8,22,1.7999999999992724,0.011143410852713179,,,,,99,275.508064516129,19463.33,2,22.0,157154.4,726,
PORTO ALEGRE DO NORTE,MT,-10.87797147,-51.63299291,1200,1200.0,1,0.0,0.0,,,,,22,357.5,3719.99,1,1.0,,352,
PORTO CALVO,AL,-9.05244806,-35.39833389,4600,4600.0,1,0.0,0.0,,,,,12,305.0,3165.0,1,1.0,,104,
PORTO DE MOZ,PA,-1.9818558352534967,-52.7025926925,11718,11718.0,2288,0.0,0.2012288786482335,,,,,28,380.5882352941176,18060.0,2,2288.0,1239364.8,419,
PORTO DOS GAUCHOS,MT,-12.00590583,-56.324305554999995,1167,1167.4,2,0.40000000000009095,1.0,,,,,22,357.5,3719.99,2,2.0,613375.2,352,
PORTO ESPERIDIAO,MT,-15.85961129,-58.468715865,544,544.0,2,0.0,0.0,,,,,22,357.5,3719.99,1,2.0,,352,
PORTO FELIZ,SP,-23.21210416,-47.57555169,8174,8174.4,2,0.3999999999996362,0.0,,,,,78,338.8053097345133,41332.81,1,2.0,,784,
PORTO FERREIRA,SP,-21.883977055,-47.48832283,5444,5444.0,2,0.0,0.0,,,,,78,338.8053097345133,41332.81,1,2.0,,784,
PORTO NACIONAL,TO,-10.60711019,-48.37341185,11500,11500.0,1,0.0,0.0,,,,,13,398.75,3940.0,1,1.0,,139,
PORTO REAL,RJ,-11.20986111,-22.14513889,2400,15600.0,2,13200.0,0.0,,,,,23,429.54545454545456,13884.66,2,1.0,0.0,226,
PORTO UNIAO,SC,-26.391089033999997,-50.984604548,5447,5447.9,5,0.8999999999996362,1.0,,,,,47,313.24285714285713,14955.0,1,5.0,2862943.1999999997,396,
PORTO VELHO,RO,-7.581453024736843,-55.56605993210526,7960724,7960724.0,19,0.0,0.9467103745840203,,,,,14,269.64285714285717,8246.66,3,19.0,3961184400.0,155,
PORTO VERA CRUZ,RS,-29.71138889,-52.42971627,2,2.25,1,0.25,1.0,,,,,99,275.508064516129,19463.33,1,1.0,1051.2,726,
PORTO VITORIA,PR,-26.24801069,-51.28058158,1190,1190.0,1,0.0,1.0,,,,,61,329.2857142857143,12734.23,1,1.0,625464.0,433,
PORTO WALTER,AC,-8.26333333,-72.74138889,3692,3692.0,1,0.0,0.0,,,,,3,230.0,490.0,1,1.0,,87,
POTIRAGUA,BA,-15.59245611,-39.87565999,186,186.0,1,0.0,0.0,,,,,71,380.63157894736844,19914.15,1,1.0,,852,
POTIRENDABA,SP,-21.074067385,-49.339738249999996,40569,40569.0,2,0.0,0.0,,,,,78,338.8053097345133,41332.81,1,2.0,,784,
POUSO ALEGRE,MG,-19.063538845714284,-39.36956582714286,8780,8780.0,7,0.0,0.25626423690205014,,,,,112,425.625,25999.989999999998,2,7.0,1182600.0,1018,
POUSO REDONDO,SC,-27.25108611,-49.95565194,134,134.0,1,0.0,0.0,,,,,47,313.24285714285713,14955.0,1,1.0,,396,
POXOREO,MT,-15.609960945000001,-54.39696735,9320,9320.0,2,0.0,1.0,,,,,22,357.5,3719.99,1,2.0,4898592.0,352,
PRADOPOLIS,SP,-21.339529867499998,-48.0935040775,152519,152519.2,4,0.20000000001164153,0.00012457464315921294,,,,,78,338.8053097345133,41332.81,2,4.0,9986.4,784,
PRAIA GRANDE,SP,-24.01772222,-46.4555,144,144.0,1,0.0,0.0,,,,,78,338.8053097345133,41332.81,1,1.0,,784,
PRAINHA,PA,-2.123046234521531,-53.45422727528708,6035,6035.0,418,0.0,0.07207953603976802,,,,,28,380.5882352941176,18060.0,2,418.0,228636.0,419,
PRATA,MG,-19.29862078,-48.927979,508,508.0,1,0.0,0.0,,,,,112,425.625,25999.989999999998,1,1.0,,1018,
PRESIDENTE ALVES,SP,-22.05632484,-49.32094528,1600,1600.0,1,0.0,0.0,,,,,78,338.8053097345133,41332.81,1,1.0,,784,
PRESIDENTE FIGUEIREDO,AM,-1.31607542,-59.770784230000004,279710,279710.0,3,0.0,0.9821243430696078,,,,,7,328.1818181818182,4127.5,2,3.0,144387576.0,179,
PRESIDENTE JUSCELINO,MG,-18.68161111,-44.10145,0,48118.0,1,48118.0,0.0,,,,,112,425.625,25999.989999999998,1,,0.0,1018,
PRESIDENTE NEREU,SC,-27.28194444,-49.37555556,1000,1000.0,1,0.0,1.0,,,,,47,313.24285714285713,14955.0,1,1.0,525600.0,396,
PRESIDENTE PRUDENTE,SP,-21.995833285,-51.324791655,28744,28744.0,2,0.0,0.0,,,,,78,338.8053097345133,41332.81,1,2.0,,784,
PRIMAVERA,PE,-8.351384645,-35.37537108,10880,10880.0,2,0.0,0.08088235294117647,,,,,28,315.2631578947368,7640.0,2,2.0,462528.0,222,
PRIMAVERA DO LESTE,MT,-12.766382293333335,-45.17408491166666,36935,65535.0,6,28600.0,0.008934614863950183,,,,,22,357.5,3719.99,3,5.0,173448.0,352,
PRINCESA,SC,-26.42193056,-53.58982778,55,55.0,1,0.0,1.0,,,,,47,313.24285714285713,14955.0,1,1.0,28908.0,396,
PROMISSAO,SP,-21.559841048000003,-49.862347985999996,143640,143640.0,5,0.0,0.0,,,,,78,338.8053097345133,41332.81,1,5.0,,784,
PRUDENTE DE MORAIS,MG,-19.46738079,-44.15820236,1200,1200.0,1,0.0,0.0,,,,,112,425.625,25999.989999999998,1,1.0,,1018,
PRUDENTOPOLIS,PR,-25.047548453333334,-51.11231616,57435,64435.0,3,7000.0,1.0,,,,,61,329.2857142857143,12734.23,1,2.0,30187836.0,433,
PUREZA,RN,-5.353275795,-35.61593370111111,0,508500.0,18,508500.0,0.0,,,,,22,284.0,9222.56,2,,0.0,290,
PUTINGA,RS,-29.06603491,-52.21411851,13100,13100.0,2,0.0,1.0,,,,,99,275.508064516129,19463.33,1,2.0,6885360.0,726,
QUADRA,SP,-23.301575,-48.052685,144,144.0,1,0.0,0.0,,,,,78,338.8053097345133,41332.81,1,1.0,,784,
QUARAI,RS,-30.093751726,-56.211191744,0,234000.0,5,234000.0,0.0,,,,,99,275.508064516129,19463.33,1,,0.0,726,
QUATA,SP,-22.24911111,-50.6525,56078,56078.0,1,0.0,0.0,,,,,78,338.8053097345133,41332.81,1,1.0,,784,
QUEDAS DO IGUACU,PR,-25.53756844,-53.00896732,1103670,1103670.0,1,0.0,1.0,,,,,61,329.2857142857143,12734.23,1,1.0,580088952.0,433,
QUEIMADA NOVA,PI,-8.610197703,-41.445467936,264310,297910.0,10,33600.0,1.0,,,,,37,381.875,5655.0,2,9.0,138921336.0,338,
QUEIMADOS,RJ,-22.74119144,-43.62056431,1964,1964.0,1,0.0,0.0,,,,,23,429.54545454545456,13884.66,1,1.0,,226,
QUEIROZ,SP,-21.85030967,-50.24723455,45000,45000.0,1,0.0,0.0,,,,,78,338.8053097345133,41332.81,1,1.0,,784,
QUERENCIA,MT,0.0,0.0,0,47860.0,1,47860.0,0.0,,,,,22,357.5,3719.99,1,,,352,
QUEVEDOS,RS,-14.72445,-27.046125,9975,9975.0,2,0.0,1.0,,,,,99,275.508064516129,19463.33,2,2.0,5242860.0,726,
QUILOMBO,SC,-26.65222222,-52.6125,1000,1000.0,1,0.0,1.0,,,,,47,313.24285714285713,14955.0,1,1.0,525600.0,396,
QUIRINOPOLIS,GO,-18.505249206666665,-50.43753972333334,164500,164500.0,3,0.0,0.0,,,,,34,286.2564102564103,10976.33,1,3.0,,295,
QUIXADA,CE,-3.3249870366666663,-25.91985185333333,150,130803.0,3,130653.0,1.0,,,,,40,345.0,15125.0,1,1.0,78840.0,383,
QUIXERE,CE,-5.044748837999999,-37.787830834,137650,137650.0,5,0.0,0.9589538685070832,,,,,40,345.0,15125.0,2,5.0,69379200.0,383,
RAFARD,SP,-22.99734967,-47.52019455,50000,50000.0,1,0.0,0.0,,,,,78,338.8053097345133,41332.81,1,1.0,,784,
RANCHARIA,SP,-21.95167443,-50.92912507,2600,2600.0,1,0.0,1.0,,,,,78,338.8053097345133,41332.81,1,1.0,1366560.0,784,
RAUL SOARES,MG,-20.1033762475,-42.418441135,24220,30736.0,4,6516.0,1.0,,,,,112,425.625,25999.989999999998,3,3.0,12730032.0,1018,
RECIFE,PE,-6.669326733043477,-28.834010277826085,25044,25045.76,23,1.7599999999983993,0.07047596230634084,,,,,28,315.2631578947368,7640.0,2,23.0,927684.0,222,
RECREIO,MG,-21.45014185,-42.40463836,39000,39000.0,1,0.0,1.0,,,,,112,425.625,25999.989999999998,1,1.0,20498400.0,1018,
REDENCAO,PA,0.0,0.0,100,100.0,1,0.0,1.0,,,,,28,380.5882352941176,18060.0,1,1.0,52560.0,419,
REDUTO,MG,-20.27680207,-41.96356798,302,302.4,1,0.39999999999997726,1.0,,,,,112,425.625,25999.989999999998,1,1.0,158731.19999999998,1018,
REGENTE FEIJO,SP,-11.15454998,-25.61049995,1550,1550.0,2,0.0,0.22580645161290322,,,,,78,338.8053097345133,41332.81,2,2.0,183960.0,784,
REGISTRO,SP,-24.47583333,-47.82833333,2000,2000.0,1,0.0,0.0,,,,,78,338.8053097345133,41332.81,1,1.0,,784,
RESERVA DO CABACAL,MT,-14.83868888,-58.62180833,0,9900.0,1,9900.0,0.0,,,,,22,357.5,3719.99,1,,0.0,352,
RESERVA DO IGUACU,PR,-25.76580251,-52.08843502,6500,6500.0,1,0.0,1.0,,,,,61,329.2857142857143,12734.23,1,1.0,3416400.0,433,
RIACHO DAS ALMAS,PE,-8.14576111,-35.88139722,0,27496.0,1,27496.0,0.0,,,,,28,315.2631578947368,7640.0,1,,0.0,222,
RIACHO DE SANTANA,BA,-13.544285454,-42.843077629999996,18900,168900.0,5,150000.0,1.0,,,,,71,380.63157894736844,19914.15,1,1.0,9933840.0,852,
RIACHUELO,BA,-11.095506945,-42.410695829999995,0,100000.0,2,100000.0,0.0,,,,,71,380.63157894736844,19914.15,1,,0.0,852,
RIACHUELO,RN,-5.80123161,-35.914028785,126000,126000.0,2,0.0,1.0,,,,,22,284.0,9222.56,1,2.0,66225600.0,290,
RIANAPOLIS,GO,-7.758244775,-24.742610285,3710,3710.0,2,0.0,1.0,,,,,34,286.2564102564103,10976.33,2,2.0,1949976.0,295,
RIBAS DO RIO PARDO,MS,-20.789033335,-53.54167986,418000,418000.0,4,0.0,0.0729665071770335,,,,,30,218.0952380952381,5050.0,3,4.0,16030800.0,269,
RIBEIRA,SP,-24.59722222,-49.135,4000,4000.0,1,0.0,1.0,,,,,78,338.8053097345133,41332.81,1,1.0,2102400.0,784,
RIBEIRA DO PIAUI,PI,-8.202175478181818,-42.55757516954546,210000,857136.0,22,647136.0,1.0,,,,,37,381.875,5655.0,1,7.0,110376000.0,338,
RIBEIRAO BRANCO,SP,-24.16861111,-48.7125,1723,1723.0,1,0.0,1.0,,,,,78,338.8053097345133,41332.81,1,1.0,905608.7999999999,784,
RIBEIRAO DAS NEVES,MG,-19.800822263333334,-44.06813494666667,3535,3535.8,3,0.8000000000001819,0.0,,,,,112,425.625,25999.989999999998,1,3.0,,1018,
RIBEIRAO PRETO,SP,-21.162057646666668,-47.80569558916667,20146,20146.0,12,0.0,0.0,,,,,78,338.8053097345133,41332.81,1,12.0,,784,
RIBEIRO GONCALVES,PI,-7.652541330909091,-45.185121460909095,523213,553213.0,11,30000.0,1.0,,,,,37,381.875,5655.0,1,10.0,275000752.8,338,
RIO BRANCO,AC,-9.95967899,-67.82951204071428,8396,8397.2,14,1.2000000000007276,0.0,,,,,3,230.0,490.0,1,14.0,,87,
RIO BRANCO DO IVAI,PR,-24.30348323,-51.34742901,0,15000.0,1,15000.0,0.0,,,,,61,329.2857142857143,12734.23,1,,0.0,433,
RIO BRANCO DO SUL,PR,-25.15190372,-49.41284586,1500,1500.0,1,0.0,1.0,,,,,61,329.2857142857143,12734.23,1,1.0,788400.0,433,
RIO BRILHANTE,MS,-21.63630415888889,-54.19428106,304825,507505.0,9,202680.0,0.0007381284343475765,,,,,30,218.0952380952381,5050.0,2,5.0,118260.0,269,
RIO CASCA,MG,-20.27679722,-42.65151944,3000,3000.0,1,0.0,1.0,,,,,112,425.625,25999.989999999998,1,1.0,1576800.0,1018,
RIO CLARO,RJ,-22.784883335,-44.22640278,11155,20749.0,2,9594.0,1.0,,,,,23,429.54545454545456,13884.66,1,1.0,5863068.0,226,
RIO CLARO,SP,-22.4244410825,-47.567895764999996,3681,3681.6,4,0.599999999999909,0.4618310241782124,,,,,78,338.8053097345133,41332.81,2,4.0,893520.0,784,
RIO DA CONCEICAO,TO,-11.39980278,-46.88812778,0,4400.0,1,4400.0,0.0,,,,,13,398.75,3940.0,1,,0.0,139,
RIO DAS ANTAS,SC,-26.90607487,-51.08315727,320,320.0,1,0.0,1.0,,,,,47,313.24285714285713,14955.0,1,1.0,168192.0,396,
RIO DAS OSTRAS,RJ,-22.51222219,-41.95388889,150,150.0,1,0.0,1.0,,,,,23,429.54545454545456,13884.66,1,1.0,78840.0,226,
RIO DAS PEDRAS,SP,-22.80763889,-47.614583335,9600,9600.0,2,0.0,0.0,,,,,78,338.8053097345133,41332.81,1,2.0,,784,
RIO DE CONTAS,BA,0.0,0.0,0,144000.0,3,144000.0,0.0,,,,,71,380.63157894736844,19914.15,1,,0.0,852,
RIO DE JANEIRO,RJ,-22.367801835813953,-42.33605257686047,1166572,1172551.66,86,5979.659999999916,0.0015086938483008336,,,,,23,429.54545454545456,13884.66,2,86.0,925056.0,226,
RIO DO CAMPO,SC,-26.956234424999998,-50.158731044999996,1825,1825.0,2,0.0,1.0,,,,,47,313.24285714285713,14955.0,1,2.0,959220.0,396,
RIO DO FOGO,RN,-5.30693366,-35.38435271,77300,77300.0,2,0.0,1.0,,,,,22,284.0,9222.56,1,2.0,40628880.0,290,
RIO DO SUL,SC,-9.060555563333333,-16.532407406666668,1050,1050.0,3,0.0,1.0,,,,,47,313.24285714285713,14955.0,1,3.0,551880.0,396,
RIO DOCE,MG,-20.20742219,-42.85499938,140000,140000.0,1,0.0,1.0,,,,,112,425.625,25999.989999999998,1,1.0,73584000.0,1018,
RIO DOS CEDROS,SC,-26.6762016725,-49.32510632,33146,57146.0,4,24000.0,0.9956555843842394,,,,,47,313.24285714285713,14955.0,3,3.0,17345851.2,396,
RIO FORMOSO,PE,-8.645131495000001,-35.240033940000004,18351,18351.0,2,0.0,0.31338891613536046,,,,,28,315.2631578947368,7640.0,2,2.0,3022725.6,222,
RIO FORTUNA,SC,-22.473741425999997,-39.314390248,26200,26200.0,5,0.0,1.0,,,,,47,313.24285714285713,14955.0,2,5.0,13770720.0,396,
RIO GRANDE,RS,-31.909793738,-52.273827522000005,173632,173632.16,15,0.16000000000349246,0.9950469959454479,,,,,99,275.508064516129,19463.33,4,15.0,90808963.2,726,
RIO LARGO,AL,-9.489051244999999,-35.850655415,10764,10764.0,2,0.0,0.0802675585284281,,,,,12,305.0,3165.0,2,2.0,454118.39999999997,104,
RIO NEGRINHO,SC,-26.363663029999998,-49.572277983999996,9502,9502.0,5,0.0,0.2643653967585771,,,,,47,313.24285714285713,14955.0,2,5.0,1320307.2,396,
RIO NEGRO,PR,-26.10040806,-49.797685,900,900.0,1,0.0,0.0,,,,,61,329.2857142857143,12734.23,1,1.0,,433,
RIO NOVO DO SUL,ES,-20.77358998,-40.98751668,1512,1512.0,1,0.0,1.0,,,,,9,342.0833333333333,6516.66,1,1.0,794707.2,130,
RIO POMBA,MG,-21.2993535,-43.20857571,4040,4040.0,1,0.0,1.0,,,,,112,425.625,25999.989999999998,1,1.0,2123424.0,1018,
RIO PRETO,MG,-22.03339237,-43.78258769,10685,10685.0,1,0.0,1.0,,,,,112,425.625,25999.989999999998,1,1.0,5616036.0,1018,
RIO PRETO DA EVA,AM,-2.69500966,-59.69053455,8620,8620.0,1,0.0,0.0,,,,,7,328.1818181818182,4127.5,1,1.0,,179,
RIO VERDE,GO,-15.730579460000001,-45.29994924222222,56865,80865.0,9,24000.0,0.9451332102347666,,,,,34,286.2564102564103,10976.33,4,8.0,28248372.0,295,
RODEIO,SC,0.0,0.0,480,480.0,1,0.0,1.0,,,,,47,313.24285714285713,14955.0,1,1.0,252288.0,396,
RODEIO BONITO,RS,-27.47519439,-53.1895,750,750.0,1,0.0,1.0,,,,,99,275.508064516129,19463.33,1,1.0,394200.0,726,
RODELAS,BA,-9.018771913333334,-38.60482685222222,0,450000.0,9,450000.0,0.0,,,,,71,380.63157894736844,19914.15,1,,0.0,852,
ROLANDIA,PR,-11.65152778,-25.69402778,450,450.0,2,0.0,1.0,,,,,61,329.2857142857143,12734.23,1,2.0,236520.0,433,
ROLIM DE MOURA,RO,-11.72357364,-61.74882503,1168,1168.0,2,0.0,0.0,,,,,14,269.64285714285717,8246.66,1,2.0,,155,
ROMELANDIA,SC,-26.68361944,-53.27920833,5100,5100.0,1,0.0,1.0,,,,,47,313.24285714285713,14955.0,1,1.0,2680560.0,396,
RONDON,PR,-23.37083709,-52.70887682,10000,10000.0,1,0.0,0.0,,,,,61,329.2857142857143,12734.23,1,1.0,,433,
RONDONOPOLIS,MT,-16.54879377,-54.667430366,27752,27752.0,5,0.0,0.9584894782358028,,,,,22,357.5,3719.99,2,5.0,13980960.0,352,
ROQUE GONZALES,RS,-28.14207672,-55.06582011,776,776.0,1,0.0,1.0,,,,,99,275.508064516129,19463.33,1,1.0,407865.6,726,
RORAINOPOLIS,RR,-0.030097463571428562,-60.91133971214286,16135,16135.0,14,0.0,0.0,,,,,1,500.0,800.0,1,14.0,,42,
ROSARIO DA LIMEIRA,MG,-21.0139851,-42.46070949,1260,1260.0,1,0.0,1.0,,,,,112,425.625,25999.989999999998,1,1.0,662256.0,1018,
ROSARIO OESTE,MT,-14.62861111,-55.79861111,120,120.0,1,0.0,1.0,,,,,22,357.5,3719.99,1,1.0,63072.0,352,
ROSEIRA,SP,-22.89160244,-45.33693736,2000,2000.0,1,0.0,0.0,,,,,78,338.8053097345133,41332.81,1,1.0,,784,
RUBIATABA,GO,-15.17540966,-49.74883455,40000,40000.0,1,0.0,0.0,,,,,34,286.2564102564103,10976.33,1,1.0,,295,
RUSSAS,CE,-4.883582102857143,-37.992167738571425,0,590401.0,14,590401.0,0.0,,,,,40,345.0,15125.0,1,,0.0,383,
RUY BARBOSA,RN,-5.87064007,-35.951364909999995,121800,121800.0,2,0.0,1.0,,,,,22,284.0,9222.56,1,2.0,64018080.0,290,
SABARA,MG,-19.845388506666666,-43.81656491333333,9174,9174.0,3,0.0,0.22280357532156092,,,,,112,425.625,25999.989999999998,2,3.0,1074326.4,1018,
SACRAMENTO,MG,-19.823604473333333,-47.476239,26256,26256.0,6,0.0,0.931139549055454,,,,,112,425.625,25999.989999999998,3,6.0,12849868.799999999,1018,
SACRAMENTO,SP,-20.086795175,-47.356842665,1474000,1474000.0,2,0.0,1.0,,,,,78,338.8053097345133,41332.81,1,2.0,774734400.0,784,
SALESOPOLIS,SP,-23.56333333,-45.83638889,1000,1000.0,1,0.0,1.0,,,,,78,338.8053097345133,41332.81,1,1.0,525600.0,784,
SALETE,SC,-26.97600967,-49.99053455,3500,3500.0,1,0.0,0.0,,,,,47,313.24285714285713,14955.0,1,1.0,,396,
SALGUEIRO,PE,-8.024375,-39.324750005,60000,60000.0,2,0.0,1.0,,,,,28,315.2631578947368,7640.0,1,2.0,31536000.0,222,
SALINAS,MG,0.0,0.0,500,500.0,1,0.0,1.0,,,,,112,425.625,25999.989999999998,1,1.0,262800.0,1018,
SALINOPOLIS,PA,-0.61860502,-47.35055523,667,667.5,1,0.5,0.0,,,,,28,380.5882352941176,18060.0,1,1.0,,419,
SALOA,PE,-8.98378694,-36.7880856,40500,40500.0,1,0.0,1.0,,,,,28,315.2631578947368,7640.0,1,1.0,21286800.0,222,
SALTO,SP,-23.2024024725,-47.2871354225,27478,27478.8,4,0.7999999999992724,0.9025402139893733,,,,,78,338.8053097345133,41332.81,2,4.0,13034880.0,784,
SALTO DA DIVISA,MG,-18.222748595,-42.538655410000004,4376,4377.6,2,1.6000000000003638,0.0,,,,,112,425.625,25999.989999999998,1,2.0,,1018,
SALTO DO JACUI,RS,-29.04488895,-53.19904932,338000,338000.0,2,0.0,1.0,,,,,99,275.508064516129,19463.33,1,2.0,177652800.0,726,
SALVADOR,BA,-11.3909484112,-33.8274187816,51107,51107.8,25,0.8000000000029104,0.11495489854618741,,,,,71,380.63157894736844,19914.15,2,25.0,3087900.0,852,
SALVADOR DAS MISSOES,RS,-28.15005159,-54.82020511,51508,51508.0,2,0.0,0.9901374543760193,,,,,99,275.508064516129,19463.33,2,2.0,26805600.0,726,
SANDOVALINA,SP,-22.544978275,-51.909558865,585000,585000.0,2,0.0,0.8974358974358975,,,,,78,338.8053097345133,41332.81,2,2.0,275940000.0,784,
SANTA ALBERTINA,SP,-20.03781682,-50.671095699999995,25000,75000.0,2,50000.0,0.0,,,,,78,338.8053097345133,41332.81,1,1.0,,784,
SANTA BARBARA D'OESTE,SP,-22.754690221666667,-47.401367825,7779,7779.2,6,0.1999999999998181,0.0,,,,,78,338.8053097345133,41332.81,1,6.0,,784,
SANTA BARBARA DO MONTE VERDE,MG,-22.02851389,-43.748105,3000,3000.0,1,0.0,1.0,,,,,112,425.625,25999.989999999998,1,1.0,1576800.0,1018,
SANTA CECILIA,SC,-21.472973806,-40.388455828,8017,8017.4,5,0.3999999999996362,1.0,,,,,47,313.24285714285713,14955.0,1,5.0,4213735.2,396,
SANTA CRUZ,RN,-6.06513333,-36.01942229,0,62000.0,1,62000.0,0.0,,,,,22,284.0,9222.56,1,,0.0,290,
SANTA CRUZ DAS PALMEIRAS,SP,-21.82747807,-47.24949879,650,650.0,1,0.0,0.0,,,,,78,338.8053097345133,41332.81,1,1.0,,784,
SANTA CRUZ DO ARARI,PA,-0.71848205,-49.18068195,1600,1600.0,1,0.0,0.0,,,,,28,380.5882352941176,18060.0,1,1.0,,419,
SANTA CRUZ DO CAPIBARIBE,PE,-7.94666667,-36.22583333,300,300.0,1,0.0,1.0,,,,,28,315.2631578947368,7640.0,1,1.0,157680.0,222,
SANTA CRUZ DO RIO PARDO,SP,-22.90572306,-49.62460889,960,960.0,1,0.0,0.0,,,,,78,338.8053097345133,41332.81,1,1.0,,784,
SANTA CRUZ DO SUL,RS,-29.732519729999996,-52.428109836666664,1209,1209.1,3,0.09999999999990905,0.7808105872622002,,,,,99,275.508064516129,19463.33,2,3.0,496166.39999999997,726,
SANTA FE DO SUL,SP,-20.19277778,-50.90944444,300,300.0,1,0.0,1.0,,,,,78,338.8053097345133,41332.81,1,1.0,157680.0,784,
SANTA GERTRUDES,SP,-22.450254835000003,-47.53443394,6483,6483.0,2,0.0,0.0,,,,,78,338.8053097345133,41332.81,1,2.0,,784,
SANTA HELENA,PR,0.0,0.0,3300,3300.0,3,0.0,1.0,,,,,61,329.2857142857143,12734.23,1,3.0,1734480.0,433,
SANTA HELENA DE GOIAS,GO,-17.824742,-50.542153973333335,54400,54400.0,3,0.0,0.5514705882352942,,,,,34,286.2564102564103,10976.33,2,3.0,15768000.0,295,
SANTA ISABEL DO RIO NEGRO,AM,-0.42055556,-65.03527778,0,5427.0,1,5427.0,0.0,,,,,7,328.1818181818182,4127.5,1,,,179,
SANTA JULIANA,MG,-19.30230967,-47.46403455,82000,82000.0,1,0.0,0.0,,,,,112,425.625,25999.989999999998,1,1.0,,1018,
SANTA LEOPOLDINA,ES,-20.08315133,-40.57701158,35337,35337.0,1,0.0,1.0,,,,,9,342.0833333333333,6516.66,1,1.0,18573127.2,130,
SANTA LUZIA,MG,-19.76761695,-43.85000694,270,270.0,1,0.0,0.0,,,,,112,425.625,25999.989999999998,1,1.0,,1018,
SANTA LUZIA,PB,-6.926244836296297,-36.91726170111111,780889,1180889.0,27,400000.0,1.0,,,,,16,311.0,2342.56,2,19.0,410435258.4,119,
SANTA MARIA,RN,-17.74190969,-44.773760275,1134,1134.0,2,0.0,0.0,,,,,22,284.0,9222.56,1,2.0,,290,
SANTA MARIA,RS,-23.785692504,-43.061862223000006,6522,6522.4,10,0.3999999999996362,0.5367985280588776,,,,,99,275.508064516129,19463.33,2,10.0,1840125.5999999999,726,
SANTA MARIA DE ITABIRA,MG,-19.434810669999997,-43.152767125,2768,2768.0,2,0.0,0.869942196531792,,,,,112,425.625,25999.989999999998,2,2.0,1265644.8,1018,
SANTA MARIA DE JETIBA,ES,-20.06007495,-40.6425863,22500,22500.0,1,0.0,1.0,,,,,9,342.0833333333333,6516.66,1,1.0,11826000.0,130,
SANTA MARIA DO HERVAL,RS,-29.50102325,-51.00248197,1500,1500.0,1,0.0,1.0,,,,,99,275.508064516129,19463.33,1,1.0,788400.0,726,
SANTA MARIA MADALENA,RJ,-21.9362708875,-42.053219685,25747,39747.0,4,14000.0,1.0,,,,,23,429.54545454545456,13884.66,1,3.0,13532623.2,226,
SANTA RITA,PB,-7.0280567000000005,-35.04681338666666,43100,43100.0,3,0.0,0.0,,,,,16,311.0,2342.56,1,3.0,,119,
SANTA RITA DE CASSIA,BA,-10.691424494545455,-44.382469949090904,0,1636720.0,22,1636720.0,0.0,,,,,71,380.63157894736844,19914.15,1,,0.0,852,
SANTA RITA DE JACUTINGA,MG,-22.15958734,-44.10392639,5949,5949.17,2,0.17000000000007276,1.0,,,,,112,425.625,25999.989999999998,2,2.0,3126794.4,1018,
SANTA RITA DO PARDO,MS,-21.56640411,-52.78415145,20,20.0,1,0.0,1.0,,,,,30,218.0952380952381,5050.0,1,1.0,10512.0,269,
SANTA RITA DO PASSA QUATRO,SP,-21.732430475,-47.52590629,7850,7850.0,2,0.0,0.18471337579617833,,,,,78,338.8053097345133,41332.81,2,2.0,762120.0,784,
SANTA RITA DO SAPUCAI,MG,-22.24861111,-45.70398806,144,144.0,1,0.0,0.0,,,,,112,425.625,25999.989999999998,1,1.0,,1018,
SANTA ROSA,RS,-27.825624091999998,-54.442664709999995,11100,11100.0,5,0.0,0.6756756756756757,,,,,99,275.508064516129,19463.33,3,5.0,3942000.0,726,
SANTA ROSA DE LIMA,SC,-28.027083335,-49.12569444499999,10800,10800.0,2,0.0,1.0,,,,,47,313.24285714285713,14955.0,2,2.0,5676480.0,396,
SANTA ROSA DE VITERBO,SP,-21.4319963025,-47.342950512499996,13365,13365.0,4,0.0,0.29031051253273477,,,,,78,338.8053097345133,41332.81,2,4.0,2039328.0,784,
SANTA ROSA DO PURUS,AC,-9.44086903,-70.48358544,2055,2055.2,1,0.1999999999998181,0.0,,,,,3,230.0,490.0,1,1.0,,87,
SANTA TERESA,ES,-19.86027778,-40.67888889,440,440.0,1,0.0,1.0,,,,,9,342.0833333333333,6516.66,1,1.0,231264.0,130,
SANTA TEREZINHA,SC,-26.65472222,-49.88138889,990,990.0,1,0.0,1.0,,,,,47,313.24285714285713,14955.0,1,1.0,520344.0,396,
SANTA VITORIA,GO,-19.01833333,-50.49861111,1710000,1710000.0,1,0.0,1.0,,,,,34,286.2564102564103,10976.33,1,1.0,898776000.0,295,
SANTA VITORIA,MG,-19.020778723333333,-50.390700530000004,96590,96590.0,3,0.0,0.0019670773371984677,,,,,112,425.625,25999.989999999998,2,3.0,99864.0,1018,
SANTA VITORIA DO PALMAR,RS,-33.37166410275862,-53.16400155396552,627890,1575690.0,58,947800.0,1.0,,,,,99,275.508064516129,19463.33,1,33.0,330018984.0,726,
SANTANA,BA,-12.22928389,-38.96003305,265,265.0,1,0.0,0.0,,,,,71,380.63157894736844,19914.15,1,1.0,,852,
SANTANA DE PARNAIBA,SP,-20.108594467142858,-40.20190752,9386,27387.6,7,18001.6,0.0,,,,,78,338.8053097345133,41332.81,2,6.0,0.0,784,
SANTANA DO ARAGUAIA,PA,-9.3432816,-50.33387252,15990,15990.0,1,0.0,0.0,,,,,28,380.5882352941176,18060.0,1,1.0,,419,
SANTANA DO DESERTO,MG,-21.96380372,-43.1550628,1600,1600.0,1,0.0,1.0,,,,,112,425.625,25999.989999999998,1,1.0,840960.0,1018,
SANTANA DO JACARE,MG,-20.81871261,-45.06023334,2056,2056.0,1,0.0,1.0,,,,,112,425.625,25999.989999999998,1,1.0,1080633.5999999999,1018,
SANTANA DO LIVRAMENTO,RS,-30.907234311000003,-55.753969354000006,432000,465600.0,10,33600.0,1.0,,,,,99,275.508064516129,19463.33,1,10.0,227059200.0,726,
SANTANA DO MATOS,RN,-5.871925551578947,-36.622111624210525,227940,554715.0,19,326775.0,1.0,,,,,22,284.0,9222.56,2,8.0,119805264.0,290,
SANTANA DO RIACHO,MG,-19.213765445,-43.63873762,10600,10600.0,2,0.0,1.0,,,,,112,425.625,25999.989999999998,2,2.0,5571360.0,1018,
SANTAREM,PA,-2.5794109725,-54.88517104,43378,43378.18,4,0.18000000000029104,0.9878279312093688,,,,,28,380.5882352941176,18060.0,3,4.0,22521960.0,419,
SANTIAGO,RS,-29.17642503,-54.848741,2,2.6,1,0.6000000000000001,0.0,,,,,99,275.508064516129,19463.33,1,1.0,,726,
SANTO ANDRE,SP,-23.661960673750002,-46.51685208625,90603,90604.4,16,1.3999999999941792,0.0,,,,,78,338.8053097345133,41332.81,1,16.0,,784,
SANTO ANGELO,RS,-28.282945316666666,-54.26511209,1918,1918.0,3,0.0,0.5005213764337852,,,,,99,275.508064516129,19463.33,2,3.0,504576.0,726,
SANTO ANTONIO DA BARRA,GO,-17.61775002,-50.71438891,20000,20000.0,1,0.0,0.0,,,,,34,286.2564102564103,10976.33,1,1.0,,295,
SANTO ANTONIO DA PATRULHA,RS,-29.89430759,-50.565996435,600,28400.0,2,27800.0,1.0,,,,,99,275.508064516129,19463.33,2,1.0,315360.0,726,
SANTO ANTONIO DE POSSE,SP,-22.60321398,-46.92949216,1851,1851.2,1,0.20000000000004547,0.0,,,,,78,338.8053097345133,41332.81,1,1.0,,784,
SANTO ANTONIO DO ARACANGUA,SP,-20.90855285,-50.41105429,4800,4800.0,1,0.0,0.0,,,,,78,338.8053097345133,41332.81,1,1.0,,784,
SANTO ANTONIO DO ICA,AM,-3.0422431175,-68.6769582175,8118,8118.0,4,0.0,0.0,,,,,7,328.1818181818182,4127.5,1,4.0,,179,
SANTO ANTONIO DO LESTE,MT,-15.01775,-53.93922222,1000,1000.0,1,0.0,1.0,,,,,22,357.5,3719.99,1,1.0,525600.0,352,
SANTO ANTONIO DO LEVERGER,MT,-16.123868855,-55.38083550375,36000,49640.0,8,13640.0,1.0,,,,,22,357.5,3719.99,2,6.0,18921600.0,352,
SANTO ANTONIO DO MONTE,MG,-20.06787962,-45.24622368,620,620.0,2,0.0,0.8064516129032258,,,,,112,425.625,25999.989999999998,2,2.0,262800.0,1018,
SANTO ANTONIO DO PALMA,RS,-28.51081578,-52.00609144,112,112.0,1,0.0,1.0,,,,,99,275.508064516129,19463.33,1,1.0,58867.2,726,
SANTO ANTONIO DO PLANALTO,RS,-28.38388889,-52.70444439,275,275.0,1,0.0,1.0,,,,,99,275.508064516129,19463.33,1,1.0,144540.0,726,
SANTO ANTONIO DOS LOPES,MA,-10.89369655,-44.443211590000004,1881030,1886064.0,6,5034.0,0.0,,,,,21,420.0,10616.16,1,6.0,,244,
SANTO INACIO,PR,-22.68060725,-51.78755692,78000,78000.0,2,0.0,0.0,,,,,61,329.2857142857143,12734.23,1,2.0,,433,
SANTOS,SP,-23.92947901,-46.32652461799999,3270,53270.4,5,50000.4,0.0,,,,,78,338.8053097345133,41332.81,1,4.0,,784,
SANTOS DUMONT,MG,-21.485233565,-43.4586823,7080,7080.0,2,0.0,1.0,,,,,112,425.625,25999.989999999998,1,2.0,3721248.0,1018,
SAO BENTO DO NORTE,RN,-5.4772600775,-36.304871891,605210,687710.0,20,82500.0,1.0,,,,,22,284.0,9222.56,2,18.0,318098376.0,290,
SAO BENTO DO SUL,SC,-26.287895787142855,-49.33222459857143,5048,19228.72,7,14180.720000000001,0.6731378763866878,,,,,47,313.24285714285713,14955.0,4,5.0,1785988.8,396,
SAO BERNARDO DO CAMPO,SP,-23.69161273565217,-46.56512304173913,22152,22152.6,23,0.5999999999985448,0.0,,,,,78,338.8053097345133,41332.81,1,23.0,,784,
SAO BONIFACIO,SC,-28.055010502,-48.933407522,23773,24421.0,5,648.0,1.0,,,,,47,313.24285714285713,14955.0,2,5.0,12495088.799999999,396,
SAO BORJA,RS,-28.661747165,-55.905320384999996,13008,13008.0,2,0.0,0.0,,,,,99,275.508064516129,19463.33,1,2.0,,726,
SAO CAETANO DO SUL,SP,-23.619259176666663,-46.57016698,3385,3385.0,3,0.0,0.0,,,,,78,338.8053097345133,41332.81,1,3.0,,784,
SAO CAITANO,PE,-8.32981852,-36.202826853333335,66600,66600.0,3,0.0,1.0,,,,,28,315.2631578947368,7640.0,1,3.0,35004960.0,222,
SAO CARLOS,SP,-22.00799228625,-47.908782115,18846,18846.0,8,0.0,0.4888570518943012,,,,,78,338.8053097345133,41332.81,2,8.0,4842352.8,784,
SAO CARLOS DO IVAI,PR,-23.306463275,-52.484005965,59500,59500.0,2,0.0,0.0,,,,,61,329.2857142857143,12734.23,1,2.0,,433,
SAO CRISTOVAO DO SUL,SC,-27.24694444,-50.41472222,990,990.0,1,0.0,1.0,,,,,47,313.24285714285713,14955.0,1,1.0,520344.0,396,
SAO DESIDERIO,BA,-12.55644061,-45.282870278000004,39100,56101.0,5,17001.0,1.0,,,,,71,380.63157894736844,19914.15,3,4.0,20550960.0,852,
SAO DOMINGOS,GO,-13.404504773333334,-46.367338483333334,51056,48720.0,3,0.0,1.0,,,,,34,286.2564102564103,10976.33,2,3.0,26835033.599999998,295,
SAO DOMINGOS,SC,-26.566597223333332,-52.490111113333334,1892,1892.0,3,0.0,1.0,,,,,47,313.24285714285713,14955.0,1,3.0,994435.2,396,
SAO FELIX DO ARAGUAIA,MT,-11.63242544,-50.68594226,408,408.0,1,0.0,0.0,,,,,22,357.5,3719.99,1,1.0,,352,
SAO FELIX DO XINGU,PA,-6.64161422,-51.95748438,408,408.0,1,0.0,0.0,,,,,28,380.5882352941176,18060.0,1,1.0,,419,
SAO FRANCISCO DE ITABAPOANA,RJ,-21.56572196,-41.07310692,28050,28050.0,1,0.0,1.0,,,,,23,429.54545454545456,13884.66,1,1.0,14743080.0,226,
SAO FRANCISCO DE PAULA,RS,-23.370849992,-40.59242012,12815,12815.3,5,0.2999999999992724,1.0,,,,,99,275.508064516129,19463.33,3,5.0,6735564.0,726,
SAO FRANCISCO DO CONDE,BA,-12.663898660000001,-38.61872905,248391,248391.0,2,0.0,0.0,,,,,71,380.63157894736844,19914.15,1,2.0,,852,
SAO FRANCISCO DO GLORIA,MG,-20.82687276,-42.326384094999995,4674,4674.0,2,0.0,1.0,,,,,112,425.625,25999.989999999998,1,2.0,2456654.4,1018,
SAO FRANCISCO DO GUAPORE,RO,-12.85105927,-62.90259268,232,232.0,1,0.0,0.0,,,,,14,269.64285714285717,8246.66,1,1.0,,155,
SAO GABRIEL,BA,-11.207024336666668,-41.777805862499996,0,1337608.0,24,1337608.0,0.0,,,,,71,380.63157894736844,19914.15,2,,0.0,852,
SAO GABRIEL,RS,-30.36062864333333,-54.334604203333335,4055,4055.0,3,0.0,0.0,,,,,99,275.508064516129,19463.33,1,3.0,,726,
SAO GABRIEL DA CACHOEIRA,AM,0.13415074999999999,-67.024100034,14656,14656.0,5,0.0,0.0,,,,,7,328.1818181818182,4127.5,1,5.0,,179,
SAO GABRIEL DA PALHA,ES,-19.04583333,-40.53805556,900,900.0,1,0.0,1.0,,,,,9,342.0833333333333,6516.66,1,1.0,473040.0,130,
SAO GABRIEL DO OESTE,MS,-19.40636111,-54.516347225000004,13225,13225.0,2,0.0,1.0,,,,,30,218.0952380952381,5050.0,2,2.0,6951060.0,269,
SAO GONCALO,RJ,-22.834687166000002,-43.038922556,15282,15282.0,5,0.0,0.0,,,,,23,429.54545454545456,13884.66,1,5.0,,226,
SAO GONCALO DO ABAETE,MG,-18.203887265,-45.296110221250004,60448,70448.0,8,10000.0,0.9925886712546321,,,,,112,425.625,25999.989999999998,2,7.0,31536000.0,1018,
SAO GONCALO DO AMARANTE,CE,-3.5678354808333332,-38.897178176666664,1571224,1571224.0,12,0.0,0.16719449295581024,,,,,40,345.0,15125.0,3,12.0,138075120.0,383,
SAO GONCALO DO AMARANTE,RN,0.0,0.0,6000,6000.0,2,0.0,1.0,,,,,22,284.0,9222.56,1,2.0,3153600.0,290,
SAO GONCALO DO GURGUEIA,PI,-10.111494323333334,-45.28254998055556,790368,790368.0,18,0.0,1.0,,,,,37,381.875,5655.0,1,18.0,415417420.8,338,
SAO GONCALO DO RIO ABAIXO,MG,-19.85326664,-43.316676425,20400,20400.0,2,0.0,1.0,,,,,112,425.625,25999.989999999998,2,2.0,10722240.0,1018,
SAO GONCALO DOS CAMPOS,BA,-12.43031,-38.94977195,1440,1440.0,1,0.0,0.0,,,,,71,380.63157894736844,19914.15,1,1.0,,852,
SAO GOTARDO,MG,-19.2601715,-46.074350609999996,871,871.0,2,0.0,0.9138920780711826,,,,,112,425.625,25999.989999999998,2,2.0,418377.6,1018,
SAO JOAO,PR,-25.80694445,-52.89861114,29810,29810.0,1,0.0,1.0,,,,,61,329.2857142857143,12734.23,1,1.0,15668136.0,433,
SAO JOAO BATISTA,SC,-18.20056681,-32.56546118333333,992,992.0,3,0.0,0.38306451612903225,,,,,47,313.24285714285713,14955.0,2,3.0,199728.0,396,
SAO JOAO BATISTA DO GLORIA,MG,-20.66920345,-46.31825382,1216000,1216000.0,1,0.0,1.0,,,,,112,425.625,25999.989999999998,1,1.0,639129600.0,1018,
SAO JOAO DA BALIZA,RR,0.9349301475,-59.789238097500004,33616,33616.0,4,0.0,0.2974773917182294,,,,,1,500.0,800.0,2,4.0,5256000.0,42,
SAO JOAO DA BARRA,RJ,-21.838610695,-41.079438296666666,3010899,3185462.6,6,174563.6000000001,0.0,,,,,23,429.54545454545456,13884.66,2,2.0,0.0,226,
SAO JOAO DA BOA VISTA,SP,-21.939342579999998,-46.816573665,77500,77500.0,4,0.0,0.0967741935483871,,,,,78,338.8053097345133,41332.81,3,4.0,3942000.0,784,
SAO JOAO DA PARAUNA,GO,0.0,0.0,150,150.0,1,0.0,1.0,,,,,34,286.2564102564103,10976.33,1,1.0,78840.0,295,
SAO JOAO DA PONTE,MG,-15.854781817272727,-43.664606059090914,0,329952.0,11,329952.0,0.0,,,,,112,425.625,25999.989999999998,1,,0.0,1018,
SAO JOAO DE MERITI,RJ,-22.779241650000003,-43.34195138,1251,1251.9,2,0.900000000000091,0.0007993605115907274,,,,,23,429.54545454545456,13884.66,2,2.0,525.6,226,
SAO JOAO DEL REI,MG,-21.169572074999998,-44.276621875000004,941,941.0,2,0.0,0.7821466524973433,,,,,112,425.625,25999.989999999998,2,2.0,386841.6,1018,
SAO JOAO DO IVAI,PR,-23.98864966,-51.83861455,3600,3600.0,1,0.0,0.0,,,,,61,329.2857142857143,12734.23,1,1.0,,433,
SAO JOAO DO PARAISO,MG,-15.30908617,-41.93951117,1600,1600.0,1,0.0,0.0,,,,,112,425.625,25999.989999999998,1,1.0,,1018,
SAO JOAO DO PIAUI,PI,-8.276226626785714,-42.1455061025,216050,1067320.0,28,851270.0,1.0,,,,,37,381.875,5655.0,1,7.0,113555880.0,338,
SAO JOAO DO RIO DO PEIXE,PB,-6.797216755,-38.48035545,68800,68800.0,2,0.0,1.0,,,,,16,311.0,2342.56,1,2.0,36161280.0,119,
SAO JOAO DO TIGRE,PB,-8.132431281,-36.771737958,0,630000.0,10,630000.0,0.0,,,,,16,311.0,2342.56,1,,0.0,119,
SAO JOAQUIM,SC,-28.211989726000002,-50.046032108,6126,34026.0,5,27900.0,1.0,,,,,47,313.24285714285713,14955.0,2,2.0,3219825.6,396,
SAO JOAQUIM DA BARRA,SP,-15.358073927500001,-35.9060407375,158000,158000.0,4,0.0,0.02531645569620253,,,,,78,338.8053097345133,41332.81,2,4.0,2102400.0,784,
SAO JOSE,SC,-18.39490537,-32.46299648,2986,2986.0,3,0.0,1.0,,,,,47,313.24285714285713,14955.0,2,3.0,1569441.5999999999,396,
SAO JOSE DA LAJE,AL,-8.99868724,-36.0747107925,18966,18966.7,4,0.7000000000007276,0.09311399346198461,,,,,12,305.0,3165.0,2,4.0,928209.6,104,
SAO JOSE DA LAPA,MG,-19.70111111,-43.95555556,480,480.0,1,0.0,0.0,,,,,112,425.625,25999.989999999998,1,1.0,,1018,
SAO JOSE DE MIPIBU,RN,-3.016162555,-17.624845,1748,1748.3,4,0.2999999999999545,1.0,,,,,22,284.0,9222.56,1,4.0,918748.7999999999,290,
SAO JOSE DE RIBAMAR,MA,-2.58249952,-44.09554651,2400,2400.0,1,0.0,0.0,,,,,21,420.0,10616.16,1,1.0,,244,
SAO JOSE DO BELMONTE,PE,-7.875680073888889,-38.764527200555555,862501,1585501.18,36,723000.1799999999,1.0,,,,,28,315.2631578947368,7640.0,1,20.0,453330525.59999996,222,
SAO JOSE DO CAMPESTRE,RN,-9.580691935,-38.88870607,99000,99000.0,2,0.0,1.0,,,,,22,284.0,9222.56,1,2.0,52034400.0,290,
SAO JOSE DO CEDRO,SC,-26.47979385,-53.462437295,900,6500.0,2,5600.0,1.0,,,,,47,313.24285714285713,14955.0,2,1.0,473040.0,396,
SAO JOSE DO CERRITO,SC,-27.72758334,-50.56494446,0,9400.0,1,9400.0,0.0,,,,,47,313.24285714285713,14955.0,1,,0.0,396,
SAO JOSE DO EGITO,PE,-7.50666667,-37.26947222,73,73.0,1,0.0,1.0,,,,,28,315.2631578947368,7640.0,1,1.0,38368.799999999996,222,
SAO JOSE DO HORTENCIO,RS,-29.52656522,-51.2385901,508,508.0,1,0.0,0.0,,,,,99,275.508064516129,19463.33,1,1.0,,726,
SAO JOSE DO INHACORA,RS,-27.72706,-54.19145694,390,390.0,1,0.0,1.0,,,,,99,275.508064516129,19463.33,1,1.0,204984.0,726,
SAO JOSE DO PEIXE,PI,-7.34764579875,-42.78524457625,0,480000.0,16,480000.0,0.0,,,,,37,381.875,5655.0,1,,0.0,338,
SAO JOSE DO RIO CLARO,MT,-13.666997219999999,-56.639812500000005,5224,5224.0,2,0.0,1.0,,,,,22,357.5,3719.99,1,2.0,2745734.4,352,
SAO JOSE DO RIO PARDO,SP,-21.605273758333336,-46.874370148333334,163809,163809.8,6,0.7999999999883585,0.9911543321795506,,,,,78,338.8053097345133,41332.81,3,6.0,85336416.0,784,
SAO JOSE DO RIO PRETO,SP,-20.809342140000002,-49.37341952571428,5561,5561.0,7,0.0,0.13486782952706347,,,,,78,338.8053097345133,41332.81,2,7.0,394200.0,784,
SAO JOSE DO SABUGI,PB,-6.8597595425,-36.779138599999996,132300,132300.0,4,0.0,1.0,,,,,16,311.0,2342.56,1,4.0,69536880.0,119,
SAO JOSE DO VALE DO RIO PRETO,RJ,-22.18986383,-42.89174642,14000,14000.0,1,0.0,1.0,,,,,23,429.54545454545456,13884.66,1,1.0,7358400.0,226,
SAO JOSE DOS AUSENTES,RS,-28.536115555000002,-49.991597915,0,12300.0,2,12300.0,0.0,,,,,99,275.508064516129,19463.33,1,,0.0,726,
SAO JOSE DOS CAMPOS,SP,-23.18464143117647,-45.886724967647055,89954,89955.45,17,1.4499999999970896,0.0,,,,,78,338.8053097345133,41332.81,1,17.0,,784,
SAO JOSE DOS PINHAIS,PR,-21.340695773333334,-40.948408565,25235,25235.6,6,0.5999999999985448,0.7259361997226075,,,,,61,329.2857142857143,12734.23,3,6.0,9628466.4,433,
SAO LEOPOLDO,RS,-29.779790313333336,-51.143820946666665,7800,7800.0,3,0.0,0.1282051282051282,,,,,99,275.508064516129,19463.33,2,3.0,525600.0,726,
SAO LOURENCO DO OESTE,SC,-13.177588165,-26.42082283,708,708.0,2,0.0,0.2824858757062147,,,,,47,313.24285714285713,14955.0,2,2.0,105120.0,396,
SAO LOURENCO DO SUL,RS,-31.363165305000003,-51.976126390000005,488,488.3,2,0.30000000000001137,1.0,,,,,99,275.508064516129,19463.33,1,2.0,256492.8,726,
SAO LUDGERO,SC,-28.333224086666664,-49.19428599,496,496.52,3,0.5199999999999818,1.0,,,,,47,313.24285714285713,14955.0,1,3.0,260697.59999999998,396,
SAO LUIS,MA,-2.6832083577777777,-44.243062967777774,441426,441426.2,9,0.20000000001164153,0.0030582702423509263,,,,,21,420.0,10616.16,2,9.0,709560.0,244,
SAO LUIS DO QUITUNDE,AL,-9.30202096,-35.608431165,27872,27872.5,2,0.5,0.0169345579793341,,,,,12,305.0,3165.0,2,2.0,248083.19999999998,104,
SAO LUIZ GONZAGA,RS,-28.40067633,-54.96256233,1600,1600.0,1,0.0,0.0,,,,,99,275.508064516129,19463.33,1,1.0,,726,
SAO MAMEDE,PB,-6.9460959835416665,-37.035767365625,0,2348692.0,48,2348692.0,0.0,,,,,16,311.0,2342.56,1,,0.0,119,
SAO MANUEL,SP,-22.702163415,-48.557670875,15160,15160.0,2,0.0,0.0,,,,,78,338.8053097345133,41332.81,1,2.0,,784,
SAO MARCOS,RS,-28.98676939,-51.07302781,420,720.0,1,300.0,1.0,,,,,99,275.508064516129,19463.33,1,1.0,220752.0,726,
SAO MATEUS,ES,0.0,0.0,270,270.0,1,0.0,1.0,,,,,9,342.0833333333333,6516.66,1,1.0,141912.0,130,
SAO MATEUS DO SUL,PR,-26.00927078,-50.60844566,168,168.0,1,0.0,0.0,,,,,61,329.2857142857143,12734.23,1,1.0,,433,
SAO MIGUEL ARCANJO,SP,-23.995465120000002,-47.94606213666666,1920,1920.9,3,0.900000000000091,1.0,,,,,78,338.8053097345133,41332.81,1,3.0,1009152.0,784,
SAO MIGUEL DO GOSTOSO,RN,-5.6289615694736845,-36.09669319842106,543875,573875.0,19,30000.0,1.0,,,,,22,284.0,9222.56,2,18.0,285860700.0,290,
SAO MIGUEL DOS CAMPOS,AL,-9.77704647,-36.08536859,62500,62500.0,1,0.0,0.0,,,,,12,305.0,3165.0,1,1.0,,104,
SAO PAULO,SP,-23.327180273955555,-46.23073796231111,1002831,1136472.22,225,133641.21999999997,0.01128106330977004,1680000.0,495173.0,2.0,0.7052541666666667,78,338.8053097345133,41332.81,3,223.0,5946112.8,784,
SAO PAULO DE OLIVENCA,AM,-4.497841660000001,-69.45079755500001,6336,6336.0,2,0.0,0.0,,,,,7,328.1818181818182,4127.5,1,2.0,,179,
SAO PEDRO,SP,-22.64369419,-47.85397611,525,525.0,1,0.0,1.0,,,,,78,338.8053097345133,41332.81,1,1.0,275940.0,784,
SAO PEDRO DA ALDEIA,RJ,-22.801407830000002,-42.1257720825,2553,2554.4,4,1.400000000000091,0.0,1141200.0,1421545.0,1.0,0.0,23,429.54545454545456,13884.66,1,4.0,,226,
SAO PEDRO DE ALCANTARA,SC,-27.58166667,-48.73166667,2400,2400.0,1,0.0,1.0,,,,,47,313.24285714285713,14955.0,1,1.0,1261440.0,396,
SAO PEDRO DO IVAI,PR,-23.87400967,-51.83653455,18400,18400.0,1,0.0,0.0,,,,,61,329.2857142857143,12734.23,1,1.0,,433,
SAO PEDRO DO PIAUI,PI,-5.81818738,-42.78659719,192,192.0,1,0.0,0.0,,,,,37,381.875,5655.0,1,1.0,,338,
SAO PEDRO DO TURVO,SP,-22.67514966,-49.76271455,1384,1384.0,1,0.0,0.0,,,,,78,338.8053097345133,41332.81,1,1.0,,784,
SAO ROMAO,MG,-16.355923888,-45.093647222,0,150000.0,5,150000.0,0.0,,,,,112,425.625,25999.989999999998,1,,0.0,1018,
SAO ROQUE,SP,-23.52517633,-47.12581233,364,364.0,1,0.0,0.0,,,,,78,338.8053097345133,41332.81,1,1.0,,784,
SAO SEBASTIAO DA BOA VISTA,PA,-1.72110873,-49.52888922,6000,6000.0,1,0.0,0.0,,,,,28,380.5882352941176,18060.0,1,1.0,,419,
SAO SEBASTIAO DO PARAISO,MG,-20.91128102,-46.99208719,1474,1474.0,3,0.0,0.0,,,,,112,425.625,25999.989999999998,1,3.0,,1018,
SAO SEBASTIAO DO UATUMA,AM,-2.575691285,-57.92724986,6735,6735.5,2,0.5,0.0,,,,,7,328.1818181818182,4127.5,1,2.0,,179,
SAO SEPE,RS,-30.10144917,-53.65444417,8000,8000.0,1,0.0,0.0,,,,,99,275.508064516129,19463.33,1,1.0,,726,
SAO SIMAO,GO,-18.98179722,-50.610172225,4200,52200.0,2,48000.0,0.0,,,,,34,286.2564102564103,10976.33,2,1.0,0.0,295,
SAO TOME,PR,-23.54472222,-52.64555556,5775,5775.0,1,0.0,0.0,,,,,61,329.2857142857143,12734.23,1,1.0,,433,
SAO TOME,RN,-6.0013635206250004,-36.154222153125,470700,909700.0,16,439000.0,1.0,,,,,22,284.0,9222.56,1,9.0,247399920.0,290,
SAO VICENTE,SP,-23.963644326666667,-46.37671880333334,3248,3248.0,3,0.0,0.0,,,,,78,338.8053097345133,41332.81,1,3.0,,784,
SAO VICENTE DO SERIDO,PB,-4.5160222,-24.278601626666667,0,171500.0,6,171500.0,0.0,,,,,16,311.0,2342.56,1,,0.0,119,
SAPEZAL,MT,-13.415038410000001,-58.91069786166667,23540,73538.0,6,49998.0,1.0,,,,,22,357.5,3719.99,3,5.0,12372624.0,352,
SAPIRANGA,RS,-29.62680914,-51.006284945,2632,2632.0,2,0.0,0.22796352583586627,,,,,99,275.508064516129,19463.33,2,2.0,315360.0,726,
SAPUCAI-MIRIM,MG,-22.79771667,-45.81409722,73,73.04,1,0.04000000000000625,1.0,,,,,112,425.625,25999.989999999998,1,1.0,38368.799999999996,1018,
SAPUCAIA DO SUL,RS,-29.827563716666663,-51.14885062,1713,1713.08,3,0.07999999999992724,0.5796847635726795,,,,,99,275.508064516129,19463.33,2,3.0,521920.8,726,
SARANDI,RS,-27.93989855,-52.91359011,365,365.0,1,0.0,0.0,,,,,99,275.508064516129,19463.33,1,1.0,,726,
SARAPUI,SP,-23.63700967,-47.81553455,92,92.0,1,0.0,0.0,,,,,78,338.8053097345133,41332.81,1,1.0,,784,
SARZEDO,MG,-20.034535,-44.14586694,3200,3200.0,1,0.0,0.0,,,,,112,425.625,25999.989999999998,1,1.0,,1018,
SAUDADE DO IGUACU,PR,-25.62876331,-52.61452548,1420000,1420000.0,1,0.0,1.0,,,,,61,329.2857142857143,12734.23,1,1.0,746352000.0,433,
SAUDADES,SC,-26.89958333,-53.02958333,2250,2250.0,1,0.0,1.0,,,,,47,313.24285714285713,14955.0,1,1.0,1182600.0,396,
SCHROEDER,SC,-13.165007195,-24.54768278,15075,15075.0,2,0.0,1.0,,,,,47,313.24285714285713,14955.0,2,2.0,7923420.0,396,
SEBASTIANOPOLIS DO SUL,SP,-20.58104577,-49.94241511,98000,98000.0,2,0.0,0.0,,,,,78,338.8053097345133,41332.81,1,2.0,,784,
SEBASTIAO LEAL,PI,0.0,0.0,2480,2480.0,1,0.0,1.0,,,,,37,381.875,5655.0,1,1.0,1303488.0,338,
SEBERI,RS,-27.59805556,-53.38583333,801,801.0,1,0.0,1.0,,,,,99,275.508064516129,19463.33,1,1.0,421005.6,726,
SELVIRIA,SP,-20.38333333,-51.36653361,3444000,3444000.0,1,0.0,1.0,,,,,78,338.8053097345133,41332.81,1,1.0,1810166400.0,784,
SENGES,PR,-24.16433322,-49.48208888333334,7840,7840.0,3,0.0,0.5918367346938775,,,,,61,329.2857142857143,12734.23,2,3.0,2438784.0,433,
SENTO SE,BA,-9.886248304259258,-39.52965902203704,1514030,3336030.64,108,1822000.6400000001,1.0,,,,,71,380.63157894736844,19914.15,2,58.0,795774168.0,852,
SEROPEDICA,RJ,-22.742702186666666,-43.68253625,892858,892858.0,3,0.0,0.0,14076000.0,26709288.0,1.0,0.0,23,429.54545454545456,13884.66,1,3.0,,226,
SERRA,ES,-10.602830385263157,-21.190998441578948,394952,394954.13,19,2.1300000000046566,0.021729222791630375,,,,,9,342.0833333333333,6516.66,3,19.0,4510699.2,130,
SERRA ALTA,SC,-26.73944161,-52.97861793,909,909.0,1,0.0,1.0,,,,,47,313.24285714285713,14955.0,1,1.0,477770.39999999997,396,
SERRA DO MEL,RN,-5.15447187877551,-37.052350590204085,1633182,1970008.0,49,336826.0,1.0,,,,,22,284.0,9222.56,2,42.0,858400459.1999999,290,
SERRA DO SALITRE,MG,-19.06444801,-46.72980199,30000,30000.0,1,0.0,0.0,,,,,112,425.625,25999.989999999998,1,1.0,,1018,
SERRA DOS AIMORES,MG,-17.83747012,-40.18804968,4200,4200.0,1,0.0,0.0,,,,,112,425.625,25999.989999999998,1,1.0,,1018,
SERRA TALHADA,PE,-6.3970745,-30.802185499999997,1286,127522.0,5,126236.0,1.0,,,,,28,315.2631578947368,7640.0,1,2.0,675921.6,222,
SERRANA,SP,-21.173129754999998,-47.624426575,100000,115000.0,2,15000.0,0.0,,,,,78,338.8053097345133,41332.81,1,2.0,,784,
SERRANIA,MG,-21.55280972,-46.111322224999995,1308,1308.8,2,0.7999999999999545,1.0,,,,,112,425.625,25999.989999999998,1,2.0,687484.7999999999,1018,
SERRANOPOLIS,GO,-18.219383821764705,-52.256517483529414,10000,810000.0,17,800000.0,0.0,,,,,34,286.2564102564103,10976.33,2,1.0,0.0,295,
SERRINHA,BA,-11.67233333,-39.00169444,720,720.0,1,0.0,0.0,,,,,71,380.63157894736844,19914.15,1,1.0,,852,
SERTANOPOLIS,PR,-23.05833333,-51.0447221,2,2.0,1,0.0,1.0,,,,,61,329.2857142857143,12734.23,1,1.0,1051.2,433,
SERTAOZINHO,SP,-19.002030439000002,-43.193416733999996,115928,128428.0,10,12500.0,0.0010351252501552687,,,,,78,338.8053097345133,41332.81,2,9.0,63072.0,784,
SETE LAGOAS,MG,-19.459136214,-44.24706015466666,14360,14360.05,15,0.049999999999272404,0.0011142061281337048,,,,,112,425.625,25999.989999999998,2,15.0,8409.6,1018,
SEVERINIA,SP,-20.82110014,-48.82270001,9400,9400.0,1,0.0,0.0,,,,,78,338.8053097345133,41332.81,1,1.0,,784,
SIDEROPOLIS,SC,-28.605555,-49.402222,80,80.0,1,0.0,0.0,,,,,47,313.24285714285713,14955.0,1,1.0,,396,
SIDROLANDIA,MS,-20.89694444,-54.90166667,53125,53125.0,1,0.0,0.0,,,,,30,218.0952380952381,5050.0,1,1.0,,269,
SILVES,AM,-2.76409944,-58.188875628000005,32130,984492.0,5,952362.0,0.0,,,,,7,328.1818181818182,4127.5,1,2.0,,179,
SIMAO DIAS,SE,-10.704670069999999,-37.81108594,2295,2295.0,2,0.0,0.0,,,,,5,365.0,315.0,1,2.0,,187,
SIMOES,PI,-7.644038057619047,-40.687777325238095,694300,694300.0,21,0.0,1.0,,,,,37,381.875,5655.0,1,21.0,364924080.0,338,
SIMOES FILHO,BA,-11.520160478,-34.572333789,10974,10975.3,10,1.2999999999992724,0.016402405686167305,,,,,71,380.63157894736844,19914.15,2,10.0,94608.0,852,
SIMONESIA,MG,-19.99861111,-41.99805556,3000,3000.0,1,0.0,1.0,,,,,112,425.625,25999.989999999998,1,1.0,1576800.0,1018,
SINOP,MT,-11.898010589090909,-55.55019654545454,91895,91895.0,11,0.0,0.05440992437020513,,,,,22,357.5,3719.99,2,11.0,2628000.0,352,
SIRINHAEM,PE,-8.61222188,-35.15699841,21330,21330.0,2,0.0,0.2109704641350211,,,,,28,315.2631578947368,7640.0,2,2.0,2365200.0,222,
SITIO D'ABADIA,GO,-14.68821614,-46.29921973,12000,12000.0,1,0.0,1.0,,,,,34,286.2564102564103,10976.33,1,1.0,6307200.0,295,
SOBRADINHO,BA,-7.9611347299999995,-34.063431195,1134300,1500652.0,18,366352.0,1.0,,,,,71,380.63157894736844,19914.15,3,5.0,596188080.0,852,
SOBRAL,CE,-3.67339578,-40.21070670428571,5300,645300.0,14,640000.0,0.0,,,,,40,345.0,15125.0,2,2.0,0.0,383,
SOCORRO,SP,-22.60833333,-46.44166667,1000,1000.0,1,0.0,1.0,,,,,78,338.8053097345133,41332.81,1,1.0,525600.0,784,
SOLEDADE,RS,-28.84009551,-52.70141829,1280,1280.0,1,0.0,1.0,,,,,99,275.508064516129,19463.33,1,1.0,672768.0,726,
SONORA,MS,-17.61810784,-54.824931805,39500,39500.0,2,0.0,0.11392405063291139,,,,,30,218.0952380952381,5050.0,2,2.0,2365200.0,269,
SONORA,MT,-17.572770105,-54.629939315,200100,200100.0,2,0.0,1.0,,,,,22,357.5,3719.99,2,2.0,105172560.0,352,
SOROCABA,SP,-23.52697762909091,-47.47792956,9465,9465.9,11,0.8999999999996362,0.0,,,,,78,338.8053097345133,41332.81,1,11.0,,784,
SORRISO,MT,-12.49246334,-55.83030016666667,68275,68275.6,6,0.6000000000058208,0.01170267301354815,,,,,22,357.5,3719.99,3,6.0,419954.39999999997,352,
SOUTO SOARES,BA,-12.08423134,-41.49362596,49500,49500.0,1,0.0,1.0,,,,,71,380.63157894736844,19914.15,1,1.0,26017200.0,852,
SUD MENNUCCI,SP,-20.727310385000003,-50.956128385,67000,67000.0,2,0.0,0.0,,,,,78,338.8053097345133,41332.81,1,2.0,,784,
SUL BRASIL,SC,-26.75725917,-52.90779444,4500,4500.0,1,0.0,1.0,,,,,47,313.24285714285713,14955.0,1,1.0,2365200.0,396,
SUMARE,SP,-22.82513437333333,-47.233826533333335,7054,7054.0,3,0.0,0.0,,,,,78,338.8053097345133,41332.81,1,3.0,,784,
SUME,PB,-7.70333331,-36.86361111,1845,1845.0,1,0.0,1.0,,,,,16,311.0,2342.56,1,1.0,969732.0,119,
SUMIDOURO,RJ,-22.08083240666667,-42.652535183333335,70,71.53999999999999,3,1.539999999999992,1.0,,,,,23,429.54545454545456,13884.66,1,3.0,36792.0,226,
SUZANAPOLIS,SP,-20.40611111,-51.02916667,48500,48500.0,1,0.0,0.0,,,,,78,338.8053097345133,41332.81,1,1.0,,784,
SUZANO,SP,-23.369950145,-46.4938765625,41450,41450.0,4,0.0,0.0026537997587454767,,,,,78,338.8053097345133,41332.81,2,4.0,57816.0,784,
TABAPORA,MT,-11.394870303333335,-56.02144374333333,1553,1553.6,3,0.599999999999909,1.0,,,,,22,357.5,3719.99,1,3.0,816256.7999999999,352,
TABATINGA,AM,-4.200429625,-69.8356690175,20481,20481.0,4,0.0,0.0,,,,,7,328.1818181818182,4127.5,1,4.0,,179,
TABOAO DA SERRA,SP,-23.612769855714284,-46.765937982857146,5515,5515.0,7,0.0,0.0,,,,,78,338.8053097345133,41332.81,1,7.0,,784,
TABOCAS DO BREJO VELHO,BA,-12.556803766,-44.130130187999995,275800,551800.0,20,276000.0,1.0,,,,,71,380.63157894736844,19914.15,1,10.0,144960480.0,852,
TABULEIRO DO NORTE,CE,-5.2595871925,-37.97518264,123732,123732.0,4,0.0,1.0,,,,,40,345.0,15125.0,1,4.0,65033539.199999996,383,
TACAIMBO,PE,-8.33039185,-36.23993742818182,103230,285951.0,11,182721.0,1.0,,,,,28,315.2631578947368,7640.0,1,3.0,54257688.0,222,
TACARATU,PE,-9.048965258571428,-38.11243940714286,188900,188900.0,7,0.0,1.0,,,,,28,315.2631578947368,7640.0,2,7.0,99285840.0,222,
TACIBA,SP,-22.65468656,-51.35708795,643000,643000.0,1,0.0,1.0,,,,,78,338.8053097345133,41332.81,1,1.0,337960800.0,784,
TAGUATINGA,TO,-12.49893591,-46.355906185,6571,6571.0,2,0.0,1.0,,,,,13,398.75,3940.0,2,2.0,3453717.6,139,
TAILANDIA,PA,-2.52591667,-48.79791667,2710,2710.4,1,0.40000000000009095,0.0,,,,,28,380.5882352941176,18060.0,1,1.0,,419,
TAIO,SC,-27.058725213846156,-50.12231166307693,20537,25817.6,13,5280.5999999999985,1.0,,,,,47,313.24285714285713,14955.0,2,12.0,10794247.2,396,
TAMANDARE,PE,-8.76422222,-35.31622222,3000,3000.0,1,0.0,0.0,,,,,28,315.2631578947368,7640.0,1,1.0,,222,
TAMARANA,PR,-23.732645554999998,-51.010249509999994,10456,10456.0,2,0.0,0.9563886763580719,,,,,61,329.2857142857143,12734.23,2,2.0,5256000.0,433,
TAMBOARA,PR,-23.26589722,-52.49213889,10026,10026.0,1,0.0,0.0,525600.0,95681.0,1.0,0.8179585235920852,61,329.2857142857143,12734.23,1,1.0,,433,
TANABI,SP,-20.53449431,-49.57801041,72228,72228.0,3,0.0,0.0,,,,,78,338.8053097345133,41332.81,1,3.0,,784,
TANGARA,SC,-27.107937114285715,-51.23313967285714,27382,27382.0,7,0.0,0.8283543933971222,,,,,47,313.24285714285713,14955.0,3,7.0,11921659.2,396,
TANGARA DA SERRA,MT,-13.001556522222224,-51.456544692222224,20370,33050.0,9,12680.0,0.9509081983308787,,,,,22,357.5,3719.99,4,7.0,10180872.0,352,
TANGUA,RJ,-22.74666667,-42.78222222,1280,1280.0,1,0.0,0.0,,,,,23,429.54545454545456,13884.66,1,1.0,,226,
TANQUE NOVO,BA,-13.660758455,-42.5743332,162000,162000.0,6,0.0,1.0,,,,,71,380.63157894736844,19914.15,1,6.0,85147200.0,852,
TAPAUA,AM,-2.8463877925,-31.898055137500002,8739,10040.56,4,1301.5599999999995,0.0,,,,,7,328.1818181818182,4127.5,2,2.0,0.0,179,
TAPEJARA,PR,-23.74800967,-52.87333455,50500,50500.0,1,0.0,0.0,,,,,61,329.2857142857143,12734.23,1,1.0,,433,
TAPERA,RS,-28.62942553,-52.93563052,1120,1120.0,1,0.0,1.0,,,,,99,275.508064516129,19463.33,1,1.0,588672.0,726,
TAPIRA,MG,-19.88028466,-46.84444566,1824,1824.8,1,0.7999999999999545,0.0,,,,,112,425.625,25999.989999999998,1,1.0,,1018,
TAPIRAI,SP,-24.042512605,-47.386063405,68800,68800.0,2,0.0,1.0,,,,,78,338.8053097345133,41332.81,1,2.0,36161280.0,784,
TAPIRATIBA,SP,-21.47666667,-46.80583333,3200,3200.0,1,0.0,0.0,,,,,78,338.8053097345133,41332.81,1,1.0,,784,
TAPURAH,MT,-12.36721889,-56.29749905,1560,1560.0,1,0.0,0.0,,,,,22,357.5,3719.99,1,1.0,,352,
TAQUARACU DE MINAS,MG,-19.64922958,-43.69183871,2880,2880.0,1,0.0,1.0,,,,,112,425.625,25999.989999999998,1,1.0,1513728.0,1018,
TAQUARIVAI,SP,-23.92000967,-48.68353455,92,92.0,1,0.0,0.0,,,,,78,338.8053097345133,41332.81,1,1.0,,784,
TARAUACA,AC,-8.157028885,-70.773682915,17513,17513.2,2,0.2000000000007276,0.0,,,,,3,230.0,490.0,1,2.0,,87,
TARUMA,SP,-22.756662943333335,-50.582987126666666,44553,44553.0,3,0.0,0.0,,,,,78,338.8053097345133,41332.81,1,3.0,,784,
TATUI,SP,-23.344101785,-47.861076839999996,4532,4532.0,2,0.0,0.0,,,,,78,338.8053097345133,41332.81,1,2.0,,784,
TAUA,CE,-5.998899073333333,-40.32281882666667,5000,279722.0,9,274722.0,1.0,,,,,40,345.0,15125.0,1,1.0,2628000.0,383,
TAUBATE,SP,-23.033717373,-45.552655785,3876,3876.2,10,0.1999999999998181,0.0,,,,,78,338.8053097345133,41332.81,1,10.0,,784,
TEFE,AM,-3.4098797383333337,-64.65055325833333,31868,41668.0,6,9800.0,0.0,,,,,7,328.1818181818182,4127.5,1,5.0,,179,
TEIXEIRA DE FREITAS,BA,-17.54230555,-39.74130556,360,360.0,1,0.0,0.0,,,,,71,380.63157894736844,19914.15,1,1.0,,852,
TELEMACO BORBA,PR,-24.183977055,-50.655128385,129569,129569.0,2,0.0,0.12594833640762837,,,,,61,329.2857142857143,12734.23,2,2.0,8577266.4,433,
TENENTE LAURENTINO CRUZ,RN,-6.13531074,-36.72199512,28000,28000.0,1,0.0,1.0,,,,,22,284.0,9222.56,1,1.0,14716800.0,290,
TEODORO SAMPAIO,SP,-22.34972019,-52.52397291,38100,38100.0,1,0.0,0.0,,,,,78,338.8053097345133,41332.81,1,1.0,,784,
TEOFILO OTONI,MG,-11.961676296666667,-27.790441543333333,489,489.0,3,0.0,0.7055214723926381,,,,,112,425.625,25999.989999999998,2,3.0,181332.0,1018,
TEOTONIO VILELA,AL,-9.91194459,-36.344767565,62500,62500.0,2,0.0,0.0,,,,,12,305.0,3165.0,1,2.0,,104,
TERESINA,PI,-3.682247088888889,-30.908533759999997,15033,15035.0,18,2.0,0.2165236479744562,,,,,37,381.875,5655.0,2,18.0,1710828.0,338,
TERESOPOLIS,RJ,-22.317747575,-42.803842165000006,4401,4401.8,2,0.8000000000001819,0.01113383321972279,,,,,23,429.54545454545456,13884.66,2,2.0,25754.399999999998,226,
TERRA NOVA,BA,-12.40805556,-38.62194444,225,225.0,1,0.0,1.0,,,,,71,380.63157894736844,19914.15,1,1.0,118260.0,852,
TERRA NOVA,PE,-8.089945763333333,-39.34499141166666,180000,180000.0,6,0.0,1.0,,,,,28,315.2631578947368,7640.0,1,6.0,94608000.0,222,
TERRA RICA,PR,-22.78307967,-52.70404455,16500,16500.0,1,0.0,0.0,,,,,61,329.2857142857143,12734.23,1,1.0,,433,
TERRA ROXA,SP,-20.74416667,-48.4125,230,230.0,1,0.0,1.0,,,,,78,338.8053097345133,41332.81,1,1.0,120888.0,784,
TERRA SANTA,PA,-2.10444103,-56.48749194,7520,7520.0,1,0.0,0.0,,,,,28,380.5882352941176,18060.0,1,1.0,,419,
TESOURO,MT,-15.87972222,-53.58138889,675,675.0,1,0.0,1.0,,,,,22,357.5,3719.99,1,1.0,354780.0,352,
TIANGUA,CE,-3.823464005625,-41.165299976875,84380,891775.0,16,807395.0,1.0,,,,,40,345.0,15125.0,2,3.0,44350128.0,383,
TIBAGI,PR,-24.566026836666666,-50.39593051333333,36018,111018.0,3,75000.0,1.0,,,,,61,329.2857142857143,12734.23,2,1.0,18931060.8,433,
TIETE,SP,-23.072319999999998,-47.712604165,2800,2800.0,2,0.0,0.0,,,,,78,338.8053097345133,41332.81,1,2.0,,784,
TIJUCAS,SC,-27.24138876,-48.63361102,265,265.0,1,0.0,0.0,,,,,47,313.24285714285713,14955.0,1,1.0,,396,
TIMBAUBA,PE,-2.5169444433333332,-11.75851852,13100,13100.0,3,0.0,0.08396946564885496,,,,,28,315.2631578947368,7640.0,2,3.0,578160.0,222,
TIMBO,SC,0.0,0.0,325,325.0,2,0.0,1.0,,,,,47,313.24285714285713,14955.0,1,2.0,170820.0,396,
TIMOTEO,MG,-19.556525070000003,-42.627999296666665,816,816.0,3,0.0,0.0,,,,,112,425.625,25999.989999999998,1,3.0,,1018,
TIO HUGO,RS,-28.573043065,-52.563613939999996,13800,13800.0,2,0.0,1.0,,,,,99,275.508064516129,19463.33,2,2.0,7253280.0,726,
TIROS,MG,-18.99598197,-45.95738221,800,800.0,1,0.0,0.0,,,,,112,425.625,25999.989999999998,1,1.0,,1018,
TOCANTINOPOLIS,TO,-6.32897182,-47.433333045,280,280.0,2,0.0,0.0,,,,,13,398.75,3940.0,1,2.0,,139,
TOLEDO,PR,-18.536767515,-40.31034769,3005,4605.65,4,1600.6499999999996,1.0,,,,,61,329.2857142857143,12734.23,2,3.0,1579428.0,433,
TOMBOS,MG,-20.91452778,-42.02694444,2880,2880.0,1,0.0,1.0,,,,,112,425.625,25999.989999999998,1,1.0,1513728.0,1018,
TOME-ACU,PA,-2.85512222,-48.23579444,2000,2000.0,1,0.0,0.0,,,,,28,380.5882352941176,18060.0,1,1.0,,419,
TONANTINS,AM,-2.8877777,-67.79416658,4928,4928.0,1,0.0,0.0,,,,,7,328.1818181818182,4127.5,1,1.0,,179,
TORIXOREU,MT,-16.29972222,-52.7075,2400,2400.0,1,0.0,1.0,,,,,22,357.5,3719.99,1,1.0,1261440.0,352,
TORRES,RS,0.0,0.0,1210,1210.0,1,0.0,1.0,,,,,99,275.508064516129,19463.33,1,1.0,635976.0,726,
TORRINHA,SP,-22.37776817,-48.17416667,640,640.0,1,0.0,1.0,,,,,78,338.8053097345133,41332.81,1,1.0,336384.0,784,
TOUROS,RN,-3.789613384,-25.645028434,285515,732915.0,25,447400.0,1.0,,,,,22,284.0,9222.56,1,12.0,150066684.0,290,
TRAIRI,CE,-3.27581282030303,-39.32221939848485,869490,869490.0,33,0.0,1.0,,,,,40,345.0,15125.0,2,33.0,457003944.0,383,
TRAJANO DE MORAIS,RJ,-22.13928551,-42.09805831,21000,21000.0,1,0.0,1.0,,,,,23,429.54545454545456,13884.66,1,1.0,11037600.0,226,
TRAMANDAI,RS,-30.07905905,-50.17205613,70000,70000.0,1,0.0,1.0,,,,,99,275.508064516129,19463.33,1,1.0,36792000.0,726,
TREMEMBE,SP,-22.91541667,-45.61358056,4278,4278.0,1,0.0,0.0,,,,,78,338.8053097345133,41332.81,1,1.0,,784,
TRES BARRAS,SC,-26.1089215,-50.310295055,80273,80273.0,2,0.0,0.0,,,,,47,313.24285714285713,14955.0,1,2.0,,396,
TRES DE MAIO,RS,-27.77138889,-54.38833333,1580,1580.0,1,0.0,1.0,,,,,99,275.508064516129,19463.33,1,1.0,830448.0,726,
TRES LAGOAS,MS,-20.75213757,-51.65241397166667,1100602,1100602.0,6,0.0,0.0,,,,,30,218.0952380952381,5050.0,1,6.0,,269,
TRES LAGOAS,SP,-20.775833,-51.626667,1551200,1551200.0,1,0.0,1.0,,,,,78,338.8053097345133,41332.81,1,1.0,815310720.0,784,
TRES MARIAS,MG,-18.201855553333335,-45.14347962666667,396000,496000.0,3,100000.0,1.0,,,,,112,425.625,25999.989999999998,2,1.0,208137600.0,1018,
TRES PASSOS,RS,-27.44405548,-53.91408331,100,100.0,1,0.0,0.0,,,,,99,275.508064516129,19463.33,1,1.0,,726,
TRES PONTAS,MG,-21.37215797,-45.38637279666667,747,748.2,3,1.2000000000000455,0.0,,,,,112,425.625,25999.989999999998,1,3.0,,1018,
TREZE DE MAIO,SC,-28.560833329999998,-49.135925926666665,1250,1250.48,3,0.4800000000000182,1.0,,,,,47,313.24285714285713,14955.0,1,3.0,657000.0,396,
TRIUNFO,RS,-29.88800322333333,-51.507270776666665,104950,104950.0,3,0.0,0.005240590757503573,324000.0,206300.0,1.0,0.3632716049382716,99,275.508064516129,19463.33,2,3.0,289080.0,726,
TROMBUDO CENTRAL,SC,-27.300611115000002,-49.791166665,150,28173.0,2,28023.0,1.0,,,,,47,313.24285714285713,14955.0,2,1.0,78840.0,396,
TUBARAO,SC,-28.462491266,-48.997224568,11457,11458.33,5,1.3299999999999272,0.9901370341276076,,,,,47,313.24285714285713,14955.0,3,5.0,5962406.399999999,396,
TUCANO,BA,-11.264741151666668,-38.79831747,266600,266600.0,6,0.0,1.0,,,,,71,380.63157894736844,19914.15,1,6.0,140124960.0,852,
TUCUMA,PA,-6.84239855,-51.42359011,2480,2480.0,1,0.0,0.0,,,,,28,380.5882352941176,18060.0,1,1.0,,419,
TUCURUI,PA,-3.86946570517934,-49.792045395078915,8536397,8536397.0,1394,0.0,1.0,,,,,28,380.5882352941176,18060.0,2,1394.0,4486730263.2,419,
TUNAS DO PARANA,PR,-25.02033061,-49.05657781,825,825.0,1,0.0,1.0,,,,,61,329.2857142857143,12734.23,1,1.0,433620.0,433,
TUNEIRAS DO OESTE,PR,-23.97194444,-52.94777778,0,8000.0,1,8000.0,0.0,,,,,61,329.2857142857143,12734.23,1,,0.0,433,
TUPA,SP,-21.93075278,-50.51347222,208,208.0,1,0.0,0.0,,,,,78,338.8053097345133,41332.81,1,1.0,,784,
TUPACIGUARA,MG,-18.7159580725,-48.628396297500004,91260,91260.0,4,0.0,0.0,219856.0,13493.0,1.0,0.938628011061786,112,425.625,25999.989999999998,1,4.0,,1018,
TUPANDI,RS,-29.49661764,-51.41499853,1440,1440.0,1,0.0,0.0,,,,,99,275.508064516129,19463.33,1,1.0,,726,
TURVANIA,GO,-16.5309715275,-50.17774756875,0,400000.0,8,400000.0,0.0,,,,,34,286.2564102564103,10976.33,1,,0.0,295,
TURVELANDIA,GO,-17.969363225000002,-50.309155845,65000,65000.0,2,0.0,0.0,,,,,34,286.2564102564103,10976.33,1,2.0,,295,
TURVO,PR,-24.9076816675,-51.422489385000006,49520,49520.0,4,0.0,1.0,,,,,61,329.2857142857143,12734.23,2,4.0,26027712.0,433,
TURVO,SC,-26.494691352500002,-49.675816865,3994,3994.4,4,0.40000000000009095,0.0,,,,,47,313.24285714285713,14955.0,1,4.0,,396,
UARINI,AM,-2.98611111,-65.15777778,4224,4224.0,1,0.0,0.0,,,,,7,328.1818181818182,4127.5,1,1.0,,179,
UBA,MG,-21.14944444,-42.93888889,204,204.0,1,0.0,0.0,,,,,112,425.625,25999.989999999998,1,1.0,,1018,
UBAITABA,BA,-14.22905584,-39.46204685,30000,30000.0,1,0.0,1.0,,,,,71,380.63157894736844,19914.15,1,1.0,15768000.0,852,
UBAJARA,CE,-3.88377241375,-41.105255227499995,111230,363230.0,8,252000.0,1.0,,,,,40,345.0,15125.0,1,5.0,58462488.0,383,
UBARANA,SP,-21.296111,-49.783056,264000,264000.0,1,0.0,1.0,,,,,78,338.8053097345133,41332.81,1,1.0,138758400.0,784,
UBERABA,MG,-19.700136639310347,-47.961675431034486,178409,178409.6,29,0.6000000000058208,0.0,,,,,112,425.625,25999.989999999998,1,29.0,,1018,
UBERLANDIA,MG,-18.967014059375,-48.270769658958336,86514,86515.84,48,1.8399999999965075,0.3335298333217745,,,,,112,425.625,25999.989999999998,5,48.0,15166188.0,1018,
UBIRATA,PR,-24.61916669,-52.95777781,37,37.5,1,0.5,1.0,,,,,61,329.2857142857143,12734.23,1,1.0,19447.2,433,
UIBAI,BA,-11.825331972222223,-42.22596347333334,222300,352300.0,9,130000.0,1.0,,,,,71,380.63157894736844,19914.15,2,5.0,116840880.0,852,
UIRAMUTA,RR,4.54788865347826,-60.214430416956525,2760,2764.19,23,4.190000000000055,0.0,,,,,1,500.0,800.0,1,23.0,,42,
ULIANOPOLIS,PA,-3.71751,-47.4876,20000,20000.0,1,0.0,0.0,,,,,28,380.5882352941176,18060.0,1,1.0,,419,
UMARI,CE,-6.617596825714286,-38.85094166571429,0,316500.0,7,316500.0,0.0,,,,,40,345.0,15125.0,1,,0.0,383,
UMBURANAS,BA,-10.580745236,-41.388420939999996,58800,448800.0,15,390000.0,1.0,,,,,71,380.63157894736844,19914.15,2,2.0,30905280.0,852,
UMUARAMA,PR,-18.996903246,-42.655093644,18415,18415.0,5,0.0,0.13114308987238665,,,,,61,329.2857142857143,12734.23,2,5.0,1269324.0,433,
UNAI,MG,-16.208315875,-46.826181434999995,27528,27528.0,4,0.0,0.9452194129613485,,,,,112,425.625,25999.989999999998,3,4.0,13676112.0,1018,
UNIAO,PI,-4.85472222,-42.88611111,23500,23500.0,1,0.0,0.0,,,,,37,381.875,5655.0,1,1.0,,338,
UNIAO DA VITORIA,PR,-26.174355695,-51.11324629,17033,17033.0,4,0.0,0.050783772676569014,,,,,61,329.2857142857143,12734.23,3,4.0,454644.0,433,
UNIAO DOS PALMARES,AL,-9.12085,-36.01421,4950,4950.0,1,0.0,0.0,,,,,12,305.0,3165.0,1,1.0,,104,
URANDI,BA,-14.672307790526316,-42.59470839526316,108000,672200.0,19,564200.0,1.0,,,,,71,380.63157894736844,19914.15,1,3.0,56764800.0,852,
URUACU,GO,-14.483819445,-49.08812361,5000,55000.0,2,50000.0,0.0,,,,,34,286.2564102564103,10976.33,2,1.0,0.0,295,
URUBICI,SC,-27.96386111,-49.71369444,830,830.0,1,0.0,1.0,,,,,47,313.24285714285713,14955.0,1,1.0,436248.0,396,
URUBURETAMA,CE,-3.61882966,-39.50631455,24,24.0,1,0.0,0.0,,,,,40,345.0,15125.0,1,1.0,,383,
URUCANIA,MG,-20.30130878,-42.69056232,3800,3800.0,1,0.0,0.0,,,,,112,425.625,25999.989999999998,1,1.0,,1018,
URUCARA,AM,-2.53472222,-57.76055556,8349,8349.0,1,0.0,0.0,,,,,7,328.1818181818182,4127.5,1,1.0,,179,
URUCUI,PI,0.0,0.0,1197,1197.0,1,0.0,1.0,,,,,37,381.875,5655.0,1,1.0,629143.2,338,
URUCURITUBA,AM,-2.9454784050000002,-57.95846412,8690,8690.5,2,0.5,0.0,,,,,7,328.1818181818182,4127.5,1,2.0,,179,
URUGUAIANA,RS,-29.87434004,-56.611590045,639900,684900.0,2,45000.0,0.0,,,,,99,275.508064516129,19463.33,2,1.0,0.0,726,
URUSSANGA,SC,-28.492693854285715,-49.292163241428575,6686,6686.0,7,0.0,0.4113072090936285,,,,,47,313.24285714285713,14955.0,2,7.0,1445400.0,396,
VACARIA,RS,-28.27048155,-50.82989407,0,5500.0,1,5500.0,0.0,,,,,99,275.508064516129,19463.33,1,,0.0,726,
VALE DE SAO DOMINGOS,MT,-14.89435389,-58.87204871,0,7000.0,1,7000.0,0.0,,,,,22,357.5,3719.99,1,,0.0,352,
VALENCA,BA,-13.34623665,-39.10319242,10980,10980.0,1,0.0,1.0,,,,,71,380.63157894736844,19914.15,1,1.0,5771088.0,852,
VALENCA,RJ,-22.19063839,-43.67930496,680,680.0,1,0.0,1.0,,,,,23,429.54545454545456,13884.66,1,1.0,357408.0,226,
VALENCA DO PIAUI,PI,0.0,0.0,454,454.0,2,0.0,1.0,,,,,37,381.875,5655.0,1,2.0,238622.4,338,
VALINHOS,SP,-22.986803498333334,-47.01266643666667,2065,2065.0,6,0.0,0.05665859564164649,,,,,78,338.8053097345133,41332.81,2,6.0,61495.2,784,
VALPARAISO,SP,-21.1887658575,-50.898231535,203000,203000.0,4,0.0,0.0,,,,,78,338.8053097345133,41332.81,1,4.0,,784,
VALPARAISO DE GOIAS,GO,-16.09352103,-47.98323016,720,720.0,1,0.0,0.0,,,,,34,286.2564102564103,10976.33,1,1.0,,295,
VARGEM ALTA,ES,-20.61024722,-41.0184,1000,1000.0,1,0.0,1.0,,,,,9,342.0833333333333,6516.66,1,1.0,525600.0,130,
VARGEM BONITA,SC,-20.219960305,-38.816928665,24986,24986.0,4,0.0,0.0,,,,,47,313.24285714285713,14955.0,1,4.0,,396,
VARGINHA,MG,-21.581377504444443,-45.44940020111111,33941,33941.0,9,0.0,0.9544503697592882,,,,,112,425.625,25999.989999999998,4,9.0,17026812.0,1018,
VARZEA DA PALMA,MG,-17.632069134814813,-44.781210353333336,672600,2385750.0,54,1713150.0,0.9961344038061255,,,,,112,425.625,25999.989999999998,2,16.0,352152000.0,1018,
VARZEA GRANDE,MT,-15.641521723333334,-56.127643041666666,11944,11944.0,6,0.0,0.0,,,,,22,357.5,3719.99,1,6.0,,352,
VARZEA NOVA,BA,-11.083905617142857,-41.40594050357142,419098,669497.0,14,250399.0,1.0,,,,,71,380.63157894736844,19914.15,2,9.0,220277908.79999998,852,
VARZEA PAULISTA,SP,-11.60383194,-23.411701755,9388,9388.0,2,0.0,0.04260758414997869,,,,,78,338.8053097345133,41332.81,2,2.0,210240.0,784,
VENANCIO AIRES,RS,-30.00211194,-52.31698194,100,100.0,1,0.0,1.0,,,,,99,275.508064516129,19463.33,1,1.0,52560.0,726,
VENDA NOVA DO IMIGRANTE,ES,-10.18277778,-20.56277778,532,532.0,2,0.0,1.0,,,,,9,342.0833333333333,6516.66,2,2.0,279619.2,130,
VENTUROSA,PE,-8.74242376,-36.74597123666666,84870,84870.0,3,0.0,1.0,,,,,28,315.2631578947368,7640.0,1,3.0,44607672.0,222,
VERA,MT,-12.394414585,-55.64611096,920,10493.0,2,9573.0,0.0,,,,,22,357.5,3719.99,1,1.0,,352,
VERANOPOLIS,RS,-28.958555555,-51.504493055,6780,56145.0,2,49365.0,0.0,,,,,99,275.508064516129,19463.33,2,1.0,0.0,726,
VERDELANDIA,MG,-15.420824286923079,-43.684321865641024,0,1664298.0,39,1664298.0,0.0,,,,,112,425.625,25999.989999999998,1,,0.0,1018,
VERISSIMO,MG,-19.631411399999998,-48.318888995,5360,5360.0,2,0.0,0.0,,,,,112,425.625,25999.989999999998,1,2.0,,1018,
VIAMAO,RS,-30.2189762875,-50.8402881025,60448,60448.0,4,0.0,0.98928004235045,,,,,99,275.508064516129,19463.33,2,4.0,31430880.0,726,
VIANA,ES,-20.3938485,-40.454650406666666,212230,212230.0,3,0.0,0.0,,,,,9,342.0833333333333,6516.66,1,3.0,,130,
VICENCIA,PE,-7.65666667,-35.36083333,4825,4825.0,1,0.0,0.0,,,,,28,315.2631578947368,7640.0,1,1.0,,222,
VICENTINA,MS,-22.44805556,-54.442125,2000,2000.0,1,0.0,0.0,,,,,30,218.0952380952381,5050.0,1,1.0,,269,
VICOSA DO CEARA,CE,-3.4195653425,-41.19897062,0,336400.0,8,336400.0,0.0,,,,,40,345.0,15125.0,1,,0.0,383,
VICTOR GRAEFF,RS,-28.586585755,-52.68562282,4340,4340.0,2,0.0,0.7695852534562212,,,,,99,275.508064516129,19463.33,2,2.0,1755504.0,726,
VIDEIRA,SC,-23.148969128571427,-43.82909520142857,7283,7283.9,7,0.8999999999996362,0.6671701222023891,,,,,47,313.24285714285713,14955.0,3,7.0,2553890.4,396,
VILA BITTENCOURT,AM,-1.39138889,-69.42416667,891,891.0,1,0.0,0.0,,,,,7,328.1818181818182,4127.5,1,1.0,,179,
VILA PROPICIO,GO,-15.023431409230769,-48.84721602461538,350000,650000.0,13,300000.0,1.0,,,,,34,286.2564102564103,10976.33,1,7.0,183960000.0,295,
VILA VELHA,ES,-17.80697303,-35.27049256125,8115,8115.6,8,0.6000000000003638,0.07911275415896488,,,,,9,342.0833333333333,6516.66,2,8.0,337435.2,130,
VILHENA,RO,-11.705205399166667,-55.23910252666667,52681,82681.2,12,30000.199999999997,0.4957195193713103,,,,,14,269.64285714285717,8246.66,4,11.0,13726044.0,155,
VIRGEM DA LAPA,MG,-16.768936388,-42.206206388,0,300000.0,10,300000.0,0.0,,,,,112,425.625,25999.989999999998,1,,0.0,1018,
VIRMOND,PR,-25.489102250000002,-52.242948,5800,5800.0,2,0.0,1.0,,,,,61,329.2857142857143,12734.23,2,2.0,3048480.0,433,
VISTA ALEGRE DO ALTO,SP,-21.18146967,-48.64470455,54000,54000.0,1,0.0,0.0,,,,,78,338.8053097345133,41332.81,1,1.0,,784,
VISTA ALEGRE DO PRATA,RS,-28.81305556,-51.73777778,2205,2205.0,1,0.0,1.0,,,,,99,275.508064516129,19463.33,1,1.0,1158948.0,726,
VITORIA,ES,-20.275379286363634,-40.27643375,14299,14299.0,11,0.0,0.01279809776907476,,,,,9,342.0833333333333,6516.66,2,11.0,96184.8,130,
VITORIA DA CONQUISTA,BA,-14.8549652775,-40.82704166,6212,6212.0,4,0.0,0.2736638763683194,,,,,71,380.63157894736844,19914.15,2,4.0,893520.0,852,
VITORIA DE SANTO ANTAO,PE,-8.158044635,-35.288642242499996,31035,31035.0,4,0.0,0.011277589817947478,,,,,28,315.2631578947368,7640.0,2,4.0,183960.0,222,
VOLTA GRANDE,MG,-14.515135813333336,-28.350281516666666,4590,7090.0,3,2500.0,0.21568627450980393,,,,,112,425.625,25999.989999999998,2,2.0,520344.0,1018,
VOLTA REDONDA,RJ,-22.5185763625,-44.10525686,199628,199628.0,4,0.0,0.0,,,,,23,429.54545454545456,13884.66,1,4.0,,226,
VOTORANTIM,SP,-23.61203363,-47.39716291,55000,55000.0,1,0.0,1.0,,,,,78,338.8053097345133,41332.81,1,1.0,28908000.0,784,
WANDERLANDIA,TO,-6.78194444,-48.15083333,1932,1932.0,1,0.0,1.0,,,,,13,398.75,3940.0,1,1.0,1015459.2,139,
WENCESLAU BRAZ,MG,-22.54765833,-45.36185,3340,3340.0,1,0.0,1.0,,,,,112,425.625,25999.989999999998,1,1.0,1755504.0,1018,
XANGRI-LA,RS,-29.77275779,-50.08010638,31700,31700.0,1,0.0,1.0,,,,,99,275.508064516129,19463.33,1,1.0,16661520.0,726,
XANXERE,SC,-22.394882760833337,-43.69173786416667,22521,47821.0,12,25300.0,0.9786865592114027,,,,,47,313.24285714285713,14955.0,4,11.0,11584749.6,396,
XAVANTINA,SC,-26.94483611,-52.26243611,0,5700.0,1,5700.0,0.0,,,,,47,313.24285714285713,14955.0,1,,0.0,396,
XAXIM,SC,-17.971449815,-35.07682955833334,7755,7755.0,6,0.0,0.6389426176660219,,,,,47,313.24285714285713,14955.0,3,6.0,2604348.0,396,
XIQUE-XIQUE,BA,-10.95625016074074,-42.59525803333333,523200,1318200.0,27,795000.0,1.0,,,,,71,380.63157894736844,19914.15,2,15.0,274993920.0,852,
