municipio,uf,lat,lon,fonte,score,eco_score,soc_score,env_score,data_completeness,rank
ABADIA DOS DOURADOS,MG,-18.48194444,-47.42722222,Solar,0.4528,0.6667,0.1203,0.5,1.0,1
ABADIA DOS DOURADOS,MG,-18.48194444,-47.42722222,Biometano,0.4361,1.0,0.1203,0.0001,0.625,2
ABADIA DOS DOURADOS,MG,-18.48194444,-47.42722222,H2 Verde,0.4029,0.5421,0.1203,0.5,1.0,3
ABADIA DOS DOURADOS,MG,-18.48194444,-47.42722222,Eolica,0.3194,0.3334,0.1203,0.5,1.0,4
ABADIA DOS DOURADOS,MG,-18.48194444,-47.42722222,Biomassa,0.2529,0.5421,0.1203,0.0001,0.875,5
ABAIARA,CE,-7.389607503333334,-38.988013181666666,H2 Verde,0.2782,0.4585,0.1268,0.1891,1.0,1
ABAIARA,CE,-7.389607503333334,-38.988013181666666,Solar,0.2769,0.4553,0.1268,0.1891,1.0,2
ABAIARA,CE,-7.389607503333334,-38.988013181666666,Biometano,0.1829,0.3514,0.1268,0.0145,0.625,3
ABAIARA,CE,-7.389607503333334,-38.988013181666666,Eolica,0.1451,0.1257,0.1268,0.1891,1.0,4
ABAIARA,CE,-7.389607503333334,-38.988013181666666,Biomassa,0.1393,0.2423,0.1268,0.0145,0.875,5
ABDON BATISTA,SC,-27.61442056,-51.155503065000005,Solar,0.3116,0.5032,0.1318,0.236,1.0,1
ABDON BATISTA,SC,-27.61442056,-51.155503065000005,H2 Verde,0.304,0.4841,0.1318,0.236,1.0,2
ABDON BATISTA,SC,-27.61442056,-51.155503065000005,Biometano,0.2339,0.4144,0.1318,0.0953,0.625,3
ABDON BATISTA,SC,-27.61442056,-51.155503065000005,Biomassa,0.1836,0.2889,0.1318,0.0953,0.875,4
ABDON BATISTA,SC,-27.61442056,-51.155503065000005,Eolica,0.1783,0.1699,0.1318,0.236,1.0,5
ABELARDO LUZ,SC,-26.59254395230769,-52.28960357846154,Solar,0.2857,0.4652,0.142,0.19,1.0,1
ABELARDO LUZ,SC,-26.59254395230769,-52.28960357846154,H2 Verde,0.278,0.446,0.142,0.19,1.0,2
ABELARDO LUZ,SC,-26.59254395230769,-52.28960357846154,Biometano,0.2093,0.4144,0.142,0.0032,0.625,3
ABELARDO LUZ,SC,-26.59254395230769,-52.28960357846154,Eolica,0.1574,0.1445,0.142,0.19,1.0,4
ABELARDO LUZ,SC,-26.59254395230769,-52.28960357846154,Biomassa,0.1468,0.2582,0.142,0.0032,0.875,5
ABRE CAMPO,MG,-20.18288989,-42.36562922,Solar,0.4618,0.6671,0.149,0.5007,1.0,1
ABRE CAMPO,MG,-20.18288989,-42.36562922,Biometano,0.4451,1.0,0.149,0.0014,0.625,2
ABRE CAMPO,MG,-20.18288989,-42.36562922,H2 Verde,0.4119,0.5425,0.149,0.5007,1.0,3
ABRE CAMPO,MG,-20.18288989,-42.36562922,Eolica,0.3284,0.3338,0.149,0.5007,1.0,4
ABRE CAMPO,MG,-20.18288989,-42.36562922,Biomassa,0.2621,0.5425,0.149,0.0014,0.875,5
ABREU E LIMA,PE,-7.92252632,-34.89984764,Biometano,0.1426,0.2432,0.1511,0.0,0.625,1
ABREU E LIMA,PE,-7.92252632,-34.89984764,Solar,0.1259,0.1256,0.1511,0.1012,1.0,2
ABREU E LIMA,PE,-7.92252632,-34.89984764,H2 Verde,0.1173,0.104,0.1511,0.1012,1.0,3
ABREU E LIMA,PE,-7.92252632,-34.89984764,Eolica,0.1082,0.0812,0.1511,0.1012,1.0,4
ABREU E LIMA,PE,-7.92252632,-34.89984764,Biomassa,0.1016,0.1407,0.1511,0.0,0.875,5
ACAILANDIA,MA,-3.670747985,-35.558400954999996,H2 Verde,0.1167,0.097,0.1475,0.1122,1.0,1
ACAILANDIA,MA,-3.670747985,-35.558400954999996,Biometano,0.1163,0.1802,0.1475,0.0,0.625,2
ACAILANDIA,MA,-3.670747985,-35.558400954999996,Solar,0.1073,0.0733,0.1475,0.1122,1.0,3
ACAILANDIA,MA,-3.670747985,-35.558400954999996,Eolica,0.1024,0.0612,0.1475,0.1122,1.0,4
ACAILANDIA,MA,-3.670747985,-35.558400954999996,Biomassa,0.1019,0.1441,0.1475,0.0,0.875,5
ACARA,PA,-2.52591667,-48.79791667,H2 Verde,0.2268,0.1443,0.1637,0.3998,0.875,1
ACARA,PA,-2.52591667,-48.79791667,Solar,0.2015,0.0811,0.1637,0.3998,0.875,2
ACARA,PA,-2.52591667,-48.79791667,Eolica,0.2015,0.0811,0.1637,0.3998,0.875,2
ACARA,PA,-2.52591667,-48.79791667,Biometano,0.1464,0.2432,0.1637,,0.5,3
ACARA,PA,-2.52591667,-48.79791667,Biomassa,0.1393,0.2253,0.1637,,0.75,4
ACARAU,CE,-2.8898696063157896,-40.04267122631579,H2 Verde,0.2919,0.4583,0.1731,0.1888,1.0,1
ACARAU,CE,-2.8898696063157896,-40.04267122631579,Solar,0.2906,0.4551,0.1731,0.1888,1.0,2
ACARAU,CE,-2.8898696063157896,-40.04267122631579,Biometano,0.1966,0.3514,0.1731,0.0138,0.625,3
ACARAU,CE,-2.8898696063157896,-40.04267122631579,Eolica,0.1758,0.168,0.1731,0.1888,1.0,4
ACARAU,CE,-2.8898696063157896,-40.04267122631579,Biomassa,0.1529,0.2421,0.1731,0.0138,0.875,5
ACAUA,PE,-8.51920884,-41.14185238,Biometano,0.0973,0.2432,,0.0,0.25,1
ACAUA,PE,-8.51920884,-41.14185238,Eolica,0.0639,0.0839,,0.1012,0.625,2
ACAUA,PE,-8.51920884,-41.14185238,Solar,0.0628,0.0811,,0.1012,0.625,3
ACAUA,PE,-8.51920884,-41.14185238,Biomassa,0.0562,0.1406,,0.0,0.5,4
ACAUA,PE,-8.51920884,-41.14185238,H2 Verde,0.0542,0.0595,,0.1012,0.625,5
ACREUNA,GO,-17.65393059,-50.4769139,Solar,0.2612,0.4333,0.1539,0.1391,1.0,1
ACREUNA,GO,-17.65393059,-50.4769139,H2 Verde,0.2562,0.4209,0.1539,0.1391,1.0,2
ACREUNA,GO,-17.65393059,-50.4769139,Biometano,0.1659,0.2973,0.1539,0.0027,0.625,3
ACREUNA,GO,-17.65393059,-50.4769139,Eolica,0.1279,0.1,0.1539,0.1391,1.0,4
ACREUNA,GO,-17.65393059,-50.4769139,Biomassa,0.1216,0.1866,0.1539,0.0027,0.875,5
ACU,RN,-5.498486809310345,-37.02624152068965,H2 Verde,0.2805,0.4426,0.1545,0.1905,1.0,1
ACU,RN,-5.498486809310345,-37.02624152068965,Solar,0.2768,0.4332,0.1545,0.1905,1.0,2
ACU,RN,-5.498486809310345,-37.02624152068965,Eolica,0.2281,0.3115,0.1545,0.1905,1.0,3
ACU,RN,-5.498486809310345,-37.02624152068965,Biometano,0.1552,0.1892,0.1545,0.1105,0.625,4
ACU,RN,-5.498486809310345,-37.02624152068965,Biomassa,0.1484,0.1723,0.1545,0.1105,0.875,5
ACUCENA,MG,-19.00107167,-42.55934727666667,Solar,0.451,0.6711,0.102,0.5066,1.0,1
ACUCENA,MG,-19.00107167,-42.55934727666667,Biometano,0.4346,1.0,0.102,0.0133,0.625,2
ACUCENA,MG,-19.00107167,-42.55934727666667,H2 Verde,0.4012,0.5465,0.102,0.5066,1.0,3
ACUCENA,MG,-19.00107167,-42.55934727666667,Eolica,0.3177,0.3378,0.102,0.5066,1.0,4
ACUCENA,MG,-19.00107167,-42.55934727666667,Biomassa,0.2532,0.5465,0.102,0.0133,0.875,5
ADAMANTINA,SP,-21.58,-51.05472222,H2 Verde,0.4067,0.3338,0.1451,0.7655,0.875,1
ADAMANTINA,SP,-21.58,-51.05472222,Solar,0.3659,0.2317,0.1451,0.7655,0.875,2
ADAMANTINA,SP,-21.58,-51.05472222,Eolica,0.3659,0.2317,0.1451,0.7655,0.875,2
ADAMANTINA,SP,-21.58,-51.05472222,Biometano,0.321,0.6937,0.1451,,0.5,3
ADAMANTINA,SP,-21.58,-51.05472222,Biomassa,0.2695,0.565,0.1451,,0.75,4
ADUSTINA,BA,-10.613155043999999,-37.98696028,Biometano,0.285,0.6306,0.1093,0.0,0.625,1
ADUSTINA,BA,-10.613155043999999,-37.98696028,Eolica,0.2482,0.2259,0.1093,0.4168,1.0,2
ADUSTINA,BA,-10.613155043999999,-37.98696028,Solar,0.2419,0.2102,0.1093,0.4168,1.0,3
ADUSTINA,BA,-10.613155043999999,-37.98696028,H2 Verde,0.2215,0.1593,0.1093,0.4168,1.0,4
ADUSTINA,BA,-10.613155043999999,-37.98696028,Biomassa,0.1806,0.3695,0.1093,0.0,0.875,5
AFONSO BEZERRA,RN,-5.409117,-36.492484,H2 Verde,0.2448,0.4066,0.1372,0.1366,1.0,1
AFONSO BEZERRA,RN,-5.409117,-36.492484,Solar,0.241,0.3973,0.1372,0.1366,1.0,2
AFONSO BEZERRA,RN,-5.409117,-36.492484,Biometano,0.1176,0.1892,0.1372,0.0026,0.625,3
AFONSO BEZERRA,RN,-5.409117,-36.492484,Eolica,0.1077,0.0639,0.1372,0.1366,1.0,4
AFONSO BEZERRA,RN,-5.409117,-36.492484,Biomassa,0.0965,0.1363,0.1372,0.0026,0.875,5
AFRANIO,PI,-8.53761,-41.14887436,Biometano,0.1297,0.3243,,0.0,0.25,1
AFRANIO,PI,-8.53761,-41.14887436,Eolica,0.0922,0.1109,,0.1593,0.625,2
AFRANIO,PI,-8.53761,-41.14887436,Solar,0.091,0.1081,,0.1593,0.625,3
AFRANIO,PI,-8.53761,-41.14887436,H2 Verde,0.0652,0.0434,,0.1593,0.625,4
AFRANIO,PI,-8.53761,-41.14887436,Biomassa,0.0606,0.1515,,0.0,0.5,5
AFUA,PA,-0.15667598,-50.38664855,H2 Verde,0.2249,0.1444,0.1574,0.3998,0.875,1
AFUA,PA,-0.15667598,-50.38664855,Solar,0.1997,0.0813,0.1574,0.3998,0.875,2
AFUA,PA,-0.15667598,-50.38664855,Eolica,0.1997,0.0813,0.1574,0.3998,0.875,2
AFUA,PA,-0.15667598,-50.38664855,Biometano,0.1445,0.2432,0.1574,,0.5,3
AFUA,PA,-0.15667598,-50.38664855,Biomassa,0.1374,0.2255,0.1574,,0.75,4
AGRESTINA,PE,-4.207998335,-17.97900139,Solar,0.2418,0.4153,0.1499,0.1025,1.0,1
AGRESTINA,PE,-4.207998335,-17.97900139,H2 Verde,0.2332,0.3937,0.1499,0.1025,1.0,2
AGRESTINA,PE,-4.207998335,-17.97900139,Biometano,0.1431,0.2432,0.1499,0.0026,0.625,3
AGRESTINA,PE,-4.207998335,-17.97900139,Eolica,0.1085,0.082,0.1499,0.1025,1.0,4
AGRESTINA,PE,-4.207998335,-17.97900139,Biomassa,0.1023,0.1415,0.1499,0.0026,0.875,5
AGROLANDIA,SC,-27.47467223,-49.87641965,Solar,0.299,0.4716,0.1795,0.1885,1.0,1
AGROLANDIA,SC,-27.47467223,-49.87641965,H2 Verde,0.2914,0.4524,0.1795,0.1885,1.0,2
AGROLANDIA,SC,-27.47467223,-49.87641965,Biometano,0.2197,0.4144,0.1795,0.0003,0.625,3
AGROLANDIA,SC,-27.47467223,-49.87641965,Eolica,0.1657,0.1382,0.1795,0.1885,1.0,4
AGROLANDIA,SC,-27.47467223,-49.87641965,Biomassa,0.1568,0.2572,0.1795,0.0003,0.875,5
AGUA BOA,MT,-14.06616956,-52.28454386,Solar,0.2762,0.3964,0.2257,0.1663,1.0,1
AGUA BOA,MT,-14.06616956,-52.28454386,H2 Verde,0.262,0.361,0.2257,0.1663,1.0,2
AGUA BOA,MT,-14.06616956,-52.28454386,Biometano,0.1434,0.1892,0.2257,0.0,0.625,3
AGUA BOA,MT,-14.06616956,-52.28454386,Eolica,0.1428,0.0631,0.2257,0.1663,1.0,4
AGUA BOA,MT,-14.06616956,-52.28454386,Biomassa,0.104,0.0907,0.2257,0.0,0.875,5
AGUA CLARA,MS,-19.64226917285714,-52.91906608428571,Solar,0.2723,0.4266,0.2048,0.1341,1.0,1
AGUA CLARA,MS,-19.64226917285714,-52.91906608428571,H2 Verde,0.2529,0.378,0.2048,0.1341,1.0,2
AGUA CLARA,MS,-19.64226917285714,-52.91906608428571,Biometano,0.1716,0.2613,0.2048,0.0187,0.625,3
AGUA CLARA,MS,-19.64226917285714,-52.91906608428571,Eolica,0.139,0.0933,0.2048,0.1341,1.0,4
AGUA CLARA,MS,-19.64226917285714,-52.91906608428571,Biomassa,0.1198,0.1318,0.2048,0.0187,0.875,5
AGUA DOCE,SC,-26.631266650714284,-51.79302041285714,Solar,0.2856,0.4767,0.1202,0.1962,1.0,1
AGUA DOCE,SC,-26.631266650714284,-51.79302041285714,H2 Verde,0.2779,0.4575,0.1202,0.1962,1.0,2
AGUA DOCE,SC,-26.631266650714284,-51.79302041285714,Biometano,0.2065,0.4144,0.1202,0.0156,0.625,3
AGUA DOCE,SC,-26.631266650714284,-51.79302041285714,Eolica,0.1522,0.1433,0.1202,0.1962,1.0,4
AGUA DOCE,SC,-26.631266650714284,-51.79302041285714,Biomassa,0.1456,0.2623,0.1202,0.0156,0.875,5
AGUA FRIA DE GOIAS,GO,-15.13377722,-48.01710833,Biometano,0.1581,0.2973,0.1305,0.0,0.625,1
AGUA FRIA DE GOIAS,GO,-15.13377722,-48.01710833,Eolica,0.1204,0.0998,0.1305,0.1378,1.0,2
AGUA FRIA DE GOIAS,GO,-15.13377722,-48.01710833,Solar,0.1201,0.0991,0.1305,0.1378,1.0,3
AGUA FRIA DE GOIAS,GO,-15.13377722,-48.01710833,H2 Verde,0.1151,0.0866,0.1305,0.1378,1.0,4
AGUA FRIA DE GOIAS,GO,-15.13377722,-48.01710833,Biomassa,0.1134,0.1857,0.1305,0.0,0.875,5
AGUAS DE CHAPECO,RS,-27.14,-53.04333333,Solar,0.3787,0.653,,0.3917,0.625,1
AGUAS DE CHAPECO,RS,-27.14,-53.04333333,Biometano,0.3759,0.8829,,0.076,0.25,2
AGUAS DE CHAPECO,RS,-27.14,-53.04333333,H2 Verde,0.3232,0.5143,,0.3917,0.625,3
AGUAS DE CHAPECO,RS,-27.14,-53.04333333,Eolica,0.2454,0.3196,,0.3917,0.625,4
AGUAS DE CHAPECO,RS,-27.14,-53.04333333,Biomassa,0.2129,0.4752,,0.076,0.5,5
AGUAS DE SANTA BARBARA,SP,-22.87413056,-49.21534167,H2 Verde,0.4421,0.667,0.201,0.3832,1.0,1
AGUAS DE SANTA BARBARA,SP,-22.87413056,-49.21534167,Solar,0.4012,0.5649,0.201,0.3832,1.0,2
AGUAS DE SANTA BARBARA,SP,-22.87413056,-49.21534167,Biometano,0.3381,0.6937,0.201,0.0009,0.625,3
AGUAS DE SANTA BARBARA,SP,-22.87413056,-49.21534167,Biomassa,0.2865,0.5649,0.201,0.0009,0.875,4
AGUAS DE SANTA BARBARA,SP,-22.87413056,-49.21534167,Eolica,0.2679,0.2315,0.201,0.3832,1.0,5
AGUAS DE SAO PEDRO,SP,-23.61194445,-46.65916666,H2 Verde,0.4061,0.3333,0.1437,0.7655,0.875,1
AGUAS DE SAO PEDRO,SP,-23.61194445,-46.65916666,Solar,0.3653,0.2312,0.1437,0.7655,0.875,2
AGUAS DE SAO PEDRO,SP,-23.61194445,-46.65916666,Eolica,0.3653,0.2312,0.1437,0.7655,0.875,2
AGUAS DE SAO PEDRO,SP,-23.61194445,-46.65916666,Biometano,0.3206,0.6937,0.1437,,0.5,3
AGUAS DE SAO PEDRO,SP,-23.61194445,-46.65916666,Biomassa,0.2689,0.5646,0.1437,,0.75,4
AGUAS FRIAS,SC,-26.85333333,-52.90027778,Solar,0.298,0.4716,0.1758,0.1886,1.0,1
AGUAS FRIAS,SC,-26.85333333,-52.90027778,H2 Verde,0.2903,0.4524,0.1758,0.1886,1.0,2
AGUAS FRIAS,SC,-26.85333333,-52.90027778,Biometano,0.2186,0.4144,0.1758,0.0004,0.625,3
AGUAS FRIAS,SC,-26.85333333,-52.90027778,Eolica,0.1646,0.1383,0.1758,0.1886,1.0,4
AGUAS FRIAS,SC,-26.85333333,-52.90027778,Biomassa,0.1558,0.2572,0.1758,0.0004,0.875,5
AGUAS VERMELHAS,MG,-15.52247511,-41.51111691,Solar,0.4654,0.6667,0.1624,0.5001,1.0,1
AGUAS VERMELHAS,MG,-15.52247511,-41.51111691,Biometano,0.4488,1.0,0.1624,0.0002,0.625,2
AGUAS VERMELHAS,MG,-15.52247511,-41.51111691,H2 Verde,0.4156,0.5421,0.1624,0.5001,1.0,3
AGUAS VERMELHAS,MG,-15.52247511,-41.51111691,Eolica,0.3321,0.3334,0.1624,0.5001,1.0,4
AGUAS VERMELHAS,MG,-15.52247511,-41.51111691,Biomassa,0.2656,0.5421,0.1624,0.0002,0.875,5
AGUDO,RS,-14.72454415,-26.642501985,Solar,0.3984,0.6313,0.1268,0.3593,1.0,1
AGUDO,RS,-14.72454415,-26.642501985,Biometano,0.3945,0.8829,0.1268,0.0111,0.625,2
AGUDO,RS,-14.72454415,-26.642501985,H2 Verde,0.3429,0.4927,0.1268,0.3593,1.0,3
AGUDO,RS,-14.72454415,-26.642501985,Eolica,0.265,0.298,0.1268,0.3593,1.0,4
AGUDO,RS,-14.72454415,-26.642501985,Biomassa,0.2228,0.4536,0.1268,0.0111,0.875,5
AGUDOS,SP,-22.46900716,-48.98803336,H2 Verde,0.4114,0.3335,0.1612,0.7655,0.875,1
AGUDOS,SP,-22.46900716,-48.98803336,Solar,0.3706,0.2314,0.1612,0.7655,0.875,2
AGUDOS,SP,-22.46900716,-48.98803336,Eolica,0.3706,0.2314,0.1612,0.7655,0.875,2
AGUDOS,SP,-22.46900716,-48.98803336,Biometano,0.3258,0.6937,0.1612,,0.5,3
AGUDOS,SP,-22.46900716,-48.98803336,Biomassa,0.2742,0.5647,0.1612,,0.75,4
AGUIARNOPOLIS,MA,-6.58909741,-47.46648003,H2 Verde,0.2279,0.4492,,0.1605,0.625,1
AGUIARNOPOLIS,MA,-6.58909741,-47.46648003,Solar,0.2184,0.4256,,0.1605,0.625,2
AGUIARNOPOLIS,MA,-6.58909741,-47.46648003,Biometano,0.1011,0.1802,,0.0966,0.25,3
AGUIARNOPOLIS,MA,-6.58909741,-47.46648003,Biomassa,0.0994,0.176,,0.0966,0.5,4
AGUIARNOPOLIS,MA,-6.58909741,-47.46648003,Eolica,0.0851,0.0923,,0.1605,0.625,5
AJURICABA,RS,-28.21388889,-53.62888889,Solar,0.3925,0.6277,0.1176,0.3538,1.0,1
AJURICABA,RS,-28.21388889,-53.62888889,Biometano,0.3885,0.8829,0.1176,0.0001,0.625,2
AJURICABA,RS,-28.21388889,-53.62888889,H2 Verde,0.337,0.489,0.1176,0.3538,1.0,3
AJURICABA,RS,-28.21388889,-53.62888889,Eolica,0.2591,0.2943,0.1176,0.3538,1.0,4
AJURICABA,RS,-28.21388889,-53.62888889,Biomassa,0.2153,0.4499,0.1176,0.0001,0.875,5
ALAGOA,MG,-22.23133889,-44.66744167,Solar,0.4589,0.6667,0.1406,0.5001,1.0,1
ALAGOA,MG,-22.23133889,-44.66744167,Biometano,0.4422,1.0,0.1406,0.0001,0.625,2
ALAGOA,MG,-22.23133889,-44.66744167,H2 Verde,0.409,0.5421,0.1406,0.5001,1.0,3
ALAGOA,MG,-22.23133889,-44.66744167,Eolica,0.3256,0.3334,0.1406,0.5001,1.0,4
ALAGOA,MG,-22.23133889,-44.66744167,Biomassa,0.2591,0.5421,0.1406,0.0001,0.875,5
ALAGOINHAS,BA,-3.021085765,-9.5858975275,Biometano,0.3002,0.6306,0.1599,0.0,0.625,1
ALAGOINHAS,BA,-3.021085765,-9.5858975275,Solar,0.273,0.25,0.1599,0.4169,1.0,2
ALAGOINHAS,BA,-3.021085765,-9.5858975275,Eolica,0.2571,0.2103,0.1599,0.4169,1.0,3
ALAGOINHAS,BA,-3.021085765,-9.5858975275,H2 Verde,0.2527,0.1991,0.1599,0.4169,1.0,4
ALAGOINHAS,BA,-3.021085765,-9.5858975275,Biomassa,0.1958,0.3696,0.1599,0.0,0.875,5
ALDEIAS ALTAS,MA,-4.62388889,-43.61416667,H2 Verde,0.1401,0.0839,0.1306,0.2244,0.875,1
ALDEIAS ALTAS,MA,-4.62388889,-43.61416667,Solar,0.1306,0.0602,0.1306,0.2244,0.875,2
ALDEIAS ALTAS,MA,-4.62388889,-43.61416667,Eolica,0.1306,0.0602,0.1306,0.2244,0.875,2
ALDEIAS ALTAS,MA,-4.62388889,-43.61416667,Biometano,0.1113,0.1802,0.1306,,0.5,3
ALDEIAS ALTAS,MA,-4.62388889,-43.61416667,Biomassa,0.0968,0.1439,0.1306,,0.75,4
ALEGRE,ES,-20.692160483333335,-41.50924885,H2 Verde,0.2097,0.3855,0.1275,0.0577,1.0,1
ALEGRE,ES,-20.692160483333335,-41.50924885,Solar,0.1992,0.3591,0.1275,0.0577,1.0,2
ALEGRE,ES,-20.692160483333335,-41.50924885,Biomassa,0.0703,0.0761,0.1275,0.0052,0.875,3
ALEGRE,ES,-20.692160483333335,-41.50924885,Biometano,0.0686,0.0721,0.1275,0.0052,0.625,4
ALEGRE,ES,-20.692160483333335,-41.50924885,Eolica,0.0659,0.0257,0.1275,0.0577,1.0,5
ALEGRETE,RS,-29.965611434285712,-56.05969165,Biometano,0.3898,0.8829,0.1222,0.0,0.625,1
ALEGRETE,RS,-29.965611434285712,-56.05969165,Eolica,0.2755,0.3319,0.1222,0.3537,1.0,2
ALEGRETE,RS,-29.965611434285712,-56.05969165,Solar,0.2606,0.2946,0.1222,0.3537,1.0,3
ALEGRETE,RS,-29.965611434285712,-56.05969165,Biomassa,0.2167,0.4503,0.1222,0.0,0.875,4
ALEGRETE,RS,-29.965611434285712,-56.05969165,H2 Verde,0.2051,0.156,0.1222,0.3537,1.0,5
ALEGRETE DO PIAUI,PI,-7.13621528,-40.80028139,Solar,0.2633,0.4415,0.1297,0.1594,1.0,1
ALEGRETE DO PIAUI,PI,-7.13621528,-40.80028139,H2 Verde,0.2374,0.3768,0.1297,0.1594,1.0,2
ALEGRETE DO PIAUI,PI,-7.13621528,-40.80028139,Biometano,0.1687,0.3243,0.1297,0.0002,0.625,3
ALEGRETE DO PIAUI,PI,-7.13621528,-40.80028139,Eolica,0.13,0.1082,0.1297,0.1594,1.0,4
ALEGRETE DO PIAUI,PI,-7.13621528,-40.80028139,Biomassa,0.0996,0.1516,0.1297,0.0002,0.875,5
ALEM PARAIBA,MG,-21.904356399999998,-42.74859087,Solar,0.4579,0.6764,0.1096,0.5148,1.0,1
ALEM PARAIBA,MG,-21.904356399999998,-42.74859087,Biometano,0.4418,1.0,0.1096,0.0297,0.625,2
ALEM PARAIBA,MG,-21.904356399999998,-42.74859087,H2 Verde,0.408,0.5518,0.1096,0.5148,1.0,3
ALEM PARAIBA,MG,-21.904356399999998,-42.74859087,Eolica,0.3246,0.3432,0.1096,0.5148,1.0,4
ALEM PARAIBA,MG,-21.904356399999998,-42.74859087,Biomassa,0.2626,0.552,0.1096,0.0297,0.875,5
ALEM PARAIBA,RJ,-21.84333333,-42.57944444,H2 Verde,0.2131,0.4492,,0.1115,0.625,6
ALEM PARAIBA,RJ,-21.84333333,-42.57944444,Solar,0.1954,0.4049,,0.1115,0.625,7
ALEM PARAIBA,RJ,-21.84333333,-42.57944444,Biometano,0.0843,0.1982,,0.0166,0.25,8
ALEM PARAIBA,RJ,-21.84333333,-42.57944444,Biomassa,0.0777,0.1819,,0.0166,0.5,9
ALEM PARAIBA,RJ,-21.84333333,-42.57944444,Eolica,0.0621,0.0716,,0.1115,0.625,10
ALFENAS,MG,-21.428471805,-45.945255275,Solar,0.4807,0.3334,0.1579,1.0,0.875,1
ALFENAS,MG,-21.428471805,-45.945255275,Eolica,0.4807,0.3334,0.1579,1.0,0.875,1
ALFENAS,MG,-21.428471805,-45.945255275,Biometano,0.4474,1.0,0.1579,,0.5,2
ALFENAS,MG,-21.428471805,-45.945255275,H2 Verde,0.4309,0.2088,0.1579,1.0,0.875,3
ALFENAS,MG,-21.428471805,-45.945255275,Biomassa,0.2642,0.5421,0.1579,,0.75,4
ALFREDO CHAVES,ES,-20.60360012,-40.80552455,H2 Verde,0.2111,0.3844,0.1353,0.056,1.0,1
ALFREDO CHAVES,ES,-20.60360012,-40.80552455,Solar,0.2006,0.358,0.1353,0.056,1.0,2
ALFREDO CHAVES,ES,-20.60360012,-40.80552455,Biomassa,0.0712,0.075,0.1353,0.0019,0.875,3
ALFREDO CHAVES,ES,-20.60360012,-40.80552455,Biometano,0.07,0.0721,0.1353,0.0019,0.625,4
ALFREDO CHAVES,ES,-20.60360012,-40.80552455,Eolica,0.0673,0.0246,0.1353,0.056,1.0,5
ALMEIRIM,PA,-1.225197225,-52.50494528,H2 Verde,0.2213,0.1461,0.143,0.3998,0.875,1
ALMEIRIM,PA,-1.225197225,-52.50494528,Solar,0.196,0.0829,0.143,0.3998,0.875,2
ALMEIRIM,PA,-1.225197225,-52.50494528,Eolica,0.196,0.0829,0.143,0.3998,0.875,2
ALMEIRIM,AP,-0.65,-52.51666667,Solar,0.1518,0.351,,0.038,0.625,3
ALMEIRIM,AP,-0.65,-52.51666667,H2 Verde,0.1515,0.3501,,0.038,0.625,4
ALMEIRIM,PA,-1.225197225,-52.50494528,Biometano,0.1402,0.2432,0.143,,0.5,5
ALMEIRIM,PA,-1.225197225,-52.50494528,Biomassa,0.1338,0.2272,0.143,,0.75,6
ALMEIRIM,AP,-0.65,-52.51666667,Biomassa,0.0196,0.0228,,0.0349,0.5,7
ALMEIRIM,AP,-0.65,-52.51666667,Eolica,0.0185,0.0176,,0.038,0.625,8
ALMEIRIM,AP,-0.65,-52.51666667,Biometano,0.0177,0.018,,0.0349,0.25,9
ALMIRANTE TAMANDARE,PR,-25.36472222,-49.295,Solar,0.3213,0.5136,0.1793,0.207,1.0,1
ALMIRANTE TAMANDARE,PR,-25.36472222,-49.295,H2 Verde,0.2896,0.4343,0.1793,0.207,1.0,2
ALMIRANTE TAMANDARE,PR,-25.36472222,-49.295,Biometano,0.27,0.5405,0.1793,0.0001,0.625,3
ALMIRANTE TAMANDARE,PR,-25.36472222,-49.295,Eolica,0.188,0.1802,0.1793,0.207,1.0,4
ALMIRANTE TAMANDARE,PR,-25.36472222,-49.295,Biomassa,0.1663,0.2811,0.1793,0.0001,0.875,5
ALMIRANTE TAMANDARE DO SUL,RS,-28.10295278,-53.01492778,Solar,0.3947,0.6277,0.1248,0.3538,1.0,1
ALMIRANTE TAMANDARE DO SUL,RS,-28.10295278,-53.01492778,Biometano,0.3907,0.8829,0.1248,0.0003,0.625,2
ALMIRANTE TAMANDARE DO SUL,RS,-28.10295278,-53.01492778,H2 Verde,0.3392,0.489,0.1248,0.3538,1.0,3
ALMIRANTE TAMANDARE DO SUL,RS,-28.10295278,-53.01492778,Eolica,0.2613,0.2944,0.1248,0.3538,1.0,4
ALMIRANTE TAMANDARE DO SUL,RS,-28.10295278,-53.01492778,Biomassa,0.2175,0.45,0.1248,0.0003,0.875,5
ALPERCATA,MG,-19.02156872,-42.12489562,Solar,0.4584,0.6708,0.1273,0.5062,1.0,1
ALPERCATA,MG,-19.02156872,-42.12489562,Biometano,0.4419,1.0,0.1273,0.0124,0.625,2
ALPERCATA,MG,-19.02156872,-42.12489562,H2 Verde,0.4085,0.5462,0.1273,0.5062,1.0,3
ALPERCATA,MG,-19.02156872,-42.12489562,Eolica,0.325,0.3375,0.1273,0.5062,1.0,4
ALPERCATA,MG,-19.02156872,-42.12489562,Biomassa,0.2604,0.5462,0.1273,0.0124,0.875,5
ALTA FLORESTA,MT,-10.335540606,-56.981800226,Solar,0.2639,0.3931,0.1847,0.1709,1.0,1
ALTA FLORESTA,MT,-10.335540606,-56.981800226,H2 Verde,0.2498,0.3578,0.1847,0.1709,1.0,2
ALTA FLORESTA,MT,-10.335540606,-56.981800226,Biometano,0.1338,0.1892,0.1847,0.0091,0.625,3
ALTA FLORESTA,MT,-10.335540606,-56.981800226,Eolica,0.1331,0.0662,0.1847,0.1709,1.0,4
ALTA FLORESTA,MT,-10.335540606,-56.981800226,Biomassa,0.0957,0.0938,0.1847,0.0091,0.875,5
ALTA FLORESTA D'OESTE,RO,-12.157108367272729,-62.12625106545455,H2 Verde,0.2082,0.3891,0.1057,0.0695,1.0,1
ALTA FLORESTA D'OESTE,RO,-12.157108367272729,-62.12625106545455,Solar,0.198,0.3636,0.1057,0.0695,1.0,2
ALTA FLORESTA D'OESTE,RO,-12.157108367272729,-62.12625106545455,Biometano,0.0797,0.1171,0.1057,0.0037,0.625,3
ALTA FLORESTA D'OESTE,RO,-12.157108367272729,-62.12625106545455,Biomassa,0.0747,0.1048,0.1057,0.0037,0.875,4
ALTA FLORESTA D'OESTE,RO,-12.157108367272729,-62.12625106545455,Eolica,0.0687,0.0403,0.1057,0.0695,1.0,5
ALTAMIRA,PA,-5.023673676666667,-53.00614857,H2 Verde,0.5955,0.8109,0.2041,0.6999,1.0,1
ALTAMIRA,PA,-5.023673676666667,-53.00614857,Biomassa,0.5847,0.5586,0.2041,1.0,0.875,2
ALTAMIRA,PA,-5.023673676666667,-53.00614857,Solar,0.5703,0.7477,0.2041,0.6999,1.0,3
ALTAMIRA,PA,-5.023673676666667,-53.00614857,Biometano,0.4585,0.2432,0.2041,1.0,0.625,4
ALTAMIRA,PA,-5.023673676666667,-53.00614857,Eolica,0.437,0.4144,0.2041,0.6999,1.0,5
ALTO ALEGRE,RR,2.9094363999999997,-62.485952749999996,H2 Verde,0.0688,0.004,0.2019,0.022,0.875,1
ALTO ALEGRE,RR,2.9094363999999997,-62.485952749999996,Solar,0.0672,0.0,0.2019,0.022,0.875,2
ALTO ALEGRE,RR,2.9094363999999997,-62.485952749999996,Eolica,0.0672,0.0,0.2019,0.022,0.875,2
ALTO ALEGRE,RR,2.9094363999999997,-62.485952749999996,Biomassa,0.0621,0.004,0.2019,,0.75,3
ALTO ALEGRE,RR,2.9094363999999997,-62.485952749999996,Biometano,0.0606,0.0,0.2019,,0.5,4
ALTO ARAGUAIA,MT,-17.130029773333334,-53.28131763,Solar,0.1382,0.099,0.1621,0.1665,1.0,1
ALTO ARAGUAIA,MT,-17.130029773333334,-53.28131763,Eolica,0.1251,0.0664,0.1621,0.1665,1.0,2
ALTO ARAGUAIA,MT,-17.130029773333334,-53.28131763,Biometano,0.1244,0.1892,0.1621,0.0003,0.625,3
ALTO ARAGUAIA,MT,-17.130029773333334,-53.28131763,H2 Verde,0.124,0.0636,0.1621,0.1665,1.0,4
ALTO ARAGUAIA,MT,-17.130029773333334,-53.28131763,Biomassa,0.0855,0.0918,0.1621,0.0003,0.875,5
ALTO DO RODRIGUES,RN,-5.38054153,-36.819848605000004,Biometano,0.118,0.1892,0.1411,0.0001,0.625,1
ALTO DO RODRIGUES,RN,-5.38054153,-36.819848605000004,H2 Verde,0.1145,0.079,0.1411,0.1353,1.0,2
ALTO DO RODRIGUES,RN,-5.38054153,-36.819848605000004,Solar,0.1108,0.0697,0.1411,0.1353,1.0,3
ALTO DO RODRIGUES,RN,-5.38054153,-36.819848605000004,Eolica,0.1095,0.0664,0.1411,0.1353,1.0,4
ALTO DO RODRIGUES,RN,-5.38054153,-36.819848605000004,Biomassa,0.0979,0.1387,0.1411,0.0001,0.875,5
ALTO GARCAS,MT,-16.799708324999997,-53.585405030000004,Solar,0.1608,0.1291,0.1976,0.1663,1.0,1
ALTO GARCAS,MT,-16.799708324999997,-53.585405030000004,H2 Verde,0.1466,0.0937,0.1976,0.1663,1.0,2
ALTO GARCAS,MT,-16.799708324999997,-53.585405030000004,Biometano,0.135,0.1892,0.1976,0.0,0.625,3
ALTO GARCAS,MT,-16.799708324999997,-53.585405030000004,Eolica,0.1344,0.0631,0.1976,0.1663,1.0,4
ALTO GARCAS,MT,-16.799708324999997,-53.585405030000004,Biomassa,0.0956,0.0908,0.1976,0.0,0.875,5
ALTO PARAGUAI,MT,-14.47829947,-56.39193309,Solar,0.2323,0.3964,0.0794,0.1664,1.0,1
ALTO PARAGUAI,MT,-14.47829947,-56.39193309,H2 Verde,0.2182,0.3611,0.0794,0.1664,1.0,2
ALTO PARAGUAI,MT,-14.47829947,-56.39193309,Biometano,0.0995,0.1892,0.0794,0.0001,0.625,3
ALTO PARAGUAI,MT,-14.47829947,-56.39193309,Eolica,0.099,0.0631,0.0794,0.1664,1.0,4
ALTO PARAGUAI,MT,-14.47829947,-56.39193309,Biomassa,0.0602,0.0908,0.0794,0.0001,0.875,5
ALTO PARANA,PR,-24.18472222,-53.0275,Biometano,0.2588,0.5405,0.142,,0.5,1
ALTO PARANA,PR,-24.18472222,-53.0275,Solar,0.2388,0.1802,0.142,0.4138,0.875,2
ALTO PARANA,PR,-24.18472222,-53.0275,Eolica,0.2388,0.1802,0.142,0.4138,0.875,2
ALTO PARANA,PR,-24.18472222,-53.0275,H2 Verde,0.2071,0.1009,0.142,0.4138,0.875,3
ALTO PARANA,PR,-24.18472222,-53.0275,Biomassa,0.155,0.2811,0.142,,0.75,4
ALTO TAQUARI,MT,-17.88306639,-53.331690975,Solar,0.1709,0.1402,0.2153,0.1673,1.0,1
ALTO TAQUARI,MT,-17.88306639,-53.331690975,H2 Verde,0.1567,0.1048,0.2153,0.1673,1.0,2
ALTO TAQUARI,MT,-17.88306639,-53.331690975,Eolica,0.1411,0.0658,0.2153,0.1673,1.0,3
ALTO TAQUARI,MT,-17.88306639,-53.331690975,Biometano,0.1408,0.1892,0.2153,0.0019,0.625,4
ALTO TAQUARI,MT,-17.88306639,-53.331690975,Biomassa,0.1025,0.0935,0.2153,0.0019,0.875,5
ALVARAES,AM,-3.23472222,-64.78666667,H2 Verde,0.1106,0.0311,0.1679,0.1593,0.875,1
ALVARAES,AM,-3.23472222,-64.78666667,Solar,0.1054,0.0181,0.1679,0.1593,0.875,2
ALVARAES,AM,-3.23472222,-64.78666667,Eolica,0.1054,0.0181,0.1679,0.1593,0.875,2
ALVARAES,AM,-3.23472222,-64.78666667,Biometano,0.072,0.0541,0.1679,,0.5,3
ALVARAES,AM,-3.23472222,-64.78666667,Biomassa,0.07,0.0491,0.1679,,0.75,4
ALVARENGA,MG,-19.43687973,-41.61439138,Solar,0.4499,0.6675,0.1086,0.5012,1.0,1
ALVARENGA,MG,-19.43687973,-41.61439138,Biometano,0.4333,1.0,0.1086,0.0024,0.625,2
ALVARENGA,MG,-19.43687973,-41.61439138,H2 Verde,0.4001,0.5429,0.1086,0.5012,1.0,3
ALVARENGA,MG,-19.43687973,-41.61439138,Eolica,0.3166,0.3341,0.1086,0.5012,1.0,4
ALVARENGA,MG,-19.43687973,-41.61439138,Biomassa,0.2504,0.5429,0.1086,0.0024,0.875,5
ALVINOPOLIS,MG,-20.156862489999998,-42.93111353,Biometano,0.4403,1.0,0.134,0.0001,0.625,1
ALVINOPOLIS,MG,-20.156862489999998,-42.93111353,Solar,0.4317,0.6036,0.134,0.5001,1.0,2
ALVINOPOLIS,MG,-20.156862489999998,-42.93111353,H2 Verde,0.3818,0.479,0.134,0.5001,1.0,3
ALVINOPOLIS,MG,-20.156862489999998,-42.93111353,Eolica,0.3236,0.3334,0.134,0.5001,1.0,4
ALVINOPOLIS,MG,-20.156862489999998,-42.93111353,Biomassa,0.2571,0.5421,0.134,0.0001,0.875,5
AMAJARI,RR,3.3009560444444443,-54.54753518333334,H2 Verde,0.095,0.0483,0.2412,0.0111,1.0,1
AMAJARI,RR,3.3009560444444443,-54.54753518333334,Solar,0.0934,0.0444,0.2412,0.0111,1.0,2
AMAJARI,RR,3.3009560444444443,-54.54753518333334,Eolica,0.0758,0.0002,0.2412,0.0111,1.0,3
AMAJARI,RR,3.3009560444444443,-54.54753518333334,Biomassa,0.0741,0.0042,0.2412,0.0001,0.875,4
AMAJARI,RR,3.3009560444444443,-54.54753518333334,Biometano,0.0724,0.0,0.2412,0.0001,0.625,5
AMAMBAI,MS,-22.7012514,-55.05503569,Solar,0.2568,0.4204,0.1705,0.1248,1.0,1
AMAMBAI,MS,-22.7012514,-55.05503569,H2 Verde,0.2373,0.3718,0.1705,0.1248,1.0,2
AMAMBAI,MS,-22.7012514,-55.05503569,Biometano,0.1557,0.2613,0.1705,0.0001,0.625,3
AMAMBAI,MS,-22.7012514,-55.05503569,Eolica,0.1234,0.0871,0.1705,0.1248,1.0,4
AMAMBAI,MS,-22.7012514,-55.05503569,Biomassa,0.1014,0.1256,0.1705,0.0001,0.875,5
AMARAJI,PE,-8.38972222,-35.445,Biometano,0.1246,0.2432,0.091,0.0,0.625,1
AMARAJI,PE,-8.38972222,-35.445,Eolica,0.0904,0.0817,0.091,0.1012,1.0,2
AMARAJI,PE,-8.38972222,-35.445,Solar,0.0901,0.0811,0.091,0.1012,1.0,3
AMARAJI,PE,-8.38972222,-35.445,Biomassa,0.0835,0.1406,0.091,0.0,0.875,4
AMARAJI,PE,-8.38972222,-35.445,H2 Verde,0.0815,0.0595,0.091,0.1012,1.0,5
AMATURA,AM,-3.36916667,-68.19111093,H2 Verde,0.1117,0.0311,0.1714,0.1593,0.875,1
AMATURA,AM,-3.36916667,-68.19111093,Solar,0.1065,0.0181,0.1714,0.1593,0.875,2
AMATURA,AM,-3.36916667,-68.19111093,Eolica,0.1065,0.0181,0.1714,0.1593,0.875,2
AMATURA,AM,-3.36916667,-68.19111093,Biometano,0.073,0.0541,0.1714,,0.5,3
AMATURA,AM,-3.36916667,-68.19111093,Biomassa,0.0711,0.0491,0.1714,,0.75,4
AMERICANA,SP,-22.73028192,-47.31850194444444,H2 Verde,0.3855,0.5404,0.1802,0.3841,1.0,1
AMERICANA,SP,-22.73028192,-47.31850194444444,Solar,0.3446,0.4383,0.1802,0.3841,1.0,2
AMERICANA,SP,-22.73028192,-47.31850194444444,Biometano,0.3323,0.6937,0.1802,0.0027,0.625,3
AMERICANA,SP,-22.73028192,-47.31850194444444,Biomassa,0.2813,0.566,0.1802,0.0027,0.875,4
AMERICANA,SP,-22.73028192,-47.31850194444444,Eolica,0.2624,0.2327,0.1802,0.3841,1.0,5
AMERICO BRASILIENSE,SP,-21.76277778,-48.08388889,H2 Verde,0.4022,0.3358,0.1273,0.7655,0.875,1
AMERICO BRASILIENSE,SP,-21.76277778,-48.08388889,Solar,0.3613,0.2337,0.1273,0.7655,0.875,2
AMERICO BRASILIENSE,SP,-21.76277778,-48.08388889,Eolica,0.3613,0.2337,0.1273,0.7655,0.875,2
AMERICO BRASILIENSE,SP,-21.76277778,-48.08388889,Biometano,0.2689,0.5767,0.1273,,0.75,3
AMERICO BRASILIENSE,SP,-21.76277778,-48.08388889,Biomassa,0.265,0.5671,0.1273,,0.75,4
AMETISTA DO SUL,RS,-27.359943536666666,-53.193151,Solar,0.4016,0.6277,0.1481,0.3538,1.0,1
AMETISTA DO SUL,RS,-27.359943536666666,-53.193151,Biometano,0.3976,0.8829,0.1481,0.0001,0.625,2
AMETISTA DO SUL,RS,-27.359943536666666,-53.193151,H2 Verde,0.3462,0.489,0.1481,0.3538,1.0,3
AMETISTA DO SUL,RS,-27.359943536666666,-53.193151,Eolica,0.2683,0.2943,0.1481,0.3538,1.0,4
AMETISTA DO SUL,RS,-27.359943536666666,-53.193151,Biomassa,0.2245,0.45,0.1481,0.0001,0.875,5
AMONTADA,CE,-3.104270902631579,-39.67047830631579,H2 Verde,0.2885,0.46,0.1569,0.1913,1.0,1
AMONTADA,CE,-3.104270902631579,-39.67047830631579,Solar,0.2872,0.4567,0.1569,0.1913,1.0,2
AMONTADA,CE,-3.104270902631579,-39.67047830631579,Biometano,0.1933,0.3514,0.1569,0.0188,0.625,3
AMONTADA,CE,-3.104270902631579,-39.67047830631579,Eolica,0.167,0.1562,0.1569,0.1913,1.0,4
AMONTADA,CE,-3.104270902631579,-39.67047830631579,Biomassa,0.1502,0.2438,0.1569,0.0188,0.875,5
AMPARO,SP,-22.710892821999998,-46.81918975,Biometano,0.3223,0.6937,0.1492,0.0001,0.625,1
AMPARO,SP,-22.710892821999998,-46.81918975,H2 Verde,0.3073,0.3693,0.1492,0.3828,1.0,2
AMPARO,SP,-22.710892821999998,-46.81918975,Biomassa,0.2707,0.5647,0.1492,0.0001,0.875,3
AMPARO,SP,-22.710892821999998,-46.81918975,Solar,0.2665,0.2672,0.1492,0.3828,1.0,4
AMPARO,SP,-22.710892821999998,-46.81918975,Eolica,0.2522,0.2314,0.1492,0.3828,1.0,5
ANAHY,PR,-24.63757778,-53.10264167,Solar,0.31,0.5138,0.1409,0.2074,1.0,1
ANAHY,PR,-24.63757778,-53.10264167,H2 Verde,0.2783,0.4346,0.1409,0.2074,1.0,2
ANAHY,PR,-24.63757778,-53.10264167,Biometano,0.2588,0.5405,0.1409,0.0009,0.625,3
ANAHY,PR,-24.63757778,-53.10264167,Eolica,0.1767,0.1805,0.1409,0.2074,1.0,4
ANAHY,PR,-24.63757778,-53.10264167,Biomassa,0.1551,0.2814,0.1409,0.0009,0.875,5
ANAJAS,PA,-0.98596678,-49.94593211,H2 Verde,0.2284,0.1443,0.1692,0.3998,0.875,1
ANAJAS,PA,-0.98596678,-49.94593211,Solar,0.2032,0.0812,0.1692,0.3998,0.875,2
ANAJAS,PA,-0.98596678,-49.94593211,Eolica,0.2032,0.0812,0.1692,0.3998,0.875,2
ANAJAS,PA,-0.98596678,-49.94593211,Biometano,0.1481,0.2432,0.1692,,0.5,3
ANAJAS,PA,-0.98596678,-49.94593211,Biomassa,0.1409,0.2254,0.1692,,0.75,4
ANAMA,AM,-3.5796249949999996,-61.405013885,H2 Verde,0.0995,0.0311,0.1308,0.1593,0.875,1
ANAMA,AM,-3.5796249949999996,-61.405013885,Solar,0.0943,0.0182,0.1308,0.1593,0.875,2
ANAMA,AM,-3.5796249949999996,-61.405013885,Eolica,0.0943,0.0182,0.1308,0.1593,0.875,2
ANAMA,AM,-3.5796249949999996,-61.405013885,Biometano,0.0609,0.0541,0.1308,,0.5,3
ANAMA,AM,-3.5796249949999996,-61.405013885,Biomassa,0.0589,0.0492,0.1308,,0.75,4
ANANINDEUA,PA,-1.3705611528571429,-48.389604684285715,H2 Verde,0.2251,0.1445,0.158,0.3998,0.875,1
ANANINDEUA,PA,-1.3705611528571429,-48.389604684285715,Solar,0.1999,0.0813,0.158,0.3998,0.875,2
ANANINDEUA,PA,-1.3705611528571429,-48.389604684285715,Eolica,0.1999,0.0813,0.158,0.3998,0.875,2
ANANINDEUA,PA,-1.3705611528571429,-48.389604684285715,Biometano,0.1447,0.2432,0.158,,0.5,3
ANANINDEUA,PA,-1.3705611528571429,-48.389604684285715,Biomassa,0.1376,0.2255,0.158,,0.75,4
ANAPOLIS,GO,-15.01014627,-44.86449995583334,Biometano,0.179,0.2973,0.2002,0.0001,0.625,1
ANAPOLIS,GO,-15.01014627,-44.86449995583334,Solar,0.1457,0.1108,0.2002,0.1378,1.0,2
ANAPOLIS,GO,-15.01014627,-44.86449995583334,Eolica,0.1417,0.1007,0.2002,0.1378,1.0,3
ANAPOLIS,GO,-15.01014627,-44.86449995583334,H2 Verde,0.1407,0.0983,0.2002,0.1378,1.0,4
ANAPOLIS,GO,-15.01014627,-44.86449995583334,Biomassa,0.135,0.1873,0.2002,0.0001,0.875,5
ANAURILANDIA,SP,-22.47567361,-52.958685,H2 Verde,0.4203,0.7123,,0.4512,0.625,1
ANAURILANDIA,SP,-22.47567361,-52.958685,Solar,0.3794,0.6102,,0.4512,0.625,2
ANAURILANDIA,SP,-22.47567361,-52.958685,Biometano,0.3185,0.6937,,0.1369,0.25,3
ANAURILANDIA,SP,-22.47567361,-52.958685,Biomassa,0.2851,0.6102,,0.1369,0.5,4
ANAURILANDIA,SP,-22.47567361,-52.958685,Eolica,0.2461,0.2768,,0.4512,0.625,5
ANCHIETA,SC,-26.51999996,-53.374722225,Solar,0.2823,0.4718,0.123,0.1889,1.0,1
ANCHIETA,SC,-26.51999996,-53.374722225,H2 Verde,0.2747,0.4527,0.123,0.1889,1.0,2
ANCHIETA,SC,-26.51999996,-53.374722225,Biometano,0.203,0.4144,0.123,0.0011,0.625,3
ANCHIETA,SC,-26.51999996,-53.374722225,Eolica,0.149,0.1385,0.123,0.1889,1.0,4
ANCHIETA,SC,-26.51999996,-53.374722225,Biomassa,0.1402,0.2575,0.123,0.0011,0.875,5
ANDIRA,SP,-22.93833333,-50.25083333,H2 Verde,0.3833,0.6688,,0.386,0.625,1
ANDIRA,SP,-22.93833333,-50.25083333,Solar,0.3425,0.5667,,0.386,0.625,2
ANDIRA,SP,-22.93833333,-50.25083333,Biometano,0.2794,0.6937,,0.0064,0.25,3
ANDIRA,SP,-22.93833333,-50.25083333,Biomassa,0.2286,0.5667,,0.0064,0.5,4
ANDIRA,SP,-22.93833333,-50.25083333,Eolica,0.2091,0.2334,,0.386,0.625,5
ANDRADINA,SP,-20.7741349,-51.30561442333334,H2 Verde,0.4383,0.662,0.1599,0.4186,1.0,1
ANDRADINA,SP,-20.7741349,-51.30561442333334,Solar,0.3975,0.5599,0.1599,0.4186,1.0,2
ANDRADINA,SP,-20.7741349,-51.30561442333334,Biometano,0.347,0.6937,0.1599,0.0718,0.625,3
ANDRADINA,SP,-20.7741349,-51.30561442333334,Biomassa,0.3059,0.5909,0.1599,0.0718,0.875,4
ANDRADINA,SP,-20.7741349,-51.30561442333334,Eolica,0.2766,0.2576,0.1599,0.4186,1.0,5
ANDRE DA ROCHA,RS,-28.58585347,-51.403938887500004,Solar,0.3938,0.6286,0.1195,0.3551,1.0,1
ANDRE DA ROCHA,RS,-28.58585347,-51.403938887500004,Biometano,0.3898,0.8829,0.1195,0.0028,0.625,2
ANDRE DA ROCHA,RS,-28.58585347,-51.403938887500004,H2 Verde,0.3383,0.4899,0.1195,0.3551,1.0,3
ANDRE DA ROCHA,RS,-28.58585347,-51.403938887500004,Eolica,0.2607,0.2958,0.1195,0.3551,1.0,4
ANDRE DA ROCHA,RS,-28.58585347,-51.403938887500004,Biomassa,0.217,0.4508,0.1195,0.0028,0.875,5
ANGELICA,MS,-22.039657406666667,-53.84107411333334,Eolica,0.1655,0.0938,0.1772,0.2495,0.875,1
ANGELICA,MS,-22.039657406666667,-53.84107411333334,Solar,0.1642,0.0903,0.1772,0.2495,0.875,2
ANGELICA,MS,-22.039657406666667,-53.84107411333334,Biometano,0.1577,0.2613,0.1772,,0.5,3
ANGELICA,MS,-22.039657406666667,-53.84107411333334,H2 Verde,0.1447,0.0417,0.1772,0.2495,0.875,4
ANGELICA,MS,-22.039657406666667,-53.84107411333334,Biomassa,0.1047,0.1288,0.1772,,0.75,5
ANGELINA,SC,-27.523727458000003,-49.028021763,Solar,0.285,0.4626,0.1422,0.1909,1.0,1
ANGELINA,SC,-27.523727458000003,-49.028021763,H2 Verde,0.2773,0.4435,0.1422,0.1909,1.0,2
ANGELINA,SC,-27.523727458000003,-49.028021763,Biometano,0.2099,0.4144,0.1422,0.005,0.625,3
ANGELINA,SC,-27.523727458000003,-49.028021763,Eolica,0.1559,0.1399,0.1422,0.1909,1.0,4
ANGELINA,SC,-27.523727458000003,-49.028021763,Biomassa,0.1477,0.2588,0.1422,0.005,0.875,5
ANGICOS,RN,-5.64425619875,-36.5628234075,H2 Verde,0.2482,0.4099,0.1391,0.1416,1.0,1
ANGICOS,RN,-5.64425619875,-36.5628234075,Solar,0.2445,0.4006,0.1391,0.1416,1.0,2
ANGICOS,RN,-5.64425619875,-36.5628234075,Biometano,0.1212,0.1892,0.1391,0.0127,0.625,3
ANGICOS,RN,-5.64425619875,-36.5628234075,Eolica,0.1156,0.0785,0.1391,0.1416,1.0,4
ANGICOS,RN,-5.64425619875,-36.5628234075,Biomassa,0.1014,0.1397,0.1391,0.0127,0.875,5
ANGRA DOS REIS,RJ,-23.007203262,-44.409913556,Eolica,0.195,0.2259,0.1425,0.2064,0.875,1
ANGRA DOS REIS,RJ,-23.007203262,-44.409913556,H2 Verde,0.1724,0.1693,0.1425,0.2064,0.875,2
ANGRA DOS REIS,RJ,-23.007203262,-44.409913556,Solar,0.1547,0.1251,0.1425,0.2064,0.875,3
ANGRA DOS REIS,RJ,-23.007203262,-44.409913556,Biomassa,0.1369,0.2354,0.1425,,0.75,4
ANGRA DOS REIS,RJ,-23.007203262,-44.409913556,Biometano,0.122,0.1982,0.1425,,0.5,5
ANITA GARIBALDI,RS,-27.78026185,-51.19189954,Solar,0.3745,0.6481,,0.3844,0.625,1
ANITA GARIBALDI,RS,-27.78026185,-51.19189954,Biometano,0.3715,0.8829,,0.0613,0.25,2
ANITA GARIBALDI,RS,-27.78026185,-51.19189954,H2 Verde,0.3191,0.5094,,0.3844,0.625,3
ANITA GARIBALDI,SC,-27.72005,-51.098501389999996,Solar,0.2833,0.4716,0.1271,0.1885,1.0,4
ANITA GARIBALDI,SC,-27.72005,-51.098501389999996,H2 Verde,0.2756,0.4524,0.1271,0.1885,1.0,5
ANITA GARIBALDI,RS,-27.78026185,-51.19189954,Eolica,0.2412,0.3147,,0.3844,0.625,6
ANITA GARIBALDI,RS,-27.78026185,-51.19189954,Biomassa,0.2065,0.4703,,0.0613,0.5,7
ANITA GARIBALDI,SC,-27.72005,-51.098501389999996,Biometano,0.204,0.4144,0.1271,0.0002,0.625,8
ANITA GARIBALDI,SC,-27.72005,-51.098501389999996,Eolica,0.15,0.1382,0.1271,0.1885,1.0,9
ANITA GARIBALDI,SC,-27.72005,-51.098501389999996,Biomassa,0.1411,0.2572,0.1271,0.0002,0.875,10
ANITAPOLIS,SC,-27.98284326,-49.10183035,Solar,0.2947,0.4715,0.1651,0.1885,1.0,1
ANITAPOLIS,SC,-27.98284326,-49.10183035,H2 Verde,0.287,0.4524,0.1651,0.1885,1.0,2
ANITAPOLIS,SC,-27.98284326,-49.10183035,Biometano,0.2153,0.4144,0.1651,0.0002,0.625,3
ANITAPOLIS,SC,-27.98284326,-49.10183035,Eolica,0.1613,0.1382,0.1651,0.1885,1.0,4
ANITAPOLIS,SC,-27.98284326,-49.10183035,Biomassa,0.1524,0.2572,0.1651,0.0002,0.875,5
ANORI,AM,-3.729775725,-61.66126692500001,H2 Verde,0.1055,0.0312,0.1509,0.1593,0.875,1
ANORI,AM,-3.729775725,-61.66126692500001,Solar,0.1004,0.0183,0.1509,0.1593,0.875,2
ANORI,AM,-3.729775725,-61.66126692500001,Eolica,0.1004,0.0183,0.1509,0.1593,0.875,2
ANORI,AM,-3.729775725,-61.66126692500001,Biometano,0.0669,0.0541,0.1509,,0.5,3
ANORI,AM,-3.729775725,-61.66126692500001,Biomassa,0.065,0.0492,0.1509,,0.75,4
ANTA GORDA,RS,-14.483333335,-25.95833333,Solar,0.3969,0.6276,0.1325,0.3537,1.0,1
ANTA GORDA,RS,-14.483333335,-25.95833333,Biometano,0.3929,0.8829,0.1325,0.0,0.625,2
ANTA GORDA,RS,-14.483333335,-25.95833333,H2 Verde,0.3415,0.489,0.1325,0.3537,1.0,3
ANTA GORDA,RS,-14.483333335,-25.95833333,Eolica,0.2645,0.2965,0.1325,0.3537,1.0,4
ANTA GORDA,RS,-14.483333335,-25.95833333,Biomassa,0.2197,0.4499,0.1325,0.0,0.875,5
ANTONINA,PR,-25.183116665,-48.811855554999994,Solar,0.3121,0.5212,0.1267,0.2185,1.0,1
ANTONINA,PR,-25.183116665,-48.811855554999994,H2 Verde,0.2804,0.442,0.1267,0.2185,1.0,2
ANTONINA,PR,-25.183116665,-48.811855554999994,Biometano,0.2612,0.5405,0.1267,0.0232,0.625,3
ANTONINA,PR,-25.183116665,-48.811855554999994,Eolica,0.1787,0.1879,0.1267,0.2185,1.0,4
ANTONINA,PR,-25.183116665,-48.811855554999994,Biomassa,0.1605,0.2888,0.1267,0.0232,0.875,5
ANTONIO CARLOS,SC,-27.471195,-48.83606167,Solar,0.3182,0.4716,0.2435,0.1885,1.0,1
ANTONIO CARLOS,SC,-27.471195,-48.83606167,H2 Verde,0.3106,0.4524,0.2435,0.1885,1.0,2
ANTONIO CARLOS,SC,-27.471195,-48.83606167,Biometano,0.2389,0.4144,0.2435,0.0003,0.625,3
ANTONIO CARLOS,SC,-27.471195,-48.83606167,Eolica,0.1849,0.1382,0.2435,0.1885,1.0,4
ANTONIO CARLOS,SC,-27.471195,-48.83606167,Biomassa,0.176,0.2572,0.2435,0.0003,0.875,5
ANTONIO DIAS,MG,-19.62483794,-42.85895077333333,Solar,0.4608,0.6734,0.1278,0.5101,1.0,1
ANTONIO DIAS,MG,-19.62483794,-42.85895077333333,Biometano,0.4444,1.0,0.1278,0.0203,0.625,2
ANTONIO DIAS,MG,-19.62483794,-42.85895077333333,H2 Verde,0.4109,0.5488,0.1278,0.5101,1.0,3
ANTONIO DIAS,MG,-19.62483794,-42.85895077333333,Eolica,0.3274,0.3401,0.1278,0.5101,1.0,4
ANTONIO DIAS,MG,-19.62483794,-42.85895077333333,Biomassa,0.2639,0.5488,0.1278,0.0203,0.875,5
ANTONIO PRADO,RS,-28.89143806,-51.45587639,Solar,0.4004,0.6284,0.1418,0.3549,1.0,1
ANTONIO PRADO,RS,-28.89143806,-51.45587639,Biometano,0.3964,0.8829,0.1418,0.0023,0.625,2
ANTONIO PRADO,RS,-28.89143806,-51.45587639,H2 Verde,0.3449,0.4897,0.1418,0.3549,1.0,3
ANTONIO PRADO,RS,-28.89143806,-51.45587639,Eolica,0.267,0.2951,0.1418,0.3549,1.0,4
ANTONIO PRADO,RS,-28.89143806,-51.45587639,Biomassa,0.2235,0.4507,0.1418,0.0023,0.875,5
ANTONIO PRADO DE MINAS,MG,-21.02860013,-42.19971953,Solar,0.4514,0.6667,0.1158,0.5,1.0,1
ANTONIO PRADO DE MINAS,MG,-21.02860013,-42.19971953,Biometano,0.4348,1.0,0.1158,0.0001,0.625,2
ANTONIO PRADO DE MINAS,MG,-21.02860013,-42.19971953,H2 Verde,0.4016,0.5421,0.1158,0.5,1.0,3
ANTONIO PRADO DE MINAS,MG,-21.02860013,-42.19971953,Eolica,0.3181,0.3334,0.1158,0.5,1.0,4
ANTONIO PRADO DE MINAS,MG,-21.02860013,-42.19971953,Biomassa,0.2516,0.5421,0.1158,0.0001,0.875,5
APARECIDA,SP,-7.61674748,-15.077961969999999,H2 Verde,0.3901,0.5982,0.1199,0.383,1.0,1
APARECIDA,SP,-7.61674748,-15.077961969999999,Solar,0.3493,0.4961,0.1199,0.383,1.0,2
APARECIDA,SP,-7.61674748,-15.077961969999999,Biometano,0.3136,0.6937,0.1199,0.0004,0.625,3
APARECIDA,SP,-7.61674748,-15.077961969999999,Biomassa,0.262,0.5648,0.1199,0.0004,0.875,4
APARECIDA,SP,-7.61674748,-15.077961969999999,Eolica,0.2434,0.2314,0.1199,0.383,1.0,5
APARECIDA DE GOIANIA,GO,-11.99066705,-35.18140397571428,Solar,0.2182,0.2946,0.1965,0.1378,1.0,1
APARECIDA DE GOIANIA,GO,-11.99066705,-35.18140397571428,H2 Verde,0.2132,0.2822,0.1965,0.1378,1.0,2
APARECIDA DE GOIANIA,GO,-11.99066705,-35.18140397571428,Biometano,0.1779,0.2973,0.1965,0.0001,0.625,3
APARECIDA DE GOIANIA,GO,-11.99066705,-35.18140397571428,Eolica,0.1442,0.1098,0.1965,0.1378,1.0,4
APARECIDA DE GOIANIA,GO,-11.99066705,-35.18140397571428,Biomassa,0.1333,0.1858,0.1965,0.0001,0.875,5
APARECIDA DO TABOADO,MS,-10.043645555,-25.649505115,Biometano,0.1626,0.2613,0.1937,0.0,0.625,1
APARECIDA DO TABOADO,MS,-10.043645555,-25.649505115,Solar,0.1379,0.1059,0.1937,0.1248,1.0,2
APARECIDA DO TABOADO,MS,-10.043645555,-25.649505115,Eolica,0.1304,0.0872,0.1937,0.1248,1.0,3
APARECIDA DO TABOADO,MS,-10.043645555,-25.649505115,H2 Verde,0.1185,0.0573,0.1937,0.1248,1.0,4
APARECIDA DO TABOADO,MS,-10.043645555,-25.649505115,Biomassa,0.1084,0.1257,0.1937,0.0,0.875,5
APIUNA,SC,-27.046340396666665,-49.41533322666667,Solar,0.2912,0.4735,0.1425,0.1969,1.0,1
APIUNA,SC,-27.046340396666665,-49.41533322666667,H2 Verde,0.2835,0.4543,0.1425,0.1969,1.0,2
APIUNA,SC,-27.046340396666665,-49.41533322666667,Biometano,0.2136,0.4144,0.1425,0.0171,0.625,3
APIUNA,SC,-27.046340396666665,-49.41533322666667,Eolica,0.1594,0.1439,0.1425,0.1969,1.0,4
APIUNA,SC,-27.046340396666665,-49.41533322666667,Biomassa,0.153,0.2629,0.1425,0.0171,0.875,5
APORE,GO,-18.731709908333332,-52.0331715,Solar,0.2399,0.3658,0.1702,0.1419,1.0,1
APORE,GO,-18.731709908333332,-52.0331715,H2 Verde,0.235,0.3533,0.1702,0.1419,1.0,2
APORE,GO,-18.731709908333332,-52.0331715,Biometano,0.1725,0.2973,0.1702,0.0083,0.625,3
APORE,GO,-18.731709908333332,-52.0331715,Eolica,0.1377,0.1101,0.1702,0.1419,1.0,4
APORE,GO,-18.731709908333332,-52.0331715,Biomassa,0.1293,0.1893,0.1702,0.0083,0.875,5
APUCARANA,PR,-23.538989766666663,-51.4304736,Biometano,0.2645,0.5405,0.1608,,0.5,1
APUCARANA,PR,-23.538989766666663,-51.4304736,Solar,0.2445,0.1802,0.1608,0.4138,0.875,2
APUCARANA,PR,-23.538989766666663,-51.4304736,Eolica,0.2445,0.1802,0.1608,0.4138,0.875,2
APUCARANA,PR,-23.538989766666663,-51.4304736,H2 Verde,0.2128,0.101,0.1608,0.4138,0.875,3
APUCARANA,PR,-23.538989766666663,-51.4304736,Biomassa,0.1607,0.2812,0.1608,,0.75,4
APUI,AM,-7.068647406666667,-59.607532219999996,H2 Verde,0.1121,0.0312,0.1727,0.1593,0.875,1
APUI,AM,-7.068647406666667,-59.607532219999996,Solar,0.1069,0.0182,0.1727,0.1593,0.875,2
APUI,AM,-7.068647406666667,-59.607532219999996,Eolica,0.1069,0.0182,0.1727,0.1593,0.875,2
APUI,AM,-7.068647406666667,-59.607532219999996,Biometano,0.0734,0.0541,0.1727,,0.5,3
APUI,AM,-7.068647406666667,-59.607532219999996,Biomassa,0.0715,0.0492,0.1727,,0.75,4
AQUIRAZ,CE,-3.563740454,-34.570043778,H2 Verde,0.2884,0.4562,0.1673,0.1857,1.0,1
AQUIRAZ,CE,-3.563740454,-34.570043778,Solar,0.2871,0.453,0.1673,0.1857,1.0,2
AQUIRAZ,CE,-3.563740454,-34.570043778,Biometano,0.193,0.3514,0.1673,0.0076,0.625,3
AQUIRAZ,CE,-3.563740454,-34.570043778,Eolica,0.1623,0.1411,0.1673,0.1857,1.0,4
AQUIRAZ,CE,-3.563740454,-34.570043778,Biomassa,0.1485,0.24,0.1673,0.0076,0.875,5
ARABUTA,SC,-27.138081945,-52.166856945000006,Solar,0.2896,0.4715,0.1481,0.1885,1.0,1
ARABUTA,SC,-27.138081945,-52.166856945000006,H2 Verde,0.2819,0.4524,0.1481,0.1885,1.0,2
ARABUTA,SC,-27.138081945,-52.166856945000006,Biometano,0.2103,0.4144,0.1481,0.0002,0.625,3
ARABUTA,SC,-27.138081945,-52.166856945000006,Eolica,0.1563,0.1382,0.1481,0.1885,1.0,4
ARABUTA,SC,-27.138081945,-52.166856945000006,Biomassa,0.1474,0.2572,0.1481,0.0002,0.875,5
ARACAJU,SE,-10.932726433571428,-37.0619199125,Solar,0.0864,0.0218,0.1754,0.0837,1.0,1
ARACAJU,SE,-10.932726433571428,-37.0619199125,Eolica,0.0829,0.0129,0.1754,0.0837,1.0,2
ARACAJU,SE,-10.932726433571428,-37.0619199125,H2 Verde,0.0816,0.0098,0.1754,0.0837,1.0,3
ARACAJU,SE,-10.932726433571428,-37.0619199125,Biometano,0.0671,0.036,0.1754,0.0001,0.625,4
ARACAJU,SE,-10.932726433571428,-37.0619199125,Biomassa,0.0578,0.0129,0.1754,0.0001,0.875,5
ARACATI,CE,-4.674966417586207,-36.858122704827586,H2 Verde,0.2924,0.4633,0.1607,0.1962,1.0,1
ARACATI,CE,-4.674966417586207,-36.858122704827586,Solar,0.2911,0.46,0.1607,0.1962,1.0,2
ARACATI,CE,-4.674966417586207,-36.858122704827586,Eolica,0.1982,0.2277,0.1607,0.1962,1.0,3
ARACATI,CE,-4.674966417586207,-36.858122704827586,Biometano,0.1974,0.3514,0.1607,0.0288,0.625,4
ARACATI,CE,-4.674966417586207,-36.858122704827586,Biomassa,0.1557,0.2471,0.1607,0.0288,0.875,5
ARACATUBA,SP,-20.08843405857143,-50.99194583285714,Biometano,0.3288,0.6937,0.171,0.0,0.625,1
ARACATUBA,SP,-20.08843405857143,-50.99194583285714,H2 Verde,0.3012,0.3377,0.171,0.3828,1.0,2
ARACATUBA,SP,-20.08843405857143,-50.99194583285714,Biomassa,0.2773,0.5649,0.171,0.0,0.875,3
ARACATUBA,SP,-20.08843405857143,-50.99194583285714,Solar,0.2604,0.2356,0.171,0.3828,1.0,4
ARACATUBA,SP,-20.08843405857143,-50.99194583285714,Eolica,0.2588,0.2315,0.171,0.3828,1.0,5
ARACI,BA,-11.35996856,-38.80407728,Solar,0.3806,0.5439,0.1262,0.4174,1.0,1
ARACI,BA,-11.35996856,-38.80407728,H2 Verde,0.3603,0.493,0.1262,0.4174,1.0,2
ARACI,BA,-11.35996856,-38.80407728,Biometano,0.2904,0.6306,0.1262,0.0011,0.625,3
ARACI,BA,-11.35996856,-38.80407728,Eolica,0.2473,0.2106,0.1262,0.4174,1.0,4
ARACI,BA,-11.35996856,-38.80407728,Biomassa,0.1861,0.3699,0.1262,0.0011,0.875,5
ARACRUZ,ES,-19.84295367,-40.07470155,H2 Verde,0.1099,0.0574,0.1794,0.1102,0.875,1
ARACRUZ,ES,-19.84295367,-40.07470155,Solar,0.0993,0.0311,0.1794,0.1102,0.875,2
ARACRUZ,ES,-19.84295367,-40.07470155,Eolica,0.0993,0.0311,0.1794,0.1102,0.875,2
ARACRUZ,ES,-19.84295367,-40.07470155,Biomassa,0.0864,0.0815,0.1794,,0.75,3
ARACRUZ,ES,-19.84295367,-40.07470155,Biometano,0.0827,0.0721,0.1794,,0.5,4
ARACUAI,MG,-16.82190825,-41.97066275,Biometano,0.4377,1.0,0.1256,0.0,0.625,1
ARACUAI,MG,-16.82190825,-41.97066275,Eolica,0.3246,0.3423,0.1256,0.5,1.0,2
ARACUAI,MG,-16.82190825,-41.97066275,Solar,0.321,0.3333,0.1256,0.5,1.0,3
ARACUAI,MG,-16.82190825,-41.97066275,H2 Verde,0.2712,0.2087,0.1256,0.5,1.0,4
ARACUAI,MG,-16.82190825,-41.97066275,Biomassa,0.2545,0.5421,0.1256,0.0,0.875,5
ARAGUAINA,TO,-6.470932809,-43.394774867,Solar,0.1087,0.094,0.1773,0.0597,1.0,1
ARAGUAINA,TO,-6.470932809,-43.394774867,H2 Verde,0.1061,0.0874,0.1773,0.0597,1.0,2
ARAGUAINA,TO,-6.470932809,-43.394774867,Biometano,0.0965,0.1081,0.1773,0.0001,0.625,3
ARAGUAINA,TO,-6.470932809,-43.394774867,Eolica,0.0856,0.0362,0.1773,0.0597,1.0,4
ARAGUAINA,TO,-6.470932809,-43.394774867,Biomassa,0.0795,0.0656,0.1773,0.0001,0.875,5
ARAGUARI,MG,-18.669338192857143,-48.20444323142857,Solar,0.473,0.6719,0.1607,0.5202,1.0,1
ARAGUARI,MG,-18.669338192857143,-48.20444323142857,Biometano,0.4603,1.0,0.1607,0.0405,0.625,2
ARAGUARI,MG,-18.669338192857143,-48.20444323142857,H2 Verde,0.4232,0.5473,0.1607,0.5202,1.0,3
ARAGUARI,MG,-18.669338192857143,-48.20444323142857,Eolica,0.3431,0.3472,0.1607,0.5202,1.0,4
ARAGUARI,MG,-18.669338192857143,-48.20444323142857,Biomassa,0.2827,0.5559,0.1607,0.0405,0.875,5
ARAPEI,SP,-22.7032375,-44.46364972,H2 Verde,0.4174,0.6667,0.1198,0.3828,1.0,1
ARAPEI,SP,-22.7032375,-44.46364972,Solar,0.3766,0.5646,0.1198,0.3828,1.0,2
ARAPEI,SP,-22.7032375,-44.46364972,Biometano,0.3134,0.6937,0.1198,0.0,0.625,3
ARAPEI,SP,-22.7032375,-44.46364972,Biomassa,0.2618,0.5646,0.1198,0.0,0.875,4
ARAPEI,SP,-22.7032375,-44.46364972,Eolica,0.2433,0.2312,0.1198,0.3828,1.0,5
ARAPIRACA,AL,-7.3232211425,-27.489258815,Biometano,0.0906,0.0991,0.1699,0.0,0.625,1
ARAPIRACA,AL,-7.3232211425,-27.489258815,Solar,0.0859,0.0558,0.1699,0.0421,1.0,2
ARAPIRACA,AL,-7.3232211425,-27.489258815,H2 Verde,0.082,0.0459,0.1699,0.0421,1.0,3
ARAPIRACA,AL,-7.3232211425,-27.489258815,Eolica,0.0768,0.0331,0.1699,0.0421,1.0,4
ARAPIRACA,AL,-7.3232211425,-27.489258815,Biomassa,0.0735,0.0562,0.1699,0.0,0.875,5
ARAPONGAS,PR,-23.41351694,-51.43828,Biometano,0.2692,0.5405,0.1766,,0.5,1
ARAPONGAS,PR,-23.41351694,-51.43828,Solar,0.2492,0.1802,0.1766,0.4138,0.875,2
ARAPONGAS,PR,-23.41351694,-51.43828,Eolica,0.2492,0.1802,0.1766,0.4138,0.875,2
ARAPONGAS,PR,-23.41351694,-51.43828,H2 Verde,0.2175,0.1009,0.1766,0.4138,0.875,3
ARAPONGAS,PR,-23.41351694,-51.43828,Biomassa,0.1654,0.2811,0.1766,,0.75,4
ARAPORA,MG,-18.432366655,-49.15421691,Solar,0.5328,0.722,0.2207,0.5925,1.0,1
ARAPORA,MG,-18.432366655,-49.15421691,Biometano,0.5217,1.0,0.2207,0.185,0.625,2
ARAPORA,MG,-18.432366655,-49.15421691,H2 Verde,0.4829,0.5974,0.2207,0.5925,1.0,3
ARAPORA,MG,-18.432366655,-49.15421691,Eolica,0.4025,0.3965,0.2207,0.5925,1.0,4
ARAPORA,MG,-18.432366655,-49.15421691,Biomassa,0.3638,0.6052,0.2207,0.185,0.875,5
ARAPOTI,PR,-24.087224871666667,-49.848672175,Solar,0.3087,0.5135,0.1373,0.207,1.0,1
ARAPOTI,PR,-24.087224871666667,-49.848672175,H2 Verde,0.277,0.4343,0.1373,0.207,1.0,2
ARAPOTI,PR,-24.087224871666667,-49.848672175,Biometano,0.2574,0.5405,0.1373,0.0001,0.625,3
ARAPOTI,PR,-24.087224871666667,-49.848672175,Eolica,0.1757,0.1811,0.1373,0.207,1.0,4
ARAPOTI,PR,-24.087224871666667,-49.848672175,Biomassa,0.1537,0.2811,0.1373,0.0001,0.875,5
ARAPUA,MG,-19.033855,-46.15459805,Solar,0.4704,0.3334,0.1236,1.0,0.875,1
ARAPUA,MG,-19.033855,-46.15459805,Eolica,0.4704,0.3334,0.1236,1.0,0.875,1
ARAPUA,MG,-19.033855,-46.15459805,Biometano,0.4371,1.0,0.1236,,0.5,2
ARAPUA,MG,-19.033855,-46.15459805,H2 Verde,0.4206,0.2088,0.1236,1.0,0.875,3
ARAPUA,MG,-19.033855,-46.15459805,Biomassa,0.2539,0.5421,0.1236,,0.75,4
ARAPUTANGA,MT,-15.086968315,-58.739388704999996,Solar,0.2484,0.3978,0.129,0.1685,1.0,1
ARAPUTANGA,MT,-15.086968315,-58.739388704999996,H2 Verde,0.2342,0.3624,0.129,0.1685,1.0,2
ARAPUTANGA,MT,-15.086968315,-58.739388704999996,Biometano,0.1156,0.1892,0.129,0.0043,0.625,3
ARAPUTANGA,MT,-15.086968315,-58.739388704999996,Eolica,0.115,0.0645,0.129,0.1685,1.0,4
ARAPUTANGA,MT,-15.086968315,-58.739388704999996,Biomassa,0.0768,0.0922,0.129,0.0043,0.875,5
ARAQUARI,SC,-26.475438755,-48.74465037,Biometano,0.2552,0.4144,0.298,0.0,0.625,1
ARAQUARI,SC,-26.475438755,-48.74465037,Solar,0.2217,0.1895,0.298,0.1884,1.0,2
ARAQUARI,SC,-26.475438755,-48.74465037,H2 Verde,0.2141,0.1703,0.298,0.1884,1.0,3
ARAQUARI,SC,-26.475438755,-48.74465037,Eolica,0.2012,0.1382,0.298,0.1884,1.0,4
ARAQUARI,SC,-26.475438755,-48.74465037,Biomassa,0.1923,0.2572,0.298,0.0,0.875,5
ARARAQUARA,SP,-21.830369415555555,-48.16972220444445,Biometano,0.3336,0.6937,0.1867,0.0004,0.625,1
ARARAQUARA,SP,-21.830369415555555,-48.16972220444445,H2 Verde,0.3236,0.3818,0.1867,0.383,1.0,2
ARARAQUARA,SP,-21.830369415555555,-48.16972220444445,Solar,0.2828,0.2797,0.1867,0.383,1.0,3
ARARAQUARA,SP,-21.830369415555555,-48.16972220444445,Biomassa,0.2823,0.5655,0.1867,0.0004,0.875,4
ARARAQUARA,SP,-21.830369415555555,-48.16972220444445,Eolica,0.2638,0.2321,0.1867,0.383,1.0,5
ARARAS,SP,-15.976435378571429,-33.84797985142857,Biometano,0.328,0.6937,0.1684,0.0001,0.625,1
ARARAS,SP,-15.976435378571429,-33.84797985142857,H2 Verde,0.3008,0.3385,0.1684,0.3828,1.0,2
ARARAS,SP,-15.976435378571429,-33.84797985142857,Biomassa,0.2773,0.5668,0.1684,0.0001,0.875,3
ARARAS,SP,-15.976435378571429,-33.84797985142857,Solar,0.2599,0.2364,0.1684,0.3828,1.0,4
ARARAS,SP,-15.976435378571429,-33.84797985142857,Eolica,0.2588,0.2335,0.1684,0.3828,1.0,5
ARARIPINA,PE,-7.192698423125,-38.0794223475,Solar,0.2513,0.4227,0.1606,0.1136,1.0,1
ARARIPINA,PE,-7.192698423125,-38.0794223475,H2 Verde,0.2427,0.4011,0.1606,0.1136,1.0,2
ARARIPINA,PI,-7.59470395,-40.66974475,Solar,0.2255,0.4428,,0.1613,0.625,3
ARARIPINA,PI,-7.59470395,-40.66974475,H2 Verde,0.1996,0.3781,,0.1613,0.625,4
ARARIPINA,PE,-7.192698423125,-38.0794223475,Biometano,0.1529,0.2432,0.1606,0.0248,0.625,5
ARARIPINA,PI,-7.59470395,-40.66974475,Biometano,0.1309,0.3243,,0.0041,0.25,6
ARARIPINA,PE,-7.192698423125,-38.0794223475,Eolica,0.128,0.1144,0.1606,0.1136,1.0,7
ARARIPINA,PE,-7.192698423125,-38.0794223475,Biomassa,0.1152,0.1489,0.1606,0.0248,0.875,8
ARARIPINA,PI,-7.59470395,-40.66974475,Eolica,0.0922,0.1095,,0.1613,0.625,9
ARARIPINA,PI,-7.59470395,-40.66974475,Biomassa,0.0624,0.1529,,0.0041,0.5,10
ARARUAMA,RJ,-22.650740736666666,-42.23416666333333,H2 Verde,0.1604,0.1106,0.1809,0.2064,0.875,1
ARARUAMA,RJ,-22.650740736666666,-42.23416666333333,Solar,0.1427,0.0664,0.1809,0.2064,0.875,2
ARARUAMA,RJ,-22.650740736666666,-42.23416666333333,Eolica,0.1427,0.0664,0.1809,0.2064,0.875,2
ARARUAMA,RJ,-22.650740736666666,-42.23416666333333,Biometano,0.1335,0.1982,0.1809,,0.5,3
ARARUAMA,RJ,-22.650740736666666,-42.23416666333333,Biomassa,0.1249,0.1767,0.1809,,0.75,4
ARARUNA,PR,-23.936306616666666,-52.49934420333333,Biometano,0.2633,0.5405,0.157,,0.5,1
ARARUNA,PR,-23.936306616666666,-52.49934420333333,Solar,0.2434,0.1803,0.157,0.4138,0.875,2
ARARUNA,PR,-23.936306616666666,-52.49934420333333,Eolica,0.2434,0.1803,0.157,0.4138,0.875,2
ARARUNA,PR,-23.936306616666666,-52.49934420333333,H2 Verde,0.2117,0.101,0.157,0.4138,0.875,3
ARARUNA,PR,-23.936306616666666,-52.49934420333333,Biomassa,0.1596,0.2812,0.157,,0.75,4
ARARUNA,PB,-6.544620368571429,-35.78490886142857,Biometano,0.089,0.1351,0.1163,0.0,0.625,5
ARARUNA,PB,-6.544620368571429,-35.78490886142857,Eolica,0.0753,0.0639,0.1163,0.0496,1.0,6
ARARUNA,PB,-6.544620368571429,-35.78490886142857,Solar,0.0678,0.045,0.1163,0.0496,1.0,7
ARARUNA,PB,-6.544620368571429,-35.78490886142857,Biomassa,0.0595,0.0615,0.1163,0.0,0.875,8
ARARUNA,PB,-6.544620368571429,-35.78490886142857,H2 Verde,0.0564,0.0165,0.1163,0.0496,1.0,9
ARATIBA,RS,-27.27671111,-52.38216111,Solar,0.434,0.6706,0.1344,0.4181,1.0,1
ARATIBA,RS,-27.27671111,-52.38216111,Biometano,0.4321,0.8829,0.1344,0.1289,0.625,2
ARATIBA,RS,-27.27671111,-52.38216111,H2 Verde,0.3785,0.5319,0.1344,0.4181,1.0,3
ARATIBA,RS,-27.27671111,-52.38216111,Eolica,0.3007,0.3372,0.1344,0.4181,1.0,4
ARATIBA,RS,-27.27671111,-52.38216111,Biomassa,0.2761,0.4929,0.1344,0.1289,0.875,5
ARAUCARIA,PR,-25.573432458000003,-49.373919876,Biometano,0.2805,0.5405,0.2143,,0.5,1
ARAUCARIA,PR,-25.573432458000003,-49.373919876,Solar,0.2671,0.1967,0.2143,0.4138,0.875,2
ARAUCARIA,PR,-25.573432458000003,-49.373919876,Eolica,0.2671,0.1967,0.2143,0.4138,0.875,2
ARAUCARIA,PR,-25.573432458000003,-49.373919876,H2 Verde,0.2354,0.1174,0.2143,0.4138,0.875,3
ARAUCARIA,PR,-25.573432458000003,-49.373919876,Biomassa,0.1833,0.2976,0.2143,,0.75,4
ARAXA,MG,-19.619812335000002,-46.959667813571436,Biometano,0.4589,1.0,0.1884,0.008,0.625,1
ARAXA,MG,-19.619812335000002,-46.959667813571436,Solar,0.4444,0.5917,0.1884,0.504,1.0,2
ARAXA,MG,-19.619812335000002,-46.959667813571436,H2 Verde,0.3945,0.4671,0.1884,0.504,1.0,3
ARAXA,MG,-19.619812335000002,-46.959667813571436,Eolica,0.3424,0.3368,0.1884,0.504,1.0,4
ARAXA,MG,-19.619812335000002,-46.959667813571436,Biomassa,0.2771,0.5456,0.1884,0.008,0.875,5
ARCEBURGO,MG,-21.391179898,-46.926690367999996,Biometano,0.4385,1.0,0.1281,0.0003,0.625,1
ARCEBURGO,MG,-21.391179898,-46.926690367999996,Solar,0.4104,0.555,0.1281,0.5001,1.0,2
ARCEBURGO,MG,-21.391179898,-46.926690367999996,H2 Verde,0.3606,0.4304,0.1281,0.5001,1.0,3
ARCEBURGO,MG,-21.391179898,-46.926690367999996,Eolica,0.3218,0.3335,0.1281,0.5001,1.0,4
ARCEBURGO,MG,-21.391179898,-46.926690367999996,Biomassa,0.2554,0.5422,0.1281,0.0003,0.875,5
ARCOS,MG,-20.285006256666666,-45.567248346666666,Solar,0.4846,0.3334,0.1708,1.0,0.875,1
ARCOS,MG,-20.285006256666666,-45.567248346666666,Eolica,0.4846,0.3334,0.1708,1.0,0.875,1
ARCOS,MG,-20.285006256666666,-45.567248346666666,Biometano,0.4512,1.0,0.1708,,0.5,2
ARCOS,MG,-20.285006256666666,-45.567248346666666,H2 Verde,0.4348,0.2088,0.1708,1.0,0.875,3
ARCOS,MG,-20.285006256666666,-45.567248346666666,Biomassa,0.2681,0.5421,0.1708,,0.75,4
ARCOVERDE,PE,0.0,0.0,Solar,0.248,0.4144,0.1729,0.1012,1.0,1
ARCOVERDE,PE,0.0,0.0,H2 Verde,0.2394,0.3929,0.1729,0.1012,1.0,2
ARCOVERDE,PE,0.0,0.0,Biometano,0.1492,0.2432,0.1729,0.0,0.625,3
ARCOVERDE,PE,0.0,0.0,Eolica,0.1147,0.0811,0.1729,0.1012,1.0,4
ARCOVERDE,PE,0.0,0.0,Biomassa,0.1081,0.1406,0.1729,0.0,0.875,5
AREAL,RJ,-22.217819475,-43.108231755,H2 Verde,0.253,0.4444,0.1462,0.1044,1.0,1
AREAL,RJ,-22.217819475,-43.108231755,Solar,0.2353,0.4002,0.1462,0.1044,1.0,2
AREAL,RJ,-22.217819475,-43.108231755,Biometano,0.1239,0.1982,0.1462,0.0024,0.625,3
AREAL,RJ,-22.217819475,-43.108231755,Biomassa,0.1154,0.1771,0.1462,0.0024,0.875,4
AREAL,RJ,-22.217819475,-43.108231755,Eolica,0.1019,0.0669,0.1462,0.1044,1.0,5
AREIA BRANCA,RN,-4.988172922857143,-36.98398545428571,H2 Verde,0.2504,0.4174,0.1254,0.1528,1.0,1
AREIA BRANCA,RN,-4.988172922857143,-36.98398545428571,Solar,0.2467,0.4081,0.1254,0.1528,1.0,2
AREIA BRANCA,RN,-4.988172922857143,-36.98398545428571,Biometano,0.1238,0.1892,0.1254,0.0351,0.625,3
AREIA BRANCA,RN,-4.988172922857143,-36.98398545428571,Eolica,0.1144,0.0774,0.1254,0.1528,1.0,4
AREIA BRANCA,RN,-4.988172922857143,-36.98398545428571,Biomassa,0.107,0.1471,0.1254,0.0351,0.875,5
AREIA DE BARAUNAS,PB,-7.0404878375,-36.954559745,Solar,0.2035,0.3816,0.1152,0.0544,1.0,1
AREIA DE BARAUNAS,PB,-7.0404878375,-36.954559745,H2 Verde,0.1921,0.353,0.1152,0.0544,1.0,2
AREIA DE BARAUNAS,PB,-7.0404878375,-36.954559745,Biometano,0.0915,0.1351,0.1152,0.0095,0.625,3
AREIA DE BARAUNAS,PB,-7.0404878375,-36.954559745,Eolica,0.0702,0.0482,0.1152,0.0544,1.0,4
AREIA DE BARAUNAS,PB,-7.0404878375,-36.954559745,Biomassa,0.0633,0.0647,0.1152,0.0095,0.875,5
ARENOPOLIS,GO,-16.45014568,-51.4339788575,Solar,0.25,0.4356,0.1101,0.1425,1.0,1
ARENOPOLIS,GO,-16.45014568,-51.4339788575,H2 Verde,0.245,0.4231,0.1101,0.1425,1.0,2
ARENOPOLIS,GO,-16.45014568,-51.4339788575,Biometano,0.1548,0.2973,0.1101,0.0094,0.625,3
ARENOPOLIS,GO,-16.45014568,-51.4339788575,Eolica,0.1167,0.1022,0.1101,0.1425,1.0,4
ARENOPOLIS,GO,-16.45014568,-51.4339788575,Biomassa,0.1114,0.1889,0.1101,0.0094,0.875,5
ARES,RN,-6.22663966,-35.19802455,H2 Verde,0.1535,0.073,0.1438,0.2705,0.875,1
ARES,RN,-6.22663966,-35.19802455,Solar,0.1498,0.0637,0.1438,0.2705,0.875,2
ARES,RN,-6.22663966,-35.19802455,Eolica,0.1498,0.0637,0.1438,0.2705,0.875,2
ARES,RN,-6.22663966,-35.19802455,Biometano,0.1188,0.1892,0.1438,,0.5,3
ARES,RN,-6.22663966,-35.19802455,Biomassa,0.0976,0.1361,0.1438,,0.75,4
ARINOS,MG,-15.693600048230088,-46.00278102707964,Solar,0.4988,0.7169,0.1317,0.5753,1.0,1
ARINOS,MG,-15.693600048230088,-46.00278102707964,Biometano,0.4847,1.0,0.1317,0.1506,0.625,2
ARINOS,MG,-15.693600048230088,-46.00278102707964,Eolica,0.4765,0.6609,0.1317,0.5753,1.0,3
ARINOS,MG,-15.693600048230088,-46.00278102707964,H2 Verde,0.449,0.5923,0.1317,0.5753,1.0,4
ARINOS,MG,-15.693600048230088,-46.00278102707964,Biomassa,0.3216,0.5923,0.1317,0.1506,0.875,5
ARIPUANA,MT,-10.135933475714285,-59.52284171142857,Solar,0.2655,0.372,0.2095,0.1794,1.0,1
ARIPUANA,MT,-10.135933475714285,-59.52284171142857,H2 Verde,0.2513,0.3366,0.2095,0.1794,1.0,2
ARIPUANA,MT,-10.135933475714285,-59.52284171142857,Biometano,0.1464,0.1892,0.2095,0.0262,0.625,3
ARIPUANA,MT,-10.135933475714285,-59.52284171142857,Eolica,0.1458,0.0728,0.2095,0.1794,1.0,4
ARIPUANA,MT,-10.135933475714285,-59.52284171142857,Biomassa,0.1109,0.1005,0.2095,0.0262,0.875,5
ARIQUEMES,RO,-9.97861111,-63.06833333,H2 Verde,0.228,0.3989,0.1587,0.0693,1.0,1
ARIQUEMES,RO,-9.97861111,-63.06833333,Solar,0.2178,0.3735,0.1587,0.0693,1.0,2
ARIQUEMES,RO,-9.97861111,-63.06833333,Biometano,0.0954,0.1171,0.1587,0.0033,0.625,3
ARIQUEMES,RO,-9.97861111,-63.06833333,Biomassa,0.0904,0.1046,0.1587,0.0033,0.875,4
ARIQUEMES,RO,-9.97861111,-63.06833333,Eolica,0.0845,0.0401,0.1587,0.0693,1.0,5
ARIRANHA,SP,-21.184314473333334,-48.831172366666664,H2 Verde,0.3967,0.3367,0.1079,0.7655,0.875,1
ARIRANHA,SP,-21.184314473333334,-48.831172366666664,Eolica,0.3569,0.2373,0.1079,0.7655,0.875,2
ARIRANHA,SP,-21.184314473333334,-48.831172366666664,Solar,0.3558,0.2345,0.1079,0.7655,0.875,3
ARIRANHA,SP,-21.184314473333334,-48.831172366666664,Biometano,0.3098,0.6937,0.1079,,0.5,4
ARIRANHA,SP,-21.184314473333334,-48.831172366666664,Biomassa,0.2595,0.5679,0.1079,,0.75,5
ARMACAO DE BUZIOS,RJ,-22.776249999999997,-41.93083333,H2 Verde,0.106,0.1103,,0.2064,0.5,1
ARMACAO DE BUZIOS,RJ,-22.776249999999997,-41.93083333,Solar,0.0884,0.0661,,0.2064,0.5,2
ARMACAO DE BUZIOS,RJ,-22.776249999999997,-41.93083333,Eolica,0.0884,0.0661,,0.2064,0.5,2
ARMACAO DE BUZIOS,RJ,-22.776249999999997,-41.93083333,Biometano,0.0793,0.1982,,,0.125,3
ARMACAO DE BUZIOS,RJ,-22.776249999999997,-41.93083333,Biomassa,0.0705,0.1763,,,0.375,4
ARMAZEM,SC,0.0,0.0,Solar,0.2963,0.4715,0.1705,0.1884,1.0,1
ARMAZEM,SC,0.0,0.0,H2 Verde,0.2886,0.4523,0.1705,0.1884,1.0,2
ARMAZEM,SC,0.0,0.0,Biometano,0.2169,0.4144,0.1705,0.0,0.625,3
ARMAZEM,SC,0.0,0.0,Eolica,0.1629,0.1382,0.1705,0.1884,1.0,4
ARMAZEM,SC,0.0,0.0,Biomassa,0.154,0.2571,0.1705,0.0,0.875,5
ARRAIAS,TO,-12.93442,-46.94610694,Solar,0.0889,0.0363,0.1287,0.1192,0.875,1
ARRAIAS,TO,-12.93442,-46.94610694,Eolica,0.0889,0.0363,0.1287,0.1192,0.875,1
ARRAIAS,TO,-12.93442,-46.94610694,H2 Verde,0.0862,0.0297,0.1287,0.1192,0.875,2
ARRAIAS,TO,-12.93442,-46.94610694,Biometano,0.0818,0.1081,0.1287,,0.5,3
ARRAIAS,TO,-12.93442,-46.94610694,Biomassa,0.0649,0.0657,0.1287,,0.75,4
ARROIO DO MEIO,RS,-29.35843966,-51.95562455,Biometano,0.4066,0.8829,0.1781,,0.5,1
ARROIO DO MEIO,RS,-29.35843966,-51.95562455,Solar,0.3834,0.2943,0.1781,0.7074,0.875,2
ARROIO DO MEIO,RS,-29.35843966,-51.95562455,Eolica,0.3834,0.2943,0.1781,0.7074,0.875,2
ARROIO DO MEIO,RS,-29.35843966,-51.95562455,H2 Verde,0.3279,0.1556,0.1781,0.7074,0.875,3
ARROIO DO MEIO,RS,-29.35843966,-51.95562455,Biomassa,0.2334,0.4499,0.1781,,0.75,4
ARROIO TRINTA,SC,-26.87793611,-51.28107778,Solar,0.2874,0.4715,0.141,0.1884,1.0,1
ARROIO TRINTA,SC,-26.87793611,-51.28107778,H2 Verde,0.2797,0.4523,0.141,0.1884,1.0,2
ARROIO TRINTA,SC,-26.87793611,-51.28107778,Biometano,0.2081,0.4144,0.141,0.0001,0.625,3
ARROIO TRINTA,SC,-26.87793611,-51.28107778,Eolica,0.1541,0.1382,0.141,0.1884,1.0,4
ARROIO TRINTA,SC,-26.87793611,-51.28107778,Biomassa,0.1452,0.2571,0.141,0.0001,0.875,5
ARTUR NOGUEIRA,SP,-22.58601944,-47.157775,H2 Verde,0.4165,0.3333,0.1783,0.7655,0.875,1
ARTUR NOGUEIRA,SP,-22.58601944,-47.157775,Solar,0.3756,0.2312,0.1783,0.7655,0.875,2
ARTUR NOGUEIRA,SP,-22.58601944,-47.157775,Eolica,0.3756,0.2312,0.1783,0.7655,0.875,2
ARTUR NOGUEIRA,SP,-22.58601944,-47.157775,Biometano,0.331,0.6937,0.1783,,0.5,3
ARTUR NOGUEIRA,SP,-22.58601944,-47.157775,Biomassa,0.2793,0.5646,0.1783,,0.75,4
ARUJA,SP,-23.39582694,-46.32049,H2 Verde,0.417,0.3333,0.18,0.7655,0.875,1
ARUJA,SP,-23.39582694,-46.32049,Solar,0.3761,0.2312,0.18,0.7655,0.875,2
ARUJA,SP,-23.39582694,-46.32049,Eolica,0.3761,0.2312,0.18,0.7655,0.875,2
ARUJA,SP,-23.39582694,-46.32049,Biometano,0.3315,0.6937,0.18,,0.5,3
ARUJA,SP,-23.39582694,-46.32049,Biomassa,0.2798,0.5646,0.18,,0.75,4
ARVOREDO,SC,-27.060487546666668,-52.45944799,Solar,0.2955,0.4729,0.1639,0.1905,1.0,1
ARVOREDO,SC,-27.060487546666668,-52.45944799,H2 Verde,0.2878,0.4537,0.1639,0.1905,1.0,2
ARVOREDO,SC,-27.060487546666668,-52.45944799,Biometano,0.2162,0.4144,0.1639,0.0043,0.625,3
ARVOREDO,SC,-27.060487546666668,-52.45944799,Eolica,0.1622,0.1396,0.1639,0.1905,1.0,4
ARVOREDO,SC,-27.060487546666668,-52.45944799,Biomassa,0.1539,0.2586,0.1639,0.0043,0.875,5
ASSIS,SP,-22.66199977,-50.41199989,H2 Verde,0.4103,0.3333,0.1576,0.7655,0.875,1
ASSIS,SP,-22.66199977,-50.41199989,Solar,0.3694,0.2312,0.1576,0.7655,0.875,2
ASSIS,SP,-22.66199977,-50.41199989,Eolica,0.3694,0.2312,0.1576,0.7655,0.875,2
ASSIS,SP,-22.66199977,-50.41199989,Biometano,0.3248,0.6937,0.1576,,0.5,3
ASSIS,SP,-22.66199977,-50.41199989,Biomassa,0.2731,0.5646,0.1576,,0.75,4
ASSIS BRASIL,AC,-10.94286568,-69.56345917,Solar,0.086,0.0061,0.2114,0.0671,0.875,1
ASSIS BRASIL,AC,-10.94286568,-69.56345917,Eolica,0.086,0.0061,0.2114,0.0671,0.875,1
ASSIS BRASIL,AC,-10.94286568,-69.56345917,H2 Verde,0.0841,0.0015,0.2114,0.0671,0.875,2
ASSIS BRASIL,AC,-10.94286568,-69.56345917,Biometano,0.0706,0.018,0.2114,,0.5,3
ASSIS BRASIL,AC,-10.94286568,-69.56345917,Biomassa,0.0664,0.0075,0.2114,,0.75,4
ASSIS CHATEAUBRIAND,PR,-24.41847675,-53.49560953,Solar,0.3173,0.5135,0.166,0.2069,1.0,1
ASSIS CHATEAUBRIAND,PR,-24.41847675,-53.49560953,H2 Verde,0.2856,0.4343,0.166,0.2069,1.0,2
ASSIS CHATEAUBRIAND,PR,-24.41847675,-53.49560953,Biometano,0.266,0.5405,0.166,0.0001,0.625,3
ASSIS CHATEAUBRIAND,PR,-24.41847675,-53.49560953,Eolica,0.184,0.1802,0.166,0.2069,1.0,4
ASSIS CHATEAUBRIAND,PR,-24.41847675,-53.49560953,Biomassa,0.1623,0.2811,0.166,0.0001,0.875,5
ASTOLFO DUTRA,MG,-21.30883909,-42.92876564,Solar,0.4648,0.6676,0.1578,0.5014,1.0,1
ASTOLFO DUTRA,MG,-21.30883909,-42.92876564,Biometano,0.4482,1.0,0.1578,0.0029,0.625,2
ASTOLFO DUTRA,MG,-21.30883909,-42.92876564,H2 Verde,0.415,0.543,0.1578,0.5014,1.0,3
ASTOLFO DUTRA,MG,-21.30883909,-42.92876564,Eolica,0.3315,0.3343,0.1578,0.5014,1.0,4
ASTOLFO DUTRA,MG,-21.30883909,-42.92876564,Biomassa,0.2654,0.543,0.1578,0.0029,0.875,5
ATALAIA,AL,-9.50138694,-36.02142694,Biometano,0.0685,0.0991,0.0962,,0.5,1
ATALAIA,AL,-9.50138694,-36.02142694,Solar,0.0674,0.0333,0.0962,0.0842,0.875,2
ATALAIA,AL,-9.50138694,-36.02142694,Eolica,0.0674,0.0333,0.0962,0.0842,0.875,2
ATALAIA,AL,-9.50138694,-36.02142694,H2 Verde,0.0635,0.0235,0.0962,0.0842,0.875,3
ATALAIA,AL,-9.50138694,-36.02142694,Biomassa,0.0514,0.0565,0.0962,,0.75,4
ATALAIA DO NORTE,AM,-4.679558146666667,-70.83424073666667,H2 Verde,0.1022,0.031,0.1401,0.1593,0.875,1
ATALAIA DO NORTE,AM,-4.679558146666667,-70.83424073666667,Eolica,0.0973,0.0188,0.1401,0.1593,0.875,2
ATALAIA DO NORTE,AM,-4.679558146666667,-70.83424073666667,Solar,0.097,0.0181,0.1401,0.1593,0.875,3
ATALAIA DO NORTE,AM,-4.679558146666667,-70.83424073666667,Biometano,0.0637,0.0541,0.1401,,0.5,4
ATALAIA DO NORTE,AM,-4.679558146666667,-70.83424073666667,Biomassa,0.0616,0.049,0.1401,,0.75,5
AUGUSTO DE LIMA,MG,-18.17305556,-43.975,Biometano,0.4343,1.0,0.1144,0.0,0.625,1
AUGUSTO DE LIMA,MG,-18.17305556,-43.975,Eolica,0.3185,0.3355,0.1144,0.5,1.0,2
AUGUSTO DE LIMA,MG,-18.17305556,-43.975,Solar,0.3177,0.3333,0.1144,0.5,1.0,3
AUGUSTO DE LIMA,MG,-18.17305556,-43.975,H2 Verde,0.2678,0.2087,0.1144,0.5,1.0,4
AUGUSTO DE LIMA,MG,-18.17305556,-43.975,Biomassa,0.2511,0.5421,0.1144,0.0,0.875,5
AUREA,RS,-27.72477023,-52.13363057,Solar,0.3925,0.6276,0.1177,0.3537,1.0,1
AUREA,RS,-27.72477023,-52.13363057,Biometano,0.3885,0.8829,0.1177,0.0,0.625,2
AUREA,RS,-27.72477023,-52.13363057,H2 Verde,0.337,0.4889,0.1177,0.3537,1.0,3
AUREA,RS,-27.72477023,-52.13363057,Eolica,0.2592,0.2943,0.1177,0.3537,1.0,4
AUREA,RS,-27.72477023,-52.13363057,Biomassa,0.2153,0.4499,0.1177,0.0,0.875,5
AUTAZES,AM,-3.5811796975,-59.16033976,H2 Verde,0.0979,0.0317,0.2046,0.0797,1.0,1
AUTAZES,AM,-3.5811796975,-59.16033976,Solar,0.0928,0.0187,0.2046,0.0797,1.0,2
AUTAZES,AM,-3.5811796975,-59.16033976,Eolica,0.0927,0.0186,0.2046,0.0797,1.0,3
AUTAZES,AM,-3.5811796975,-59.16033976,Biometano,0.083,0.0541,0.2046,0.0,0.625,4
AUTAZES,AM,-3.5811796975,-59.16033976,Biomassa,0.0812,0.0495,0.2046,0.0,0.875,5
AVANHANDAVA,SP,-21.40130021,-49.89350002,H2 Verde,0.404,0.3335,0.1363,0.7655,0.875,1
AVANHANDAVA,SP,-21.40130021,-49.89350002,Solar,0.3631,0.2314,0.1363,0.7655,0.875,2
AVANHANDAVA,SP,-21.40130021,-49.89350002,Eolica,0.3631,0.2314,0.1363,0.7655,0.875,2
AVANHANDAVA,SP,-21.40130021,-49.89350002,Biometano,0.3184,0.6937,0.1363,,0.5,3
AVANHANDAVA,SP,-21.40130021,-49.89350002,Biomassa,0.2668,0.5647,0.1363,,0.75,4
AVARE,SP,-22.99496052666667,-48.943617043333326,Biometano,0.3284,0.6937,0.1696,0.0001,0.625,1
AVARE,SP,-22.99496052666667,-48.943617043333326,H2 Verde,0.3036,0.3448,0.1696,0.3828,1.0,2
AVARE,SP,-22.99496052666667,-48.943617043333326,Biomassa,0.2771,0.5655,0.1696,0.0001,0.875,3
AVARE,SP,-22.99496052666667,-48.943617043333326,Solar,0.2628,0.2427,0.1696,0.3828,1.0,4
AVARE,SP,-22.99496052666667,-48.943617043333326,Eolica,0.2586,0.2322,0.1696,0.3828,1.0,5
AVEIRO,PA,-3.60724188,-55.32992016,H2 Verde,0.2299,0.1442,0.1741,0.3998,0.875,1
AVEIRO,PA,-3.60724188,-55.32992016,Solar,0.2046,0.0811,0.1741,0.3998,0.875,2
AVEIRO,PA,-3.60724188,-55.32992016,Eolica,0.2046,0.0811,0.1741,0.3998,0.875,2
AVEIRO,PA,-3.60724188,-55.32992016,Biometano,0.1495,0.2432,0.1741,,0.5,3
AVEIRO,PA,-3.60724188,-55.32992016,Biomassa,0.1424,0.2253,0.1741,,0.75,4
BACABEIRA,MA,0.0,0.0,H2 Verde,0.2516,0.4171,0.1702,0.1123,1.0,1
BACABEIRA,MA,0.0,0.0,Solar,0.2421,0.3934,0.1702,0.1123,1.0,2
BACABEIRA,MA,0.0,0.0,Biometano,0.1232,0.1802,0.1702,0.0001,0.625,3
BACABEIRA,MA,0.0,0.0,Eolica,0.1088,0.0601,0.1702,0.1123,1.0,4
BACABEIRA,MA,0.0,0.0,Biomassa,0.1086,0.1438,0.1702,0.0001,0.875,5
BAEPENDI,MG,-22.023840325000002,-44.831800387499996,Solar,0.4583,0.6668,0.1384,0.5001,1.0,1
BAEPENDI,MG,-22.023840325000002,-44.831800387499996,Biometano,0.4416,1.0,0.1384,0.0003,0.625,2
BAEPENDI,MG,-22.023840325000002,-44.831800387499996,H2 Verde,0.4084,0.5422,0.1384,0.5001,1.0,3
BAEPENDI,MG,-22.023840325000002,-44.831800387499996,Eolica,0.3249,0.3334,0.1384,0.5001,1.0,4
BAEPENDI,MG,-22.023840325000002,-44.831800387499996,Biomassa,0.2585,0.5422,0.1384,0.0003,0.875,5
BAGE,RS,-31.347166545,-54.08865461,Biometano,0.3964,0.8829,0.1442,,0.5,1
BAGE,RS,-31.347166545,-54.08865461,Solar,0.3732,0.2944,0.1442,0.7074,0.875,2
BAGE,RS,-31.347166545,-54.08865461,Eolica,0.3732,0.2944,0.1442,0.7074,0.875,2
BAGE,RS,-31.347166545,-54.08865461,H2 Verde,0.3178,0.1557,0.1442,0.7074,0.875,3
BAGE,RS,-31.347166545,-54.08865461,Biomassa,0.2233,0.45,0.1442,,0.75,4
BAIA FORMOSA,RN,-6.41613439,-35.0557286,H2 Verde,0.1539,0.0736,0.1445,0.2705,0.875,1
BAIA FORMOSA,RN,-6.41613439,-35.0557286,Solar,0.1502,0.0642,0.1445,0.2705,0.875,2
BAIA FORMOSA,RN,-6.41613439,-35.0557286,Eolica,0.1502,0.0642,0.1445,0.2705,0.875,2
BAIA FORMOSA,RN,-6.41613439,-35.0557286,Biometano,0.119,0.1892,0.1445,,0.5,3
BAIA FORMOSA,RN,-6.41613439,-35.0557286,Biomassa,0.098,0.1366,0.1445,,0.75,4
BAIXO GUANDU,MG,-19.45714111,-41.09797972,Solar,0.425,0.6764,,0.5147,0.625,1
BAIXO GUANDU,MG,-19.45714111,-41.09797972,Biometano,0.4088,1.0,,0.0293,0.25,2
BAIXO GUANDU,MG,-19.45714111,-41.09797972,H2 Verde,0.3751,0.5518,,0.5147,0.625,3
BAIXO GUANDU,MG,-19.45714111,-41.09797972,Eolica,0.2916,0.3431,,0.5147,0.625,4
BAIXO GUANDU,MG,-19.45714111,-41.09797972,Biomassa,0.2295,0.5518,,0.0293,0.5,5
BAIXO GUANDU,ES,-19.50048333,-40.91846389,H2 Verde,0.2206,0.3896,0.1518,0.0639,1.0,6
BAIXO GUANDU,ES,-19.50048333,-40.91846389,Solar,0.21,0.3632,0.1518,0.0639,1.0,7
BAIXO GUANDU,ES,-19.50048333,-40.91846389,Biomassa,0.0829,0.0803,0.1518,0.0176,0.875,8
BAIXO GUANDU,ES,-19.50048333,-40.91846389,Biometano,0.0796,0.0721,0.1518,0.0176,0.625,9
BAIXO GUANDU,ES,-19.50048333,-40.91846389,Eolica,0.0767,0.0299,0.1518,0.0639,1.0,10
BALNEARIO CAMBORIU,SC,-26.98919389,-48.634617,Solar,0.2309,0.1381,0.2088,0.3768,0.875,1
BALNEARIO CAMBORIU,SC,-26.98919389,-48.634617,Eolica,0.2309,0.1381,0.2088,0.3768,0.875,1
BALNEARIO CAMBORIU,SC,-26.98919389,-48.634617,Biometano,0.2284,0.4144,0.2088,,0.5,2
BALNEARIO CAMBORIU,SC,-26.98919389,-48.634617,H2 Verde,0.2233,0.119,0.2088,0.3768,0.875,3
BALNEARIO CAMBORIU,SC,-26.98919389,-48.634617,Biomassa,0.1655,0.2571,0.2088,,0.75,4
BALSAS,MA,-7.993787005,-46.483942725000006,H2 Verde,0.1591,0.0845,0.1933,0.2244,0.875,1
BALSAS,MA,-7.993787005,-46.483942725000006,Solar,0.1497,0.0608,0.1933,0.2244,0.875,2
BALSAS,MA,-7.993787005,-46.483942725000006,Eolica,0.1497,0.0608,0.1933,0.2244,0.875,2
BALSAS,MA,-7.993787005,-46.483942725000006,Biometano,0.1301,0.1802,0.1933,,0.5,3
BALSAS,MA,-7.993787005,-46.483942725000006,Biomassa,0.1158,0.1446,0.1933,,0.75,4
BAMBUI,MG,-20.08634889,-46.042039455,Solar,0.478,0.335,0.1467,1.0,0.875,1
BAMBUI,MG,-20.08634889,-46.042039455,Eolica,0.478,0.335,0.1467,1.0,0.875,1
BAMBUI,MG,-20.08634889,-46.042039455,Biometano,0.444,1.0,0.1467,,0.5,2
BAMBUI,MG,-20.08634889,-46.042039455,H2 Verde,0.4281,0.2104,0.1467,1.0,0.875,3
BAMBUI,MG,-20.08634889,-46.042039455,Biomassa,0.2615,0.5437,0.1467,,0.75,4
BANANAL,SP,-22.81183955,-44.45159368,H2 Verde,0.4207,0.6667,0.1308,0.3828,1.0,1
BANANAL,SP,-22.81183955,-44.45159368,Solar,0.3799,0.5646,0.1308,0.3828,1.0,2
BANANAL,SP,-22.81183955,-44.45159368,Biometano,0.3167,0.6937,0.1308,0.0,0.625,3
BANANAL,SP,-22.81183955,-44.45159368,Biomassa,0.2651,0.5646,0.1308,0.0,0.875,4
BANANAL,SP,-22.81183955,-44.45159368,Eolica,0.2466,0.2312,0.1308,0.3828,1.0,5
BANDEIRANTE,SC,-26.799508990000003,-53.66575707333334,Solar,0.2925,0.4718,0.1571,0.1888,1.0,1
BANDEIRANTE,SC,-26.799508990000003,-53.66575707333334,H2 Verde,0.2848,0.4526,0.1571,0.1888,1.0,2
BANDEIRANTE,SC,-26.799508990000003,-53.66575707333334,Biometano,0.2132,0.4144,0.1571,0.0009,0.625,3
BANDEIRANTE,SC,-26.799508990000003,-53.66575707333334,Eolica,0.1592,0.1384,0.1571,0.1888,1.0,4
BANDEIRANTE,SC,-26.799508990000003,-53.66575707333334,Biomassa,0.1504,0.2574,0.1571,0.0009,0.875,5
BANDEIRANTES,PR,-15.359317593333335,-34.06574537,Biometano,0.2556,0.5405,0.1308,0.0004,0.625,1
BANDEIRANTES,PR,-15.359317593333335,-34.06574537,Solar,0.216,0.2866,0.1308,0.2071,1.0,2
BANDEIRANTES,PR,-15.359317593333335,-34.06574537,H2 Verde,0.1843,0.2074,0.1308,0.2071,1.0,3
BANDEIRANTES,PR,-15.359317593333335,-34.06574537,Eolica,0.1736,0.1806,0.1308,0.2071,1.0,4
BANDEIRANTES,PR,-15.359317593333335,-34.06574537,Biomassa,0.152,0.2815,0.1308,0.0004,0.875,5
BARAO DE GRAJAU,MA,-6.75305556,-43.03333333,H2 Verde,0.248,0.4171,0.1583,0.1122,1.0,1
BARAO DE GRAJAU,MA,-6.75305556,-43.03333333,Solar,0.2385,0.3934,0.1583,0.1122,1.0,2
BARAO DE GRAJAU,MA,-6.75305556,-43.03333333,Biometano,0.1196,0.1802,0.1583,0.0,0.625,3
BARAO DE GRAJAU,MA,-6.75305556,-43.03333333,Eolica,0.1052,0.0601,0.1583,0.1122,1.0,4
BARAO DE GRAJAU,MA,-6.75305556,-43.03333333,Biomassa,0.105,0.1438,0.1583,0.0,0.875,5
BARAO DO TRIUNFO,RS,-30.31769167,-51.86760611,Solar,0.385,0.6277,0.0928,0.3538,1.0,1
BARAO DO TRIUNFO,RS,-30.31769167,-51.86760611,Biometano,0.381,0.8829,0.0928,0.0002,0.625,2
BARAO DO TRIUNFO,RS,-30.31769167,-51.86760611,H2 Verde,0.3296,0.489,0.0928,0.3538,1.0,3
BARAO DO TRIUNFO,RS,-30.31769167,-51.86760611,Eolica,0.2517,0.2944,0.0928,0.3538,1.0,4
BARAO DO TRIUNFO,RS,-30.31769167,-51.86760611,Biomassa,0.2079,0.45,0.0928,0.0002,0.875,5
BARAUNA,RN,-4.957271295555556,-37.60785925777778,Eolica,0.126,0.0895,0.1654,0.1353,1.0,1
BARAUNA,RN,-4.957271295555556,-37.60785925777778,Biometano,0.1253,0.1892,0.1654,0.0,0.625,2
BARAUNA,RN,-4.957271295555556,-37.60785925777778,H2 Verde,0.1192,0.0724,0.1654,0.1353,1.0,3
BARAUNA,RN,-4.957271295555556,-37.60785925777778,Solar,0.1154,0.0631,0.1654,0.1353,1.0,4
BARAUNA,PB,-6.73754599,-36.40365855,Biometano,0.1046,0.1351,0.1685,0.0,0.625,5
BARAUNA,RN,-4.957271295555556,-37.60785925777778,Biomassa,0.1038,0.1355,0.1654,0.0,0.875,6
BARAUNA,PB,-6.73754599,-36.40365855,Eolica,0.0843,0.0473,0.1685,0.0496,1.0,7
BARAUNA,PB,-6.73754599,-36.40365855,Solar,0.0834,0.045,0.1685,0.0496,1.0,8
BARAUNA,PB,-6.73754599,-36.40365855,Biomassa,0.0751,0.0615,0.1685,0.0,0.875,9
BARAUNA,PB,-6.73754599,-36.40365855,H2 Verde,0.072,0.0165,0.1685,0.0496,1.0,10
BARBACENA,MG,-21.25765586,-43.89021583,Solar,0.4588,0.6668,0.14,0.5002,1.0,1
BARBACENA,MG,-21.25765586,-43.89021583,Biometano,0.4421,1.0,0.14,0.0003,0.625,2
BARBACENA,MG,-21.25765586,-43.89021583,H2 Verde,0.4089,0.5422,0.14,0.5002,1.0,3
BARBACENA,MG,-21.25765586,-43.89021583,Eolica,0.3254,0.3334,0.14,0.5002,1.0,4
BARBACENA,MG,-21.25765586,-43.89021583,Biomassa,0.259,0.5422,0.14,0.0003,0.875,5
BARCARENA,PA,-1.536718895,-48.7129876375,Eolica,0.2808,0.2486,0.2046,0.3998,0.875,1
BARCARENA,PA,-1.536718895,-48.7129876375,H2 Verde,0.2403,0.1474,0.2046,0.3998,0.875,2
BARCARENA,PA,-1.536718895,-48.7129876375,Solar,0.215,0.0843,0.2046,0.3998,0.875,3
BARCARENA,PA,-1.536718895,-48.7129876375,Biometano,0.1587,0.2432,0.2046,,0.5,4
BARCARENA,PA,-1.536718895,-48.7129876375,Biomassa,0.1528,0.2285,0.2046,,0.75,5
BARCELOS,AM,-1.31367795,-62.177543926666665,H2 Verde,0.0544,0.0318,0.0592,0.0797,1.0,1
BARCELOS,AM,-1.31367795,-62.177543926666665,Solar,0.0492,0.0188,0.0592,0.0797,1.0,2
BARCELOS,AM,-1.31367795,-62.177543926666665,Eolica,0.049,0.0184,0.0592,0.0797,1.0,3
BARCELOS,AM,-1.31367795,-62.177543926666665,Biometano,0.0394,0.0541,0.0592,0.0,0.625,4
BARCELOS,AM,-1.31367795,-62.177543926666665,Biomassa,0.0375,0.0493,0.0592,0.0,0.875,5
BARIRI,SP,-22.071438559999997,-48.72538311,Biometano,0.319,0.6937,0.1384,0.0,0.625,1
BARIRI,SP,-22.071438559999997,-48.72538311,H2 Verde,0.2914,0.3377,0.1384,0.3828,1.0,2
BARIRI,SP,-22.071438559999997,-48.72538311,Biomassa,0.2675,0.5648,0.1384,0.0,0.875,3
BARIRI,SP,-22.071438559999997,-48.72538311,Solar,0.2506,0.2356,0.1384,0.3828,1.0,4
BARIRI,SP,-22.071438559999997,-48.72538311,Eolica,0.2489,0.2315,0.1384,0.3828,1.0,5
BARRA BONITA,SP,-22.498682315,-48.533221260000005,H2 Verde,0.3607,0.5111,0.1317,0.389,1.0,1
BARRA BONITA,SP,-22.498682315,-48.533221260000005,Biometano,0.3208,0.6937,0.1317,0.0125,0.625,2
BARRA BONITA,SP,-22.498682315,-48.533221260000005,Solar,0.3198,0.409,0.1317,0.389,1.0,3
BARRA BONITA,SC,-26.71083333,-53.39166667,Solar,0.277,0.4717,0.1054,0.1888,1.0,4
BARRA BONITA,SP,-22.498682315,-48.533221260000005,Biomassa,0.2724,0.5728,0.1317,0.0125,0.875,5
BARRA BONITA,SC,-26.71083333,-53.39166667,H2 Verde,0.2693,0.4526,0.1054,0.1888,1.0,6
BARRA BONITA,SP,-22.498682315,-48.533221260000005,Eolica,0.252,0.2394,0.1317,0.389,1.0,7
BARRA BONITA,SC,-26.71083333,-53.39166667,Biometano,0.1976,0.4144,0.1054,0.0008,0.625,8
BARRA BONITA,SC,-26.71083333,-53.39166667,Eolica,0.1436,0.1384,0.1054,0.1888,1.0,9
BARRA BONITA,SC,-26.71083333,-53.39166667,Biomassa,0.1348,0.2574,0.1054,0.0008,0.875,10
BARRA DE SAO FRANCISCO,ES,-18.716286525,-40.781101664999994,H2 Verde,0.215,0.3838,0.1498,0.0551,1.0,1
BARRA DE SAO FRANCISCO,ES,-18.716286525,-40.781101664999994,Solar,0.2044,0.3574,0.1498,0.0551,1.0,2
BARRA DE SAO FRANCISCO,ES,-18.716286525,-40.781101664999994,Biomassa,0.0747,0.0744,0.1498,0.0001,0.875,3
BARRA DE SAO FRANCISCO,ES,-18.716286525,-40.781101664999994,Biometano,0.0738,0.0721,0.1498,0.0001,0.625,4
BARRA DE SAO FRANCISCO,ES,-18.716286525,-40.781101664999994,Eolica,0.0711,0.024,0.1498,0.0551,1.0,5
BARRA DO BUGRES,MT,-14.833327668571428,-57.91668838428571,Solar,0.2264,0.3437,0.1237,0.1727,1.0,1
BARRA DO BUGRES,MT,-14.833327668571428,-57.91668838428571,H2 Verde,0.2122,0.3083,0.1237,0.1727,1.0,2
BARRA DO BUGRES,MT,-14.833327668571428,-57.91668838428571,Biometano,0.1166,0.1892,0.1237,0.0127,0.625,3
BARRA DO BUGRES,MT,-14.833327668571428,-57.91668838428571,Eolica,0.1163,0.0685,0.1237,0.1727,1.0,4
BARRA DO BUGRES,MT,-14.833327668571428,-57.91668838428571,Biomassa,0.0792,0.0959,0.1237,0.0127,0.875,5
BARRA DO CHAPEU,SP,-24.48338607,-49.06499596,H2 Verde,0.4217,0.6667,0.134,0.3828,1.0,1
BARRA DO CHAPEU,SP,-24.48338607,-49.06499596,Solar,0.3809,0.5646,0.134,0.3828,1.0,2
BARRA DO CHAPEU,SP,-24.48338607,-49.06499596,Biometano,0.3177,0.6937,0.134,0.0001,0.625,3
BARRA DO CHAPEU,SP,-24.48338607,-49.06499596,Biomassa,0.2661,0.5646,0.134,0.0001,0.875,4
BARRA DO CHAPEU,SP,-24.48338607,-49.06499596,Eolica,0.2475,0.2313,0.134,0.3828,1.0,5
BARRA DO GARCAS,MT,-15.888963753333334,-52.26541379666667,Solar,0.2041,0.2408,0.1928,0.1663,1.0,1
BARRA DO GARCAS,MT,-15.888963753333334,-52.26541379666667,H2 Verde,0.1899,0.2054,0.1928,0.1663,1.0,2
BARRA DO GARCAS,MT,-15.888963753333334,-52.26541379666667,Biometano,0.1335,0.1892,0.1928,0.0,0.625,3
BARRA DO GARCAS,MT,-15.888963753333334,-52.26541379666667,Eolica,0.133,0.0631,0.1928,0.1663,1.0,4
BARRA DO GARCAS,MT,-15.888963753333334,-52.26541379666667,Biomassa,0.0942,0.0907,0.1928,0.0,0.875,5
BARRA DO RIBEIRO,RS,0.0,0.0,Solar,0.3963,0.6277,0.1303,0.3537,1.0,1
BARRA DO RIBEIRO,RS,0.0,0.0,Biometano,0.3923,0.8829,0.1303,0.0001,0.625,2
BARRA DO RIBEIRO,RS,0.0,0.0,H2 Verde,0.3408,0.489,0.1303,0.3537,1.0,3
BARRA DO RIBEIRO,RS,0.0,0.0,Eolica,0.263,0.2943,0.1303,0.3537,1.0,4
BARRA DO RIBEIRO,RS,0.0,0.0,Biomassa,0.2191,0.4499,0.1303,0.0001,0.875,5
BARRA DOS COQUEIROS,SE,-10.812806890000001,-36.93316129,Solar,0.1337,0.0673,0.2708,0.0852,1.0,1
BARRA DOS COQUEIROS,SE,-10.812806890000001,-36.93316129,Eolica,0.1309,0.0602,0.2708,0.0852,1.0,2
BARRA DOS COQUEIROS,SE,-10.812806890000001,-36.93316129,H2 Verde,0.1289,0.0553,0.2708,0.0852,1.0,3
BARRA DOS COQUEIROS,SE,-10.812806890000001,-36.93316129,Biomassa,0.1063,0.0602,0.2708,0.0031,0.875,4
BARRA DOS COQUEIROS,SE,-10.812806890000001,-36.93316129,Biometano,0.0966,0.036,0.2708,0.0031,0.625,5
BARRA VELHA,SC,-26.63472222,-48.70472222,Solar,0.2656,0.1382,0.3242,0.3768,0.875,1
BARRA VELHA,SC,-26.63472222,-48.70472222,Eolica,0.2656,0.1382,0.3242,0.3768,0.875,1
BARRA VELHA,SC,-26.63472222,-48.70472222,Biometano,0.263,0.4144,0.3242,,0.5,2
BARRA VELHA,SC,-26.63472222,-48.70472222,H2 Verde,0.2579,0.1191,0.3242,0.3768,0.875,3
BARRA VELHA,SC,-26.63472222,-48.70472222,Biomassa,0.2001,0.2572,0.3242,,0.75,4
BARRACAO,RS,-27.7338440225,-51.371091677500004,Solar,0.3921,0.6296,0.1108,0.3567,1.0,1
BARRACAO,RS,-27.7338440225,-51.371091677500004,Biometano,0.3882,0.8829,0.1108,0.0059,0.625,2
BARRACAO,RS,-27.7338440225,-51.371091677500004,H2 Verde,0.3366,0.4909,0.1108,0.3567,1.0,3
BARRACAO,RS,-27.7338440225,-51.371091677500004,Eolica,0.2588,0.2963,0.1108,0.3567,1.0,4
BARRACAO,RS,-27.7338440225,-51.371091677500004,Biomassa,0.2158,0.4519,0.1108,0.0059,0.875,5
BARREIRAS,BA,-11.94888514986111,-44.287995914305554,Solar,0.4083,0.556,0.1831,0.4367,1.0,1
BARREIRAS,BA,-11.94888514986111,-44.287995914305554,H2 Verde,0.388,0.505,0.1831,0.4367,1.0,2
BARREIRAS,BA,-11.94888514986111,-44.287995914305554,Eolica,0.3513,0.4133,0.1831,0.4367,1.0,3
BARREIRAS,BA,-11.94888514986111,-44.287995914305554,Biometano,0.3191,0.6306,0.1831,0.0398,0.625,4
BARREIRAS,BA,-11.94888514986111,-44.287995914305554,Biomassa,0.22,0.3828,0.1831,0.0398,0.875,5
BARREIRINHA,AM,-2.799945345,-57.14204437,H2 Verde,0.1114,0.0313,0.1703,0.1593,0.875,1
BARREIRINHA,AM,-2.799945345,-57.14204437,Solar,0.1062,0.0183,0.1703,0.1593,0.875,2
BARREIRINHA,AM,-2.799945345,-57.14204437,Eolica,0.1062,0.0183,0.1703,0.1593,0.875,2
BARREIRINHA,AM,-2.799945345,-57.14204437,Biometano,0.0727,0.0541,0.1703,,0.5,3
BARREIRINHA,AM,-2.799945345,-57.14204437,Biomassa,0.0708,0.0493,0.1703,,0.75,4
BARREIRINHAS,MA,-2.658089313333333,-42.65410467444444,H2 Verde,0.2596,0.4195,0.1839,0.122,1.0,1
BARREIRINHAS,MA,-2.658089313333333,-42.65410467444444,Solar,0.2501,0.3958,0.1839,0.122,1.0,2
BARREIRINHAS,MA,-2.658089313333333,-42.65410467444444,Biometano,0.1331,0.1802,0.1839,0.0196,0.625,3
BARREIRINHAS,MA,-2.658089313333333,-42.65410467444444,Biomassa,0.1212,0.1504,0.1839,0.0196,0.875,4
BARREIRINHAS,MA,-2.658089313333333,-42.65410467444444,Eolica,0.1185,0.0667,0.1839,0.122,1.0,5
BARRETOS,SP,-20.55323189,-48.55853455,H2 Verde,0.4126,0.3334,0.1652,0.7655,0.875,1
BARRETOS,SP,-20.55323189,-48.55853455,Solar,0.3717,0.2312,0.1652,0.7655,0.875,2
BARRETOS,SP,-20.55323189,-48.55853455,Eolica,0.3717,0.2312,0.1652,0.7655,0.875,2
BARRETOS,SP,-20.55323189,-48.55853455,Biometano,0.327,0.6937,0.1652,,0.5,3
BARRETOS,SP,-20.55323189,-48.55853455,Biomassa,0.2754,0.5646,0.1652,,0.75,4
BARRO ALTO,GO,-14.9791189925,-49.162670915625,Biometano,0.1737,0.2973,0.1826,0.0,0.625,1
BARRO ALTO,GO,-14.9791189925,-49.162670915625,Eolica,0.1589,0.1569,0.1826,0.1378,1.0,2
BARRO ALTO,GO,-14.9791189925,-49.162670915625,Solar,0.1357,0.0991,0.1826,0.1378,1.0,3
BARRO ALTO,GO,-14.9791189925,-49.162670915625,H2 Verde,0.1308,0.0866,0.1826,0.1378,1.0,4
BARRO ALTO,GO,-14.9791189925,-49.162670915625,Biomassa,0.1291,0.1857,0.1826,0.0,0.875,5
BARROSO,MG,-21.158294445,-43.96886528,Biometano,0.4432,1.0,0.1438,0.0001,0.625,1
BARROSO,MG,-21.158294445,-43.96886528,Solar,0.403,0.5247,0.1438,0.5001,1.0,2
BARROSO,MG,-21.158294445,-43.96886528,H2 Verde,0.3532,0.4001,0.1438,0.5001,1.0,3
BARROSO,MG,-21.158294445,-43.96886528,Eolica,0.3265,0.3334,0.1438,0.5001,1.0,4
BARROSO,MG,-21.158294445,-43.96886528,Biomassa,0.26,0.5421,0.1438,0.0001,0.875,5
BARUERI,SP,-23.503230317272724,-46.855942481818175,Biometano,0.3498,0.6937,0.2412,0.0,0.625,1
BARUERI,SP,-23.503230317272724,-46.855942481818175,H2 Verde,0.3207,0.3338,0.2412,0.3828,1.0,2
BARUERI,SP,-23.503230317272724,-46.855942481818175,Biomassa,0.2984,0.565,0.2412,0.0,0.875,3
BARUERI,SP,-23.503230317272724,-46.855942481818175,Eolica,0.2804,0.2332,0.2412,0.3828,1.0,4
BARUERI,SP,-23.503230317272724,-46.855942481818175,Solar,0.2799,0.2317,0.2412,0.3828,1.0,5
BATAIPORA,MS,-22.45413334,-53.30467222,Solar,0.1101,0.0881,,0.2495,0.5,1
BATAIPORA,MS,-22.45413334,-53.30467222,Eolica,0.1101,0.0881,,0.2495,0.5,1
BATAIPORA,MS,-22.45413334,-53.30467222,Biometano,0.1045,0.2613,,,0.125,2
BATAIPORA,MS,-22.45413334,-53.30467222,H2 Verde,0.0907,0.0395,,0.2495,0.5,3
BATAIPORA,MS,-22.45413334,-53.30467222,Biomassa,0.0506,0.1266,,,0.375,4
BATATAIS,SP,-20.767286374999998,-47.55083658,Biometano,0.3219,0.6937,0.1481,0.0,0.625,1
BATATAIS,SP,-20.767286374999998,-47.55083658,H2 Verde,0.2945,0.3381,0.1481,0.3828,1.0,2
BATATAIS,SP,-20.767286374999998,-47.55083658,Biomassa,0.2704,0.5648,0.1481,0.0,0.875,3
BATATAIS,SP,-20.767286374999998,-47.55083658,Solar,0.2536,0.236,0.1481,0.3828,1.0,4
BATATAIS,SP,-20.767286374999998,-47.55083658,Eolica,0.2518,0.2315,0.1481,0.3828,1.0,5
BAURU,SP,-22.318372312727274,-49.072327050000005,H2 Verde,0.4169,0.3335,0.1795,0.7655,0.875,1
BAURU,SP,-22.318372312727274,-49.072327050000005,Solar,0.3761,0.2314,0.1795,0.7655,0.875,2
BAURU,SP,-22.318372312727274,-49.072327050000005,Eolica,0.3761,0.2314,0.1795,0.7655,0.875,2
BAURU,SP,-22.318372312727274,-49.072327050000005,Biometano,0.3313,0.6937,0.1795,,0.5,3
BAURU,SP,-22.318372312727274,-49.072327050000005,Biomassa,0.2797,0.5647,0.1795,,0.75,4
BAYEUX,PB,-7.14718849,-34.95042855,Biometano,0.0876,0.1351,0.112,,0.5,1
BAYEUX,PB,-7.14718849,-34.95042855,Solar,0.0814,0.0451,0.112,0.0992,0.875,2
BAYEUX,PB,-7.14718849,-34.95042855,Eolica,0.0814,0.0451,0.112,0.0992,0.875,2
BAYEUX,PB,-7.14718849,-34.95042855,H2 Verde,0.0699,0.0165,0.112,0.0992,0.875,3
BAYEUX,PB,-7.14718849,-34.95042855,Biomassa,0.0582,0.0615,0.112,,0.75,4
BEBEDOURO,SP,-13.95433926,-32.329867396666664,Biometano,0.3211,0.6937,0.1453,0.0,0.625,1
BEBEDOURO,SP,-13.95433926,-32.329867396666664,H2 Verde,0.2956,0.3428,0.1453,0.3828,1.0,2
BEBEDOURO,SP,-13.95433926,-32.329867396666664,Biomassa,0.2695,0.5648,0.1453,0.0,0.875,3
BEBEDOURO,SP,-13.95433926,-32.329867396666664,Solar,0.2547,0.2407,0.1453,0.3828,1.0,4
BEBEDOURO,SP,-13.95433926,-32.329867396666664,Eolica,0.251,0.2315,0.1453,0.3828,1.0,5
BEBERIBE,CE,-4.227413946666666,-38.03690878333334,H2 Verde,0.2857,0.456,0.159,0.1854,1.0,1
BEBERIBE,CE,-4.227413946666666,-38.03690878333334,Solar,0.2844,0.4528,0.159,0.1854,1.0,2
BEBERIBE,CE,-4.227413946666666,-38.03690878333334,Biometano,0.1904,0.3514,0.159,0.0071,0.625,3
BEBERIBE,CE,-4.227413946666666,-38.03690878333334,Eolica,0.1511,0.1195,0.159,0.1854,1.0,4
BEBERIBE,CE,-4.227413946666666,-38.03690878333334,Biomassa,0.1457,0.2398,0.159,0.0071,0.875,5
BELA VISTA,MS,-5.5253909025,-14.185663265,Solar,0.2416,0.4205,0.1198,0.1249,1.0,1
BELA VISTA,MS,-5.5253909025,-14.185663265,H2 Verde,0.2222,0.3719,0.1198,0.1249,1.0,2
BELA VISTA,MS,-5.5253909025,-14.185663265,Biometano,0.1406,0.2613,0.1198,0.0004,0.625,3
BELA VISTA,MS,-5.5253909025,-14.185663265,Eolica,0.1083,0.0872,0.1198,0.1249,1.0,4
BELA VISTA,MS,-5.5253909025,-14.185663265,Biomassa,0.0863,0.1257,0.1198,0.0004,0.875,5
BELA VISTA DE GOIAS,GO,-16.978411660000003,-48.97331037666667,Solar,0.19,0.0994,0.2252,0.2756,0.875,1
BELA VISTA DE GOIAS,GO,-16.978411660000003,-48.97331037666667,Eolica,0.19,0.0994,0.2252,0.2756,0.875,1
BELA VISTA DE GOIAS,GO,-16.978411660000003,-48.97331037666667,Biometano,0.1865,0.2973,0.2252,,0.5,2
BELA VISTA DE GOIAS,GO,-16.978411660000003,-48.97331037666667,H2 Verde,0.185,0.0869,0.2252,0.2756,0.875,3
BELA VISTA DE GOIAS,GO,-16.978411660000003,-48.97331037666667,Biomassa,0.142,0.186,0.2252,,0.75,4
BELEM,PA,-1.8129068059999998,-48.807367584,H2 Verde,0.2293,0.145,0.1712,0.3998,0.875,1
BELEM,PA,-1.8129068059999998,-48.807367584,Solar,0.2041,0.0819,0.1712,0.3998,0.875,2
BELEM,PA,-1.8129068059999998,-48.807367584,Eolica,0.2041,0.0819,0.1712,0.3998,0.875,2
BELEM,PA,-1.8129068059999998,-48.807367584,Biometano,0.1487,0.2432,0.1712,,0.5,3
BELEM,PA,-1.8129068059999998,-48.807367584,Biomassa,0.1418,0.2261,0.1712,,0.75,4
BELFORD ROXO,RJ,-22.76083577,-43.38234967,H2 Verde,0.1527,0.1103,0.1555,0.2064,0.875,1
BELFORD ROXO,RJ,-22.76083577,-43.38234967,Solar,0.135,0.0661,0.1555,0.2064,0.875,2
BELFORD ROXO,RJ,-22.76083577,-43.38234967,Eolica,0.135,0.0661,0.1555,0.2064,0.875,2
BELFORD ROXO,RJ,-22.76083577,-43.38234967,Biometano,0.1259,0.1982,0.1555,,0.5,3
BELFORD ROXO,RJ,-22.76083577,-43.38234967,Biomassa,0.1172,0.1764,0.1555,,0.75,4
BELMIRO BRAGA,MG,-21.9792544,-43.36307658,Solar,0.4556,0.6684,0.1247,0.5027,1.0,1
BELMIRO BRAGA,MG,-21.9792544,-43.36307658,Biometano,0.439,1.0,0.1247,0.0053,0.625,2
BELMIRO BRAGA,MG,-21.9792544,-43.36307658,H2 Verde,0.4058,0.5438,0.1247,0.5027,1.0,3
BELMIRO BRAGA,MG,-21.9792544,-43.36307658,Eolica,0.3223,0.3351,0.1247,0.5027,1.0,4
BELMIRO BRAGA,MG,-21.9792544,-43.36307658,Biomassa,0.2566,0.5438,0.1247,0.0053,0.875,5
BELO HORIZONTE,MG,-18.684779829354838,-41.06600822741935,Biometano,0.4719,1.0,0.2385,0.0013,0.625,1
BELO HORIZONTE,MG,-18.684779829354838,-41.06600822741935,Solar,0.4095,0.4695,0.2385,0.5007,1.0,2
BELO HORIZONTE,MG,-18.684779829354838,-41.06600822741935,H2 Verde,0.3597,0.3449,0.2385,0.5007,1.0,3
BELO HORIZONTE,MG,-18.684779829354838,-41.06600822741935,Eolica,0.3555,0.3344,0.2385,0.5007,1.0,4
BELO HORIZONTE,MG,-18.684779829354838,-41.06600822741935,Biomassa,0.2892,0.5432,0.2385,0.0013,0.875,5
BELO ORIENTE,MG,-19.21600967,-42.47453455,Solar,0.4778,0.3363,0.1442,1.0,0.875,1
BELO ORIENTE,MG,-19.21600967,-42.47453455,Eolica,0.4778,0.3363,0.1442,1.0,0.875,1
BELO ORIENTE,MG,-19.21600967,-42.47453455,Biometano,0.4433,1.0,0.1442,,0.5,2
BELO ORIENTE,MG,-19.21600967,-42.47453455,H2 Verde,0.4279,0.2117,0.1442,1.0,0.875,3
BELO ORIENTE,MG,-19.21600967,-42.47453455,Biomassa,0.2613,0.545,0.1442,,0.75,4
BELO VALE,MG,-20.44583333,-43.9325,Solar,0.4849,0.3334,0.1717,1.0,0.875,1
BELO VALE,MG,-20.44583333,-43.9325,Eolica,0.4849,0.3334,0.1717,1.0,0.875,1
BELO VALE,MG,-20.44583333,-43.9325,Biometano,0.4515,1.0,0.1717,,0.5,2
BELO VALE,MG,-20.44583333,-43.9325,H2 Verde,0.435,0.2088,0.1717,1.0,0.875,3
BELO VALE,MG,-20.44583333,-43.9325,Biomassa,0.2683,0.5421,0.1717,,0.75,4
BELTERRA,PA,-3.271,-54.898501,H2 Verde,0.3002,0.4775,0.1641,0.1999,1.0,1
BELTERRA,PA,-3.271,-54.898501,Solar,0.275,0.4144,0.1641,0.1999,1.0,2
BELTERRA,PA,-3.271,-54.898501,Biometano,0.1465,0.2432,0.1641,0.0,0.625,3
BELTERRA,PA,-3.271,-54.898501,Eolica,0.1416,0.0811,0.1641,0.1999,1.0,4
BELTERRA,PA,-3.271,-54.898501,Biomassa,0.1393,0.2253,0.1641,0.0,0.875,5
BENEDITO NOVO,SC,-23.964286663333333,-44.00006476666667,Solar,0.2894,0.4735,0.1419,0.1914,1.0,1
BENEDITO NOVO,SC,-23.964286663333333,-44.00006476666667,H2 Verde,0.2817,0.4543,0.1419,0.1914,1.0,2
BENEDITO NOVO,SC,-23.964286663333333,-44.00006476666667,Biometano,0.2101,0.4144,0.1419,0.006,0.625,3
BENEDITO NOVO,SC,-23.964286663333333,-44.00006476666667,Eolica,0.156,0.1401,0.1419,0.1914,1.0,4
BENEDITO NOVO,SC,-23.964286663333333,-44.00006476666667,Biomassa,0.148,0.2591,0.1419,0.006,0.875,5
BENEVIDES,PA,-0.45374482666666666,-16.081813286666666,H2 Verde,0.2928,0.4375,0.1928,0.1999,1.0,1
BENEVIDES,PA,-0.45374482666666666,-16.081813286666666,Solar,0.2676,0.3743,0.1928,0.1999,1.0,2
BENEVIDES,PA,-0.45374482666666666,-16.081813286666666,Biometano,0.1552,0.2432,0.1928,0.0001,0.625,3
BENEVIDES,PA,-0.45374482666666666,-16.081813286666666,Eolica,0.1503,0.0811,0.1928,0.1999,1.0,4
BENEVIDES,PA,-0.45374482666666666,-16.081813286666666,Biomassa,0.148,0.2253,0.1928,0.0001,0.875,5
BENJAMIN CONSTANT,AM,-4.326666664999999,-69.78611111000001,H2 Verde,0.1109,0.0313,0.1686,0.1593,0.875,1
BENJAMIN CONSTANT,AM,-4.326666664999999,-69.78611111000001,Solar,0.1057,0.0184,0.1686,0.1593,0.875,2
BENJAMIN CONSTANT,AM,-4.326666664999999,-69.78611111000001,Eolica,0.1057,0.0184,0.1686,0.1593,0.875,2
BENJAMIN CONSTANT,AM,-4.326666664999999,-69.78611111000001,Biometano,0.0722,0.0541,0.1686,,0.5,3
BENJAMIN CONSTANT,AM,-4.326666664999999,-69.78611111000001,Biomassa,0.0703,0.0493,0.1686,,0.75,4
BENTO DE ABREU,SP,-21.23071457,-50.77811977,H2 Verde,0.4022,0.3335,0.1306,0.7655,0.875,1
BENTO DE ABREU,SP,-21.23071457,-50.77811977,Solar,0.3614,0.2314,0.1306,0.7655,0.875,2
BENTO DE ABREU,SP,-21.23071457,-50.77811977,Eolica,0.3614,0.2314,0.1306,0.7655,0.875,2
BENTO DE ABREU,SP,-21.23071457,-50.77811977,Biometano,0.3167,0.6937,0.1306,,0.5,3
BENTO DE ABREU,SP,-21.23071457,-50.77811977,Biomassa,0.2651,0.5647,0.1306,,0.75,4
BENTO FERNANDES,RN,-5.743039835,-35.895085755,H2 Verde,0.2426,0.4096,0.1214,0.1411,1.0,1
BENTO FERNANDES,RN,-5.743039835,-35.895085755,Solar,0.2389,0.4003,0.1214,0.1411,1.0,2
BENTO FERNANDES,RN,-5.743039835,-35.895085755,Biometano,0.1156,0.1892,0.1214,0.0116,0.625,3
BENTO FERNANDES,RN,-5.743039835,-35.895085755,Eolica,0.1055,0.0669,0.1214,0.1411,1.0,4
BENTO FERNANDES,RN,-5.743039835,-35.895085755,Biomassa,0.0956,0.1393,0.1214,0.0116,0.875,5
BENTO GONCALVES,RS,-29.111261316666667,-51.53244263166667,Solar,0.4181,0.6335,0.185,0.364,1.0,1
BENTO GONCALVES,RS,-29.111261316666667,-51.53244263166667,Biometano,0.4148,0.8829,0.185,0.0205,0.625,2
BENTO GONCALVES,RS,-29.111261316666667,-51.53244263166667,H2 Verde,0.3626,0.4948,0.185,0.364,1.0,3
BENTO GONCALVES,RS,-29.111261316666667,-51.53244263166667,Eolica,0.2852,0.3012,0.185,0.364,1.0,4
BENTO GONCALVES,RS,-29.111261316666667,-51.53244263166667,Biomassa,0.2444,0.4568,0.185,0.0205,0.875,5
BERILO,MG,-16.73805556,-42.57472222,Solar,0.4509,0.6785,0.0806,0.5177,1.0,1
BERILO,MG,-16.73805556,-42.57472222,Biometano,0.4348,1.0,0.0806,0.0355,0.625,2
BERILO,MG,-16.73805556,-42.57472222,H2 Verde,0.4011,0.5539,0.0806,0.5177,1.0,3
BERILO,MG,-16.73805556,-42.57472222,Eolica,0.3176,0.3452,0.0806,0.5177,1.0,4
BERILO,MG,-16.73805556,-42.57472222,Biomassa,0.2564,0.5539,0.0806,0.0355,0.875,5
BERTIOGA,SP,-23.752198364999998,-46.078856834999996,H2 Verde,0.4464,0.6662,0.2162,0.3834,1.0,1
BERTIOGA,SP,-23.752198364999998,-46.078856834999996,Solar,0.4055,0.5641,0.2162,0.3834,1.0,2
BERTIOGA,SP,-23.752198364999998,-46.078856834999996,Biometano,0.3427,0.6937,0.2162,0.0013,0.625,3
BERTIOGA,SP,-23.752198364999998,-46.078856834999996,Biomassa,0.2913,0.565,0.2162,0.0013,0.875,4
BERTIOGA,SP,-23.752198364999998,-46.078856834999996,Eolica,0.2726,0.2317,0.2162,0.3834,1.0,5
BERURI,AM,-4.365842043333333,-61.90183898666667,H2 Verde,0.1003,0.0316,0.2127,0.0797,1.0,1
BERURI,AM,-4.365842043333333,-61.90183898666667,Solar,0.0952,0.0186,0.2127,0.0797,1.0,2
BERURI,AM,-4.365842043333333,-61.90183898666667,Eolica,0.095,0.0184,0.2127,0.0797,1.0,3
BERURI,AM,-4.365842043333333,-61.90183898666667,Biometano,0.0854,0.0541,0.2127,0.0,0.625,4
BERURI,AM,-4.365842043333333,-61.90183898666667,Biomassa,0.0835,0.0493,0.2127,0.0,0.875,5
BETANIA DO PIAUI,PI,-8.031663408,-40.707624196,Solar,0.2734,0.4477,0.1457,0.1687,1.0,1
BETANIA DO PIAUI,PI,-8.031663408,-40.707624196,H2 Verde,0.2475,0.383,0.1457,0.1687,1.0,2
BETANIA DO PIAUI,PI,-8.031663408,-40.707624196,Biometano,0.1791,0.3243,0.1457,0.0188,0.625,3
BETANIA DO PIAUI,PI,-8.031663408,-40.707624196,Eolica,0.1401,0.1144,0.1457,0.1687,1.0,4
BETANIA DO PIAUI,PI,-8.031663408,-40.707624196,Biomassa,0.1124,0.1578,0.1457,0.0188,0.875,5
BETIM,MG,-18.30130846333333,-40.477835495,Biometano,0.456,1.0,0.1867,0.0001,0.625,1
BETIM,MG,-18.30130846333333,-40.477835495,Solar,0.3418,0.3393,0.1867,0.5,1.0,2
BETIM,MG,-18.30130846333333,-40.477835495,Eolica,0.341,0.3374,0.1867,0.5,1.0,3
BETIM,MG,-18.30130846333333,-40.477835495,H2 Verde,0.2919,0.2147,0.1867,0.5,1.0,4
BETIM,MG,-18.30130846333333,-40.477835495,Biomassa,0.2738,0.5443,0.1867,0.0001,0.875,5
BIGUACU,SC,-18.286481480000003,-32.44944444,Biometano,0.2292,0.4144,0.2113,0.0,0.625,1
BIGUACU,SC,-18.286481480000003,-32.44944444,Solar,0.1791,0.148,0.2113,0.1884,1.0,2
BIGUACU,SC,-18.286481480000003,-32.44944444,Eolica,0.1752,0.1383,0.2113,0.1884,1.0,3
BIGUACU,SC,-18.286481480000003,-32.44944444,H2 Verde,0.1714,0.1288,0.2113,0.1884,1.0,4
BIGUACU,SC,-18.286481480000003,-32.44944444,Biomassa,0.1663,0.2573,0.2113,0.0,0.875,5
BIRITINGA,BA,-11.42005176,-38.81289148,Solar,0.3825,0.5448,0.1297,0.4188,1.0,1
BIRITINGA,BA,-11.42005176,-38.81289148,H2 Verde,0.3621,0.4939,0.1297,0.4188,1.0,2
BIRITINGA,BA,-11.42005176,-38.81289148,Biometano,0.2923,0.6306,0.1297,0.0039,0.625,3
BIRITINGA,BA,-11.42005176,-38.81289148,Eolica,0.2491,0.2115,0.1297,0.4188,1.0,4
BIRITINGA,BA,-11.42005176,-38.81289148,Biomassa,0.1884,0.3708,0.1297,0.0039,0.875,5
BITURUNA,PR,-26.00977231,-51.66597303,Solar,0.3482,0.5632,0.1283,0.2814,1.0,1
BITURUNA,PR,-26.00977231,-51.66597303,H2 Verde,0.3165,0.4839,0.1283,0.2814,1.0,2
BITURUNA,PR,-26.00977231,-51.66597303,Biometano,0.2994,0.5405,0.1283,0.1489,0.625,3
BITURUNA,PR,-26.00977231,-51.66597303,Biomassa,0.2155,0.3308,0.1283,0.1489,0.875,4
BITURUNA,PR,-26.00977231,-51.66597303,Eolica,0.2148,0.2298,0.1283,0.2814,1.0,5
BLUMENAU,SC,-13.449046928571429,-24.54053538642857,Solar,0.2378,0.3065,0.1954,0.1887,1.0,1
BLUMENAU,SC,-13.449046928571429,-24.54053538642857,H2 Verde,0.2302,0.2874,0.1954,0.1887,1.0,2
BLUMENAU,SC,-13.449046928571429,-24.54053538642857,Biometano,0.2246,0.4144,0.1954,0.0006,0.625,3
BLUMENAU,SC,-13.449046928571429,-24.54053538642857,Eolica,0.1713,0.1403,0.1954,0.1887,1.0,4
BLUMENAU,SC,-13.449046928571429,-24.54053538642857,Biomassa,0.1618,0.2575,0.1954,0.0006,0.875,5
BOA VENTURA DE SAO ROQUE,PR,-24.852598421666666,-51.49359294833334,Solar,0.3084,0.5145,0.1335,0.2084,1.0,1
BOA VENTURA DE SAO ROQUE,PR,-24.852598421666666,-51.49359294833334,H2 Verde,0.2767,0.4352,0.1335,0.2084,1.0,2
BOA VENTURA DE SAO ROQUE,PR,-24.852598421666666,-51.49359294833334,Biometano,0.2571,0.5405,0.1335,0.0029,0.625,3
BOA VENTURA DE SAO ROQUE,PR,-24.852598421666666,-51.49359294833334,Eolica,0.175,0.1811,0.1335,0.2084,1.0,4
BOA VENTURA DE SAO ROQUE,PR,-24.852598421666666,-51.49359294833334,Biomassa,0.1537,0.2821,0.1335,0.0029,0.875,5
BOA VISTA,RR,2.974181965882353,-60.67683633941176,H2 Verde,0.0882,0.0156,0.2511,0.022,0.875,1
BOA VISTA,RR,2.974181965882353,-60.67683633941176,Solar,0.0866,0.0117,0.2511,0.022,0.875,2
BOA VISTA,RR,2.974181965882353,-60.67683633941176,Eolica,0.0866,0.0117,0.2511,0.022,0.875,2
BOA VISTA,RR,2.974181965882353,-60.67683633941176,Biomassa,0.0816,0.0156,0.2511,,0.75,3
BOA VISTA,RR,2.974181965882353,-60.67683633941176,Biometano,0.0753,0.0,0.2511,,0.5,4
BOA VISTA DAS MISSOES,RS,-27.68769439,-53.307333,Solar,0.3915,0.6276,0.1143,0.3537,1.0,1
BOA VISTA DAS MISSOES,RS,-27.68769439,-53.307333,Biometano,0.3875,0.8829,0.1143,0.0001,0.625,2
BOA VISTA DAS MISSOES,RS,-27.68769439,-53.307333,H2 Verde,0.336,0.489,0.1143,0.3537,1.0,3
BOA VISTA DAS MISSOES,RS,-27.68769439,-53.307333,Eolica,0.2582,0.2943,0.1143,0.3537,1.0,4
BOA VISTA DAS MISSOES,RS,-27.68769439,-53.307333,Biomassa,0.2143,0.4499,0.1143,0.0001,0.875,5
BOA VISTA DO CADEADO,RS,-28.666388885,-53.916493055000004,Solar,0.3916,0.6278,0.1141,0.354,1.0,1
BOA VISTA DO CADEADO,RS,-28.666388885,-53.916493055000004,Biometano,0.3876,0.8829,0.1141,0.0006,0.625,2
BOA VISTA DO CADEADO,RS,-28.666388885,-53.916493055000004,H2 Verde,0.3361,0.4891,0.1141,0.354,1.0,3
BOA VISTA DO CADEADO,RS,-28.666388885,-53.916493055000004,Eolica,0.2582,0.2945,0.1141,0.354,1.0,4
BOA VISTA DO CADEADO,RS,-28.666388885,-53.916493055000004,Biomassa,0.2144,0.4501,0.1141,0.0006,0.875,5
BOA VISTA DO RAMOS,AM,-2.96537386,-57.5863244,H2 Verde,0.1376,0.0312,0.2577,0.1593,0.875,1
BOA VISTA DO RAMOS,AM,-2.96537386,-57.5863244,Solar,0.1324,0.0182,0.2577,0.1593,0.875,2
BOA VISTA DO RAMOS,AM,-2.96537386,-57.5863244,Eolica,0.1324,0.0182,0.2577,0.1593,0.875,2
BOA VISTA DO RAMOS,AM,-2.96537386,-57.5863244,Biometano,0.0989,0.0541,0.2577,,0.5,3
BOA VISTA DO RAMOS,AM,-2.96537386,-57.5863244,Biomassa,0.097,0.0492,0.2577,,0.75,4
BOCA DA MATA,AL,-9.62667,-36.19892,Biometano,0.0657,0.0991,0.0869,,0.5,1
BOCA DA MATA,AL,-9.62667,-36.19892,Solar,0.0647,0.0334,0.0869,0.0842,0.875,2
BOCA DA MATA,AL,-9.62667,-36.19892,Eolica,0.0647,0.0334,0.0869,0.0842,0.875,2
BOCA DA MATA,AL,-9.62667,-36.19892,H2 Verde,0.0607,0.0236,0.0869,0.0842,0.875,3
BOCA DA MATA,AL,-9.62667,-36.19892,Biomassa,0.0487,0.0566,0.0869,,0.75,4
BOCA DO ACRE,AM,-8.76931107,-67.32919716,H2 Verde,0.113,0.0315,0.1754,0.1593,0.875,1
BOCA DO ACRE,AM,-8.76931107,-67.32919716,Solar,0.1078,0.0186,0.1754,0.1593,0.875,2
BOCA DO ACRE,AM,-8.76931107,-67.32919716,Eolica,0.1078,0.0186,0.1754,0.1593,0.875,2
BOCA DO ACRE,AM,-8.76931107,-67.32919716,Biometano,0.0742,0.0541,0.1754,,0.5,3
BOCA DO ACRE,AM,-8.76931107,-67.32919716,Biomassa,0.0724,0.0496,0.1754,,0.75,4
BOCAINA,SP,-22.105161029999998,-48.481538764999996,H2 Verde,0.4079,0.3359,0.1464,0.7655,0.875,1
BOCAINA,SP,-22.105161029999998,-48.481538764999996,Solar,0.3671,0.2337,0.1464,0.7655,0.875,2
BOCAINA,SP,-22.105161029999998,-48.481538764999996,Eolica,0.3671,0.2337,0.1464,0.7655,0.875,2
BOCAINA,SP,-22.105161029999998,-48.481538764999996,Biometano,0.3214,0.6937,0.1464,,0.5,3
BOCAINA,SP,-22.105161029999998,-48.481538764999996,Biomassa,0.2708,0.5671,0.1464,,0.75,4
BOCAIUVA,MG,-17.561066666666665,-43.76546666666667,Biometano,0.4442,1.0,0.1473,0.0,0.625,1
BOCAIUVA,MG,-17.561066666666665,-43.76546666666667,Eolica,0.3309,0.3418,0.1473,0.5,1.0,2
BOCAIUVA,MG,-17.561066666666665,-43.76546666666667,Solar,0.3275,0.3333,0.1473,0.5,1.0,3
BOCAIUVA,MG,-17.561066666666665,-43.76546666666667,H2 Verde,0.2777,0.2087,0.1473,0.5,1.0,4
BOCAIUVA,MG,-17.561066666666665,-43.76546666666667,Biomassa,0.261,0.5421,0.1473,0.0,0.875,5
BOCAIUVA DO SUL,PR,-25.00056125,-48.6227515,Solar,0.3239,0.5142,0.1862,0.2079,1.0,1
BOCAIUVA DO SUL,PR,-25.00056125,-48.6227515,H2 Verde,0.2922,0.4349,0.1862,0.2079,1.0,2
BOCAIUVA DO SUL,PR,-25.00056125,-48.6227515,Biometano,0.2727,0.5405,0.1862,0.002,0.625,3
BOCAIUVA DO SUL,PR,-25.00056125,-48.6227515,Eolica,0.1906,0.1809,0.1862,0.2079,1.0,4
BOCAIUVA DO SUL,PR,-25.00056125,-48.6227515,Biomassa,0.1692,0.2818,0.1862,0.002,0.875,5
BODO,RN,-5.9617710441666665,-36.442924910833334,H2 Verde,0.2472,0.4141,0.1242,0.1478,1.0,1
BODO,RN,-5.9617710441666665,-36.442924910833334,Solar,0.2435,0.4048,0.1242,0.1478,1.0,2
BODO,RN,-5.9617710441666665,-36.442924910833334,Biometano,0.1205,0.1892,0.1242,0.0251,0.625,3
BODO,RN,-5.9617710441666665,-36.442924910833334,Eolica,0.1133,0.0794,0.1242,0.1478,1.0,4
BODO,RN,-5.9617710441666665,-36.442924910833334,Biomassa,0.1023,0.1438,0.1242,0.0251,0.875,5
BOITUVA,SP,-23.27110849,-47.66767119857143,Biometano,0.3376,0.6937,0.2002,0.0001,0.625,1
BOITUVA,SP,-23.27110849,-47.66767119857143,H2 Verde,0.3279,0.3825,0.2002,0.3828,1.0,2
BOITUVA,SP,-23.27110849,-47.66767119857143,Solar,0.2871,0.2804,0.2002,0.3828,1.0,3
BOITUVA,SP,-23.27110849,-47.66767119857143,Biomassa,0.286,0.5648,0.2002,0.0001,0.875,4
BOITUVA,SP,-23.27110849,-47.66767119857143,Eolica,0.2675,0.2314,0.2002,0.3828,1.0,5
BOM DESPACHO,MG,-19.72434708,-45.2234619875,Biometano,0.4514,1.0,0.1711,0.0001,0.625,1
BOM DESPACHO,MG,-19.72434708,-45.2234619875,Solar,0.4232,0.5545,0.1711,0.5001,1.0,2
BOM DESPACHO,MG,-19.72434708,-45.2234619875,H2 Verde,0.3733,0.4299,0.1711,0.5001,1.0,3
BOM DESPACHO,MG,-19.72434708,-45.2234619875,Eolica,0.3347,0.3334,0.1711,0.5001,1.0,4
BOM DESPACHO,MG,-19.72434708,-45.2234619875,Biomassa,0.2682,0.5421,0.1711,0.0001,0.875,5
BOM JARDIM,RJ,-22.168651036,-42.361254896000005,H2 Verde,0.2493,0.4212,0.1646,0.1049,1.0,1
BOM JARDIM,RJ,-22.168651036,-42.361254896000005,Solar,0.2317,0.377,0.1646,0.1049,1.0,2
BOM JARDIM,RJ,-22.168651036,-42.361254896000005,Biometano,0.1297,0.1982,0.1646,0.0034,0.625,3
BOM JARDIM,RJ,-22.168651036,-42.361254896000005,Biomassa,0.1214,0.1776,0.1646,0.0034,0.875,4
BOM JARDIM,RJ,-22.168651036,-42.361254896000005,Eolica,0.1078,0.0673,0.1646,0.1049,1.0,5
BOM JARDIM DA SERRA,SC,-28.439906426,-49.58853732,Solar,0.2819,0.4742,0.1147,0.1925,1.0,1
BOM JARDIM DA SERRA,SC,-28.439906426,-49.58853732,H2 Verde,0.2742,0.4551,0.1147,0.1925,1.0,2
BOM JARDIM DA SERRA,SC,-28.439906426,-49.58853732,Biometano,0.2027,0.4144,0.1147,0.0083,0.625,3
BOM JARDIM DA SERRA,SC,-28.439906426,-49.58853732,Eolica,0.1485,0.1409,0.1147,0.1925,1.0,4
BOM JARDIM DA SERRA,SC,-28.439906426,-49.58853732,Biomassa,0.1409,0.2599,0.1147,0.0083,0.875,5
BOM JESUS,RS,-28.850689965714285,-50.507423304285716,Solar,0.3981,0.6298,0.1303,0.357,1.0,1
BOM JESUS,RS,-28.850689965714285,-50.507423304285716,Biometano,0.3942,0.8829,0.1303,0.0066,0.625,2
BOM JESUS,RS,-28.850689965714285,-50.507423304285716,H2 Verde,0.3427,0.4912,0.1303,0.357,1.0,3
BOM JESUS,SC,-26.75888889,-52.38544167,Solar,0.2935,0.4716,0.1611,0.1886,1.0,4
BOM JESUS,SC,-26.75888889,-52.38544167,H2 Verde,0.2859,0.4524,0.1611,0.1886,1.0,5
BOM JESUS,RS,-28.850689965714285,-50.507423304285716,Eolica,0.2655,0.2982,0.1303,0.357,1.0,6
BOM JESUS,RS,-28.850689965714285,-50.507423304285716,Biomassa,0.2219,0.4521,0.1303,0.0066,0.875,7
BOM JESUS,SC,-26.75888889,-52.38544167,Biometano,0.2142,0.4144,0.1611,0.0004,0.625,8
BOM JESUS,PI,-9.140298888,-44.351804442,Biometano,0.1898,0.3243,0.2004,0.0,0.625,9
BOM JESUS,SC,-26.75888889,-52.38544167,Eolica,0.1602,0.1383,0.1611,0.1886,1.0,10
BOM JESUS,PI,-9.140298888,-44.351804442,Eolica,0.157,0.1227,0.2004,0.1593,1.0,11
BOM JESUS,SC,-26.75888889,-52.38544167,Biomassa,0.1513,0.2572,0.1611,0.0004,0.875,12
BOM JESUS,PI,-9.140298888,-44.351804442,Solar,0.1512,0.1081,0.2004,0.1593,1.0,13
BOM JESUS,PI,-9.140298888,-44.351804442,H2 Verde,0.1253,0.0434,0.2004,0.1593,1.0,14
BOM JESUS,RN,-6.0178034725,-35.5731013875,Biometano,0.1209,0.1892,0.1506,0.0,0.625,15
BOM JESUS,PI,-9.140298888,-44.351804442,Biomassa,0.1207,0.1515,0.2004,0.0,0.875,16
BOM JESUS,RN,-6.0178034725,-35.5731013875,Eolica,0.1155,0.0743,0.1506,0.1353,1.0,17
BOM JESUS,RN,-6.0178034725,-35.5731013875,H2 Verde,0.1147,0.0724,0.1506,0.1353,1.0,18
BOM JESUS,RN,-6.0178034725,-35.5731013875,Solar,0.111,0.0631,0.1506,0.1353,1.0,19
BOM JESUS,RN,-6.0178034725,-35.5731013875,Biomassa,0.0994,0.1355,0.1506,0.0,0.875,20
BOM JESUS DA LAPA,BA,-12.493018774216868,-40.668808160843376,Solar,0.3929,0.5499,0.1503,0.4263,1.0,1
BOM JESUS DA LAPA,BA,-12.493018774216868,-40.668808160843376,H2 Verde,0.3726,0.4989,0.1503,0.4263,1.0,2
BOM JESUS DA LAPA,BA,-12.493018774216868,-40.668808160843376,Eolica,0.3431,0.4252,0.1503,0.4263,1.0,3
BOM JESUS DA LAPA,BA,-12.493018774216868,-40.668808160843376,Biometano,0.303,0.6306,0.1503,0.019,0.625,4
BOM JESUS DA LAPA,BA,-12.493018774216868,-40.668808160843376,Biomassa,0.2011,0.3758,0.1503,0.019,0.875,5
BOM JESUS DO GALHO,MG,-19.82634705,-42.317534466666665,Solar,0.4537,0.6668,0.1233,0.5002,1.0,1
BOM JESUS DO GALHO,MG,-19.82634705,-42.317534466666665,Biometano,0.4371,1.0,0.1233,0.0003,0.625,2
BOM JESUS DO GALHO,MG,-19.82634705,-42.317534466666665,H2 Verde,0.4039,0.5422,0.1233,0.5002,1.0,3
BOM JESUS DO GALHO,MG,-19.82634705,-42.317534466666665,Eolica,0.3204,0.3334,0.1233,0.5002,1.0,4
BOM JESUS DO GALHO,MG,-19.82634705,-42.317534466666665,Biomassa,0.2539,0.5422,0.1233,0.0003,0.875,5
BOM JESUS DO ITABAPOANA,RJ,-21.029531175000002,-41.716154,H2 Verde,0.25,0.4443,0.1367,0.1043,1.0,1
BOM JESUS DO ITABAPOANA,RJ,-21.029531175000002,-41.716154,Solar,0.2323,0.4001,0.1367,0.1043,1.0,2
BOM JESUS DO ITABAPOANA,ES,-21.01231773,-41.724711825,H2 Verde,0.1719,0.386,,0.0584,0.625,3
BOM JESUS DO ITABAPOANA,ES,-21.01231773,-41.724711825,Solar,0.1614,0.3596,,0.0584,0.625,4
BOM JESUS DO ITABAPOANA,RJ,-21.029531175000002,-41.716154,Biometano,0.1209,0.1982,0.1367,0.0021,0.625,5
BOM JESUS DO ITABAPOANA,RJ,-21.029531175000002,-41.716154,Biomassa,0.1125,0.1771,0.1367,0.0021,0.875,6
BOM JESUS DO ITABAPOANA,RJ,-21.029531175000002,-41.716154,Eolica,0.099,0.0668,0.1367,0.1043,1.0,7
BOM JESUS DO ITABAPOANA,ES,-21.01231773,-41.724711825,Biomassa,0.0327,0.0766,,0.0067,0.5,8
BOM JESUS DO ITABAPOANA,ES,-21.01231773,-41.724711825,Biometano,0.0308,0.0721,,0.0067,0.25,9
BOM JESUS DO ITABAPOANA,ES,-21.01231773,-41.724711825,Eolica,0.028,0.0262,,0.0584,0.625,10
BOM PRINCIPIO,RS,-29.4494175,-51.35302333,Solar,0.4068,0.6276,0.1653,0.3537,1.0,1
BOM PRINCIPIO,RS,-29.4494175,-51.35302333,Biometano,0.4028,0.8829,0.1653,0.0,0.625,2
BOM PRINCIPIO,RS,-29.4494175,-51.35302333,H2 Verde,0.3513,0.489,0.1653,0.3537,1.0,3
BOM PRINCIPIO,RS,-29.4494175,-51.35302333,Eolica,0.2734,0.2943,0.1653,0.3537,1.0,4
BOM PRINCIPIO,RS,-29.4494175,-51.35302333,Biomassa,0.2296,0.4499,0.1653,0.0,0.875,5
BOM PRINCIPIO DO PIAUI,PI,-3.137298990454546,-41.56310239909091,Biometano,0.1755,0.3243,0.1526,0.0,0.625,1
BOM PRINCIPIO DO PIAUI,PI,-3.137298990454546,-41.56310239909091,Eolica,0.1697,0.1902,0.1526,0.1593,1.0,2
BOM PRINCIPIO DO PIAUI,PI,-3.137298990454546,-41.56310239909091,Solar,0.1368,0.1081,0.1526,0.1593,1.0,3
BOM PRINCIPIO DO PIAUI,PI,-3.137298990454546,-41.56310239909091,H2 Verde,0.1109,0.0434,0.1526,0.1593,1.0,4
BOM PRINCIPIO DO PIAUI,PI,-3.137298990454546,-41.56310239909091,Biomassa,0.1064,0.1515,0.1526,0.0,0.875,5
BOM SUCESSO,MG,-21.14294206,-45.03614405,Solar,0.4621,0.672,0.1363,0.508,1.0,1
BOM SUCESSO,MG,-21.14294206,-45.03614405,Biometano,0.4457,1.0,0.1363,0.016,0.625,2
BOM SUCESSO,MG,-21.14294206,-45.03614405,H2 Verde,0.4122,0.5474,0.1363,0.508,1.0,3
BOM SUCESSO,MG,-21.14294206,-45.03614405,Eolica,0.3287,0.3387,0.1363,0.508,1.0,4
BOM SUCESSO,MG,-21.14294206,-45.03614405,Biomassa,0.2646,0.5474,0.1363,0.016,0.875,5
BOM SUCESSO DE ITARARE,SP,-24.31800001,-49.144,H2 Verde,0.4037,0.3333,0.1357,0.7655,0.875,1
BOM SUCESSO DE ITARARE,SP,-24.31800001,-49.144,Solar,0.3629,0.2312,0.1357,0.7655,0.875,2
BOM SUCESSO DE ITARARE,SP,-24.31800001,-49.144,Eolica,0.3629,0.2312,0.1357,0.7655,0.875,2
BOM SUCESSO DE ITARARE,SP,-24.31800001,-49.144,Biometano,0.3182,0.6937,0.1357,,0.5,3
BOM SUCESSO DE ITARARE,SP,-24.31800001,-49.144,Biomassa,0.2665,0.5646,0.1357,,0.75,4
BOM SUCESSO DO SUL,PR,-26.05832685333333,-52.89526018666667,Solar,0.3068,0.5139,0.13,0.2074,1.0,1
BOM SUCESSO DO SUL,PR,-26.05832685333333,-52.89526018666667,H2 Verde,0.2751,0.4346,0.13,0.2074,1.0,2
BOM SUCESSO DO SUL,PR,-26.05832685333333,-52.89526018666667,Biometano,0.2555,0.5405,0.13,0.001,0.625,3
BOM SUCESSO DO SUL,PR,-26.05832685333333,-52.89526018666667,Eolica,0.1734,0.1805,0.13,0.2074,1.0,4
BOM SUCESSO DO SUL,PR,-26.05832685333333,-52.89526018666667,Biomassa,0.1519,0.2814,0.13,0.001,0.875,5
BONFIM,MG,-20.37632111,-44.19165875,Solar,0.4646,0.6669,0.1591,0.5003,1.0,1
BONFIM,MG,-20.37632111,-44.19165875,Biometano,0.4479,1.0,0.1591,0.0007,0.625,2
BONFIM,MG,-20.37632111,-44.19165875,H2 Verde,0.4147,0.5423,0.1591,0.5003,1.0,3
BONFIM,MG,-20.37632111,-44.19165875,Eolica,0.3313,0.3336,0.1591,0.5003,1.0,4
BONFIM,MG,-20.37632111,-44.19165875,Biomassa,0.2648,0.5423,0.1591,0.0007,0.875,5
BONFIM,RR,2.953812223,-59.874609718,H2 Verde,0.0681,0.004,0.1995,0.022,0.875,6
BONFIM,RR,2.953812223,-59.874609718,Solar,0.0665,0.0,0.1995,0.022,0.875,7
BONFIM,RR,2.953812223,-59.874609718,Eolica,0.0665,0.0,0.1995,0.022,0.875,7
BONFIM,RR,2.953812223,-59.874609718,Biomassa,0.0614,0.004,0.1995,,0.75,8
BONFIM,RR,2.953812223,-59.874609718,Biometano,0.0599,0.0,0.1995,,0.5,9
BONINAL,BA,-12.734372234999999,-42.038222685,Solar,0.3873,0.5459,0.1428,0.4204,1.0,1
BONINAL,BA,-12.734372234999999,-42.038222685,H2 Verde,0.367,0.495,0.1428,0.4204,1.0,2
BONINAL,BA,-12.734372234999999,-42.038222685,Biometano,0.2972,0.6306,0.1428,0.0072,0.625,3
BONINAL,BA,-12.734372234999999,-42.038222685,Eolica,0.254,0.2126,0.1428,0.4204,1.0,4
BONINAL,BA,-12.734372234999999,-42.038222685,Biomassa,0.1937,0.3719,0.1428,0.0072,0.875,5
BONITO,BA,-11.922972380000001,-41.430346295,Solar,0.3876,0.5447,0.1472,0.4186,1.0,1
BONITO,BA,-11.922972380000001,-41.430346295,H2 Verde,0.3673,0.4938,0.1472,0.4186,1.0,2
BONITO,BA,-11.922972380000001,-41.430346295,Biometano,0.2975,0.6306,0.1472,0.0036,0.625,3
BONITO,MS,-21.2342854,-56.59123795,Solar,0.2615,0.4204,0.1863,0.1248,1.0,4
BONITO,BA,-11.922972380000001,-41.430346295,Eolica,0.2543,0.2114,0.1472,0.4186,1.0,5
BONITO,MS,-21.2342854,-56.59123795,H2 Verde,0.242,0.3718,0.1863,0.1248,1.0,6
BONITO,PE,-8.50910852,-35.59773042,Solar,0.2376,0.4144,0.1382,0.1012,1.0,7
BONITO,PE,-8.50910852,-35.59773042,H2 Verde,0.229,0.3929,0.1382,0.1012,1.0,8
BONITO,BA,-11.922972380000001,-41.430346295,Biomassa,0.1935,0.3707,0.1472,0.0036,0.875,9
BONITO,MS,-21.2342854,-56.59123795,Biometano,0.1604,0.2613,0.1863,0.0,0.625,10
BONITO,PE,-8.50910852,-35.59773042,Biometano,0.1388,0.2432,0.1382,0.0001,0.625,11
BONITO,MS,-21.2342854,-56.59123795,Eolica,0.1281,0.0871,0.1863,0.1248,1.0,12
BONITO,MS,-21.2342854,-56.59123795,Biomassa,0.1061,0.1256,0.1863,0.0,0.875,13
BONITO,PE,-8.50910852,-35.59773042,Eolica,0.1043,0.0811,0.1382,0.1012,1.0,14
BONITO,PE,-8.50910852,-35.59773042,Biomassa,0.0977,0.1406,0.1382,0.0001,0.875,15
BORA,SP,-22.16160967,-50.47443455,H2 Verde,0.4134,0.3338,0.1675,0.7655,0.875,1
BORA,SP,-22.16160967,-50.47443455,Solar,0.3726,0.2317,0.1675,0.7655,0.875,2
BORA,SP,-22.16160967,-50.47443455,Eolica,0.3726,0.2317,0.1675,0.7655,0.875,2
BORA,SP,-22.16160967,-50.47443455,Biometano,0.3277,0.6937,0.1675,,0.5,3
BORA,SP,-22.16160967,-50.47443455,Biomassa,0.2763,0.5651,0.1675,,0.75,4
BORACEIA,SP,-22.173269554999997,-48.76585903,H2 Verde,0.4334,0.6698,0.1625,0.3891,1.0,1
BORACEIA,SP,-22.173269554999997,-48.76585903,Solar,0.3926,0.5677,0.1625,0.3891,1.0,2
BORACEIA,SP,-22.173269554999997,-48.76585903,Biometano,0.3301,0.6937,0.1625,0.0127,0.625,3
BORACEIA,SP,-22.173269554999997,-48.76585903,Biomassa,0.2801,0.5688,0.1625,0.0127,0.875,4
BORACEIA,SP,-22.173269554999997,-48.76585903,Eolica,0.2597,0.2355,0.1625,0.3891,1.0,5
BORBA,AM,-4.1647545599999996,-59.44694380000001,H2 Verde,0.0975,0.0313,0.1239,0.1593,0.875,1
BORBA,AM,-4.1647545599999996,-59.44694380000001,Solar,0.0923,0.0184,0.1239,0.1593,0.875,2
BORBA,AM,-4.1647545599999996,-59.44694380000001,Eolica,0.0923,0.0184,0.1239,0.1593,0.875,2
BORBA,AM,-4.1647545599999996,-59.44694380000001,Biometano,0.0588,0.0541,0.1239,,0.5,3
BORBA,AM,-4.1647545599999996,-59.44694380000001,Biomassa,0.0569,0.0494,0.1239,,0.75,4
BORDA DA MATA,MG,-22.31470264,-46.19728121,Solar,0.4592,0.6667,0.1418,0.5,1.0,1
BORDA DA MATA,MG,-22.31470264,-46.19728121,Biometano,0.4426,1.0,0.1418,0.0001,0.625,2
BORDA DA MATA,MG,-22.31470264,-46.19728121,H2 Verde,0.4094,0.5421,0.1418,0.5,1.0,3
BORDA DA MATA,MG,-22.31470264,-46.19728121,Eolica,0.3259,0.3334,0.1418,0.5,1.0,4
BORDA DA MATA,MG,-22.31470264,-46.19728121,Biomassa,0.2594,0.5421,0.1418,0.0001,0.875,5
BOTUCATU,SP,-22.92220926,-48.46533333,H2 Verde,0.4161,0.3334,0.177,0.7655,0.875,1
BOTUCATU,SP,-22.92220926,-48.46533333,Solar,0.3753,0.2313,0.177,0.7655,0.875,2
BOTUCATU,SP,-22.92220926,-48.46533333,Eolica,0.3753,0.2313,0.177,0.7655,0.875,2
BOTUCATU,SP,-22.92220926,-48.46533333,Biometano,0.3306,0.6937,0.177,,0.5,3
BOTUCATU,SP,-22.92220926,-48.46533333,Biomassa,0.279,0.5646,0.177,,0.75,4
BRACO DO NORTE,SC,-28.23777778,-49.16361111,Solar,0.2983,0.4715,0.1773,0.1884,1.0,1
BRACO DO NORTE,SC,-28.23777778,-49.16361111,H2 Verde,0.2907,0.4523,0.1773,0.1884,1.0,2
BRACO DO NORTE,SC,-28.23777778,-49.16361111,Biometano,0.219,0.4144,0.1773,0.0001,0.625,3
BRACO DO NORTE,SC,-28.23777778,-49.16361111,Eolica,0.165,0.1382,0.1773,0.1884,1.0,4
BRACO DO NORTE,SC,-28.23777778,-49.16361111,Biomassa,0.1561,0.2571,0.1773,0.0001,0.875,5
BRAGA,RS,-27.56003654,-53.798007385000005,Solar,0.3895,0.6285,0.1055,0.355,1.0,1
BRAGA,RS,-27.56003654,-53.798007385000005,Biometano,0.3856,0.8829,0.1055,0.0025,0.625,2
BRAGA,RS,-27.56003654,-53.798007385000005,H2 Verde,0.3341,0.4898,0.1055,0.355,1.0,3
BRAGA,RS,-27.56003654,-53.798007385000005,Eolica,0.2562,0.2951,0.1055,0.355,1.0,4
BRAGA,RS,-27.56003654,-53.798007385000005,Biomassa,0.2127,0.4508,0.1055,0.0025,0.875,5
BRAGANCA,PA,-0.99071,-46.75361111,H2 Verde,0.2997,0.4776,0.1624,0.1999,1.0,1
BRAGANCA,PA,-0.99071,-46.75361111,Solar,0.2745,0.4144,0.1624,0.1999,1.0,2
BRAGANCA,PA,-0.99071,-46.75361111,Biometano,0.146,0.2432,0.1624,0.0,0.625,3
BRAGANCA,PA,-0.99071,-46.75361111,Eolica,0.1411,0.0811,0.1624,0.1999,1.0,4
BRAGANCA,PA,-0.99071,-46.75361111,Biomassa,0.1389,0.2253,0.1624,0.0,0.875,5
BRAGANCA PAULISTA,SP,-22.964662219999997,-46.54061092333333,H2 Verde,0.4209,0.3333,0.1932,0.7655,0.875,1
BRAGANCA PAULISTA,SP,-22.964662219999997,-46.54061092333333,Solar,0.3801,0.2312,0.1932,0.7655,0.875,2
BRAGANCA PAULISTA,SP,-22.964662219999997,-46.54061092333333,Eolica,0.3801,0.2312,0.1932,0.7655,0.875,2
BRAGANCA PAULISTA,SP,-22.964662219999997,-46.54061092333333,Biometano,0.3354,0.6937,0.1932,,0.5,3
BRAGANCA PAULISTA,SP,-22.964662219999997,-46.54061092333333,Biomassa,0.2838,0.5646,0.1932,,0.75,4
BRASILEIRA,PI,-4.10452506074074,-41.44725137888889,Solar,0.279,0.4521,0.1518,0.1753,1.0,1
BRASILEIRA,PI,-4.10452506074074,-41.44725137888889,H2 Verde,0.2531,0.3874,0.1518,0.1753,1.0,2
BRASILEIRA,PI,-4.10452506074074,-41.44725137888889,Biometano,0.1849,0.3243,0.1518,0.032,0.625,3
BRASILEIRA,PI,-4.10452506074074,-41.44725137888889,Eolica,0.1643,0.1654,0.1518,0.1753,1.0,4
BRASILEIRA,PI,-4.10452506074074,-41.44725137888889,Biomassa,0.12,0.1622,0.1518,0.032,0.875,5
BRASILIA,DF,-15.75964008125,-47.86952403541667,Solar,0.1942,0.2161,0.3579,0.0014,1.0,1
BRASILIA,DF,-15.75964008125,-47.86952403541667,H2 Verde,0.1937,0.2148,0.3579,0.0014,1.0,2
BRASILIA,DF,-15.75964008125,-47.86952403541667,Biometano,0.119,0.027,0.3579,0.0027,0.625,3
BRASILIA,DF,-15.75964008125,-47.86952403541667,Biomassa,0.1155,0.0182,0.3579,0.0027,0.875,4
BRASILIA,DF,-15.75964008125,-47.86952403541667,Eolica,0.112,0.0105,0.3579,0.0014,1.0,5
BRASNORTE,MT,-12.6191902875,-58.1008255875,Solar,0.2592,0.3982,0.1642,0.1691,1.0,1
BRASNORTE,MT,-12.6191902875,-58.1008255875,H2 Verde,0.2451,0.3628,0.1642,0.1691,1.0,2
BRASNORTE,MT,-12.6191902875,-58.1008255875,Biometano,0.1266,0.1892,0.1642,0.0054,0.625,3
BRASNORTE,MT,-12.6191902875,-58.1008255875,Eolica,0.1259,0.0649,0.1642,0.1691,1.0,4
BRASNORTE,MT,-12.6191902875,-58.1008255875,Biomassa,0.0879,0.0925,0.1642,0.0054,0.875,5
BRAUNAS,MG,-19.16527776,-42.77504028,Solar,0.4509,0.6697,0.1056,0.5045,1.0,1
BRAUNAS,MG,-19.16527776,-42.77504028,Biometano,0.4344,1.0,0.1056,0.0091,0.625,2
BRAUNAS,MG,-19.16527776,-42.77504028,H2 Verde,0.4011,0.5451,0.1056,0.5045,1.0,3
BRAUNAS,MG,-19.16527776,-42.77504028,Eolica,0.3176,0.3364,0.1056,0.5045,1.0,4
BRAUNAS,MG,-19.16527776,-42.77504028,Biomassa,0.2524,0.5451,0.1056,0.0091,0.875,5
BREJAO,PE,-9.697037036666666,-40.465648146666666,Biometano,0.1405,0.2432,0.1439,0.0,0.625,1
BREJAO,PE,-9.697037036666666,-40.465648146666666,Eolica,0.109,0.0887,0.1439,0.1012,1.0,2
BREJAO,PE,-9.697037036666666,-40.465648146666666,Solar,0.106,0.0811,0.1439,0.1012,1.0,3
BREJAO,PE,-9.697037036666666,-40.465648146666666,Biomassa,0.0994,0.1406,0.1439,0.0,0.875,4
BREJAO,PE,-9.697037036666666,-40.465648146666666,H2 Verde,0.0973,0.0595,0.1439,0.1012,1.0,5
BREJINHO,RN,-6.20991667,-35.363,H2 Verde,0.2481,0.4057,0.1507,0.1353,1.0,1
BREJINHO,RN,-6.20991667,-35.363,Solar,0.2443,0.3964,0.1507,0.1353,1.0,2
BREJINHO,RN,-6.20991667,-35.363,Biometano,0.1209,0.1892,0.1507,0.0,0.625,3
BREJINHO,RN,-6.20991667,-35.363,Eolica,0.111,0.0631,0.1507,0.1353,1.0,4
BREJINHO,RN,-6.20991667,-35.363,Biomassa,0.0994,0.1355,0.1507,0.0,0.875,5
BREJO DO PIAUI,PI,-8.19050104375,-42.5388951375,Biometano,0.1684,0.3243,0.129,0.0,0.625,1
BREJO DO PIAUI,PI,-8.19050104375,-42.5388951375,Eolica,0.1397,0.133,0.129,0.1593,1.0,2
BREJO DO PIAUI,PI,-8.19050104375,-42.5388951375,Solar,0.1297,0.1081,0.129,0.1593,1.0,3
BREJO DO PIAUI,PI,-8.19050104375,-42.5388951375,H2 Verde,0.1039,0.0434,0.129,0.1593,1.0,4
BREJO DO PIAUI,PI,-8.19050104375,-42.5388951375,Biomassa,0.0993,0.1515,0.129,0.0,0.875,5
BREVES,PA,-1.69073694,-50.480895,H2 Verde,0.2306,0.1442,0.1767,0.3998,0.875,1
BREVES,PA,-1.69073694,-50.480895,Solar,0.2054,0.0811,0.1767,0.3998,0.875,2
BREVES,PA,-1.69073694,-50.480895,Eolica,0.2054,0.0811,0.1767,0.3998,0.875,2
BREVES,PA,-1.69073694,-50.480895,Biometano,0.1503,0.2432,0.1767,,0.5,3
BREVES,PA,-1.69073694,-50.480895,Biomassa,0.1431,0.2253,0.1767,,0.75,4
BROTAS,SP,-22.349730545,-48.07797425,Biometano,0.3267,0.6937,0.164,0.0002,0.625,1
BROTAS,SP,-22.349730545,-48.07797425,H2 Verde,0.3019,0.3447,0.164,0.3829,1.0,2
BROTAS,SP,-22.349730545,-48.07797425,Biomassa,0.2759,0.5667,0.164,0.0002,0.875,3
BROTAS,SP,-22.349730545,-48.07797425,Solar,0.2611,0.2426,0.164,0.3829,1.0,4
BROTAS,SP,-22.349730545,-48.07797425,Eolica,0.2574,0.2334,0.164,0.3829,1.0,5
BROTAS DE MACAUBAS,BA,-12.291327984285715,-42.35184596285715,Solar,0.3885,0.5489,0.1384,0.4248,1.0,1
BROTAS DE MACAUBAS,BA,-12.291327984285715,-42.35184596285715,H2 Verde,0.3682,0.4979,0.1384,0.4248,1.0,2
BROTAS DE MACAUBAS,BA,-12.291327984285715,-42.35184596285715,Biometano,0.2986,0.6306,0.1384,0.016,0.625,3
BROTAS DE MACAUBAS,BA,-12.291327984285715,-42.35184596285715,Eolica,0.2571,0.2204,0.1384,0.4248,1.0,4
BROTAS DE MACAUBAS,BA,-12.291327984285715,-42.35184596285715,Biomassa,0.1963,0.3748,0.1384,0.016,0.875,5
BRUMADINHO,MG,-20.116255115,-44.215086355,Solar,0.4855,0.3335,0.1738,1.0,0.875,1
BRUMADINHO,MG,-20.116255115,-44.215086355,Eolica,0.4855,0.3335,0.1738,1.0,0.875,1
BRUMADINHO,MG,-20.116255115,-44.215086355,Biometano,0.4521,1.0,0.1738,,0.5,2
BRUMADINHO,MG,-20.116255115,-44.215086355,H2 Verde,0.4357,0.2089,0.1738,1.0,0.875,3
BRUMADINHO,MG,-20.116255115,-44.215086355,Biomassa,0.269,0.5422,0.1738,,0.75,4
BRUMADO,BA,-14.0375344325,-41.591906275,Solar,0.3769,0.5048,0.1625,0.4208,1.0,1
BRUMADO,BA,-14.0375344325,-41.591906275,H2 Verde,0.3565,0.4539,0.1625,0.4208,1.0,2
BRUMADO,BA,-14.0375344325,-41.591906275,Biometano,0.3034,0.6306,0.1625,0.008,0.625,3
BRUMADO,BA,-14.0375344325,-41.591906275,Eolica,0.2603,0.2133,0.1625,0.4208,1.0,4
BRUMADO,BA,-14.0375344325,-41.591906275,Biomassa,0.2002,0.3725,0.1625,0.008,0.875,5
BRUNOPOLIS,SC,-27.49777778,-50.80463889,Solar,0.2795,0.4757,0.1027,0.1947,1.0,1
BRUNOPOLIS,SC,-27.49777778,-50.80463889,H2 Verde,0.2718,0.4565,0.1027,0.1947,1.0,2
BRUNOPOLIS,SC,-27.49777778,-50.80463889,Biometano,0.2004,0.4144,0.1027,0.0126,0.625,3
BRUNOPOLIS,SC,-27.49777778,-50.80463889,Eolica,0.1462,0.1423,0.1027,0.1947,1.0,4
BRUNOPOLIS,SC,-27.49777778,-50.80463889,Biomassa,0.1391,0.2613,0.1027,0.0126,0.875,5
BRUSQUE,SC,-17.500861572222224,-32.61412073555555,Biometano,0.2318,0.4144,0.2199,0.0,0.625,1
BRUSQUE,SC,-17.500861572222224,-32.61412073555555,Solar,0.1862,0.1594,0.2199,0.1884,1.0,2
BRUSQUE,SC,-17.500861572222224,-32.61412073555555,H2 Verde,0.1786,0.1402,0.2199,0.1884,1.0,3
BRUSQUE,SC,-17.500861572222224,-32.61412073555555,Eolica,0.1779,0.1384,0.2199,0.1884,1.0,4
BRUSQUE,SC,-17.500861572222224,-32.61412073555555,Biomassa,0.1689,0.2574,0.2199,0.0,0.875,5
BUENO BRANDAO,MG,-22.572062705,-46.41087938,Solar,0.458,0.6667,0.1375,0.5001,1.0,1
BUENO BRANDAO,MG,-22.572062705,-46.41087938,Biometano,0.4413,1.0,0.1375,0.0002,0.625,2
BUENO BRANDAO,MG,-22.572062705,-46.41087938,H2 Verde,0.4082,0.5421,0.1375,0.5001,1.0,3
BUENO BRANDAO,MG,-22.572062705,-46.41087938,Eolica,0.3247,0.3334,0.1375,0.5001,1.0,4
BUENO BRANDAO,MG,-22.572062705,-46.41087938,Biomassa,0.2582,0.5421,0.1375,0.0002,0.875,5
BUIQUE,PE,-8.637471130833333,-37.23066325083334,Biometano,0.1389,0.2432,0.1386,0.0,0.625,1
BUIQUE,PE,-8.637471130833333,-37.23066325083334,Eolica,0.1138,0.1046,0.1386,0.1012,1.0,2
BUIQUE,PE,-8.637471130833333,-37.23066325083334,Solar,0.1044,0.0811,0.1386,0.1012,1.0,3
BUIQUE,PE,-8.637471130833333,-37.23066325083334,Biomassa,0.0978,0.1406,0.1386,0.0,0.875,4
BUIQUE,PE,-8.637471130833333,-37.23066325083334,H2 Verde,0.0957,0.0595,0.1386,0.1012,1.0,5
BURITAMA,SP,-21.11121953,-50.215638584999994,H2 Verde,0.4383,0.6729,0.1657,0.3982,1.0,1
BURITAMA,SP,-21.11121953,-50.215638584999994,Solar,0.3975,0.5708,0.1657,0.3982,1.0,2
BURITAMA,SP,-21.11121953,-50.215638584999994,Biometano,0.3364,0.6937,0.1657,0.0309,0.625,3
BURITAMA,SP,-21.11121953,-50.215638584999994,Biomassa,0.289,0.575,0.1657,0.0309,0.875,4
BURITAMA,SP,-21.11121953,-50.215638584999994,Eolica,0.2658,0.2417,0.1657,0.3982,1.0,5
BURITI DOS LOPES,PI,-3.146944446,-41.80285185333333,Biometano,0.1733,0.3243,0.1451,0.0,0.625,1
BURITI DOS LOPES,PI,-3.146944446,-41.80285185333333,Eolica,0.1577,0.166,0.1451,0.1593,1.0,2
BURITI DOS LOPES,PI,-3.146944446,-41.80285185333333,Solar,0.1346,0.1081,0.1451,0.1593,1.0,3
BURITI DOS LOPES,PI,-3.146944446,-41.80285185333333,H2 Verde,0.1087,0.0434,0.1451,0.1593,1.0,4
BURITI DOS LOPES,PI,-3.146944446,-41.80285185333333,Biomassa,0.1041,0.1515,0.1451,0.0,0.875,5
BURITINOPOLIS,GO,-14.34515648,-46.23962522333333,Solar,0.2522,0.4336,0.1232,0.1395,1.0,1
BURITINOPOLIS,GO,-14.34515648,-46.23962522333333,H2 Verde,0.2472,0.4211,0.1232,0.1395,1.0,2
BURITINOPOLIS,GO,-14.34515648,-46.23962522333333,Biometano,0.1569,0.2973,0.1232,0.0034,0.625,3
BURITINOPOLIS,GO,-14.34515648,-46.23962522333333,Eolica,0.1189,0.1002,0.1232,0.1395,1.0,4
BURITINOPOLIS,GO,-14.34515648,-46.23962522333333,Biomassa,0.1127,0.1869,0.1232,0.0034,0.875,5
BURITIS,RO,-10.21153028,-63.80520528,H2 Verde,0.2099,0.3979,0.1011,0.0679,1.0,1
BURITIS,RO,-10.21153028,-63.80520528,Solar,0.1997,0.3725,0.1011,0.0679,1.0,2
BURITIS,RO,-10.21153028,-63.80520528,Biometano,0.0773,0.1171,0.1011,0.0005,0.625,3
BURITIS,RO,-10.21153028,-63.80520528,Biomassa,0.0719,0.1037,0.1011,0.0005,0.875,4
BURITIS,RO,-10.21153028,-63.80520528,Eolica,0.0664,0.0392,0.1011,0.0679,1.0,5
BURITIZAL,SP,-20.2178448375,-47.66609656,Biometano,0.3241,0.6937,0.1554,0.0001,0.625,1
BURITIZAL,SP,-20.2178448375,-47.66609656,H2 Verde,0.2971,0.339,0.1554,0.3828,1.0,2
BURITIZAL,SP,-20.2178448375,-47.66609656,Biomassa,0.2734,0.5669,0.1554,0.0001,0.875,3
BURITIZAL,SP,-20.2178448375,-47.66609656,Solar,0.2562,0.2369,0.1554,0.3828,1.0,4
BURITIZAL,SP,-20.2178448375,-47.66609656,Eolica,0.2556,0.2355,0.1554,0.3828,1.0,5
BURITIZEIRO,MG,-17.2387053944086,-45.12671758849462,Solar,0.449,0.6667,0.1079,0.5,1.0,1
BURITIZEIRO,MG,-17.2387053944086,-45.12671758849462,Eolica,0.449,0.6667,0.1079,0.5,1.0,1
BURITIZEIRO,MG,-17.2387053944086,-45.12671758849462,Biometano,0.4324,1.0,0.1079,0.0,0.625,2
BURITIZEIRO,MG,-17.2387053944086,-45.12671758849462,H2 Verde,0.3992,0.5421,0.1079,0.5,1.0,3
BURITIZEIRO,MG,-17.2387053944086,-45.12671758849462,Biomassa,0.2492,0.5421,0.1079,0.0,0.875,4
CAAPIRANGA,AM,-3.3480201566666667,-61.26273282333333,H2 Verde,0.1172,0.0312,0.1899,0.1593,0.875,1
CAAPIRANGA,AM,-3.3480201566666667,-61.26273282333333,Solar,0.112,0.0182,0.1899,0.1593,0.875,2
CAAPIRANGA,AM,-3.3480201566666667,-61.26273282333333,Eolica,0.112,0.0182,0.1899,0.1593,0.875,2
CAAPIRANGA,AM,-3.3480201566666667,-61.26273282333333,Biometano,0.0786,0.0541,0.1899,,0.5,3
CAAPIRANGA,AM,-3.3480201566666667,-61.26273282333333,Biomassa,0.0766,0.0492,0.1899,,0.75,4
CAAPORA,PB,-7.50838722,-34.87588028,Biometano,0.0984,0.1351,0.1477,,0.5,1
CAAPORA,PB,-7.50838722,-34.87588028,Solar,0.0922,0.0454,0.1477,0.0992,0.875,2
CAAPORA,PB,-7.50838722,-34.87588028,Eolica,0.0922,0.0454,0.1477,0.0992,0.875,2
CAAPORA,PB,-7.50838722,-34.87588028,H2 Verde,0.0808,0.0168,0.1477,0.0992,0.875,3
CAAPORA,PB,-7.50838722,-34.87588028,Biomassa,0.0691,0.0619,0.1477,,0.75,4
CAARAPO,MS,-22.610608220000003,-54.749301415,Solar,0.1661,0.0911,0.1827,0.2495,0.875,1
CAARAPO,MS,-22.610608220000003,-54.749301415,Eolica,0.1661,0.0911,0.1827,0.2495,0.875,1
CAARAPO,MS,-22.610608220000003,-54.749301415,Biometano,0.1593,0.2613,0.1827,,0.5,2
CAARAPO,MS,-22.610608220000003,-54.749301415,H2 Verde,0.1467,0.0425,0.1827,0.2495,0.875,3
CAARAPO,MS,-22.610608220000003,-54.749301415,Biomassa,0.1067,0.1296,0.1827,,0.75,4
CAATIBA,BA,-14.97267633,-40.39803455,Solar,0.3453,0.2102,0.0371,0.8337,0.875,1
CAATIBA,BA,-14.97267633,-40.39803455,Eolica,0.3453,0.2102,0.0371,0.8337,0.875,1
CAATIBA,BA,-14.97267633,-40.39803455,H2 Verde,0.325,0.1593,0.0371,0.8337,0.875,2
CAATIBA,BA,-14.97267633,-40.39803455,Biometano,0.2634,0.6306,0.0371,,0.5,3
CAATIBA,BA,-14.97267633,-40.39803455,Biomassa,0.1589,0.3695,0.0371,,0.75,4
CABECEIRA GRANDE,MG,-16.19211806,-47.17349278,Solar,0.4604,0.6674,0.1439,0.5011,1.0,1
CABECEIRA GRANDE,MG,-16.19211806,-47.17349278,Biometano,0.4438,1.0,0.1439,0.0021,0.625,2
CABECEIRA GRANDE,MG,-16.19211806,-47.17349278,H2 Verde,0.4106,0.5428,0.1439,0.5011,1.0,3
CABECEIRA GRANDE,MG,-16.19211806,-47.17349278,Eolica,0.3271,0.334,0.1439,0.5011,1.0,4
CABECEIRA GRANDE,MG,-16.19211806,-47.17349278,Biomassa,0.2609,0.5428,0.1439,0.0021,0.875,5
CABO DE SANTO AGOSTINHO,PE,-7.546784590000001,-31.84028068909091,Biometano,0.149,0.2432,0.172,0.0003,0.625,1
CABO DE SANTO AGOSTINHO,PE,-7.546784590000001,-31.84028068909091,Solar,0.1206,0.0965,0.172,0.1013,1.0,2
CABO DE SANTO AGOSTINHO,PE,-7.546784590000001,-31.84028068909091,Eolica,0.1197,0.0943,0.172,0.1013,1.0,3
CABO DE SANTO AGOSTINHO,PE,-7.546784590000001,-31.84028068909091,Biomassa,0.1132,0.1538,0.172,0.0003,0.875,4
CABO DE SANTO AGOSTINHO,PE,-7.546784590000001,-31.84028068909091,H2 Verde,0.112,0.0749,0.172,0.1013,1.0,5
CABO FRIO,RJ,-22.821951720999998,-42.049097396,H2 Verde,0.1644,0.1106,0.194,0.2064,0.875,1
CABO FRIO,RJ,-22.821951720999998,-42.049097396,Solar,0.1467,0.0664,0.194,0.2064,0.875,2
CABO FRIO,RJ,-22.821951720999998,-42.049097396,Eolica,0.1467,0.0664,0.194,0.2064,0.875,2
CABO FRIO,RJ,-22.821951720999998,-42.049097396,Biometano,0.1375,0.1982,0.194,,0.5,3
CABO FRIO,RJ,-22.821951720999998,-42.049097396,Biomassa,0.1289,0.1767,0.194,,0.75,4
CABREUVA,SP,-23.25182017,-47.09190811,H2 Verde,0.4145,0.3334,0.1717,0.7655,0.875,1
CABREUVA,SP,-23.25182017,-47.09190811,Solar,0.3737,0.2313,0.1717,0.7655,0.875,2
CABREUVA,SP,-23.25182017,-47.09190811,Eolica,0.3737,0.2313,0.1717,0.7655,0.875,2
CABREUVA,SP,-23.25182017,-47.09190811,Biometano,0.329,0.6937,0.1717,,0.5,3
CABREUVA,SP,-23.25182017,-47.09190811,Biomassa,0.2774,0.5646,0.1717,,0.75,4
CACADOR,SC,-26.7706082325,-50.99877084125,Biometano,0.2112,0.4144,0.1511,0.0002,0.625,1
CACADOR,SC,-26.7706082325,-50.99877084125,Solar,0.1908,0.2222,0.1511,0.1885,1.0,2
CACADOR,SC,-26.7706082325,-50.99877084125,H2 Verde,0.1831,0.2031,0.1511,0.1885,1.0,3
CACADOR,SC,-26.7706082325,-50.99877084125,Eolica,0.1573,0.1384,0.1511,0.1885,1.0,4
CACADOR,SC,-26.7706082325,-50.99877084125,Biomassa,0.1484,0.2574,0.1511,0.0002,0.875,5
CACAPAVA,SP,-23.1106961675,-45.7117189175,H2 Verde,0.4153,0.3335,0.1741,0.7655,0.875,1
CACAPAVA,SP,-23.1106961675,-45.7117189175,Solar,0.3744,0.2314,0.1741,0.7655,0.875,2
CACAPAVA,SP,-23.1106961675,-45.7117189175,Eolica,0.3744,0.2314,0.1741,0.7655,0.875,2
CACAPAVA,SP,-23.1106961675,-45.7117189175,Biometano,0.3297,0.6937,0.1741,,0.5,3
CACAPAVA,SP,-23.1106961675,-45.7117189175,Biomassa,0.2781,0.5647,0.1741,,0.75,4
CACAPAVA DO SUL,RS,-30.58942966,-53.46847455,Biometano,0.3919,0.8829,0.129,,0.5,1
CACAPAVA DO SUL,RS,-30.58942966,-53.46847455,Solar,0.3686,0.2943,0.129,0.7074,0.875,2
CACAPAVA DO SUL,RS,-30.58942966,-53.46847455,Eolica,0.3686,0.2943,0.129,0.7074,0.875,2
CACAPAVA DO SUL,RS,-30.58942966,-53.46847455,H2 Verde,0.3132,0.1556,0.129,0.7074,0.875,3
CACAPAVA DO SUL,RS,-30.58942966,-53.46847455,Biomassa,0.2187,0.4499,0.129,,0.75,4
CACHOEIRA,BA,-12.58353873,-38.9980234,Solar,0.3814,0.5483,0.1162,0.4239,1.0,1
CACHOEIRA,BA,-12.58353873,-38.9980234,H2 Verde,0.361,0.4973,0.1162,0.4239,1.0,2
CACHOEIRA,BA,-12.58353873,-38.9980234,Biometano,0.2914,0.6306,0.1162,0.0142,0.625,3
CACHOEIRA,BA,-12.58353873,-38.9980234,Eolica,0.248,0.2149,0.1162,0.4239,1.0,4
CACHOEIRA,BA,-12.58353873,-38.9980234,Biomassa,0.1888,0.3742,0.1162,0.0142,0.875,5
CACHOEIRA ALTA,GO,-18.72172588,-51.00279929,Solar,0.2645,0.4351,0.1596,0.1418,1.0,1
CACHOEIRA ALTA,GO,-18.72172588,-51.00279929,H2 Verde,0.2595,0.4226,0.1596,0.1418,1.0,2
CACHOEIRA ALTA,GO,-18.72172588,-51.00279929,Biometano,0.1692,0.2973,0.1596,0.008,0.625,3
CACHOEIRA ALTA,GO,-18.72172588,-51.00279929,Eolica,0.1311,0.1018,0.1596,0.1418,1.0,4
CACHOEIRA ALTA,GO,-18.72172588,-51.00279929,Biomassa,0.1256,0.1884,0.1596,0.008,0.875,5
CACHOEIRA DA PRATA,MG,-19.52619459,-44.4504453,Solar,0.4586,0.6667,0.1397,0.5,1.0,1
CACHOEIRA DA PRATA,MG,-19.52619459,-44.4504453,Biometano,0.4419,1.0,0.1397,0.0,0.625,2
CACHOEIRA DA PRATA,MG,-19.52619459,-44.4504453,H2 Verde,0.4087,0.5421,0.1397,0.5,1.0,3
CACHOEIRA DA PRATA,MG,-19.52619459,-44.4504453,Eolica,0.3253,0.3333,0.1397,0.5,1.0,4
CACHOEIRA DA PRATA,MG,-19.52619459,-44.4504453,Biomassa,0.2587,0.5421,0.1397,0.0,0.875,5
CACHOEIRA DO SUL,RS,-30.04582,-52.89341306,Biometano,0.3918,0.8829,0.1288,,0.5,1
CACHOEIRA DO SUL,RS,-30.04582,-52.89341306,Solar,0.3686,0.2944,0.1288,0.7074,0.875,2
CACHOEIRA DO SUL,RS,-30.04582,-52.89341306,Eolica,0.3686,0.2944,0.1288,0.7074,0.875,2
CACHOEIRA DO SUL,RS,-30.04582,-52.89341306,H2 Verde,0.3131,0.1557,0.1288,0.7074,0.875,3
CACHOEIRA DO SUL,RS,-30.04582,-52.89341306,Biomassa,0.2186,0.45,0.1288,,0.75,4
CACHOEIRA DOURADA,GO,-18.499390769999998,-49.567377115,Solar,0.2604,0.434,0.1224,0.167,1.0,1
CACHOEIRA DOURADA,GO,-18.499390769999998,-49.567377115,H2 Verde,0.2555,0.4215,0.1224,0.167,1.0,2
CACHOEIRA DOURADA,GO,-18.499390769999998,-49.567377115,Biometano,0.1732,0.2973,0.1224,0.0585,0.625,3
CACHOEIRA DOURADA,GO,-18.499390769999998,-49.567377115,Biomassa,0.1368,0.2064,0.1224,0.0585,0.875,4
CACHOEIRA DOURADA,GO,-18.499390769999998,-49.567377115,Eolica,0.1347,0.1198,0.1224,0.167,1.0,5
CACHOEIRA PAULISTA,SP,-22.66831889,-44.99052611,H2 Verde,0.4266,0.6667,0.1502,0.3828,1.0,1
CACHOEIRA PAULISTA,SP,-22.66831889,-44.99052611,Solar,0.3858,0.5646,0.1502,0.3828,1.0,2
CACHOEIRA PAULISTA,SP,-22.66831889,-44.99052611,Biometano,0.3226,0.6937,0.1502,0.0001,0.625,3
CACHOEIRA PAULISTA,SP,-22.66831889,-44.99052611,Biomassa,0.2709,0.5646,0.1502,0.0001,0.875,4
CACHOEIRA PAULISTA,SP,-22.66831889,-44.99052611,Eolica,0.2524,0.2313,0.1502,0.3828,1.0,5
CACHOEIRINHA,RS,-19.96190740666667,-34.064388890000004,Biometano,0.4071,0.8829,0.1797,0.0001,0.625,1
CACHOEIRINHA,RS,-19.96190740666667,-34.064388890000004,Solar,0.3211,0.4027,0.1797,0.3538,1.0,2
CACHOEIRINHA,RS,-19.96190740666667,-34.064388890000004,Eolica,0.2778,0.2944,0.1797,0.3538,1.0,3
CACHOEIRINHA,RS,-19.96190740666667,-34.064388890000004,H2 Verde,0.2656,0.264,0.1797,0.3538,1.0,4
CACHOEIRINHA,RS,-19.96190740666667,-34.064388890000004,Biomassa,0.234,0.45,0.1797,0.0001,0.875,5
CACHOEIRO DE ITAPEMIRIM,ES,-14.405143399999998,-28.46575418076923,H2 Verde,0.2072,0.3717,0.1393,0.0558,1.0,1
CACHOEIRO DE ITAPEMIRIM,ES,-14.405143399999998,-28.46575418076923,Solar,0.1967,0.3454,0.1393,0.0558,1.0,2
CACHOEIRO DE ITAPEMIRIM,ES,-14.405143399999998,-28.46575418076923,Biomassa,0.0722,0.0749,0.1393,0.0014,0.875,3
CACHOEIRO DE ITAPEMIRIM,ES,-14.405143399999998,-28.46575418076923,Biometano,0.071,0.0721,0.1393,0.0014,0.625,4
CACHOEIRO DE ITAPEMIRIM,ES,-14.405143399999998,-28.46575418076923,Eolica,0.0683,0.0245,0.1393,0.0558,1.0,5
CACONDE,SP,-21.57666667,-46.62416667,H2 Verde,0.4196,0.669,0.1204,0.3863,1.0,1
CACONDE,SP,-21.57666667,-46.62416667,Solar,0.3788,0.5669,0.1204,0.3863,1.0,2
CACONDE,SP,-21.57666667,-46.62416667,Biometano,0.3157,0.6937,0.1204,0.0071,0.625,3
CACONDE,SP,-21.57666667,-46.62416667,Biomassa,0.265,0.5669,0.1204,0.0071,0.875,4
CACONDE,SP,-21.57666667,-46.62416667,Eolica,0.2455,0.2336,0.1204,0.3863,1.0,5
CACU,GO,-18.767145996666667,-51.02217069833333,Solar,0.2318,0.3547,0.1468,0.153,1.0,1
CACU,GO,-18.767145996666667,-51.02217069833333,H2 Verde,0.2268,0.3422,0.1468,0.153,1.0,2
CACU,GO,-18.767145996666667,-51.02217069833333,Biometano,0.1721,0.2973,0.1468,0.0304,0.625,3
CACU,GO,-18.767145996666667,-51.02217069833333,Eolica,0.1361,0.1153,0.1468,0.153,1.0,4
CACU,GO,-18.767145996666667,-51.02217069833333,Biomassa,0.133,0.1997,0.1468,0.0304,0.875,5
CAETES,PE,-8.770784332222222,-36.74436759444445,Solar,0.2495,0.4213,0.1586,0.1115,1.0,1
CAETES,PE,-8.770784332222222,-36.74436759444445,H2 Verde,0.2409,0.3997,0.1586,0.1115,1.0,2
CAETES,PE,-8.770784332222222,-36.74436759444445,Biometano,0.151,0.2432,0.1586,0.0205,0.625,3
CAETES,PE,-8.770784332222222,-36.74436759444445,Eolica,0.117,0.09,0.1586,0.1115,1.0,4
CAETES,PE,-8.770784332222222,-36.74436759444445,Biomassa,0.1127,0.1474,0.1586,0.0205,0.875,5
CAETITE,BA,-14.109704655833333,-42.56357389645833,Solar,0.412,0.5708,0.1543,0.4578,1.0,1
CAETITE,BA,-14.109704655833333,-42.56357389645833,H2 Verde,0.3916,0.5199,0.1543,0.4578,1.0,2
CAETITE,BA,-14.109704655833333,-42.56357389645833,Biometano,0.3231,0.6306,0.1543,0.0819,0.625,3
CAETITE,BA,-14.109704655833333,-42.56357389645833,Eolica,0.2923,0.2717,0.1543,0.4578,1.0,4
CAETITE,BA,-14.109704655833333,-42.56357389645833,Biomassa,0.2296,0.3968,0.1543,0.0819,0.875,5
CAFARNAUM,BA,-11.825212796666667,-41.44222272666667,Solar,0.3866,0.5462,0.1396,0.4208,1.0,1
CAFARNAUM,BA,-11.825212796666667,-41.44222272666667,H2 Verde,0.3662,0.4953,0.1396,0.4208,1.0,2
CAFARNAUM,BA,-11.825212796666667,-41.44222272666667,Biometano,0.2965,0.6306,0.1396,0.008,0.625,3
CAFARNAUM,BA,-11.825212796666667,-41.44222272666667,Eolica,0.2533,0.2129,0.1396,0.4208,1.0,4
CAFARNAUM,BA,-11.825212796666667,-41.44222272666667,Biomassa,0.1931,0.3721,0.1396,0.008,0.875,5
CAICARA DO NORTE,RN,-5.24335253,-36.080207445,H2 Verde,0.2463,0.4085,0.1371,0.1394,1.0,1
CAICARA DO NORTE,RN,-5.24335253,-36.080207445,Solar,0.2426,0.3991,0.1371,0.1394,1.0,2
CAICARA DO NORTE,RN,-5.24335253,-36.080207445,Biometano,0.1193,0.1892,0.1371,0.0082,0.625,3
CAICARA DO NORTE,RN,-5.24335253,-36.080207445,Eolica,0.1092,0.0658,0.1371,0.1394,1.0,4
CAICARA DO NORTE,RN,-5.24335253,-36.080207445,Biomassa,0.0989,0.1382,0.1371,0.0082,0.875,5
CAICARA DO RIO DO VENTO,RN,-5.733815992,-36.036283052,H2 Verde,0.2505,0.4145,0.134,0.1485,1.0,1
CAICARA DO RIO DO VENTO,RN,-5.733815992,-36.036283052,Solar,0.2468,0.4052,0.134,0.1485,1.0,2
CAICARA DO RIO DO VENTO,RN,-5.733815992,-36.036283052,Biometano,0.1238,0.1892,0.134,0.0264,0.625,3
CAICARA DO RIO DO VENTO,RN,-5.733815992,-36.036283052,Eolica,0.117,0.0807,0.134,0.1485,1.0,4
CAICARA DO RIO DO VENTO,RN,-5.733815992,-36.036283052,Biomassa,0.1058,0.1443,0.134,0.0264,0.875,5
CAIEIRAS,SP,-23.33844087,-46.77210274,H2 Verde,0.4129,0.3342,0.1653,0.7655,0.875,1
CAIEIRAS,SP,-23.33844087,-46.77210274,Solar,0.3721,0.2321,0.1653,0.7655,0.875,2
CAIEIRAS,SP,-23.33844087,-46.77210274,Eolica,0.3721,0.2321,0.1653,0.7655,0.875,2
CAIEIRAS,SP,-23.33844087,-46.77210274,Biomassa,0.2758,0.5654,0.1653,,0.75,3
CAIEIRAS,SP,-23.33844087,-46.77210274,Biometano,0.1781,0.3212,0.1653,,0.75,4
CAJAMAR,SP,-23.370214323333332,-46.859890416666666,H2 Verde,0.4361,0.3335,0.2434,0.7655,0.875,1
CAJAMAR,SP,-23.370214323333332,-46.859890416666666,Solar,0.3952,0.2313,0.2434,0.7655,0.875,2
CAJAMAR,SP,-23.370214323333332,-46.859890416666666,Eolica,0.3952,0.2313,0.2434,0.7655,0.875,2
CAJAMAR,SP,-23.370214323333332,-46.859890416666666,Biometano,0.3505,0.6937,0.2434,,0.5,3
CAJAMAR,SP,-23.370214323333332,-46.859890416666666,Biomassa,0.2989,0.5647,0.2434,,0.75,4
CAJATI,SP,-24.72636111,-48.105,H2 Verde,0.405,0.3337,0.1397,0.7655,0.875,1
CAJATI,SP,-24.72636111,-48.105,Solar,0.3642,0.2315,0.1397,0.7655,0.875,2
CAJATI,SP,-24.72636111,-48.105,Eolica,0.3642,0.2315,0.1397,0.7655,0.875,2
CAJATI,SP,-24.72636111,-48.105,Biometano,0.3194,0.6937,0.1397,,0.5,3
CAJATI,SP,-24.72636111,-48.105,Biomassa,0.2679,0.5649,0.1397,,0.75,4
CAJAZEIRAS,PB,-6.89690375,-38.53025804,Solar,0.2141,0.3784,0.1597,0.0496,1.0,1
CAJAZEIRAS,PB,-6.89690375,-38.53025804,H2 Verde,0.2027,0.3498,0.1597,0.0496,1.0,2
CAJAZEIRAS,PB,-6.89690375,-38.53025804,Biometano,0.102,0.1351,0.1597,0.0001,0.625,3
CAJAZEIRAS,PB,-6.89690375,-38.53025804,Eolica,0.0808,0.0451,0.1597,0.0496,1.0,4
CAJAZEIRAS,PB,-6.89690375,-38.53025804,Biomassa,0.0725,0.0615,0.1597,0.0001,0.875,5
CAJUEIRO,AL,-9.33352966,-36.15008455,Biometano,0.0637,0.0991,0.0802,,0.5,1
CAJUEIRO,AL,-9.33352966,-36.15008455,Solar,0.0626,0.0331,0.0802,0.0842,0.875,2
CAJUEIRO,AL,-9.33352966,-36.15008455,Eolica,0.0626,0.0331,0.0802,0.0842,0.875,2
CAJUEIRO,AL,-9.33352966,-36.15008455,H2 Verde,0.0586,0.0232,0.0802,0.0842,0.875,3
CAJUEIRO,AL,-9.33352966,-36.15008455,Biomassa,0.0466,0.0563,0.0802,,0.75,4
CAJURU,SP,-21.33280747,-47.298229875000004,H2 Verde,0.4243,0.6667,0.1427,0.3828,1.0,1
CAJURU,SP,-21.33280747,-47.298229875000004,Solar,0.3835,0.5646,0.1427,0.3828,1.0,2
CAJURU,SP,-21.33280747,-47.298229875000004,Biometano,0.3203,0.6937,0.1427,0.0001,0.625,3
CAJURU,SP,-21.33280747,-47.298229875000004,Biomassa,0.2687,0.5646,0.1427,0.0001,0.875,4
CAJURU,SP,-21.33280747,-47.298229875000004,Eolica,0.2502,0.2313,0.1427,0.3828,1.0,5
CALDAS,MG,-21.86562663,-46.36538868,Solar,0.4611,0.6667,0.1481,0.5,1.0,1
CALDAS,MG,-21.86562663,-46.36538868,Biometano,0.4444,1.0,0.1481,0.0,0.625,2
CALDAS,MG,-21.86562663,-46.36538868,H2 Verde,0.4113,0.5421,0.1481,0.5,1.0,3
CALDAS,MG,-21.86562663,-46.36538868,Eolica,0.3278,0.3333,0.1481,0.5,1.0,4
CALDAS,MG,-21.86562663,-46.36538868,Biomassa,0.2613,0.5421,0.1481,0.0,0.875,5
CALDAS NOVAS,GO,-17.866457905,-48.57764535,Solar,0.2919,0.4431,0.2277,0.1544,1.0,1
CALDAS NOVAS,GO,-17.866457905,-48.57764535,H2 Verde,0.2869,0.4306,0.2277,0.1544,1.0,2
CALDAS NOVAS,GO,-17.866457905,-48.57764535,Biometano,0.1972,0.2973,0.2277,0.0333,0.625,3
CALDAS NOVAS,GO,-17.866457905,-48.57764535,Eolica,0.1587,0.1102,0.2277,0.1544,1.0,4
CALDAS NOVAS,GO,-17.866457905,-48.57764535,Biomassa,0.157,0.1969,0.2277,0.0333,0.875,5
CALDEIRAO GRANDE DO PIAUI,PI,-7.389651259565217,-40.626540309130434,Solar,0.2811,0.4612,0.1331,0.189,1.0,1
CALDEIRAO GRANDE DO PIAUI,PI,-7.389651259565217,-40.626540309130434,H2 Verde,0.2552,0.3965,0.1331,0.189,1.0,2
CALDEIRAO GRANDE DO PIAUI,PI,-7.389651259565217,-40.626540309130434,Biometano,0.1875,0.3243,0.1331,0.0593,0.625,3
CALDEIRAO GRANDE DO PIAUI,PI,-7.389651259565217,-40.626540309130434,Eolica,0.1483,0.1293,0.1331,0.189,1.0,4
CALDEIRAO GRANDE DO PIAUI,PI,-7.389651259565217,-40.626540309130434,Biomassa,0.1262,0.1713,0.1331,0.0593,0.875,5
CAMACARI,BA,-12.631590446153846,-38.279039884615386,Solar,0.402,0.2216,0.2107,0.8337,0.875,1
CAMACARI,BA,-12.631590446153846,-38.279039884615386,Eolica,0.402,0.2216,0.2107,0.8337,0.875,1
CAMACARI,BA,-12.631590446153846,-38.279039884615386,H2 Verde,0.3816,0.1707,0.2107,0.8337,0.875,2
CAMACARI,BA,-12.631590446153846,-38.279039884615386,Biometano,0.3155,0.6306,0.2107,,0.5,3
CAMACARI,BA,-12.631590446153846,-38.279039884615386,Biomassa,0.2156,0.3809,0.2107,,0.75,4
CAMACHO,MG,-20.6320341,-45.23709812,Solar,0.4497,0.6667,0.1101,0.5,1.0,1
CAMACHO,MG,-20.6320341,-45.23709812,Biometano,0.433,1.0,0.1101,0.0001,0.625,2
CAMACHO,MG,-20.6320341,-45.23709812,H2 Verde,0.3999,0.5421,0.1101,0.5,1.0,3
CAMACHO,MG,-20.6320341,-45.23709812,Eolica,0.3164,0.3334,0.1101,0.5,1.0,4
CAMACHO,MG,-20.6320341,-45.23709812,Biomassa,0.2499,0.5421,0.1101,0.0001,0.875,5
CAMANDUCAIA,MG,-22.758545515,-46.12270623,Biometano,0.4579,1.0,0.193,0.0001,0.625,1
CAMANDUCAIA,MG,-22.758545515,-46.12270623,Solar,0.4168,0.5221,0.193,0.5001,1.0,2
CAMANDUCAIA,MG,-22.758545515,-46.12270623,H2 Verde,0.3669,0.3975,0.193,0.5001,1.0,3
CAMANDUCAIA,MG,-22.758545515,-46.12270623,Eolica,0.3413,0.3334,0.193,0.5001,1.0,4
CAMANDUCAIA,MG,-22.758545515,-46.12270623,Biomassa,0.2748,0.5421,0.193,0.0001,0.875,5
CAMAQUA,RS,-30.85664277,-51.77828833,Biometano,0.3943,0.8829,0.1372,,0.5,1
CAMAQUA,RS,-30.85664277,-51.77828833,Solar,0.3711,0.2944,0.1372,0.7074,0.875,2
CAMAQUA,RS,-30.85664277,-51.77828833,Eolica,0.3711,0.2944,0.1372,0.7074,0.875,2
CAMAQUA,RS,-30.85664277,-51.77828833,H2 Verde,0.3157,0.1557,0.1372,0.7074,0.875,3
CAMAQUA,RS,-30.85664277,-51.77828833,Biomassa,0.2212,0.45,0.1372,,0.75,4
CAMARAGIBE,PE,-7.96091389,-35.00984719,Solar,0.2405,0.4144,0.1477,0.1012,1.0,1
CAMARAGIBE,PE,-7.96091389,-35.00984719,H2 Verde,0.2318,0.3929,0.1477,0.1012,1.0,2
CAMARAGIBE,PE,-7.96091389,-35.00984719,Biometano,0.1416,0.2432,0.1477,0.0,0.625,3
CAMARAGIBE,PE,-7.96091389,-35.00984719,Eolica,0.1071,0.0811,0.1477,0.1012,1.0,4
CAMARAGIBE,PE,-7.96091389,-35.00984719,Biomassa,0.1006,0.1406,0.1477,0.0,0.875,5
CAMARGO,RS,-28.593067599999998,-52.215516885,Biometano,0.405,0.8829,0.1729,0.0,0.625,1
CAMARGO,RS,-28.593067599999998,-52.215516885,Solar,0.2976,0.3492,0.1729,0.3537,1.0,2
CAMARGO,RS,-28.593067599999998,-52.215516885,Eolica,0.2757,0.2943,0.1729,0.3537,1.0,3
CAMARGO,RS,-28.593067599999998,-52.215516885,H2 Verde,0.2422,0.2105,0.1729,0.3537,1.0,4
CAMARGO,RS,-28.593067599999998,-52.215516885,Biomassa,0.2318,0.4499,0.1729,0.0,0.875,5
CAMBARA,SP,-22.90389936,-49.99798631,H2 Verde,0.3834,0.6689,,0.386,0.625,1
CAMBARA,SP,-22.90389936,-49.99798631,Solar,0.3425,0.5668,,0.386,0.625,2
CAMBARA,SP,-22.90389936,-49.99798631,Biometano,0.2794,0.6937,,0.0066,0.25,3
CAMBARA,SP,-22.90389936,-49.99798631,Biomassa,0.2287,0.5668,,0.0066,0.5,4
CAMBARA,SP,-22.90389936,-49.99798631,Eolica,0.2092,0.2334,,0.386,0.625,5
CAMBARA DO SUL,RS,-29.2062575,-50.23941028,Biometano,0.3922,0.8829,0.1301,,0.5,1
CAMBARA DO SUL,RS,-29.2062575,-50.23941028,Eolica,0.3705,0.298,0.1301,0.7074,0.875,2
CAMBARA DO SUL,RS,-29.2062575,-50.23941028,Solar,0.369,0.2943,0.1301,0.7074,0.875,3
CAMBARA DO SUL,RS,-29.2062575,-50.23941028,H2 Verde,0.3135,0.1556,0.1301,0.7074,0.875,4
CAMBARA DO SUL,RS,-29.2062575,-50.23941028,Biomassa,0.219,0.4499,0.1301,,0.75,5
CAMBE,PR,-15.583984053333333,-34.24826293666667,Biometano,0.2666,0.5405,0.1678,0.0,0.625,1
CAMBE,PR,-15.583984053333333,-34.24826293666667,Solar,0.2172,0.262,0.1678,0.2069,1.0,2
CAMBE,PR,-15.583984053333333,-34.24826293666667,H2 Verde,0.1855,0.1827,0.1678,0.2069,1.0,3
CAMBE,PR,-15.583984053333333,-34.24826293666667,Eolica,0.1845,0.1802,0.1678,0.2069,1.0,4
CAMBE,PR,-15.583984053333333,-34.24826293666667,Biomassa,0.1628,0.2811,0.1678,0.0,0.875,5
CAMBORIU,SC,-26.99711662,-48.65535039,Solar,0.2497,0.1381,0.2715,0.3768,0.875,1
CAMBORIU,SC,-26.99711662,-48.65535039,Eolica,0.2497,0.1381,0.2715,0.3768,0.875,1
CAMBORIU,SC,-26.99711662,-48.65535039,Biometano,0.2472,0.4144,0.2715,,0.5,2
CAMBORIU,SC,-26.99711662,-48.65535039,H2 Verde,0.2421,0.119,0.2715,0.3768,0.875,3
CAMBORIU,SC,-26.99711662,-48.65535039,Biomassa,0.1843,0.2571,0.2715,,0.75,4
CAMBUI,MG,-11.28125,-23.044166665,Solar,0.4666,0.6667,0.1663,0.5001,1.0,1
CAMBUI,MG,-11.28125,-23.044166665,Biometano,0.4499,1.0,0.1663,0.0002,0.625,2
CAMBUI,MG,-11.28125,-23.044166665,H2 Verde,0.4168,0.5421,0.1663,0.5001,1.0,3
CAMBUI,MG,-11.28125,-23.044166665,Eolica,0.3333,0.3334,0.1663,0.5001,1.0,4
CAMBUI,MG,-11.28125,-23.044166665,Biomassa,0.2668,0.5421,0.1663,0.0002,0.875,5
CAMOCIM,CE,-2.90509733,-41.03924765,H2 Verde,0.2831,0.4568,0.1481,0.1865,1.0,1
CAMOCIM,CE,-2.90509733,-41.03924765,Solar,0.2818,0.4536,0.1481,0.1865,1.0,2
CAMOCIM,CE,-2.90509733,-41.03924765,Biometano,0.1878,0.3514,0.1481,0.0093,0.625,3
CAMOCIM,CE,-2.90509733,-41.03924765,Eolica,0.1485,0.1202,0.1481,0.1865,1.0,4
CAMOCIM,CE,-2.90509733,-41.03924765,Biomassa,0.1435,0.2406,0.1481,0.0093,0.875,5
CAMPANHA,MG,-21.92413136,-45.47101121,Solar,0.4604,0.6667,0.1457,0.5001,1.0,1
CAMPANHA,MG,-21.92413136,-45.47101121,Biometano,0.4438,1.0,0.1457,0.0002,0.625,2
CAMPANHA,MG,-21.92413136,-45.47101121,H2 Verde,0.4106,0.5421,0.1457,0.5001,1.0,3
CAMPANHA,MG,-21.92413136,-45.47101121,Eolica,0.3271,0.3334,0.1457,0.5001,1.0,4
CAMPANHA,MG,-21.92413136,-45.47101121,Biomassa,0.2606,0.5421,0.1457,0.0002,0.875,5
CAMPESTRE,MG,-21.78226346,-46.150401474999995,Solar,0.458,0.6667,0.1376,0.5001,1.0,1
CAMPESTRE,MG,-21.78226346,-46.150401474999995,Biometano,0.4413,1.0,0.1376,0.0002,0.625,2
CAMPESTRE,MG,-21.78226346,-46.150401474999995,H2 Verde,0.4082,0.5421,0.1376,0.5001,1.0,3
CAMPESTRE,MG,-21.78226346,-46.150401474999995,Eolica,0.3247,0.3334,0.1376,0.5001,1.0,4
CAMPESTRE,MG,-21.78226346,-46.150401474999995,Biomassa,0.2582,0.5421,0.1376,0.0002,0.875,5
CAMPESTRE DA SERRA,RS,-28.60714114,-51.21940149,Solar,0.3982,0.6277,0.1367,0.3538,1.0,1
CAMPESTRE DA SERRA,RS,-28.60714114,-51.21940149,Biometano,0.3942,0.8829,0.1367,0.0002,0.625,2
CAMPESTRE DA SERRA,RS,-28.60714114,-51.21940149,H2 Verde,0.3427,0.489,0.1367,0.3538,1.0,3
CAMPESTRE DA SERRA,RS,-28.60714114,-51.21940149,Eolica,0.2649,0.2944,0.1367,0.3538,1.0,4
CAMPESTRE DA SERRA,RS,-28.60714114,-51.21940149,Biomassa,0.221,0.45,0.1367,0.0002,0.875,5
CAMPESTRE DE GOIAS,GO,-14.297848412857144,-42.609917855714286,Solar,0.2635,0.4324,0.1639,0.1378,1.0,1
CAMPESTRE DE GOIAS,GO,-14.297848412857144,-42.609917855714286,H2 Verde,0.2585,0.42,0.1639,0.1378,1.0,2
CAMPESTRE DE GOIAS,GO,-14.297848412857144,-42.609917855714286,Biometano,0.1681,0.2973,0.1639,0.0,0.625,3
CAMPESTRE DE GOIAS,GO,-14.297848412857144,-42.609917855714286,Eolica,0.138,0.1188,0.1639,0.1378,1.0,4
CAMPESTRE DE GOIAS,GO,-14.297848412857144,-42.609917855714286,Biomassa,0.1235,0.1857,0.1639,0.0,0.875,5
CAMPINA DAS MISSOES,RS,-28.02309998,-54.8353661,Solar,0.3953,0.6277,0.127,0.3537,1.0,1
CAMPINA DAS MISSOES,RS,-28.02309998,-54.8353661,Biometano,0.3913,0.8829,0.127,0.0001,0.625,2
CAMPINA DAS MISSOES,RS,-28.02309998,-54.8353661,H2 Verde,0.3398,0.489,0.127,0.3537,1.0,3
CAMPINA DAS MISSOES,RS,-28.02309998,-54.8353661,Eolica,0.262,0.2943,0.127,0.3537,1.0,4
CAMPINA DAS MISSOES,RS,-28.02309998,-54.8353661,Biomassa,0.2181,0.4499,0.127,0.0001,0.875,5
CAMPINA DO SIMAO,PR,-24.99778675,-51.83485646,Solar,0.3059,0.5135,0.1282,0.2069,1.0,1
CAMPINA DO SIMAO,PR,-24.99778675,-51.83485646,H2 Verde,0.2742,0.4343,0.1282,0.2069,1.0,2
CAMPINA DO SIMAO,PR,-24.99778675,-51.83485646,Biometano,0.2547,0.5405,0.1282,0.0,0.625,3
CAMPINA DO SIMAO,PR,-24.99778675,-51.83485646,Eolica,0.1726,0.1802,0.1282,0.2069,1.0,4
CAMPINA DO SIMAO,PR,-24.99778675,-51.83485646,Biomassa,0.1509,0.2811,0.1282,0.0,0.875,5
CAMPINA GRANDE,PB,-7.31094610923077,-36.03027304153846,Biometano,0.1066,0.1351,0.1751,0.0,0.625,1
CAMPINA GRANDE,PB,-7.31094610923077,-36.03027304153846,Eolica,0.1042,0.0919,0.1751,0.0496,1.0,2
CAMPINA GRANDE,PB,-7.31094610923077,-36.03027304153846,Solar,0.0874,0.0501,0.1751,0.0496,1.0,3
CAMPINA GRANDE,PB,-7.31094610923077,-36.03027304153846,Biomassa,0.0791,0.0665,0.1751,0.0,0.875,4
CAMPINA GRANDE,PB,-7.31094610923077,-36.03027304153846,H2 Verde,0.076,0.0215,0.1751,0.0496,1.0,5
CAMPINAPOLIS,MT,-13.85209361,-53.25631111,Solar,0.2559,0.3973,0.1558,0.1676,1.0,1
CAMPINAPOLIS,MT,-13.85209361,-53.25631111,H2 Verde,0.2418,0.3619,0.1558,0.1676,1.0,2
CAMPINAPOLIS,MT,-13.85209361,-53.25631111,Biometano,0.1232,0.1892,0.1558,0.0026,0.625,3
CAMPINAPOLIS,MT,-13.85209361,-53.25631111,Eolica,0.1226,0.0639,0.1558,0.1676,1.0,4
CAMPINAPOLIS,MT,-13.85209361,-53.25631111,Biomassa,0.0841,0.0916,0.1558,0.0026,0.875,5
CAMPINAS,SP,-22.911059404230766,-47.07782548769231,Biometano,0.3411,0.6937,0.2116,0.0005,0.625,1
CAMPINAS,SP,-22.911059404230766,-47.07782548769231,H2 Verde,0.3308,0.3812,0.2116,0.383,1.0,2
CAMPINAS,SP,-22.911059404230766,-47.07782548769231,Solar,0.29,0.2791,0.2116,0.383,1.0,3
CAMPINAS,SP,-22.911059404230766,-47.07782548769231,Biomassa,0.2899,0.5658,0.2116,0.0005,0.875,4
CAMPINAS,SP,-22.911059404230766,-47.07782548769231,Eolica,0.2713,0.2324,0.2116,0.383,1.0,5
CAMPO ALEGRE DE LOURDES,BA,0.0,0.0,Solar,0.3908,0.5435,0.1611,0.4168,1.0,1
CAMPO ALEGRE DE LOURDES,BA,0.0,0.0,H2 Verde,0.3704,0.4926,0.1611,0.4168,1.0,2
CAMPO ALEGRE DE LOURDES,BA,0.0,0.0,Biometano,0.3006,0.6306,0.1611,0.0,0.625,3
CAMPO ALEGRE DE LOURDES,BA,0.0,0.0,Eolica,0.2575,0.2102,0.1611,0.4168,1.0,4
CAMPO ALEGRE DE LOURDES,BA,0.0,0.0,Biomassa,0.1961,0.3695,0.1611,0.0,0.875,5
CAMPO BELO,MG,-20.895583334999998,-45.269722220000006,Solar,0.4761,0.3334,0.1425,1.0,0.875,1
CAMPO BELO,MG,-20.895583334999998,-45.269722220000006,Eolica,0.4761,0.3334,0.1425,1.0,0.875,1
CAMPO BELO,MG,-20.895583334999998,-45.269722220000006,Biometano,0.4428,1.0,0.1425,,0.5,2
CAMPO BELO,MG,-20.895583334999998,-45.269722220000006,H2 Verde,0.4263,0.2087,0.1425,1.0,0.875,3
CAMPO BELO,MG,-20.895583334999998,-45.269722220000006,Biomassa,0.2596,0.5421,0.1425,,0.75,4
CAMPO BELO DO SUL,SC,-27.7387299,-50.64619244,Solar,0.2844,0.4721,0.1292,0.1893,1.0,1
CAMPO BELO DO SUL,SC,-27.7387299,-50.64619244,H2 Verde,0.2767,0.4529,0.1292,0.1893,1.0,2
CAMPO BELO DO SUL,SC,-27.7387299,-50.64619244,Biometano,0.2051,0.4144,0.1292,0.0018,0.625,3
CAMPO BELO DO SUL,SC,-27.7387299,-50.64619244,Eolica,0.1511,0.1387,0.1292,0.1893,1.0,4
CAMPO BELO DO SUL,SC,-27.7387299,-50.64619244,Biomassa,0.1424,0.2577,0.1292,0.0018,0.875,5
CAMPO BOM,RS,-22.259088769999998,-38.30040752,Biometano,0.3962,0.8829,0.1434,0.0001,0.625,1
CAMPO BOM,RS,-22.259088769999998,-38.30040752,Solar,0.314,0.412,0.1434,0.3537,1.0,2
CAMPO BOM,RS,-22.259088769999998,-38.30040752,Eolica,0.2669,0.2944,0.1434,0.3537,1.0,3
CAMPO BOM,RS,-22.259088769999998,-38.30040752,H2 Verde,0.2585,0.2733,0.1434,0.3537,1.0,4
CAMPO BOM,RS,-22.259088769999998,-38.30040752,Biomassa,0.223,0.45,0.1434,0.0001,0.875,5
CAMPO ERE,SC,-26.40484533,-53.273322056666665,Solar,0.2883,0.4715,0.144,0.1884,1.0,1
CAMPO ERE,SC,-26.40484533,-53.273322056666665,H2 Verde,0.2807,0.4523,0.144,0.1884,1.0,2
CAMPO ERE,SC,-26.40484533,-53.273322056666665,Biometano,0.209,0.4144,0.144,0.0001,0.625,3
CAMPO ERE,SC,-26.40484533,-53.273322056666665,Eolica,0.155,0.1382,0.144,0.1884,1.0,4
CAMPO ERE,SC,-26.40484533,-53.273322056666665,Biomassa,0.1461,0.2572,0.144,0.0001,0.875,5
CAMPO FLORIDO,MG,-19.809037595,-48.727535415,Solar,0.4914,0.3351,0.1911,1.0,0.875,1
CAMPO FLORIDO,MG,-19.809037595,-48.727535415,Eolica,0.4914,0.3351,0.1911,1.0,0.875,1
CAMPO FLORIDO,MG,-19.809037595,-48.727535415,Biometano,0.4573,1.0,0.1911,,0.5,2
CAMPO FLORIDO,MG,-19.809037595,-48.727535415,H2 Verde,0.4415,0.2105,0.1911,1.0,0.875,3
CAMPO FLORIDO,MG,-19.809037595,-48.727535415,Biomassa,0.2749,0.5438,0.1911,,0.75,4
CAMPO FORMOSO,BA,-10.293860170344828,-40.69919017689655,Solar,0.4114,0.5698,0.1554,0.4562,1.0,1
CAMPO FORMOSO,BA,-10.293860170344828,-40.69919017689655,H2 Verde,0.391,0.5188,0.1554,0.4562,1.0,2
CAMPO FORMOSO,BA,-10.293860170344828,-40.69919017689655,Biometano,0.3225,0.6306,0.1554,0.0786,0.625,3
CAMPO FORMOSO,BA,-10.293860170344828,-40.69919017689655,Eolica,0.2823,0.2471,0.1554,0.4562,1.0,4
CAMPO FORMOSO,BA,-10.293860170344828,-40.69919017689655,Biomassa,0.2285,0.3957,0.1554,0.0786,0.875,5
CAMPO GRANDE,MS,-16.23704289894737,-50.953859188421056,Biometano,0.1679,0.2613,0.2112,0.0001,0.625,1
CAMPO GRANDE,MS,-16.23704289894737,-50.953859188421056,Eolica,0.1525,0.1293,0.2112,0.1248,1.0,2
CAMPO GRANDE,MS,-16.23704289894737,-50.953859188421056,Solar,0.1383,0.0938,0.2112,0.1248,1.0,3
CAMPO GRANDE,MS,-16.23704289894737,-50.953859188421056,H2 Verde,0.1189,0.0452,0.2112,0.1248,1.0,4
CAMPO GRANDE,MS,-16.23704289894737,-50.953859188421056,Biomassa,0.1158,0.1312,0.2112,0.0001,0.875,5
CAMPO LARGO,PR,-25.303777,-49.565066215,Solar,0.3255,0.5136,0.1931,0.2071,1.0,1
CAMPO LARGO,PR,-25.303777,-49.565066215,H2 Verde,0.2938,0.4344,0.1931,0.2071,1.0,2
CAMPO LARGO,PR,-25.303777,-49.565066215,Biometano,0.2742,0.5405,0.1931,0.0003,0.625,3
CAMPO LARGO,PR,-25.303777,-49.565066215,Eolica,0.1926,0.1815,0.1931,0.2071,1.0,4
CAMPO LARGO,PR,-25.303777,-49.565066215,Biomassa,0.1705,0.2812,0.1931,0.0003,0.875,5
CAMPO LIMPO PAULISTA,SP,-11.604027775,-23.38888889,Biometano,0.3231,0.6937,0.1521,0.0,0.625,1
CAMPO LIMPO PAULISTA,SP,-11.604027775,-23.38888889,H2 Verde,0.2963,0.3396,0.1521,0.3828,1.0,2
CAMPO LIMPO PAULISTA,SP,-11.604027775,-23.38888889,Biomassa,0.2715,0.5647,0.1521,0.0,0.875,3
CAMPO LIMPO PAULISTA,SP,-11.604027775,-23.38888889,Solar,0.2554,0.2375,0.1521,0.3828,1.0,4
CAMPO LIMPO PAULISTA,SP,-11.604027775,-23.38888889,Eolica,0.253,0.2314,0.1521,0.3828,1.0,5
CAMPO MAIOR,PI,-4.7216690329629625,-42.04143991814814,Biometano,0.1723,0.3243,0.1418,0.0,0.625,1
CAMPO MAIOR,PI,-4.7216690329629625,-42.04143991814814,Eolica,0.1687,0.1959,0.1418,0.1593,1.0,2
CAMPO MAIOR,PI,-4.7216690329629625,-42.04143991814814,Solar,0.1336,0.1081,0.1418,0.1593,1.0,3
CAMPO MAIOR,PI,-4.7216690329629625,-42.04143991814814,H2 Verde,0.1077,0.0434,0.1418,0.1593,1.0,4
CAMPO MAIOR,PI,-4.7216690329629625,-42.04143991814814,Biomassa,0.1031,0.1515,0.1418,0.0,0.875,5
CAMPO MOURAO,PR,-24.068643433333335,-52.32362378,Solar,0.3207,0.5142,0.1754,0.208,1.0,1
CAMPO MOURAO,PR,-24.068643433333335,-52.32362378,H2 Verde,0.289,0.435,0.1754,0.208,1.0,2
CAMPO MOURAO,PR,-24.068643433333335,-52.32362378,Biometano,0.2694,0.5405,0.1754,0.0021,0.625,3
CAMPO MOURAO,PR,-24.068643433333335,-52.32362378,Eolica,0.1873,0.1809,0.1754,0.208,1.0,4
CAMPO MOURAO,PR,-24.068643433333335,-52.32362378,Biomassa,0.1659,0.2818,0.1754,0.0021,0.875,5
CAMPO NOVO,RS,-27.67353385,-53.78742708,Solar,0.3915,0.6279,0.1136,0.3541,1.0,1
CAMPO NOVO,RS,-27.67353385,-53.78742708,Biometano,0.3875,0.8829,0.1136,0.0008,0.625,2
CAMPO NOVO,RS,-27.67353385,-53.78742708,H2 Verde,0.336,0.4892,0.1136,0.3541,1.0,3
CAMPO NOVO,RS,-27.67353385,-53.78742708,Eolica,0.2581,0.2946,0.1136,0.3541,1.0,4
CAMPO NOVO,RS,-27.67353385,-53.78742708,Biomassa,0.2144,0.4502,0.1136,0.0008,0.875,5
CAMPO NOVO DO PARECIS,MT,-11.063338946363636,-47.246023582727275,Solar,0.2569,0.3099,0.2734,0.1697,1.0,1
CAMPO NOVO DO PARECIS,MT,-11.063338946363636,-47.246023582727275,H2 Verde,0.2427,0.2745,0.2734,0.1697,1.0,2
CAMPO NOVO DO PARECIS,MT,-11.063338946363636,-47.246023582727275,Eolica,0.1598,0.0672,0.2734,0.1697,1.0,3
CAMPO NOVO DO PARECIS,MT,-11.063338946363636,-47.246023582727275,Biometano,0.1597,0.1892,0.2734,0.0066,0.625,4
CAMPO NOVO DO PARECIS,MT,-11.063338946363636,-47.246023582727275,Biomassa,0.1215,0.0938,0.2734,0.0066,0.875,5
CAMPO REDONDO,RN,-6.276388746,-36.297092096,H2 Verde,0.2516,0.4151,0.136,0.1493,1.0,1
CAMPO REDONDO,RN,-6.276388746,-36.297092096,Solar,0.2479,0.4057,0.136,0.1493,1.0,2
CAMPO REDONDO,RN,-6.276388746,-36.297092096,Biometano,0.1249,0.1892,0.136,0.028,0.625,3
CAMPO REDONDO,RN,-6.276388746,-36.297092096,Eolica,0.1145,0.0724,0.136,0.1493,1.0,4
CAMPO REDONDO,RN,-6.276388746,-36.297092096,Biomassa,0.1071,0.1448,0.136,0.028,0.875,5
CAMPOS ALTOS,MG,-19.69889611,-46.17371,Solar,0.4677,0.3333,0.1145,1.0,0.875,1
CAMPOS ALTOS,MG,-19.69889611,-46.17371,Eolica,0.4677,0.3333,0.1145,1.0,0.875,1
CAMPOS ALTOS,MG,-19.69889611,-46.17371,Biometano,0.4344,1.0,0.1145,,0.5,2
CAMPOS ALTOS,MG,-19.69889611,-46.17371,H2 Verde,0.4178,0.2087,0.1145,1.0,0.875,3
CAMPOS ALTOS,MG,-19.69889611,-46.17371,Biomassa,0.2512,0.5421,0.1145,,0.75,4
CAMPOS DE JULIO,MT,-13.333655752857142,-59.09857690928572,Solar,0.2981,0.4037,0.2781,0.1773,1.0,1
CAMPOS DE JULIO,MT,-13.333655752857142,-59.09857690928572,H2 Verde,0.2839,0.3683,0.2781,0.1773,1.0,2
CAMPOS DE JULIO,MT,-13.333655752857142,-59.09857690928572,Biometano,0.1657,0.1892,0.2781,0.0219,0.625,3
CAMPOS DE JULIO,MT,-13.333655752857142,-59.09857690928572,Eolica,0.1655,0.0721,0.2781,0.1773,1.0,4
CAMPOS DE JULIO,MT,-13.333655752857142,-59.09857690928572,Biomassa,0.1292,0.098,0.2781,0.0219,0.875,5
CAMPOS DO JORDAO,SP,-22.63194792,-45.48780925,H2 Verde,0.4219,0.6667,0.1345,0.3828,1.0,1
CAMPOS DO JORDAO,SP,-22.63194792,-45.48780925,Solar,0.381,0.5646,0.1345,0.3828,1.0,2
CAMPOS DO JORDAO,SP,-22.63194792,-45.48780925,Biometano,0.3178,0.6937,0.1345,0.0,0.625,3
CAMPOS DO JORDAO,SP,-22.63194792,-45.48780925,Biomassa,0.2662,0.5646,0.1345,0.0,0.875,4
CAMPOS DO JORDAO,SP,-22.63194792,-45.48780925,Eolica,0.2477,0.2312,0.1345,0.3828,1.0,5
CAMPOS DOS GOYTACAZES,RJ,-21.727614198571427,-41.33299136857143,H2 Verde,0.1603,0.1118,0.1789,0.2064,0.875,1
CAMPOS DOS GOYTACAZES,RJ,-21.727614198571427,-41.33299136857143,Solar,0.1426,0.0676,0.1789,0.2064,0.875,2
CAMPOS DOS GOYTACAZES,RJ,-21.727614198571427,-41.33299136857143,Eolica,0.1426,0.0676,0.1789,0.2064,0.875,2
CAMPOS DOS GOYTACAZES,RJ,-21.727614198571427,-41.33299136857143,Biometano,0.133,0.1982,0.1789,,0.5,3
CAMPOS DOS GOYTACAZES,RJ,-21.727614198571427,-41.33299136857143,Biomassa,0.1248,0.1779,0.1789,,0.75,4
CAMPOS NOVOS,SC,-25.178058488333335,-47.08258083416666,Solar,0.2882,0.4503,0.1693,0.1909,1.0,1
CAMPOS NOVOS,SC,-25.178058488333335,-47.08258083416666,H2 Verde,0.2805,0.4312,0.1693,0.1909,1.0,2
CAMPOS NOVOS,SC,-25.178058488333335,-47.08258083416666,Biometano,0.2409,0.4715,0.1693,0.0051,0.875,3
CAMPOS NOVOS,SC,-25.178058488333335,-47.08258083416666,Eolica,0.1641,0.14,0.1693,0.1909,1.0,4
CAMPOS NOVOS,SC,-25.178058488333335,-47.08258083416666,Biomassa,0.1559,0.2589,0.1693,0.0051,0.875,5
CAMUTANGA,PE,-7.41761966,-35.24413455,Biometano,0.1344,0.2432,0.1238,,0.5,1
CAMUTANGA,PE,-7.41761966,-35.24413455,Solar,0.1306,0.082,0.1238,0.2024,0.875,2
CAMUTANGA,PE,-7.41761966,-35.24413455,Eolica,0.1306,0.082,0.1238,0.2024,0.875,2
CAMUTANGA,PE,-7.41761966,-35.24413455,H2 Verde,0.122,0.0604,0.1238,0.2024,0.875,3
CAMUTANGA,PE,-7.41761966,-35.24413455,Biomassa,0.0937,0.1415,0.1238,,0.75,4
CANAA,MG,-20.703395685,-42.66819542,Solar,0.4593,0.6667,0.1419,0.5,1.0,1
CANAA,MG,-20.703395685,-42.66819542,Biometano,0.4426,1.0,0.1419,0.0001,0.625,2
CANAA,MG,-20.703395685,-42.66819542,H2 Verde,0.4094,0.5421,0.1419,0.5,1.0,3
CANAA,MG,-20.703395685,-42.66819542,Eolica,0.3259,0.3334,0.1419,0.5,1.0,4
CANAA,MG,-20.703395685,-42.66819542,Biomassa,0.2594,0.5421,0.1419,0.0001,0.875,5
CANAPOLIS,MG,-18.825772296666667,-49.210391146666666,Solar,0.4693,0.3343,0.1185,1.0,0.875,1
CANAPOLIS,MG,-18.825772296666667,-49.210391146666666,Eolica,0.4693,0.3343,0.1185,1.0,0.875,1
CANAPOLIS,MG,-18.825772296666667,-49.210391146666666,Biometano,0.4356,1.0,0.1185,,0.5,2
CANAPOLIS,MG,-18.825772296666667,-49.210391146666666,H2 Verde,0.4194,0.2097,0.1185,1.0,0.875,3
CANAPOLIS,MG,-18.825772296666667,-49.210391146666666,Biomassa,0.2528,0.543,0.1185,,0.75,4
CANARANA,MT,-13.164539000000001,-52.455583335,Solar,0.2749,0.3964,0.2215,0.1663,1.0,1
CANARANA,MT,-13.164539000000001,-52.455583335,H2 Verde,0.2607,0.361,0.2215,0.1663,1.0,2
CANARANA,MT,-13.164539000000001,-52.455583335,Biometano,0.1421,0.1892,0.2215,0.0,0.625,3
CANARANA,MT,-13.164539000000001,-52.455583335,Eolica,0.1419,0.0638,0.2215,0.1663,1.0,4
CANARANA,MT,-13.164539000000001,-52.455583335,Biomassa,0.1027,0.0907,0.2215,0.0,0.875,5
CANDEIAS,MG,-20.67982119,-45.3636267,Solar,0.4547,0.6667,0.1267,0.5,1.0,1
CANDEIAS,MG,-20.67982119,-45.3636267,Biometano,0.438,1.0,0.1267,0.0001,0.625,2
CANDEIAS,MG,-20.67982119,-45.3636267,H2 Verde,0.4049,0.5421,0.1267,0.5,1.0,3
CANDEIAS,BA,-12.726236974999999,-38.482003915,Solar,0.3709,0.2189,0.1109,0.8337,0.875,4
CANDEIAS,BA,-12.726236974999999,-38.482003915,Eolica,0.3709,0.2189,0.1109,0.8337,0.875,4
CANDEIAS,BA,-12.726236974999999,-38.482003915,H2 Verde,0.3506,0.1679,0.1109,0.8337,0.875,5
CANDEIAS,MG,-20.67982119,-45.3636267,Eolica,0.3214,0.3334,0.1267,0.5,1.0,6
CANDEIAS,BA,-12.726236974999999,-38.482003915,Biometano,0.2855,0.6306,0.1109,,0.5,7
CANDEIAS,MG,-20.67982119,-45.3636267,Biomassa,0.2549,0.5421,0.1267,0.0001,0.875,8
CANDEIAS,BA,-12.726236974999999,-38.482003915,Biomassa,0.1845,0.3781,0.1109,,0.75,9
CANDELARIA,RS,-9.888336556666667,-17.593178183333332,Biometano,0.3913,0.8829,0.1271,0.0001,0.625,1
CANDELARIA,RS,-9.888336556666667,-17.593178183333332,Solar,0.3344,0.4754,0.1271,0.3537,1.0,2
CANDELARIA,RS,-9.888336556666667,-17.593178183333332,H2 Verde,0.2789,0.3367,0.1271,0.3537,1.0,3
CANDELARIA,RS,-9.888336556666667,-17.593178183333332,Eolica,0.262,0.2943,0.1271,0.3537,1.0,4
CANDELARIA,RS,-9.888336556666667,-17.593178183333332,Biomassa,0.2181,0.4499,0.1271,0.0001,0.875,5
CANDIDO MOTA,SP,-22.91138889,-50.424027775,H2 Verde,0.424,0.6692,0.1348,0.3865,1.0,1
CANDIDO MOTA,SP,-22.91138889,-50.424027775,Solar,0.3832,0.567,0.1348,0.3865,1.0,2
CANDIDO MOTA,SP,-22.91138889,-50.424027775,Biometano,0.3201,0.6937,0.1348,0.0075,0.625,3
CANDIDO MOTA,SP,-22.91138889,-50.424027775,Biomassa,0.2695,0.567,0.1348,0.0075,0.875,4
CANDIDO MOTA,SP,-22.91138889,-50.424027775,Eolica,0.2499,0.2337,0.1348,0.3865,1.0,5
CANDIOTA,RS,-31.498338445,-53.71780126,Biometano,0.4099,0.8829,0.1892,,0.5,1
CANDIOTA,RS,-31.498338445,-53.71780126,Solar,0.395,0.3149,0.1892,0.7074,0.875,2
CANDIOTA,RS,-31.498338445,-53.71780126,Eolica,0.395,0.3149,0.1892,0.7074,0.875,2
CANDIOTA,RS,-31.498338445,-53.71780126,H2 Verde,0.3395,0.1762,0.1892,0.7074,0.875,3
CANDIOTA,RS,-31.498338445,-53.71780126,Biomassa,0.245,0.4705,0.1892,,0.75,4
CANDOI,PR,-25.567175063333334,-52.00206732888889,Solar,0.3138,0.5196,0.1373,0.216,1.0,1
CANDOI,PR,-25.567175063333334,-52.00206732888889,H2 Verde,0.2821,0.4403,0.1373,0.216,1.0,2
CANDOI,PR,-25.567175063333334,-52.00206732888889,Biometano,0.2628,0.5405,0.1373,0.0181,0.625,3
CANDOI,PR,-25.567175063333334,-52.00206732888889,Eolica,0.1805,0.1862,0.1373,0.216,1.0,4
CANDOI,PR,-25.567175063333334,-52.00206732888889,Biomassa,0.1615,0.2872,0.1373,0.0181,0.875,5
CANELA,RS,-29.33072475,-50.69094611,Solar,0.4173,0.6293,0.1957,0.3562,1.0,1
CANELA,RS,-29.33072475,-50.69094611,Biometano,0.4134,0.8829,0.1957,0.005,0.625,2
CANELA,RS,-29.33072475,-50.69094611,H2 Verde,0.3618,0.4906,0.1957,0.3562,1.0,3
CANELA,RS,-29.33072475,-50.69094611,Eolica,0.2841,0.2964,0.1957,0.3562,1.0,4
CANELA,RS,-29.33072475,-50.69094611,Biomassa,0.2408,0.4516,0.1957,0.005,0.875,5
CANGUCU,RS,-31.45,-52.64055556,Biometano,0.3895,0.8829,0.1211,,0.5,1
CANGUCU,RS,-31.45,-52.64055556,Solar,0.3663,0.2943,0.1211,0.7074,0.875,2
CANGUCU,RS,-31.45,-52.64055556,Eolica,0.3663,0.2943,0.1211,0.7074,0.875,2
CANGUCU,RS,-31.45,-52.64055556,H2 Verde,0.3108,0.1556,0.1211,0.7074,0.875,3
CANGUCU,RS,-31.45,-52.64055556,Biomassa,0.2163,0.4499,0.1211,,0.75,4
CANINDE DE SAO FRANCISCO,SE,-9.75478287,-37.96453004666667,Eolica,0.1034,0.0755,0.1604,0.0837,1.0,1
CANINDE DE SAO FRANCISCO,SE,-9.75478287,-37.96453004666667,Solar,0.078,0.012,0.1604,0.0837,1.0,2
CANINDE DE SAO FRANCISCO,SE,-9.75478287,-37.96453004666667,H2 Verde,0.0732,0.0,0.1604,0.0837,1.0,3
CANINDE DE SAO FRANCISCO,SE,-9.75478287,-37.96453004666667,Biometano,0.0625,0.036,0.1604,0.0,0.625,4
CANINDE DE SAO FRANCISCO,SE,-9.75478287,-37.96453004666667,Biomassa,0.0529,0.012,0.1604,0.0,0.875,5
CANOAS,RS,-29.8947259775,-51.1699220075,Biometano,0.4057,0.8829,0.1751,,0.5,1
CANOAS,RS,-29.8947259775,-51.1699220075,Solar,0.3863,0.3039,0.1751,0.7074,0.875,2
CANOAS,RS,-29.8947259775,-51.1699220075,Eolica,0.3863,0.3039,0.1751,0.7074,0.875,2
CANOAS,RS,-29.8947259775,-51.1699220075,H2 Verde,0.3309,0.1652,0.1751,0.7074,0.875,3
CANOAS,RS,-29.8947259775,-51.1699220075,Biomassa,0.2364,0.4595,0.1751,,0.75,4
CANOINHAS,SC,-26.18917383,-50.36919527,Solar,0.2133,0.1383,0.15,0.3768,0.875,1
CANOINHAS,SC,-26.18917383,-50.36919527,Eolica,0.2133,0.1383,0.15,0.3768,0.875,1
CANOINHAS,SC,-26.18917383,-50.36919527,Biometano,0.2108,0.4144,0.15,,0.5,2
CANOINHAS,SC,-26.18917383,-50.36919527,H2 Verde,0.2057,0.1191,0.15,0.3768,0.875,3
CANOINHAS,SC,-26.18917383,-50.36919527,Biomassa,0.1479,0.2572,0.15,,0.75,4
CANTA,RR,2.6773053562499998,-60.5838322875,H2 Verde,0.0726,0.0047,0.2136,0.022,0.875,1
CANTA,RR,2.6773053562499998,-60.5838322875,Solar,0.071,0.0007,0.2136,0.022,0.875,2
CANTA,RR,2.6773053562499998,-60.5838322875,Eolica,0.071,0.0007,0.2136,0.022,0.875,2
CANTA,RR,2.6773053562499998,-60.5838322875,Biomassa,0.0659,0.0047,0.2136,,0.75,3
CANTA,RR,2.6773053562499998,-60.5838322875,Biometano,0.0641,0.0,0.2136,,0.5,4
CANTAGALO,PR,-25.35853585,-52.08120739,Solar,0.2958,0.5135,0.0945,0.2069,1.0,1
CANTAGALO,PR,-25.35853585,-52.08120739,H2 Verde,0.2641,0.4343,0.0945,0.2069,1.0,2
CANTAGALO,RJ,-10.97388889,-21.17486111,H2 Verde,0.248,0.4437,0.1319,0.1033,1.0,3
CANTAGALO,PR,-25.35853585,-52.08120739,Biometano,0.2446,0.5405,0.0945,0.0,0.625,4
CANTAGALO,RJ,-10.97388889,-21.17486111,Solar,0.2303,0.3995,0.1319,0.1033,1.0,5
CANTAGALO,PR,-25.35853585,-52.08120739,Eolica,0.1625,0.1802,0.0945,0.2069,1.0,6
CANTAGALO,PR,-25.35853585,-52.08120739,Biomassa,0.1408,0.2811,0.0945,0.0,0.875,7
CANTAGALO,RJ,-10.97388889,-21.17486111,Biometano,0.1189,0.1982,0.1319,0.0002,0.625,8
CANTAGALO,RJ,-10.97388889,-21.17486111,Biomassa,0.1102,0.1764,0.1319,0.0002,0.875,9
CANTAGALO,RJ,-10.97388889,-21.17486111,Eolica,0.097,0.0661,0.1319,0.1033,1.0,10
CANUDOS,BA,-10.141446251875,-38.76265031,Solar,0.389,0.5465,0.1468,0.4213,1.0,1
CANUDOS,BA,-10.141446251875,-38.76265031,H2 Verde,0.3686,0.4956,0.1468,0.4213,1.0,2
CANUDOS,BA,-10.141446251875,-38.76265031,Biometano,0.299,0.6306,0.1468,0.0088,0.625,3
CANUDOS,BA,-10.141446251875,-38.76265031,Eolica,0.2758,0.2634,0.1468,0.4213,1.0,4
CANUDOS,BA,-10.141446251875,-38.76265031,Biomassa,0.1957,0.3724,0.1468,0.0088,0.875,5
CANUTAMA,AM,-6.387387465,-64.315862665,H2 Verde,0.1175,0.0312,0.1909,0.1593,0.875,1
CANUTAMA,AM,-6.387387465,-64.315862665,Solar,0.1123,0.0182,0.1909,0.1593,0.875,2
CANUTAMA,AM,-6.387387465,-64.315862665,Eolica,0.1123,0.0182,0.1909,0.1593,0.875,2
CANUTAMA,AM,-6.387387465,-64.315862665,Biometano,0.0789,0.0541,0.1909,,0.5,3
CANUTAMA,AM,-6.387387465,-64.315862665,Biomassa,0.0769,0.0492,0.1909,,0.75,4
CAPANEMA,PR,-25.50333,-53.671666,Solar,0.3254,0.5239,0.1635,0.2225,1.0,1
CAPANEMA,PR,-25.50333,-53.671666,H2 Verde,0.2937,0.4446,0.1635,0.2225,1.0,2
CAPANEMA,PR,-25.50333,-53.671666,Biometano,0.2746,0.5405,0.1635,0.0311,0.625,3
CAPANEMA,PR,-25.50333,-53.671666,Eolica,0.192,0.1906,0.1635,0.2225,1.0,4
CAPANEMA,PR,-25.50333,-53.671666,Biomassa,0.175,0.2915,0.1635,0.0311,0.875,5
CAPAO ALTO,SC,-9.339348146666667,-16.91531111,Biometano,0.2032,0.4144,0.1248,0.0,0.625,1
CAPAO ALTO,SC,-9.339348146666667,-16.91531111,Eolica,0.1497,0.1394,0.1248,0.1884,1.0,2
CAPAO ALTO,SC,-9.339348146666667,-16.91531111,Solar,0.1492,0.1381,0.1248,0.1884,1.0,3
CAPAO ALTO,SC,-9.339348146666667,-16.91531111,H2 Verde,0.1415,0.119,0.1248,0.1884,1.0,4
CAPAO ALTO,SC,-9.339348146666667,-16.91531111,Biomassa,0.1403,0.2571,0.1248,0.0,0.875,5
CAPAO BONITO,SP,-23.977150555,-48.41849528,H2 Verde,0.4049,0.3334,0.1396,0.7655,0.875,1
CAPAO BONITO,SP,-23.977150555,-48.41849528,Solar,0.364,0.2313,0.1396,0.7655,0.875,2
CAPAO BONITO,SP,-23.977150555,-48.41849528,Eolica,0.364,0.2313,0.1396,0.7655,0.875,2
CAPAO BONITO,SP,-23.977150555,-48.41849528,Biometano,0.3194,0.6937,0.1396,,0.5,3
CAPAO BONITO,SP,-23.977150555,-48.41849528,Biomassa,0.2677,0.5646,0.1396,,0.75,4
CAPAO BONITO DO SUL,RS,-28.16083333,-51.50083333,Solar,0.3973,0.6276,0.1339,0.3537,1.0,1
CAPAO BONITO DO SUL,RS,-28.16083333,-51.50083333,Biometano,0.3933,0.8829,0.1339,0.0,0.625,2
CAPAO BONITO DO SUL,RS,-28.16083333,-51.50083333,H2 Verde,0.3419,0.489,0.1339,0.3537,1.0,3
CAPAO BONITO DO SUL,RS,-28.16083333,-51.50083333,Eolica,0.264,0.2943,0.1339,0.3537,1.0,4
CAPAO BONITO DO SUL,RS,-28.16083333,-51.50083333,Biomassa,0.2202,0.4499,0.1339,0.0,0.875,5
CAPAO DO LEAO,RS,-31.760232126666665,-52.442005746666666,Biometano,0.4011,0.8829,0.1599,,0.5,1
CAPAO DO LEAO,RS,-31.760232126666665,-52.442005746666666,Solar,0.378,0.2946,0.1599,0.7074,0.875,2
CAPAO DO LEAO,RS,-31.760232126666665,-52.442005746666666,Eolica,0.378,0.2946,0.1599,0.7074,0.875,2
CAPAO DO LEAO,RS,-31.760232126666665,-52.442005746666666,H2 Verde,0.3225,0.1559,0.1599,0.7074,0.875,3
CAPAO DO LEAO,RS,-31.760232126666665,-52.442005746666666,Biomassa,0.228,0.4502,0.1599,,0.75,4
CAPELA,SE,-10.5061,-37.054833056666666,Solar,0.0988,0.0125,0.1452,0.1673,0.875,1
CAPELA,SE,-10.5061,-37.054833056666666,Eolica,0.0988,0.0125,0.1452,0.1673,0.875,1
CAPELA,SE,-10.5061,-37.054833056666666,H2 Verde,0.094,0.0005,0.1452,0.1673,0.875,2
CAPELA,SE,-10.5061,-37.054833056666666,Biometano,0.058,0.036,0.1452,,0.5,3
CAPELA,SE,-10.5061,-37.054833056666666,Biomassa,0.0486,0.0125,0.1452,,0.75,4
CAPINOPOLIS,MG,-18.70194778,-49.686178,Eolica,0.472,0.3348,0.1269,1.0,0.875,1
CAPINOPOLIS,MG,-18.70194778,-49.686178,Solar,0.4714,0.3333,0.1269,1.0,0.875,2
CAPINOPOLIS,MG,-18.70194778,-49.686178,Biometano,0.4381,1.0,0.1269,,0.5,3
CAPINOPOLIS,MG,-18.70194778,-49.686178,H2 Verde,0.4216,0.2087,0.1269,1.0,0.875,4
CAPINOPOLIS,MG,-18.70194778,-49.686178,Biomassa,0.2549,0.5421,0.1269,,0.75,5
CAPINZAL,SC,-27.405007676666667,-51.69793367333333,Solar,0.2954,0.4715,0.1676,0.1884,1.0,1
CAPINZAL,SC,-27.405007676666667,-51.69793367333333,H2 Verde,0.2877,0.4523,0.1676,0.1884,1.0,2
CAPINZAL,SC,-27.405007676666667,-51.69793367333333,Biometano,0.2161,0.4144,0.1676,0.0,0.625,3
CAPINZAL,SC,-27.405007676666667,-51.69793367333333,Eolica,0.1631,0.1406,0.1676,0.1884,1.0,4
CAPINZAL,SC,-27.405007676666667,-51.69793367333333,Biomassa,0.1531,0.2571,0.1676,0.0,0.875,5
CAPITAO ENEAS,MG,-16.079111148333332,-43.655350185,Biometano,0.4407,1.0,0.1356,0.0,0.625,1
CAPITAO ENEAS,MG,-16.079111148333332,-43.655350185,Eolica,0.3301,0.3485,0.1356,0.5,1.0,2
CAPITAO ENEAS,MG,-16.079111148333332,-43.655350185,Solar,0.324,0.3333,0.1356,0.5,1.0,3
CAPITAO ENEAS,MG,-16.079111148333332,-43.655350185,H2 Verde,0.2742,0.2087,0.1356,0.5,1.0,4
CAPITAO ENEAS,MG,-16.079111148333332,-43.655350185,Biomassa,0.2575,0.5421,0.1356,0.0,0.875,5
CAPITAO LEONIDAS MARQUES,PR,-25.54305498,-53.49805503,Solar,0.3382,0.5502,0.1316,0.262,1.0,1
CAPITAO LEONIDAS MARQUES,PR,-25.54305498,-53.49805503,H2 Verde,0.3065,0.471,0.1316,0.262,1.0,2
CAPITAO LEONIDAS MARQUES,PR,-25.54305498,-53.49805503,Biometano,0.2887,0.5405,0.1316,0.1102,0.625,3
CAPITAO LEONIDAS MARQUES,PR,-25.54305498,-53.49805503,Eolica,0.2048,0.2169,0.1316,0.262,1.0,4
CAPITAO LEONIDAS MARQUES,PR,-25.54305498,-53.49805503,Biomassa,0.1997,0.3178,0.1316,0.1102,0.875,5
CAPIVARI,SP,-22.87330621,-47.45355109,H2 Verde,0.4072,0.3334,0.1471,0.7655,0.875,1
CAPIVARI,SP,-22.87330621,-47.45355109,Solar,0.3663,0.2313,0.1471,0.7655,0.875,2
CAPIVARI,SP,-22.87330621,-47.45355109,Eolica,0.3663,0.2313,0.1471,0.7655,0.875,2
CAPIVARI,SP,-22.87330621,-47.45355109,Biometano,0.3216,0.6937,0.1471,,0.5,3
CAPIVARI,SP,-22.87330621,-47.45355109,Biomassa,0.27,0.5647,0.1471,,0.75,4
CAPIVARI DE BAIXO,SC,-28.454233336666665,-48.96906967,Solar,0.2261,0.1601,0.1634,0.3768,0.875,1
CAPIVARI DE BAIXO,SC,-28.454233336666665,-48.96906967,Eolica,0.2261,0.1601,0.1634,0.3768,0.875,1
CAPIVARI DE BAIXO,SC,-28.454233336666665,-48.96906967,H2 Verde,0.2184,0.1409,0.1634,0.3768,0.875,2
CAPIVARI DE BAIXO,SC,-28.454233336666665,-48.96906967,Biometano,0.2148,0.4144,0.1634,,0.5,3
CAPIVARI DE BAIXO,SC,-28.454233336666665,-48.96906967,Biomassa,0.1606,0.279,0.1634,,0.75,4
CARACARAI,RR,0.47867138000000004,-61.61194752142857,H2 Verde,0.0597,0.0046,0.1709,0.022,0.875,1
CARACARAI,RR,0.47867138000000004,-61.61194752142857,Solar,0.0581,0.0006,0.1709,0.022,0.875,2
CARACARAI,RR,0.47867138000000004,-61.61194752142857,Eolica,0.0581,0.0006,0.1709,0.022,0.875,2
CARACARAI,RR,0.47867138000000004,-61.61194752142857,Biomassa,0.0531,0.0046,0.1709,,0.75,3
CARACARAI,RR,0.47867138000000004,-61.61194752142857,Biometano,0.0513,0.0,0.1709,,0.5,4
CARAGUATATUBA,SP,-23.653592825,-45.468746395,H2 Verde,0.4294,0.3362,0.2176,0.7655,0.875,1
CARAGUATATUBA,SP,-23.653592825,-45.468746395,Solar,0.3886,0.2341,0.2176,0.7655,0.875,2
CARAGUATATUBA,SP,-23.653592825,-45.468746395,Eolica,0.3886,0.2341,0.2176,0.7655,0.875,2
CARAGUATATUBA,SP,-23.653592825,-45.468746395,Biometano,0.3428,0.6937,0.2176,,0.5,3
CARAGUATATUBA,SP,-23.653592825,-45.468746395,Biomassa,0.2923,0.5675,0.2176,,0.75,4
CARAMBEI,PR,-24.949611105,-50.1212778,Biometano,0.2727,0.5405,0.1883,0.0,0.625,1
CARAMBEI,PR,-24.949611105,-50.1212778,Solar,0.1973,0.1968,0.1883,0.2069,1.0,2
CARAMBEI,PR,-24.949611105,-50.1212778,Eolica,0.1907,0.1803,0.1883,0.2069,1.0,3
CARAMBEI,PR,-24.949611105,-50.1212778,Biomassa,0.169,0.2813,0.1883,0.0,0.875,4
CARAMBEI,PR,-24.949611105,-50.1212778,H2 Verde,0.1656,0.1176,0.1883,0.2069,1.0,5
CARANDAI,MG,-20.99222222,-43.72527778,Solar,0.4593,0.6667,0.1421,0.5,1.0,1
CARANDAI,MG,-20.99222222,-43.72527778,Biometano,0.4427,1.0,0.1421,0.0001,0.625,2
CARANDAI,MG,-20.99222222,-43.72527778,H2 Verde,0.4095,0.5421,0.1421,0.5,1.0,3
CARANDAI,MG,-20.99222222,-43.72527778,Eolica,0.326,0.3334,0.1421,0.5,1.0,4
CARANDAI,MG,-20.99222222,-43.72527778,Biomassa,0.2595,0.5421,0.1421,0.0001,0.875,5
CARANGOLA,MG,-20.70180059,-42.06403008,Solar,0.4559,0.6671,0.1294,0.5007,1.0,1
CARANGOLA,MG,-20.70180059,-42.06403008,Biometano,0.4392,1.0,0.1294,0.0013,0.625,2
CARANGOLA,MG,-20.70180059,-42.06403008,H2 Verde,0.406,0.5425,0.1294,0.5007,1.0,3
CARANGOLA,MG,-20.70180059,-42.06403008,Eolica,0.3225,0.3338,0.1294,0.5007,1.0,4
CARANGOLA,MG,-20.70180059,-42.06403008,Biomassa,0.2562,0.5425,0.1294,0.0013,0.875,5
CARAPICUIBA,SP,-23.523707576666666,-46.82729971,H2 Verde,0.4118,0.3334,0.1625,0.7655,0.875,1
CARAPICUIBA,SP,-23.523707576666666,-46.82729971,Solar,0.3709,0.2313,0.1625,0.7655,0.875,2
CARAPICUIBA,SP,-23.523707576666666,-46.82729971,Eolica,0.3709,0.2313,0.1625,0.7655,0.875,2
CARAPICUIBA,SP,-23.523707576666666,-46.82729971,Biometano,0.3262,0.6937,0.1625,,0.5,3
CARAPICUIBA,SP,-23.523707576666666,-46.82729971,Biomassa,0.2746,0.5647,0.1625,,0.75,4
CARATINGA,MG,-19.756808033333332,-42.030457866666666,Solar,0.4596,0.6626,0.1467,0.5018,1.0,1
CARATINGA,MG,-19.756808033333332,-42.030457866666666,Biometano,0.4451,1.0,0.1467,0.0036,0.625,2
CARATINGA,MG,-19.756808033333332,-42.030457866666666,H2 Verde,0.4098,0.538,0.1467,0.5018,1.0,3
CARATINGA,MG,-19.756808033333332,-42.030457866666666,Eolica,0.3284,0.3346,0.1467,0.5018,1.0,4
CARATINGA,MG,-19.756808033333332,-42.030457866666666,Biomassa,0.2624,0.5433,0.1467,0.0036,0.875,5
CARAUARI,AM,-4.876835460000001,-66.898223535,H2 Verde,0.11,0.0313,0.1656,0.1593,0.875,1
CARAUARI,AM,-4.876835460000001,-66.898223535,Solar,0.1048,0.0183,0.1656,0.1593,0.875,2
CARAUARI,AM,-4.876835460000001,-66.898223535,Eolica,0.1048,0.0183,0.1656,0.1593,0.875,2
CARAUARI,AM,-4.876835460000001,-66.898223535,Biometano,0.0713,0.0541,0.1656,,0.5,3
CARAUARI,AM,-4.876835460000001,-66.898223535,Biomassa,0.0694,0.0493,0.1656,,0.75,4
CARAUBAS,RN,-5.736908333333333,-37.47251388666667,Biometano,0.1175,0.1892,0.1394,0.0,0.625,1
CARAUBAS,RN,-5.736908333333333,-37.47251388666667,Eolica,0.1122,0.0744,0.1394,0.1353,1.0,2
CARAUBAS,RN,-5.736908333333333,-37.47251388666667,H2 Verde,0.1114,0.0724,0.1394,0.1353,1.0,3
CARAUBAS,RN,-5.736908333333333,-37.47251388666667,Solar,0.1076,0.0631,0.1394,0.1353,1.0,4
CARAUBAS,RN,-5.736908333333333,-37.47251388666667,Biomassa,0.096,0.1355,0.1394,0.0,0.875,5
CARAVELAS,BA,-17.65361111,-39.43833333,Solar,0.3828,0.5436,0.1345,0.4169,1.0,1
CARAVELAS,BA,-17.65361111,-39.43833333,H2 Verde,0.3625,0.4926,0.1345,0.4169,1.0,2
CARAVELAS,BA,-17.65361111,-39.43833333,Biometano,0.2926,0.6306,0.1345,0.0,0.625,3
CARAVELAS,BA,-17.65361111,-39.43833333,Eolica,0.2495,0.2102,0.1345,0.4169,1.0,4
CARAVELAS,BA,-17.65361111,-39.43833333,Biomassa,0.1882,0.3695,0.1345,0.0,0.875,5
CARAZINHO,RS,-28.290015695,-52.73987778,Biometano,0.3983,0.8829,0.1505,0.0,0.625,1
CARAZINHO,RS,-28.290015695,-52.73987778,Solar,0.3203,0.4225,0.1505,0.3537,1.0,2
CARAZINHO,RS,-28.290015695,-52.73987778,Eolica,0.269,0.2943,0.1505,0.3537,1.0,3
CARAZINHO,RS,-28.290015695,-52.73987778,H2 Verde,0.2648,0.2838,0.1505,0.3537,1.0,4
CARAZINHO,RS,-28.290015695,-52.73987778,Biomassa,0.2251,0.4499,0.1505,0.0,0.875,5
CAREIRO,AM,-3.61123714,-60.134710975000004,H2 Verde,0.0973,0.0319,0.1223,0.1593,0.875,1
CAREIRO,AM,-3.61123714,-60.134710975000004,Solar,0.0921,0.019,0.1223,0.1593,0.875,2
CAREIRO,AM,-3.61123714,-60.134710975000004,Eolica,0.0921,0.019,0.1223,0.1593,0.875,2
CAREIRO,AM,-3.61123714,-60.134710975000004,Biometano,0.0583,0.0541,0.1223,,0.5,3
CAREIRO,AM,-3.61123714,-60.134710975000004,Biomassa,0.0567,0.0499,0.1223,,0.75,4
CAREIRO DA VARZEA,AM,-1.5961057975,-29.832399997499998,H2 Verde,0.0627,0.0313,0.0877,0.0797,1.0,1
CAREIRO DA VARZEA,AM,-1.5961057975,-29.832399997499998,Eolica,0.0576,0.0184,0.0877,0.0797,1.0,2
CAREIRO DA VARZEA,AM,-1.5961057975,-29.832399997499998,Solar,0.0575,0.0183,0.0877,0.0797,1.0,3
CAREIRO DA VARZEA,AM,-1.5961057975,-29.832399997499998,Biometano,0.0479,0.0541,0.0877,0.0,0.625,4
CAREIRO DA VARZEA,AM,-1.5961057975,-29.832399997499998,Biomassa,0.046,0.0493,0.0877,0.0,0.875,5
CARIACICA,ES,-20.24624306,-40.377615,H2 Verde,0.2167,0.3838,0.1556,0.0551,1.0,1
CARIACICA,ES,-20.24624306,-40.377615,Solar,0.2062,0.3574,0.1556,0.0551,1.0,2
CARIACICA,ES,-20.24624306,-40.377615,Biomassa,0.0765,0.0744,0.1556,0.0001,0.875,3
CARIACICA,ES,-20.24624306,-40.377615,Biometano,0.0755,0.0721,0.1556,0.0001,0.625,4
CARIACICA,ES,-20.24624306,-40.377615,Eolica,0.0729,0.024,0.1556,0.0551,1.0,5
CARLOS CHAGAS,MG,-17.59509393,-40.98612175,Solar,0.4527,0.6672,0.1186,0.5008,1.0,1
CARLOS CHAGAS,MG,-17.59509393,-40.98612175,Biometano,0.4361,1.0,0.1186,0.0017,0.625,2
CARLOS CHAGAS,MG,-17.59509393,-40.98612175,H2 Verde,0.4029,0.5426,0.1186,0.5008,1.0,3
CARLOS CHAGAS,MG,-17.59509393,-40.98612175,Eolica,0.3194,0.3339,0.1186,0.5008,1.0,4
CARLOS CHAGAS,MG,-17.59509393,-40.98612175,Biomassa,0.2531,0.5426,0.1186,0.0017,0.875,5
CARMO,RJ,-21.86363333,-42.43552222,H2 Verde,0.2495,0.4437,0.1366,0.1033,1.0,1
CARMO,RJ,-21.86363333,-42.43552222,Solar,0.2318,0.3995,0.1366,0.1033,1.0,2
CARMO,RJ,-21.86363333,-42.43552222,Biometano,0.1204,0.1982,0.1366,0.0003,0.625,3
CARMO,RJ,-21.86363333,-42.43552222,Biomassa,0.1116,0.1764,0.1366,0.0003,0.875,4
CARMO,RJ,-21.86363333,-42.43552222,Eolica,0.0985,0.0662,0.1366,0.1033,1.0,5
CARMO DA CACHOEIRA,MG,-21.39593911,-45.16385007,Solar,0.4726,0.3333,0.1309,1.0,0.875,1
CARMO DA CACHOEIRA,MG,-21.39593911,-45.16385007,Eolica,0.4726,0.3333,0.1309,1.0,0.875,1
CARMO DA CACHOEIRA,MG,-21.39593911,-45.16385007,Biometano,0.4393,1.0,0.1309,,0.5,2
CARMO DA CACHOEIRA,MG,-21.39593911,-45.16385007,H2 Verde,0.4228,0.2087,0.1309,1.0,0.875,3
CARMO DA CACHOEIRA,MG,-21.39593911,-45.16385007,Biomassa,0.2561,0.5421,0.1309,,0.75,4
CARMO DE MINAS,MG,-22.08575833,-45.16913611,Solar,0.4582,0.6667,0.1383,0.5,1.0,1
CARMO DE MINAS,MG,-22.08575833,-45.16913611,Biometano,0.4415,1.0,0.1383,0.0,0.625,2
CARMO DE MINAS,MG,-22.08575833,-45.16913611,H2 Verde,0.4083,0.5421,0.1383,0.5,1.0,3
CARMO DE MINAS,MG,-22.08575833,-45.16913611,Eolica,0.3248,0.3333,0.1383,0.5,1.0,4
CARMO DE MINAS,MG,-22.08575833,-45.16913611,Biomassa,0.2583,0.5421,0.1383,0.0,0.875,5
CARMO DO CAJURU,MG,-20.23865167,-44.75417872,Solar,0.4705,0.6669,0.1787,0.5003,1.0,1
CARMO DO CAJURU,MG,-20.23865167,-44.75417872,Biometano,0.4538,1.0,0.1787,0.0006,0.625,2
CARMO DO CAJURU,MG,-20.23865167,-44.75417872,H2 Verde,0.4206,0.5423,0.1787,0.5003,1.0,3
CARMO DO CAJURU,MG,-20.23865167,-44.75417872,Eolica,0.3371,0.3335,0.1787,0.5003,1.0,4
CARMO DO CAJURU,MG,-20.23865167,-44.75417872,Biomassa,0.2707,0.5423,0.1787,0.0006,0.875,5
CARMO DO RIO VERDE,GO,-15.38205966,-49.72719455,Solar,0.17,0.0995,0.1584,0.2756,0.875,1
CARMO DO RIO VERDE,GO,-15.38205966,-49.72719455,Eolica,0.17,0.0995,0.1584,0.2756,0.875,1
CARMO DO RIO VERDE,GO,-15.38205966,-49.72719455,Biometano,0.1664,0.2973,0.1584,,0.5,2
CARMO DO RIO VERDE,GO,-15.38205966,-49.72719455,H2 Verde,0.165,0.0871,0.1584,0.2756,0.875,3
CARMO DO RIO VERDE,GO,-15.38205966,-49.72719455,Biomassa,0.122,0.1862,0.1584,,0.75,4
CARMOPOLIS DE MINAS,MG,-20.53796291,-44.56481802,Solar,0.4622,0.6667,0.1516,0.5001,1.0,1
CARMOPOLIS DE MINAS,MG,-20.53796291,-44.56481802,Biometano,0.4455,1.0,0.1516,0.0001,0.625,2
CARMOPOLIS DE MINAS,MG,-20.53796291,-44.56481802,H2 Verde,0.4123,0.5421,0.1516,0.5001,1.0,3
CARMOPOLIS DE MINAS,MG,-20.53796291,-44.56481802,Eolica,0.3288,0.3334,0.1516,0.5001,1.0,4
CARMOPOLIS DE MINAS,MG,-20.53796291,-44.56481802,Biomassa,0.2624,0.5421,0.1516,0.0001,0.875,5
CARNAUBAIS,RN,-5.30558534,-37.0233854175,Biometano,0.1186,0.1892,0.143,0.0,0.625,1
CARNAUBAIS,RN,-5.30558534,-37.0233854175,Eolica,0.1149,0.0786,0.143,0.1353,1.0,2
CARNAUBAIS,RN,-5.30558534,-37.0233854175,H2 Verde,0.1124,0.0724,0.143,0.1353,1.0,3
CARNAUBAIS,RN,-5.30558534,-37.0233854175,Solar,0.1087,0.0631,0.143,0.1353,1.0,4
CARNAUBAIS,RN,-5.30558534,-37.0233854175,Biomassa,0.0971,0.1355,0.143,0.0,0.875,5
CARNAUBAL,CE,-4.14305973125,-40.99971064625,Biometano,0.1848,0.3514,0.1475,0.0,0.625,1
CARNAUBAL,CE,-4.14305973125,-40.99971064625,Eolica,0.1636,0.162,0.1475,0.1819,1.0,2
CARNAUBAL,CE,-4.14305973125,-40.99971064625,H2 Verde,0.1469,0.1204,0.1475,0.1819,1.0,3
CARNAUBAL,CE,-4.14305973125,-40.99971064625,Solar,0.1457,0.1171,0.1475,0.1819,1.0,4
CARNAUBAL,CE,-4.14305973125,-40.99971064625,Biomassa,0.1392,0.2375,0.1475,0.0,0.875,5
CARNEIRINHO,MG,-19.81176967,-50.77506455,Solar,0.4744,0.334,0.1361,1.0,0.875,1
CARNEIRINHO,MG,-19.81176967,-50.77506455,Eolica,0.4744,0.334,0.1361,1.0,0.875,1
CARNEIRINHO,MG,-19.81176967,-50.77506455,Biometano,0.4408,1.0,0.1361,,0.5,2
CARNEIRINHO,MG,-19.81176967,-50.77506455,H2 Verde,0.4246,0.2094,0.1361,1.0,0.875,3
CARNEIRINHO,MG,-19.81176967,-50.77506455,Biomassa,0.2579,0.5428,0.1361,,0.75,4
CAROEBE,RR,0.63022259,-59.331345925,H2 Verde,0.0704,0.0039,0.2075,0.022,0.875,1
CAROEBE,RR,0.63022259,-59.331345925,Solar,0.0689,0.0,0.2075,0.022,0.875,2
CAROEBE,RR,0.63022259,-59.331345925,Eolica,0.0689,0.0,0.2075,0.022,0.875,2
CAROEBE,RR,0.63022259,-59.331345925,Biomassa,0.0638,0.0039,0.2075,,0.75,3
CAROEBE,RR,0.63022259,-59.331345925,Biometano,0.0623,0.0,0.2075,,0.5,4
CARPINA,PE,-7.81867745,-35.30713881,Biometano,0.1436,0.2432,0.1545,,0.5,1
CARPINA,PE,-7.81867745,-35.30713881,Solar,0.1395,0.0812,0.1545,0.2024,0.875,2
CARPINA,PE,-7.81867745,-35.30713881,Eolica,0.1395,0.0812,0.1545,0.2024,0.875,2
CARPINA,PE,-7.81867745,-35.30713881,H2 Verde,0.1309,0.0596,0.1545,0.2024,0.875,3
CARPINA,PE,-7.81867745,-35.30713881,Biomassa,0.1026,0.1407,0.1545,,0.75,4
CARUARU,PE,-8.28643585,-35.9676387325,Solar,0.1784,0.2215,0.198,0.1013,1.0,1
CARUARU,PE,-8.28643585,-35.9676387325,H2 Verde,0.1697,0.1999,0.198,0.1013,1.0,2
CARUARU,PE,-8.28643585,-35.9676387325,Biometano,0.1567,0.2432,0.198,0.0001,0.625,3
CARUARU,PE,-8.28643585,-35.9676387325,Eolica,0.1222,0.0812,0.198,0.1013,1.0,4
CARUARU,PE,-8.28643585,-35.9676387325,Biomassa,0.1157,0.1407,0.198,0.0001,0.875,5
CARVALHOS,MG,-21.956342735,-44.51615675,Solar,0.4555,0.6667,0.1294,0.5001,1.0,1
CARVALHOS,MG,-21.956342735,-44.51615675,Biometano,0.4389,1.0,0.1294,0.0001,0.625,2
CARVALHOS,MG,-21.956342735,-44.51615675,H2 Verde,0.4057,0.5421,0.1294,0.5001,1.0,3
CARVALHOS,MG,-21.956342735,-44.51615675,Eolica,0.3222,0.3334,0.1294,0.5001,1.0,4
CARVALHOS,MG,-21.956342735,-44.51615675,Biomassa,0.2557,0.5421,0.1294,0.0001,0.875,5
CASA NOVA,BA,-6.461827429,-28.944969481999998,Solar,0.3975,0.5498,0.1658,0.4262,1.0,1
CASA NOVA,BA,-6.461827429,-28.944969481999998,H2 Verde,0.3772,0.4989,0.1658,0.4262,1.0,2
CASA NOVA,BA,-6.461827429,-28.944969481999998,Biometano,0.3076,0.6306,0.1658,0.0188,0.625,3
CASA NOVA,BA,-6.461827429,-28.944969481999998,Eolica,0.2688,0.2279,0.1658,0.4262,1.0,4
CASA NOVA,BA,-6.461827429,-28.944969481999998,Biomassa,0.2057,0.3758,0.1658,0.0188,0.875,5
CASCA,RS,-28.52031022,-51.90856934,Solar,0.4053,0.6277,0.1603,0.3538,1.0,1
CASCA,RS,-28.52031022,-51.90856934,Biometano,0.4013,0.8829,0.1603,0.0001,0.625,2
CASCA,RS,-28.52031022,-51.90856934,H2 Verde,0.3498,0.489,0.1603,0.3538,1.0,3
CASCA,RS,-28.52031022,-51.90856934,Eolica,0.2719,0.2943,0.1603,0.3538,1.0,4
CASCA,RS,-28.52031022,-51.90856934,Biomassa,0.2281,0.4499,0.1603,0.0001,0.875,5
CASCAVEL,CE,-4.13083333,-38.23555556,H2 Verde,0.2854,0.4537,0.1644,0.1819,1.0,1
CASCAVEL,CE,-4.13083333,-38.23555556,Solar,0.2841,0.4505,0.1644,0.1819,1.0,2
CASCAVEL,PR,-22.449222695,-48.160089557,Biometano,0.2773,0.5405,0.2035,0.0001,0.625,3
CASCAVEL,PR,-22.449222695,-48.160089557,Solar,0.259,0.3395,0.2035,0.207,1.0,4
CASCAVEL,PR,-22.449222695,-48.160089557,H2 Verde,0.2272,0.2603,0.2035,0.207,1.0,5
CASCAVEL,PR,-22.449222695,-48.160089557,Eolica,0.1954,0.1807,0.2035,0.207,1.0,6
CASCAVEL,CE,-4.13083333,-38.23555556,Biometano,0.1899,0.3514,0.1644,0.0,0.625,7
CASCAVEL,PR,-22.449222695,-48.160089557,Biomassa,0.1736,0.2812,0.2035,0.0001,0.875,8
CASCAVEL,CE,-4.13083333,-38.23555556,Eolica,0.1507,0.1171,0.1644,0.1819,1.0,9
CASCAVEL,CE,-4.13083333,-38.23555556,Biomassa,0.1443,0.2375,0.1644,0.0,0.875,10
CASSIA DOS COQUEIROS,SP,-21.31583333,-47.19916667,H2 Verde,0.4273,0.6667,0.1526,0.3828,1.0,1
CASSIA DOS COQUEIROS,SP,-21.31583333,-47.19916667,Solar,0.3864,0.5646,0.1526,0.3828,1.0,2
CASSIA DOS COQUEIROS,SP,-21.31583333,-47.19916667,Biometano,0.3233,0.6937,0.1526,0.0,0.625,3
CASSIA DOS COQUEIROS,SP,-21.31583333,-47.19916667,Biomassa,0.2716,0.5646,0.1526,0.0,0.875,4
CASSIA DOS COQUEIROS,SP,-21.31583333,-47.19916667,Eolica,0.2531,0.2312,0.1526,0.3828,1.0,5
CASSILANDIA,MS,-17.088302630999998,-47.201293801999995,Solar,0.2482,0.4218,0.1381,0.1268,1.0,1
CASSILANDIA,MS,-17.088302630999998,-47.201293801999995,H2 Verde,0.2287,0.3732,0.1381,0.1268,1.0,2
CASSILANDIA,GO,-18.78833333,-52.37527778,Solar,0.2147,0.4329,,0.1385,0.625,3
CASSILANDIA,GO,-18.78833333,-52.37527778,H2 Verde,0.2097,0.4205,,0.1385,0.625,4
CASSILANDIA,MS,-17.088302630999998,-47.201293801999995,Biometano,0.1472,0.2613,0.1381,0.0041,0.625,5
CASSILANDIA,MS,-17.088302630999998,-47.201293801999995,Eolica,0.1225,0.1075,0.1381,0.1268,1.0,6
CASSILANDIA,GO,-18.78833333,-52.37527778,Biometano,0.1194,0.2973,,0.0015,0.25,7
CASSILANDIA,MS,-17.088302630999998,-47.201293801999995,Biomassa,0.0934,0.1269,0.1381,0.0041,0.875,8
CASSILANDIA,GO,-18.78833333,-52.37527778,Eolica,0.0814,0.0996,,0.1385,0.625,9
CASSILANDIA,GO,-18.78833333,-52.37527778,Biomassa,0.075,0.1862,,0.0015,0.5,10
CASTANHAL,PA,-1.274896815,-47.931954575000006,H2 Verde,0.2291,0.1444,0.1713,0.3998,0.875,1
CASTANHAL,PA,-1.274896815,-47.931954575000006,Solar,0.2038,0.0812,0.1713,0.3998,0.875,2
CASTANHAL,PA,-1.274896815,-47.931954575000006,Eolica,0.2038,0.0812,0.1713,0.3998,0.875,2
CASTANHAL,PA,-1.274896815,-47.931954575000006,Biometano,0.1487,0.2432,0.1713,,0.5,3
CASTANHAL,PA,-1.274896815,-47.931954575000006,Biomassa,0.1416,0.2254,0.1713,,0.75,4
CASTELO,ES,-20.631861524999998,-41.24941139,H2 Verde,0.2169,0.3845,0.154,0.0563,1.0,1
CASTELO,ES,-20.631861524999998,-41.24941139,Solar,0.2063,0.3581,0.154,0.0563,1.0,2
CASTELO,ES,-20.631861524999998,-41.24941139,Biomassa,0.077,0.0752,0.154,0.0024,0.875,3
CASTELO,ES,-20.631861524999998,-41.24941139,Biometano,0.0757,0.0721,0.154,0.0024,0.625,4
CASTELO,ES,-20.631861524999998,-41.24941139,Eolica,0.073,0.0248,0.154,0.0563,1.0,5
CASTILHO,SP,-20.85652224125,-51.53935369875,H2 Verde,0.4012,0.5857,0.1646,0.3919,1.0,1
CASTILHO,SP,-20.85652224125,-51.53935369875,Solar,0.3604,0.4836,0.1646,0.3919,1.0,2
CASTILHO,SP,-20.85652224125,-51.53935369875,Biometano,0.3323,0.6937,0.1646,0.0182,0.625,3
CASTILHO,SP,-20.85652224125,-51.53935369875,Biomassa,0.284,0.5729,0.1646,0.0182,0.875,4
CASTILHO,SP,-20.85652224125,-51.53935369875,Eolica,0.2628,0.2395,0.1646,0.3919,1.0,5
CASTRO,PR,-24.783720059999997,-49.933894974999994,Solar,0.3026,0.479,0.1625,0.2076,1.0,1
CASTRO,PR,-24.783720059999997,-49.933894974999994,H2 Verde,0.2709,0.3997,0.1625,0.2076,1.0,2
CASTRO,PR,-24.783720059999997,-49.933894974999994,Biometano,0.2654,0.5405,0.1625,0.0014,0.625,3
CASTRO,PR,-24.783720059999997,-49.933894974999994,Eolica,0.1833,0.1807,0.1625,0.2076,1.0,4
CASTRO,PR,-24.783720059999997,-49.933894974999994,Biomassa,0.1618,0.2816,0.1625,0.0014,0.875,5
CATAGUASES,MG,-21.401566076666665,-42.684070633333334,Solar,0.4712,0.3334,0.1263,1.0,0.875,1
CATAGUASES,MG,-21.401566076666665,-42.684070633333334,Eolica,0.4712,0.3334,0.1263,1.0,0.875,1
CATAGUASES,MG,-21.401566076666665,-42.684070633333334,Biometano,0.4379,1.0,0.1263,,0.5,2
CATAGUASES,MG,-21.401566076666665,-42.684070633333334,H2 Verde,0.4214,0.2088,0.1263,1.0,0.875,3
CATAGUASES,MG,-21.401566076666665,-42.684070633333334,Biomassa,0.2547,0.5421,0.1263,,0.75,4
CATALAO,MG,-18.45234934,-47.98477771,Solar,0.4467,0.702,,0.553,0.625,1
CATALAO,MG,-18.45234934,-47.98477771,Biometano,0.4318,1.0,,0.1059,0.25,2
CATALAO,MG,-18.45234934,-47.98477771,H2 Verde,0.3968,0.5774,,0.553,0.625,3
CATALAO,MG,-18.45234934,-47.98477771,Eolica,0.3133,0.3686,,0.553,0.625,4
CATALAO,GO,-18.043486233333336,-47.77802458833333,Solar,0.2747,0.4146,0.2156,0.1473,1.0,5
CATALAO,GO,-18.043486233333336,-47.77802458833333,H2 Verde,0.2697,0.4021,0.2156,0.1473,1.0,6
CATALAO,MG,-18.45234934,-47.98477771,Biomassa,0.2627,0.5774,,0.1059,0.5,7
CATALAO,GO,-18.043486233333336,-47.77802458833333,Biometano,0.1893,0.2973,0.2156,0.019,0.625,8
CATALAO,GO,-18.043486233333336,-47.77802458833333,Eolica,0.1512,0.1059,0.2156,0.1473,1.0,9
CATALAO,GO,-18.043486233333336,-47.77802458833333,Biomassa,0.1474,0.1926,0.2156,0.019,0.875,10
CATANDUVA,SP,-17.597037656666668,-40.802324803333335,Biometano,0.3222,0.6937,0.1491,0.0,0.625,1
CATANDUVA,SP,-17.597037656666668,-40.802324803333335,H2 Verde,0.2945,0.3374,0.1491,0.3828,1.0,2
CATANDUVA,SP,-17.597037656666668,-40.802324803333335,Biomassa,0.2718,0.5677,0.1491,0.0,0.875,3
CATANDUVA,SP,-17.597037656666668,-40.802324803333335,Solar,0.2537,0.2353,0.1491,0.3828,1.0,4
CATANDUVA,SP,-17.597037656666668,-40.802324803333335,Eolica,0.2533,0.2344,0.1491,0.3828,1.0,5
CATANDUVAS,SC,-27.080397225,-51.725868055,Solar,0.294,0.4715,0.163,0.1884,1.0,1
CATANDUVAS,SC,-27.080397225,-51.725868055,H2 Verde,0.2864,0.4523,0.163,0.1884,1.0,2
CATANDUVAS,SC,-27.080397225,-51.725868055,Biometano,0.2147,0.4144,0.163,0.0001,0.625,3
CATANDUVAS,SC,-27.080397225,-51.725868055,Eolica,0.1607,0.1382,0.163,0.1884,1.0,4
CATANDUVAS,SC,-27.080397225,-51.725868055,Biomassa,0.1518,0.2571,0.163,0.0001,0.875,5
CATENDE,PE,-8.74313627,-35.81168699,Solar,0.2252,0.4144,0.097,0.1012,1.0,1
CATENDE,PE,-8.74313627,-35.81168699,H2 Verde,0.2166,0.3929,0.097,0.1012,1.0,2
CATENDE,PE,-8.74313627,-35.81168699,Biometano,0.1264,0.2432,0.097,0.0,0.625,3
CATENDE,PE,-8.74313627,-35.81168699,Eolica,0.0919,0.0811,0.097,0.1012,1.0,4
CATENDE,PE,-8.74313627,-35.81168699,Biomassa,0.0854,0.1406,0.097,0.0,0.875,5
CATOLE DO ROCHA,PB,0.0,0.0,Solar,0.2124,0.3784,0.1538,0.0496,1.0,1
CATOLE DO ROCHA,PB,0.0,0.0,H2 Verde,0.201,0.3498,0.1538,0.0496,1.0,2
CATOLE DO ROCHA,PB,0.0,0.0,Biometano,0.1002,0.1351,0.1538,0.0001,0.625,3
CATOLE DO ROCHA,PB,0.0,0.0,Eolica,0.0791,0.0451,0.1538,0.0496,1.0,4
CATOLE DO ROCHA,PB,0.0,0.0,Biomassa,0.0708,0.0615,0.1538,0.0001,0.875,5
CATU,BA,-12.338425019999999,-38.370919369999996,Solar,0.3714,0.2103,0.1239,0.8337,0.875,1
CATU,BA,-12.338425019999999,-38.370919369999996,Eolica,0.3714,0.2103,0.1239,0.8337,0.875,1
CATU,BA,-12.338425019999999,-38.370919369999996,H2 Verde,0.351,0.1593,0.1239,0.8337,0.875,2
CATU,BA,-12.338425019999999,-38.370919369999996,Biometano,0.2894,0.6306,0.1239,,0.5,3
CATU,BA,-12.338425019999999,-38.370919369999996,Biomassa,0.185,0.3695,0.1239,,0.75,4
CAUCAIA,CE,-3.759646126923077,-38.875082882307694,H2 Verde,0.2274,0.292,0.1779,0.1908,1.0,1
CAUCAIA,CE,-3.759646126923077,-38.875082882307694,Solar,0.2261,0.2887,0.1779,0.1908,1.0,2
CAUCAIA,CE,-3.759646126923077,-38.875082882307694,Biometano,0.1835,0.3119,0.1779,0.0179,0.875,3
CAUCAIA,CE,-3.759646126923077,-38.875082882307694,Eolica,0.1668,0.1406,0.1779,0.1908,1.0,4
CAUCAIA,CE,-3.759646126923077,-38.875082882307694,Biomassa,0.1587,0.2499,0.1779,0.0179,0.875,5
CAVALCANTE,GO,-13.637411103333335,-47.9352881,Solar,0.3005,0.4835,0.1424,0.2144,1.0,1
CAVALCANTE,GO,-13.637411103333335,-47.9352881,H2 Verde,0.2955,0.4711,0.1424,0.2144,1.0,2
CAVALCANTE,GO,-13.637411103333335,-47.9352881,Biometano,0.2076,0.2973,0.1424,0.1533,0.625,3
CAVALCANTE,GO,-13.637411103333335,-47.9352881,Biomassa,0.1835,0.2368,0.1424,0.1533,0.875,4
CAVALCANTE,GO,-13.637411103333335,-47.9352881,Eolica,0.168,0.1524,0.1424,0.2144,1.0,5
CAXAMBU DO SUL,SC,-27.13452359,-52.84598386,Solar,0.2897,0.4715,0.1487,0.1884,1.0,1
CAXAMBU DO SUL,SC,-27.13452359,-52.84598386,H2 Verde,0.2821,0.4523,0.1487,0.1884,1.0,2
CAXAMBU DO SUL,SC,-27.13452359,-52.84598386,Biometano,0.2104,0.4144,0.1487,0.0001,0.625,3
CAXAMBU DO SUL,SC,-27.13452359,-52.84598386,Eolica,0.1564,0.1382,0.1487,0.1884,1.0,4
CAXAMBU DO SUL,SC,-27.13452359,-52.84598386,Biomassa,0.1475,0.2571,0.1487,0.0001,0.875,5
CAXIAS,MA,-4.77367443,-43.660467954,Biometano,0.1154,0.1802,0.1444,0.0,0.625,1
CAXIAS,MA,-4.77367443,-43.660467954,H2 Verde,0.1105,0.0837,0.1444,0.1122,1.0,2
CAXIAS,MA,-4.77367443,-43.660467954,Eolica,0.1078,0.077,0.1444,0.1122,1.0,3
CAXIAS,MA,-4.77367443,-43.660467954,Solar,0.101,0.0601,0.1444,0.1122,1.0,4
CAXIAS,MA,-4.77367443,-43.660467954,Biomassa,0.1008,0.1438,0.1444,0.0,0.875,5
CAXIAS DO SUL,RS,-29.1207864395,-51.136910936,Biometano,0.4082,0.8829,0.1783,0.0053,0.625,1
CAXIAS DO SUL,RS,-29.1207864395,-51.136910936,Solar,0.4021,0.6042,0.1783,0.3563,1.0,2
CAXIAS DO SUL,RS,-29.1207864395,-51.136910936,H2 Verde,0.3466,0.4655,0.1783,0.3563,1.0,3
CAXIAS DO SUL,RS,-29.1207864395,-51.136910936,Eolica,0.2789,0.2962,0.1783,0.3563,1.0,4
CAXIAS DO SUL,RS,-29.1207864395,-51.136910936,Biomassa,0.2358,0.4518,0.1783,0.0053,0.875,5
CEARA-MIRIM,RN,-5.511191924210526,-35.45792479421053,H2 Verde,0.2599,0.41,0.1778,0.1418,1.0,1
CEARA-MIRIM,RN,-5.511191924210526,-35.45792479421053,Solar,0.2561,0.4007,0.1778,0.1418,1.0,2
CEARA-MIRIM,RN,-5.511191924210526,-35.45792479421053,Eolica,0.1359,0.1,0.1778,0.1418,1.0,3
CEARA-MIRIM,RN,-5.511191924210526,-35.45792479421053,Biometano,0.1329,0.1892,0.1778,0.013,0.625,4
CEARA-MIRIM,RN,-5.511191924210526,-35.45792479421053,Biomassa,0.1131,0.1398,0.1778,0.013,0.875,5
CEDRAL,SP,-20.86722222,-49.23583333,H2 Verde,0.4585,0.6667,0.2566,0.3828,1.0,1
CEDRAL,SP,-20.86722222,-49.23583333,Solar,0.4176,0.5646,0.2566,0.3828,1.0,2
CEDRAL,SP,-20.86722222,-49.23583333,Biometano,0.3545,0.6937,0.2566,0.0,0.625,3
CEDRAL,SP,-20.86722222,-49.23583333,Biomassa,0.3028,0.5646,0.2566,0.0,0.875,4
CEDRAL,SP,-20.86722222,-49.23583333,Eolica,0.2843,0.2312,0.2566,0.3828,1.0,5
CENTRALINA,MG,-18.52531057,-49.21532289,Solar,0.458,0.6667,0.1376,0.5,1.0,1
CENTRALINA,MG,-18.52531057,-49.21532289,Biometano,0.4413,1.0,0.1376,0.0001,0.625,2
CENTRALINA,MG,-18.52531057,-49.21532289,H2 Verde,0.4081,0.5421,0.1376,0.5,1.0,3
CENTRALINA,MG,-18.52531057,-49.21532289,Eolica,0.3246,0.3334,0.1376,0.5,1.0,4
CENTRALINA,MG,-18.52531057,-49.21532289,Biomassa,0.2581,0.5421,0.1376,0.0001,0.875,5
CERQUEIRA CESAR,SP,-23.119741809999997,-49.175071503333335,H2 Verde,0.3914,0.5457,0.1898,0.3873,1.0,1
CERQUEIRA CESAR,SP,-23.119741809999997,-49.175071503333335,Solar,0.3506,0.4436,0.1898,0.3873,1.0,2
CERQUEIRA CESAR,SP,-23.119741809999997,-49.175071503333335,Biometano,0.3371,0.6937,0.1898,0.009,0.625,3
CERQUEIRA CESAR,SP,-23.119741809999997,-49.175071503333335,Biomassa,0.2874,0.5694,0.1898,0.009,0.875,4
CERQUEIRA CESAR,SP,-23.119741809999997,-49.175071503333335,Eolica,0.2675,0.236,0.1898,0.3873,1.0,5
CERQUILHO,SP,-23.15077137333333,-47.790807040000004,H2 Verde,0.3803,0.536,0.1699,0.383,1.0,1
CERQUILHO,SP,-23.15077137333333,-47.790807040000004,Solar,0.3394,0.4339,0.1699,0.383,1.0,2
CERQUILHO,SP,-23.15077137333333,-47.790807040000004,Biometano,0.3286,0.6937,0.1699,0.0005,0.625,3
CERQUILHO,SP,-23.15077137333333,-47.790807040000004,Biomassa,0.2771,0.5649,0.1699,0.0005,0.875,4
CERQUILHO,SP,-23.15077137333333,-47.790807040000004,Eolica,0.2585,0.2315,0.1699,0.383,1.0,5
CERRO AZUL,PR,-24.75833333,-49.33534722,Biometano,0.2538,0.5405,0.1252,0.0,0.625,1
CERRO AZUL,PR,-24.75833333,-49.33534722,Eolica,0.1719,0.1807,0.1252,0.2069,1.0,2
CERRO AZUL,PR,-24.75833333,-49.33534722,Solar,0.1717,0.1802,0.1252,0.2069,1.0,3
CERRO AZUL,PR,-24.75833333,-49.33534722,Biomassa,0.15,0.2811,0.1252,0.0,0.875,4
CERRO AZUL,PR,-24.75833333,-49.33534722,H2 Verde,0.14,0.1009,0.1252,0.2069,1.0,5
CERRO CORA,RN,-5.8914315833333335,-36.28808386,H2 Verde,0.2464,0.4079,0.1391,0.1385,1.0,1
CERRO CORA,RN,-5.8914315833333335,-36.28808386,Solar,0.2427,0.3986,0.1391,0.1385,1.0,2
CERRO CORA,RN,-5.8914315833333335,-36.28808386,Biometano,0.1194,0.1892,0.1391,0.0065,0.625,3
CERRO CORA,RN,-5.8914315833333335,-36.28808386,Eolica,0.1094,0.0652,0.1391,0.1385,1.0,4
CERRO CORA,RN,-5.8914315833333335,-36.28808386,Biomassa,0.0987,0.1376,0.1391,0.0065,0.875,5
CERRO GRANDE,RS,-27.571815280000003,-53.14559027999999,Solar,0.3971,0.6277,0.133,0.3539,1.0,1
CERRO GRANDE,RS,-27.571815280000003,-53.14559027999999,Biometano,0.3931,0.8829,0.133,0.0003,0.625,2
CERRO GRANDE,RS,-27.571815280000003,-53.14559027999999,H2 Verde,0.3417,0.489,0.133,0.3539,1.0,3
CERRO GRANDE,RS,-27.571815280000003,-53.14559027999999,Eolica,0.2646,0.2963,0.133,0.3539,1.0,4
CERRO GRANDE,RS,-27.571815280000003,-53.14559027999999,Biomassa,0.22,0.45,0.133,0.0003,0.875,5
CEU AZUL,PR,-25.04586667,-53.78357778,Biometano,0.2578,0.5405,0.1387,,0.5,1
CEU AZUL,PR,-25.04586667,-53.78357778,Solar,0.2378,0.1802,0.1387,0.4138,0.875,2
CEU AZUL,PR,-25.04586667,-53.78357778,Eolica,0.2378,0.1802,0.1387,0.4138,0.875,2
CEU AZUL,PR,-25.04586667,-53.78357778,H2 Verde,0.2061,0.1009,0.1387,0.4138,0.875,3
CEU AZUL,PR,-25.04586667,-53.78357778,Biomassa,0.1541,0.2811,0.1387,,0.75,4
CHALE,MG,-20.01318799,-41.72894881,Solar,0.4637,0.667,0.1557,0.5005,1.0,1
CHALE,MG,-20.01318799,-41.72894881,Biometano,0.447,1.0,0.1557,0.001,0.625,2
CHALE,MG,-20.01318799,-41.72894881,H2 Verde,0.4138,0.5424,0.1557,0.5005,1.0,3
CHALE,MG,-20.01318799,-41.72894881,Eolica,0.3303,0.3337,0.1557,0.5005,1.0,4
CHALE,MG,-20.01318799,-41.72894881,Biomassa,0.264,0.5424,0.1557,0.001,0.875,5
CHAPADA DOS GUIMARAES,MT,-15.197578656666666,-55.557896416666665,Solar,0.2595,0.4031,0.151,0.1764,1.0,1
CHAPADA DOS GUIMARAES,MT,-15.197578656666666,-55.557896416666665,H2 Verde,0.2453,0.3677,0.151,0.1764,1.0,2
CHAPADA DOS GUIMARAES,MT,-15.197578656666666,-55.557896416666665,Biometano,0.127,0.1892,0.151,0.0201,0.625,3
CHAPADA DOS GUIMARAES,MT,-15.197578656666666,-55.557896416666665,Eolica,0.1261,0.0698,0.151,0.1764,1.0,4
CHAPADA DOS GUIMARAES,MT,-15.197578656666666,-55.557896416666665,Biomassa,0.0903,0.0974,0.151,0.0201,0.875,5
CHAPADAO DO CEU,GO,-18.430437146666666,-52.619111260000004,Biometano,0.2081,0.2973,0.2972,0.0,0.625,1
CHAPADAO DO CEU,GO,-18.430437146666666,-52.619111260000004,Solar,0.1722,0.1042,0.2972,0.1378,1.0,2
CHAPADAO DO CEU,GO,-18.430437146666666,-52.619111260000004,Eolica,0.172,0.1038,0.2972,0.1378,1.0,3
CHAPADAO DO CEU,GO,-18.430437146666666,-52.619111260000004,H2 Verde,0.1672,0.0918,0.2972,0.1378,1.0,4
CHAPADAO DO CEU,GO,-18.430437146666666,-52.619111260000004,Biomassa,0.1654,0.1905,0.2972,0.0,0.875,5
CHAPADAO DO SUL,MS,-18.986951246,-52.658291973999994,Solar,0.187,0.1715,0.2688,0.1258,1.0,1
CHAPADAO DO SUL,MS,-18.986951246,-52.658291973999994,Biometano,0.1858,0.2613,0.2688,0.0021,0.625,2
CHAPADAO DO SUL,MS,-18.986951246,-52.658291973999994,H2 Verde,0.1675,0.1229,0.2688,0.1258,1.0,3
CHAPADAO DO SUL,MS,-18.986951246,-52.658291973999994,Eolica,0.1544,0.0901,0.2688,0.1258,1.0,4
CHAPADAO DO SUL,MS,-18.986951246,-52.658291973999994,Biomassa,0.1326,0.1284,0.2688,0.0021,0.875,5
CHAPECO,SC,-27.138741385555555,-52.68564763,Solar,0.2672,0.3506,0.2344,0.1888,1.0,1
CHAPECO,SC,-27.138741385555555,-52.68564763,H2 Verde,0.2595,0.3314,0.2344,0.1888,1.0,2
CHAPECO,SC,-27.138741385555555,-52.68564763,Biometano,0.2364,0.4144,0.2344,0.0009,0.625,3
CHAPECO,SC,-27.138741385555555,-52.68564763,Eolica,0.1824,0.1386,0.2344,0.1888,1.0,4
CHAPECO,SC,-27.138741385555555,-52.68564763,Biomassa,0.1736,0.2576,0.2344,0.0009,0.875,5
CHAVANTES,SP,-23.12795665,-49.73295944,H2 Verde,0.4338,0.6789,0.1395,0.4012,1.0,1
CHAVANTES,SP,-23.12795665,-49.73295944,Solar,0.3929,0.5768,0.1395,0.4012,1.0,2
CHAVANTES,SP,-23.12795665,-49.73295944,Biometano,0.3304,0.6937,0.1395,0.0368,0.625,3
CHAVANTES,SP,-23.12795665,-49.73295944,Biomassa,0.2836,0.5768,0.1395,0.0368,0.875,4
CHAVANTES,SP,-23.12795665,-49.73295944,Eolica,0.2596,0.2435,0.1395,0.4012,1.0,5
CHAVES,PA,-0.16089936,-50.0014821,H2 Verde,0.218,0.1442,0.1345,0.3998,0.875,1
CHAVES,PA,-0.16089936,-50.0014821,Solar,0.1927,0.0811,0.1345,0.3998,0.875,2
CHAVES,PA,-0.16089936,-50.0014821,Eolica,0.1927,0.0811,0.1345,0.3998,0.875,2
CHAVES,PA,-0.16089936,-50.0014821,Biometano,0.1376,0.2432,0.1345,,0.5,3
CHAVES,PA,-0.16089936,-50.0014821,Biomassa,0.1305,0.2253,0.1345,,0.75,4
CHIAPETA,RS,-27.96131742,-53.97034264,Solar,0.3572,0.6276,,0.3537,0.625,1
CHIAPETA,RS,-27.96131742,-53.97034264,Biometano,0.3532,0.8829,,0.0001,0.25,2
CHIAPETA,RS,-27.96131742,-53.97034264,H2 Verde,0.3017,0.489,,0.3537,0.625,3
CHIAPETA,RS,-27.96131742,-53.97034264,Eolica,0.2238,0.2943,,0.3537,0.625,4
CHIAPETA,RS,-27.96131742,-53.97034264,Biomassa,0.18,0.4499,,0.0001,0.5,5
CHOPINZINHO,PR,-25.79727566,-52.50576781,Solar,0.3141,0.5135,0.1555,0.2069,1.0,1
CHOPINZINHO,PR,-25.79727566,-52.50576781,H2 Verde,0.2824,0.4343,0.1555,0.2069,1.0,2
CHOPINZINHO,PR,-25.79727566,-52.50576781,Biometano,0.2629,0.5405,0.1555,0.0,0.625,3
CHOPINZINHO,PR,-25.79727566,-52.50576781,Eolica,0.1808,0.1802,0.1555,0.2069,1.0,4
CHOPINZINHO,PR,-25.79727566,-52.50576781,Biomassa,0.1591,0.2811,0.1555,0.0,0.875,5
CHUI,RS,-33.64597755166667,-53.42197635916667,Solar,0.4067,0.6324,0.1515,0.3609,1.0,1
CHUI,RS,-33.64597755166667,-53.42197635916667,Biometano,0.4029,0.8829,0.1515,0.0144,0.625,2
CHUI,RS,-33.64597755166667,-53.42197635916667,H2 Verde,0.3512,0.4937,0.1515,0.3609,1.0,3
CHUI,RS,-33.64597755166667,-53.42197635916667,Eolica,0.2798,0.3152,0.1515,0.3609,1.0,4
CHUI,RS,-33.64597755166667,-53.42197635916667,Biomassa,0.2317,0.4547,0.1515,0.0144,0.875,5
CHUPINGUAIA,RO,-9.86303,-48.77377729,H2 Verde,0.1974,0.3174,0.167,0.068,1.0,1
CHUPINGUAIA,RO,-9.86303,-48.77377729,Solar,0.1873,0.292,0.167,0.068,1.0,2
CHUPINGUAIA,RO,-9.86303,-48.77377729,Biometano,0.0972,0.1171,0.167,0.0007,0.625,3
CHUPINGUAIA,RO,-9.86303,-48.77377729,Biomassa,0.0918,0.1038,0.167,0.0007,0.875,4
CHUPINGUAIA,RO,-9.86303,-48.77377729,Eolica,0.0869,0.0409,0.167,0.068,1.0,5
CIANORTE,PR,-11.8461281275,-26.2787907375,Biometano,0.2682,0.5405,0.1731,0.0001,0.625,1
CIANORTE,PR,-11.8461281275,-26.2787907375,Solar,0.2502,0.3406,0.1731,0.2069,1.0,2
CIANORTE,PR,-11.8461281275,-26.2787907375,H2 Verde,0.2185,0.2613,0.1731,0.2069,1.0,3
CIANORTE,PR,-11.8461281275,-26.2787907375,Eolica,0.1863,0.1807,0.1731,0.2069,1.0,4
CIANORTE,PR,-11.8461281275,-26.2787907375,Biomassa,0.1644,0.2811,0.1731,0.0001,0.875,5
CIDADE GAUCHA,PR,-23.3726,-52.905,Biometano,0.2602,0.5405,0.1465,,0.5,1
CIDADE GAUCHA,PR,-23.3726,-52.905,Solar,0.2406,0.1814,0.1465,0.4138,0.875,2
CIDADE GAUCHA,PR,-23.3726,-52.905,Eolica,0.2406,0.1814,0.1465,0.4138,0.875,2
CIDADE GAUCHA,PR,-23.3726,-52.905,H2 Verde,0.2089,0.1021,0.1465,0.4138,0.875,3
CIDADE GAUCHA,PR,-23.3726,-52.905,Biomassa,0.1569,0.2823,0.1465,,0.75,4
CLAUDIA,MT,-11.26666667,-55.45,Solar,0.2493,0.4083,0.1024,0.1842,1.0,1
CLAUDIA,MT,-11.26666667,-55.45,H2 Verde,0.2351,0.3729,0.1024,0.1842,1.0,2
CLAUDIA,MT,-11.26666667,-55.45,Biometano,0.1171,0.1892,0.1024,0.0357,0.625,3
CLAUDIA,MT,-11.26666667,-55.45,Eolica,0.116,0.075,0.1024,0.1842,1.0,4
CLAUDIA,MT,-11.26666667,-55.45,Biomassa,0.0825,0.1026,0.1024,0.0357,0.875,5
CLEMENTINA,SP,-21.57972222,-50.43166667,H2 Verde,0.4033,0.3337,0.1341,0.7655,0.875,1
CLEMENTINA,SP,-21.57972222,-50.43166667,Solar,0.3625,0.2316,0.1341,0.7655,0.875,2
CLEMENTINA,SP,-21.57972222,-50.43166667,Eolica,0.3625,0.2316,0.1341,0.7655,0.875,2
CLEMENTINA,SP,-21.57972222,-50.43166667,Biometano,0.3177,0.6937,0.1341,,0.5,3
CLEMENTINA,SP,-21.57972222,-50.43166667,Biomassa,0.2662,0.5649,0.1341,,0.75,4
CLEVELANDIA,PR,-22.9938091525,-45.81005335375,Solar,0.2995,0.5146,0.1037,0.2085,1.0,1
CLEVELANDIA,PR,-22.9938091525,-45.81005335375,H2 Verde,0.2678,0.4353,0.1037,0.2085,1.0,2
CLEVELANDIA,PR,-22.9938091525,-45.81005335375,Biometano,0.2483,0.5405,0.1037,0.0032,0.625,3
CLEVELANDIA,PR,-22.9938091525,-45.81005335375,Eolica,0.1667,0.1827,0.1037,0.2085,1.0,4
CLEVELANDIA,PR,-22.9938091525,-45.81005335375,Biomassa,0.1449,0.2822,0.1037,0.0032,0.875,5
COARI,AM,-4.15547988,-63.14960584,H2 Verde,0.0973,0.0322,0.122,0.1593,0.875,1
COARI,AM,-4.15547988,-63.14960584,Solar,0.0921,0.0192,0.122,0.1593,0.875,2
COARI,AM,-4.15547988,-63.14960584,Eolica,0.0921,0.0192,0.122,0.1593,0.875,2
COARI,AM,-4.15547988,-63.14960584,Biometano,0.0582,0.0541,0.122,,0.5,3
COARI,AM,-4.15547988,-63.14960584,Biomassa,0.0567,0.0502,0.122,,0.75,4
COCAL DO SUL,SC,-28.598701355000003,-49.32583672,Solar,0.2195,0.1381,0.1707,0.3768,0.875,1
COCAL DO SUL,SC,-28.598701355000003,-49.32583672,Eolica,0.2195,0.1381,0.1707,0.3768,0.875,1
COCAL DO SUL,SC,-28.598701355000003,-49.32583672,Biometano,0.217,0.4144,0.1707,,0.5,2
COCAL DO SUL,SC,-28.598701355000003,-49.32583672,H2 Verde,0.2118,0.119,0.1707,0.3768,0.875,3
COCAL DO SUL,SC,-28.598701355000003,-49.32583672,Biomassa,0.1541,0.2571,0.1707,,0.75,4
CODAJAS,AM,-3.822916685,-62.25805556,H2 Verde,0.1027,0.0311,0.1414,0.1593,0.875,1
CODAJAS,AM,-3.822916685,-62.25805556,Solar,0.0975,0.0182,0.1414,0.1593,0.875,2
CODAJAS,AM,-3.822916685,-62.25805556,Eolica,0.0975,0.0182,0.1414,0.1593,0.875,2
CODAJAS,AM,-3.822916685,-62.25805556,Biometano,0.064,0.0541,0.1414,,0.5,3
CODAJAS,AM,-3.822916685,-62.25805556,Biomassa,0.0621,0.0492,0.1414,,0.75,4
CODO,MA,-4.45133806,-43.88608,H2 Verde,0.1406,0.0838,0.1325,0.2244,0.875,1
CODO,MA,-4.45133806,-43.88608,Solar,0.1311,0.0601,0.1325,0.2244,0.875,2
CODO,MA,-4.45133806,-43.88608,Eolica,0.1311,0.0601,0.1325,0.2244,0.875,2
CODO,MA,-4.45133806,-43.88608,Biometano,0.1118,0.1802,0.1325,,0.5,3
CODO,MA,-4.45133806,-43.88608,Biomassa,0.0973,0.1438,0.1325,,0.75,4
COELHO NETO,MA,-4.28624954,-42.98831793,H2 Verde,0.1335,0.0838,0.1089,0.2244,0.875,1
COELHO NETO,MA,-4.28624954,-42.98831793,Solar,0.1241,0.0602,0.1089,0.2244,0.875,2
COELHO NETO,MA,-4.28624954,-42.98831793,Eolica,0.1241,0.0602,0.1089,0.2244,0.875,2
COELHO NETO,MA,-4.28624954,-42.98831793,Biometano,0.1047,0.1802,0.1089,,0.5,3
COELHO NETO,MA,-4.28624954,-42.98831793,Biomassa,0.0902,0.1439,0.1089,,0.75,4
COLATINA,ES,-19.525350115000002,-40.6227943925,H2 Verde,0.2182,0.3838,0.1605,0.0552,1.0,1
COLATINA,ES,-19.525350115000002,-40.6227943925,Solar,0.2077,0.3574,0.1605,0.0552,1.0,2
COLATINA,ES,-19.525350115000002,-40.6227943925,Biomassa,0.078,0.0745,0.1605,0.0001,0.875,3
COLATINA,ES,-19.525350115000002,-40.6227943925,Biometano,0.077,0.0721,0.1605,0.0001,0.625,4
COLATINA,ES,-19.525350115000002,-40.6227943925,Eolica,0.0743,0.0241,0.1605,0.0552,1.0,5
COLINA,SP,-20.66194444,-48.53388889,H2 Verde,0.4102,0.3358,0.154,0.7655,0.875,1
COLINA,SP,-20.66194444,-48.53388889,Solar,0.3693,0.2337,0.154,0.7655,0.875,2
COLINA,SP,-20.66194444,-48.53388889,Eolica,0.3693,0.2337,0.154,0.7655,0.875,2
COLINA,SP,-20.66194444,-48.53388889,Biometano,0.3237,0.6937,0.154,,0.5,3
COLINA,SP,-20.66194444,-48.53388889,Biomassa,0.273,0.567,0.154,,0.75,4
COLNIZA,MT,-9.45790389,-59.21894889,Solar,0.1646,0.0631,0.1318,0.3327,0.875,1
COLNIZA,MT,-9.45790389,-59.21894889,Eolica,0.1646,0.0631,0.1318,0.3327,0.875,1
COLNIZA,MT,-9.45790389,-59.21894889,H2 Verde,0.1504,0.0277,0.1318,0.3327,0.875,2
COLNIZA,MT,-9.45790389,-59.21894889,Biometano,0.1152,0.1892,0.1318,,0.5,3
COLNIZA,MT,-9.45790389,-59.21894889,Biomassa,0.0758,0.0908,0.1318,,0.75,4
COLOMBIA,SP,-20.22999598,-48.62444503,H2 Verde,0.4119,0.3336,0.1629,0.7655,0.875,1
COLOMBIA,SP,-20.22999598,-48.62444503,Solar,0.3711,0.2315,0.1629,0.7655,0.875,2
COLOMBIA,SP,-20.22999598,-48.62444503,Eolica,0.3711,0.2315,0.1629,0.7655,0.875,2
COLOMBIA,SP,-20.22999598,-48.62444503,Biometano,0.3263,0.6937,0.1629,,0.5,3
COLOMBIA,SP,-20.22999598,-48.62444503,Biomassa,0.2748,0.5648,0.1629,,0.75,4
COLOMBO,PR,-25.379321814999997,-49.157133404999996,Biometano,0.2666,0.5405,0.1678,,0.5,1
COLOMBO,PR,-25.379321814999997,-49.157133404999996,Solar,0.2466,0.1803,0.1678,0.4138,0.875,2
COLOMBO,PR,-25.379321814999997,-49.157133404999996,Eolica,0.2466,0.1803,0.1678,0.4138,0.875,2
COLOMBO,PR,-25.379321814999997,-49.157133404999996,H2 Verde,0.2149,0.101,0.1678,0.4138,0.875,3
COLOMBO,PR,-25.379321814999997,-49.157133404999996,Biomassa,0.1628,0.2812,0.1678,,0.75,4
COLONIA LEOPOLDINA,AL,-8.905083914999999,-35.69319546,Biometano,0.0631,0.0991,0.0781,,0.5,1
COLONIA LEOPOLDINA,AL,-8.905083914999999,-35.69319546,Solar,0.062,0.0332,0.0781,0.0842,0.875,2
COLONIA LEOPOLDINA,AL,-8.905083914999999,-35.69319546,Eolica,0.062,0.0332,0.0781,0.0842,0.875,2
COLONIA LEOPOLDINA,AL,-8.905083914999999,-35.69319546,H2 Verde,0.058,0.0233,0.0781,0.0842,0.875,3
COLONIA LEOPOLDINA,AL,-8.905083914999999,-35.69319546,Biomassa,0.046,0.0563,0.0781,,0.75,4
COLORADO,PR,-22.855307263333334,-51.98520020666667,Biometano,0.2594,0.5405,0.144,0.0,0.625,1
COLORADO,PR,-22.855307263333334,-51.98520020666667,Eolica,0.1787,0.1837,0.144,0.2069,1.0,2
COLORADO,PR,-22.855307263333334,-51.98520020666667,Solar,0.1783,0.1825,0.144,0.2069,1.0,3
COLORADO,PR,-22.855307263333334,-51.98520020666667,Biomassa,0.1566,0.2835,0.144,0.0,0.875,4
COLORADO,PR,-22.855307263333334,-51.98520020666667,H2 Verde,0.1466,0.1033,0.144,0.2069,1.0,5
COLORADO DO OESTE,RO,-13.1196364175,-60.6096109725,H2 Verde,0.113,0.1609,0.0941,0.0678,1.0,1
COLORADO DO OESTE,RO,-13.1196364175,-60.6096109725,Solar,0.1028,0.1355,0.0941,0.0678,1.0,2
COLORADO DO OESTE,RO,-13.1196364175,-60.6096109725,Biometano,0.0752,0.1171,0.0941,0.0004,0.625,3
COLORADO DO OESTE,RO,-13.1196364175,-60.6096109725,Biomassa,0.0699,0.104,0.0941,0.0004,0.875,4
COLORADO DO OESTE,RO,-13.1196364175,-60.6096109725,Eolica,0.0644,0.0395,0.0941,0.0678,1.0,5
COMENDADOR LEVY GASPARIAN,MG,-22.007083335,-43.294722225,Solar,0.4171,0.6672,,0.5008,0.625,1
COMENDADOR LEVY GASPARIAN,MG,-22.007083335,-43.294722225,Biometano,0.4005,1.0,,0.0017,0.25,2
COMENDADOR LEVY GASPARIAN,MG,-22.007083335,-43.294722225,H2 Verde,0.3673,0.5426,,0.5008,0.625,3
COMENDADOR LEVY GASPARIAN,MG,-22.007083335,-43.294722225,Eolica,0.2843,0.3351,,0.5008,0.625,4
COMENDADOR LEVY GASPARIAN,RJ,-22.026947640000003,-43.22694405,H2 Verde,0.2554,0.4452,0.152,0.1057,1.0,5
COMENDADOR LEVY GASPARIAN,RJ,-22.026947640000003,-43.22694405,Solar,0.2377,0.401,0.152,0.1057,1.0,6
COMENDADOR LEVY GASPARIAN,MG,-22.007083335,-43.294722225,Biomassa,0.2176,0.5426,,0.0017,0.5,7
COMENDADOR LEVY GASPARIAN,RJ,-22.026947640000003,-43.22694405,Biometano,0.1263,0.1982,0.152,0.0049,0.625,8
COMENDADOR LEVY GASPARIAN,RJ,-22.026947640000003,-43.22694405,Biomassa,0.1182,0.178,0.152,0.0049,0.875,9
COMENDADOR LEVY GASPARIAN,RJ,-22.026947640000003,-43.22694405,Eolica,0.1044,0.0677,0.152,0.1057,1.0,10
COMODORO,MT,-13.523357524,-59.942542890000006,Solar,0.2506,0.3967,0.1396,0.1668,1.0,1
COMODORO,MT,-13.523357524,-59.942542890000006,H2 Verde,0.2364,0.3613,0.1396,0.1668,1.0,2
COMODORO,MT,-13.523357524,-59.942542890000006,Biometano,0.1178,0.1892,0.1396,0.0009,0.625,3
COMODORO,MT,-13.523357524,-59.942542890000006,Eolica,0.1172,0.0633,0.1396,0.1668,1.0,4
COMODORO,MT,-13.523357524,-59.942542890000006,Biomassa,0.0785,0.091,0.1396,0.0009,0.875,5
CONCEICAO DA BARRA,ES,-18.45735773,-39.9453552,H2 Verde,0.0922,0.0514,0.1287,0.1102,0.875,1
CONCEICAO DA BARRA,ES,-18.45735773,-39.9453552,Solar,0.0817,0.025,0.1287,0.1102,0.875,2
CONCEICAO DA BARRA,ES,-18.45735773,-39.9453552,Eolica,0.0817,0.025,0.1287,0.1102,0.875,2
CONCEICAO DA BARRA,ES,-18.45735773,-39.9453552,Biomassa,0.0688,0.0754,0.1287,,0.75,3
CONCEICAO DA BARRA,ES,-18.45735773,-39.9453552,Biometano,0.0674,0.0721,0.1287,,0.5,4
CONCEICAO DAS ALAGOAS,MG,-19.9799,-48.2645,Solar,0.4915,0.335,0.1916,1.0,0.875,1
CONCEICAO DAS ALAGOAS,MG,-19.9799,-48.2645,Eolica,0.4915,0.335,0.1916,1.0,0.875,1
CONCEICAO DAS ALAGOAS,MG,-19.9799,-48.2645,Biometano,0.4575,1.0,0.1916,,0.5,2
CONCEICAO DAS ALAGOAS,MG,-19.9799,-48.2645,H2 Verde,0.4416,0.2104,0.1916,1.0,0.875,3
CONCEICAO DAS ALAGOAS,SP,-20.03326721,-48.22184427,H2 Verde,0.3911,0.6779,,0.3996,0.625,4
CONCEICAO DAS ALAGOAS,SP,-20.03326721,-48.22184427,Solar,0.3502,0.5758,,0.3996,0.625,5
CONCEICAO DAS ALAGOAS,SP,-20.03326721,-48.22184427,Biometano,0.2876,0.6937,,0.0338,0.25,6
CONCEICAO DAS ALAGOAS,MG,-19.9799,-48.2645,Biomassa,0.275,0.5437,0.1916,,0.75,7
CONCEICAO DAS ALAGOAS,SP,-20.03326721,-48.22184427,Biomassa,0.2405,0.5758,,0.0338,0.5,8
CONCEICAO DAS ALAGOAS,SP,-20.03326721,-48.22184427,Eolica,0.2169,0.2425,,0.3996,0.625,9
CONCEICAO DE IPANEMA,MG,-19.98666667,-41.71916667,Solar,0.4571,0.6669,0.1343,0.5003,1.0,1
CONCEICAO DE IPANEMA,MG,-19.98666667,-41.71916667,Biometano,0.4405,1.0,0.1343,0.0007,0.625,2
CONCEICAO DE IPANEMA,MG,-19.98666667,-41.71916667,H2 Verde,0.4073,0.5423,0.1343,0.5003,1.0,3
CONCEICAO DE IPANEMA,MG,-19.98666667,-41.71916667,Eolica,0.3238,0.3336,0.1343,0.5003,1.0,4
CONCEICAO DE IPANEMA,MG,-19.98666667,-41.71916667,Biomassa,0.2574,0.5423,0.1343,0.0007,0.875,5
CONCEICAO DO ARAGUAIA,PA,-8.34977496,-49.31391389,H2 Verde,0.2176,0.1442,0.1332,0.3998,0.875,1
CONCEICAO DO ARAGUAIA,PA,-8.34977496,-49.31391389,Solar,0.1923,0.0811,0.1332,0.3998,0.875,2
CONCEICAO DO ARAGUAIA,PA,-8.34977496,-49.31391389,Eolica,0.1923,0.0811,0.1332,0.3998,0.875,2
CONCEICAO DO ARAGUAIA,PA,-8.34977496,-49.31391389,Biometano,0.1373,0.2432,0.1332,,0.5,3
CONCEICAO DO ARAGUAIA,PA,-8.34977496,-49.31391389,Biomassa,0.1301,0.2253,0.1332,,0.75,4
CONCEICAO DO CASTELO,ES,-20.3999529,-41.26649469,H2 Verde,0.213,0.3839,0.1428,0.0553,1.0,1
CONCEICAO DO CASTELO,ES,-20.3999529,-41.26649469,Solar,0.2024,0.3575,0.1428,0.0553,1.0,2
CONCEICAO DO CASTELO,ES,-20.3999529,-41.26649469,Biomassa,0.0728,0.0746,0.1428,0.0004,0.875,3
CONCEICAO DO CASTELO,ES,-20.3999529,-41.26649469,Biometano,0.0718,0.0721,0.1428,0.0004,0.625,4
CONCEICAO DO CASTELO,ES,-20.3999529,-41.26649469,Eolica,0.0691,0.0242,0.1428,0.0553,1.0,5
CONCEICAO DO JACUIPE,BA,-12.32704706,-38.771723015,Solar,0.3882,0.2103,0.1798,0.8337,0.875,1
CONCEICAO DO JACUIPE,BA,-12.32704706,-38.771723015,Eolica,0.3882,0.2103,0.1798,0.8337,0.875,1
CONCEICAO DO JACUIPE,BA,-12.32704706,-38.771723015,H2 Verde,0.3678,0.1593,0.1798,0.8337,0.875,2
CONCEICAO DO JACUIPE,BA,-12.32704706,-38.771723015,Biometano,0.3062,0.6306,0.1798,,0.5,3
CONCEICAO DO JACUIPE,BA,-12.32704706,-38.771723015,Biomassa,0.2018,0.3695,0.1798,,0.75,4
CONCEICAO DO PARA,MG,-19.746494849999998,-44.894242725,Biometano,0.4449,1.0,0.1497,0.0001,0.625,1
CONCEICAO DO PARA,MG,-19.746494849999998,-44.894242725,Solar,0.4055,0.5264,0.1497,0.5001,1.0,2
CONCEICAO DO PARA,MG,-19.746494849999998,-44.894242725,H2 Verde,0.3556,0.4018,0.1497,0.5001,1.0,3
CONCEICAO DO PARA,MG,-19.746494849999998,-44.894242725,Eolica,0.3283,0.3334,0.1497,0.5001,1.0,4
CONCEICAO DO PARA,MG,-19.746494849999998,-44.894242725,Biomassa,0.2618,0.5421,0.1497,0.0001,0.875,5
CONCHAS,SP,0.0,0.0,H2 Verde,0.4176,0.6667,0.1203,0.3828,1.0,1
CONCHAS,SP,0.0,0.0,Solar,0.3768,0.5646,0.1203,0.3828,1.0,2
CONCHAS,SP,0.0,0.0,Biometano,0.3136,0.6937,0.1203,0.0,0.625,3
CONCHAS,SP,0.0,0.0,Biomassa,0.2619,0.5646,0.1203,0.0,0.875,4
CONCHAS,SP,0.0,0.0,Eolica,0.2434,0.2312,0.1203,0.3828,1.0,5
CONCORDIA,SC,-27.226537272,-52.0027315,Solar,0.2272,0.2875,0.1856,0.1886,1.0,1
CONCORDIA,SC,-27.226537272,-52.0027315,Biometano,0.2216,0.4144,0.1856,0.0004,0.625,2
CONCORDIA,SC,-27.226537272,-52.0027315,H2 Verde,0.2196,0.2683,0.1856,0.1886,1.0,3
CONCORDIA,SC,-27.226537272,-52.0027315,Eolica,0.1676,0.1384,0.1856,0.1886,1.0,4
CONCORDIA,SC,-27.226537272,-52.0027315,Biomassa,0.1587,0.2574,0.1856,0.0004,0.875,5
CONDADO,PB,-6.91704135,-37.56017362,Solar,0.2076,0.3792,0.1355,0.0508,1.0,1
CONDADO,PB,-6.91704135,-37.56017362,H2 Verde,0.1961,0.3506,0.1355,0.0508,1.0,2
CONDADO,PB,-6.91704135,-37.56017362,Biometano,0.0954,0.1351,0.1355,0.0024,0.625,3
CONDADO,PB,-6.91704135,-37.56017362,Eolica,0.0742,0.0459,0.1355,0.0508,1.0,4
CONDADO,PB,-6.91704135,-37.56017362,Biomassa,0.0663,0.0623,0.1355,0.0024,0.875,5
CONDOR,RS,-28.232075036666668,-53.47226196333333,Solar,0.3966,0.6277,0.1314,0.3538,1.0,1
CONDOR,RS,-28.232075036666668,-53.47226196333333,Biometano,0.3926,0.8829,0.1314,0.0002,0.625,2
CONDOR,RS,-28.232075036666668,-53.47226196333333,H2 Verde,0.3412,0.489,0.1314,0.3538,1.0,3
CONDOR,RS,-28.232075036666668,-53.47226196333333,Eolica,0.2633,0.2944,0.1314,0.3538,1.0,4
CONDOR,RS,-28.232075036666668,-53.47226196333333,Biomassa,0.2195,0.45,0.1314,0.0002,0.875,5
CONFINS,MG,-19.63712078,-43.962479,Solar,0.4911,0.3334,0.1923,1.0,0.875,1
CONFINS,MG,-19.63712078,-43.962479,Eolica,0.4911,0.3334,0.1923,1.0,0.875,1
CONFINS,MG,-19.63712078,-43.962479,Biometano,0.4577,1.0,0.1923,,0.5,2
CONFINS,MG,-19.63712078,-43.962479,H2 Verde,0.4412,0.2088,0.1923,1.0,0.875,3
CONFINS,MG,-19.63712078,-43.962479,Biomassa,0.2745,0.5421,0.1923,,0.75,4
CONFRESA,MT,-10.65453607,-51.41867782,Solar,0.1925,0.0632,0.2246,0.3327,0.875,1
CONFRESA,MT,-10.65453607,-51.41867782,Eolica,0.1925,0.0632,0.2246,0.3327,0.875,1
CONFRESA,MT,-10.65453607,-51.41867782,H2 Verde,0.1783,0.0278,0.2246,0.3327,0.875,2
CONFRESA,MT,-10.65453607,-51.41867782,Biometano,0.1431,0.1892,0.2246,,0.5,3
CONFRESA,MT,-10.65453607,-51.41867782,Biomassa,0.1037,0.0909,0.2246,,0.75,4
CONGONHAS,MG,-20.50321137,-43.91684278,Solar,0.4824,0.3334,0.1634,1.0,0.875,1
CONGONHAS,MG,-20.50321137,-43.91684278,Eolica,0.4824,0.3334,0.1634,1.0,0.875,1
CONGONHAS,MG,-20.50321137,-43.91684278,Biometano,0.449,1.0,0.1634,,0.5,2
CONGONHAS,MG,-20.50321137,-43.91684278,H2 Verde,0.4325,0.2088,0.1634,1.0,0.875,3
CONGONHAS,MG,-20.50321137,-43.91684278,Biomassa,0.2659,0.5422,0.1634,,0.75,4
CONQUISTA,MG,-20.01672593,-47.61586809,Solar,0.4765,0.3334,0.1436,1.0,0.875,1
CONQUISTA,MG,-20.01672593,-47.61586809,Eolica,0.4765,0.3334,0.1436,1.0,0.875,1
CONQUISTA,MG,-20.01672593,-47.61586809,Biometano,0.4431,1.0,0.1436,,0.5,2
CONQUISTA,MG,-20.01672593,-47.61586809,H2 Verde,0.4266,0.2088,0.1436,1.0,0.875,3
CONQUISTA,SP,-19.98907385,-47.7559932,H2 Verde,0.3868,0.6729,,0.3921,0.625,4
CONQUISTA,SP,-19.98907385,-47.7559932,Solar,0.3459,0.5708,,0.3921,0.625,5
CONQUISTA,SP,-19.98907385,-47.7559932,Biometano,0.2831,0.6937,,0.0187,0.25,6
CONQUISTA,MG,-20.01672593,-47.61586809,Biomassa,0.26,0.5422,0.1436,,0.75,7
CONQUISTA,SP,-19.98907385,-47.7559932,Biomassa,0.2339,0.5708,,0.0187,0.5,8
CONQUISTA,SP,-19.98907385,-47.7559932,Eolica,0.2126,0.2375,,0.3921,0.625,9
CONQUISTA D'OESTE,MT,-14.508607595,-59.4586474225,Solar,0.2577,0.3965,0.1639,0.1664,1.0,1
CONQUISTA D'OESTE,MT,-14.508607595,-59.4586474225,H2 Verde,0.2435,0.3611,0.1639,0.1664,1.0,2
CONQUISTA D'OESTE,MT,-14.508607595,-59.4586474225,Biometano,0.1249,0.1892,0.1639,0.0002,0.625,3
CONQUISTA D'OESTE,MT,-14.508607595,-59.4586474225,Eolica,0.1244,0.0631,0.1639,0.1664,1.0,4
CONQUISTA D'OESTE,MT,-14.508607595,-59.4586474225,Biomassa,0.0856,0.0908,0.1639,0.0002,0.875,5
CONTAGEM,MG,-19.927956560000002,-44.0469396,Biometano,0.4534,1.0,0.1779,0.0,0.625,1
CONTAGEM,MG,-19.927956560000002,-44.0469396,Solar,0.3371,0.3344,0.1779,0.5,1.0,2
CONTAGEM,MG,-19.927956560000002,-44.0469396,Eolica,0.337,0.334,0.1779,0.5,1.0,3
CONTAGEM,MG,-19.927956560000002,-44.0469396,H2 Verde,0.2873,0.2098,0.1779,0.5,1.0,4
CONTAGEM,MG,-19.927956560000002,-44.0469396,Biomassa,0.2705,0.5427,0.1779,0.0,0.875,5
COQUEIRAL,MG,-21.26611111,-45.42638889,Solar,0.4556,0.6667,0.1299,0.5,1.0,1
COQUEIRAL,MG,-21.26611111,-45.42638889,Biometano,0.439,1.0,0.1299,0.0,0.625,2
COQUEIRAL,MG,-21.26611111,-45.42638889,H2 Verde,0.4058,0.5421,0.1299,0.5,1.0,3
COQUEIRAL,MG,-21.26611111,-45.42638889,Eolica,0.3223,0.3333,0.1299,0.5,1.0,4
COQUEIRAL,MG,-21.26611111,-45.42638889,Biomassa,0.2558,0.5421,0.1299,0.0,0.875,5
COQUEIRO BAIXO,RS,-29.15598889,-52.18705833,Biometano,0.3814,0.8829,0.0941,0.0,0.625,1
COQUEIRO BAIXO,RS,-29.15598889,-52.18705833,Eolica,0.2523,0.2948,0.0941,0.3537,1.0,2
COQUEIRO BAIXO,RS,-29.15598889,-52.18705833,Solar,0.2521,0.2943,0.0941,0.3537,1.0,3
COQUEIRO BAIXO,RS,-29.15598889,-52.18705833,Biomassa,0.2082,0.4499,0.0941,0.0,0.875,4
COQUEIRO BAIXO,RS,-29.15598889,-52.18705833,H2 Verde,0.1966,0.1556,0.0941,0.3537,1.0,5
CORBELIA,PR,-16.462875463333333,-35.46357889,Solar,0.3141,0.5137,0.1551,0.2071,1.0,1
CORBELIA,PR,-16.462875463333333,-35.46357889,H2 Verde,0.2824,0.4344,0.1551,0.2071,1.0,2
CORBELIA,PR,-16.462875463333333,-35.46357889,Biometano,0.2629,0.5405,0.1551,0.0005,0.625,3
CORBELIA,PR,-16.462875463333333,-35.46357889,Eolica,0.1808,0.1803,0.1551,0.2071,1.0,4
CORBELIA,PR,-16.462875463333333,-35.46357889,Biomassa,0.1592,0.2813,0.1551,0.0005,0.875,5
CORDEIROPOLIS,SP,-22.4838209475,-47.435327405,H2 Verde,0.4164,0.3335,0.1778,0.7655,0.875,1
CORDEIROPOLIS,SP,-22.4838209475,-47.435327405,Solar,0.3756,0.2314,0.1778,0.7655,0.875,2
CORDEIROPOLIS,SP,-22.4838209475,-47.435327405,Eolica,0.3756,0.2314,0.1778,0.7655,0.875,2
CORDEIROPOLIS,SP,-22.4838209475,-47.435327405,Biometano,0.3308,0.6937,0.1778,,0.5,3
CORDEIROPOLIS,SP,-22.4838209475,-47.435327405,Biomassa,0.2792,0.5647,0.1778,,0.75,4
CORDILHEIRA ALTA,SC,-27.00301111,-52.61735278,Solar,0.3046,0.4715,0.1982,0.1884,1.0,1
CORDILHEIRA ALTA,SC,-27.00301111,-52.61735278,H2 Verde,0.2969,0.4523,0.1982,0.1884,1.0,2
CORDILHEIRA ALTA,SC,-27.00301111,-52.61735278,Biometano,0.2252,0.4144,0.1982,0.0,0.625,3
CORDILHEIRA ALTA,SC,-27.00301111,-52.61735278,Eolica,0.1712,0.1381,0.1982,0.1884,1.0,4
CORDILHEIRA ALTA,SC,-27.00301111,-52.61735278,Biomassa,0.1623,0.2571,0.1982,0.0,0.875,5
COREMAS,PB,-6.960975287777778,-37.993598681111116,Solar,0.2097,0.384,0.1291,0.058,1.0,1
COREMAS,PB,-6.960975287777778,-37.993598681111116,H2 Verde,0.1983,0.3554,0.1291,0.058,1.0,2
COREMAS,PB,-6.960975287777778,-37.993598681111116,Biometano,0.0978,0.1351,0.1291,0.0168,0.625,3
COREMAS,PB,-6.960975287777778,-37.993598681111116,Eolica,0.0779,0.0543,0.1291,0.058,1.0,4
COREMAS,PB,-6.960975287777778,-37.993598681111116,Biomassa,0.0706,0.0671,0.1291,0.0168,0.875,5
COROACI,MG,-18.71899192,-42.26287429,Solar,0.4625,0.6669,0.1522,0.5004,1.0,1
COROACI,MG,-18.71899192,-42.26287429,Biometano,0.4459,1.0,0.1522,0.0008,0.625,2
COROACI,MG,-18.71899192,-42.26287429,H2 Verde,0.4127,0.5423,0.1522,0.5004,1.0,3
COROACI,MG,-18.71899192,-42.26287429,Eolica,0.3292,0.3336,0.1522,0.5004,1.0,4
COROACI,MG,-18.71899192,-42.26287429,Biomassa,0.2628,0.5423,0.1522,0.0008,0.875,5
COROMANDEL,MG,-18.442309256666665,-47.015917519999995,Solar,0.4634,0.6685,0.1506,0.5027,1.0,1
COROMANDEL,MG,-18.442309256666665,-47.015917519999995,Biometano,0.4468,1.0,0.1506,0.0054,0.625,2
COROMANDEL,MG,-18.442309256666665,-47.015917519999995,H2 Verde,0.4135,0.5439,0.1506,0.5027,1.0,3
COROMANDEL,MG,-18.442309256666665,-47.015917519999995,Eolica,0.33,0.3351,0.1506,0.5027,1.0,4
COROMANDEL,MG,-18.442309256666665,-47.015917519999995,Biomassa,0.2643,0.5439,0.1506,0.0054,0.875,5
CORONEL BARROS,RS,-28.35134482,-54.00595704,Solar,0.4094,0.6283,0.1721,0.3548,1.0,1
CORONEL BARROS,RS,-28.35134482,-54.00595704,Biometano,0.4054,0.8829,0.1721,0.0021,0.625,2
CORONEL BARROS,RS,-28.35134482,-54.00595704,H2 Verde,0.3539,0.4896,0.1721,0.3548,1.0,3
CORONEL BARROS,RS,-28.35134482,-54.00595704,Eolica,0.2761,0.295,0.1721,0.3548,1.0,4
CORONEL BARROS,RS,-28.35134482,-54.00595704,Biomassa,0.2325,0.4506,0.1721,0.0021,0.875,5
CORONEL DOMINGOS SOARES,PR,-26.23005833,-51.943080554999995,Solar,0.2929,0.5145,0.0821,0.2083,1.0,1
CORONEL DOMINGOS SOARES,PR,-26.23005833,-51.943080554999995,H2 Verde,0.2612,0.4352,0.0821,0.2083,1.0,2
CORONEL DOMINGOS SOARES,PR,-26.23005833,-51.943080554999995,Biometano,0.2417,0.5405,0.0821,0.0028,0.625,3
CORONEL DOMINGOS SOARES,PR,-26.23005833,-51.943080554999995,Eolica,0.1596,0.1811,0.0821,0.2083,1.0,4
CORONEL DOMINGOS SOARES,PR,-26.23005833,-51.943080554999995,Biomassa,0.1383,0.282,0.0821,0.0028,0.875,5
CORONEL EZEQUIEL,PB,-6.03732806,-36.13237762,Biometano,0.0541,0.1351,,0.0,0.25,1
CORONEL EZEQUIEL,PB,-6.03732806,-36.13237762,Eolica,0.0348,0.0497,,0.0496,0.625,2
CORONEL EZEQUIEL,PB,-6.03732806,-36.13237762,Solar,0.0329,0.045,,0.0496,0.625,3
CORONEL EZEQUIEL,PB,-6.03732806,-36.13237762,Biomassa,0.0246,0.0615,,0.0,0.5,4
CORONEL EZEQUIEL,PB,-6.03732806,-36.13237762,H2 Verde,0.0215,0.0165,,0.0496,0.625,5
CORONEL FABRICIANO,MG,-19.51930555,-42.627499994999994,Solar,0.4763,0.3334,0.1431,1.0,0.875,1
CORONEL FABRICIANO,MG,-19.51930555,-42.627499994999994,Eolica,0.4763,0.3334,0.1431,1.0,0.875,1
CORONEL FABRICIANO,MG,-19.51930555,-42.627499994999994,Biometano,0.4429,1.0,0.1431,,0.5,2
CORONEL FABRICIANO,MG,-19.51930555,-42.627499994999994,H2 Verde,0.4264,0.2088,0.1431,1.0,0.875,3
CORONEL FABRICIANO,MG,-19.51930555,-42.627499994999994,Biomassa,0.2598,0.5421,0.1431,,0.75,4
CORONEL VIVIDA,PR,-26.06854248,-52.58979494,Solar,0.3143,0.5135,0.1559,0.207,1.0,1
CORONEL VIVIDA,PR,-26.06854248,-52.58979494,H2 Verde,0.2826,0.4343,0.1559,0.207,1.0,2
CORONEL VIVIDA,PR,-26.06854248,-52.58979494,Biometano,0.263,0.5405,0.1559,0.0001,0.625,3
CORONEL VIVIDA,PR,-26.06854248,-52.58979494,Eolica,0.1809,0.1802,0.1559,0.207,1.0,4
CORONEL VIVIDA,PR,-26.06854248,-52.58979494,Biomassa,0.1592,0.2811,0.1559,0.0001,0.875,5
CORONEL XAVIER CHAVES,MG,-21.05555555,-44.20944445,Solar,0.4621,0.6668,0.151,0.5002,1.0,1
CORONEL XAVIER CHAVES,MG,-21.05555555,-44.20944445,Biometano,0.4454,1.0,0.151,0.0004,0.625,2
CORONEL XAVIER CHAVES,MG,-21.05555555,-44.20944445,H2 Verde,0.4122,0.5422,0.151,0.5002,1.0,3
CORONEL XAVIER CHAVES,MG,-21.05555555,-44.20944445,Eolica,0.3287,0.3335,0.151,0.5002,1.0,4
CORONEL XAVIER CHAVES,MG,-21.05555555,-44.20944445,Biomassa,0.2623,0.5422,0.151,0.0004,0.875,5
CORREGO FUNDO,MG,-20.38874676,-45.506165195,Solar,0.4789,0.3334,0.1518,1.0,0.875,1
CORREGO FUNDO,MG,-20.38874676,-45.506165195,Eolica,0.4789,0.3334,0.1518,1.0,0.875,1
CORREGO FUNDO,MG,-20.38874676,-45.506165195,Biometano,0.4456,1.0,0.1518,,0.5,2
CORREGO FUNDO,MG,-20.38874676,-45.506165195,H2 Verde,0.4291,0.2088,0.1518,1.0,0.875,3
CORREGO FUNDO,MG,-20.38874676,-45.506165195,Biomassa,0.2624,0.5422,0.1518,,0.75,4
CORREIA PINTO,SC,-13.792404025,-25.181880555,Biometano,0.2118,0.4144,0.1534,0.0,0.625,1
CORREIA PINTO,SC,-13.792404025,-25.181880555,Solar,0.159,0.1412,0.1534,0.1884,1.0,2
CORREIA PINTO,SC,-13.792404025,-25.181880555,Eolica,0.1582,0.1393,0.1534,0.1884,1.0,3
CORREIA PINTO,SC,-13.792404025,-25.181880555,H2 Verde,0.1514,0.122,0.1534,0.1884,1.0,4
CORREIA PINTO,SC,-13.792404025,-25.181880555,Biomassa,0.1493,0.2582,0.1534,0.0,0.875,5
CORRENTINA,BA,-13.33890314,-44.63304689,Solar,0.388,0.5438,0.1511,0.4172,1.0,1
CORRENTINA,BA,-13.33890314,-44.63304689,H2 Verde,0.3676,0.4928,0.1511,0.4172,1.0,2
CORRENTINA,BA,-13.33890314,-44.63304689,Biometano,0.2978,0.6306,0.1511,0.0007,0.625,3
CORRENTINA,BA,-13.33890314,-44.63304689,Eolica,0.2547,0.2104,0.1511,0.4172,1.0,4
CORRENTINA,BA,-13.33890314,-44.63304689,Biomassa,0.1934,0.3697,0.1511,0.0007,0.875,5
CORUMBA,MS,-18.657075104235336,-56.71244099002793,Biometano,0.1412,0.2613,0.1221,0.0003,0.625,1
CORUMBA,MS,-18.657075104235336,-56.71244099002793,Solar,0.138,0.1599,0.1221,0.1249,1.0,2
CORUMBA,MS,-18.657075104235336,-56.71244099002793,H2 Verde,0.1186,0.1113,0.1221,0.1249,1.0,3
CORUMBA,MS,-18.657075104235336,-56.71244099002793,Eolica,0.1091,0.0876,0.1221,0.1249,1.0,4
CORUMBA,MS,-18.657075104235336,-56.71244099002793,Biomassa,0.0871,0.126,0.1221,0.0003,0.875,5
CORUMBA DE GOIAS,GO,-15.802333335,-48.664541665,Biometano,0.1616,0.2973,0.1421,0.0,0.625,1
CORUMBA DE GOIAS,GO,-15.802333335,-48.664541665,Eolica,0.1259,0.1049,0.1421,0.1378,1.0,2
CORUMBA DE GOIAS,GO,-15.802333335,-48.664541665,Solar,0.1236,0.0991,0.1421,0.1378,1.0,3
CORUMBA DE GOIAS,GO,-15.802333335,-48.664541665,H2 Verde,0.1186,0.0866,0.1421,0.1378,1.0,4
CORUMBA DE GOIAS,GO,-15.802333335,-48.664541665,Biomassa,0.1169,0.1857,0.1421,0.0,0.875,5
CORUMBIARA,RO,-12.852221369999999,-60.914763085000004,H2 Verde,0.2058,0.3902,0.0978,0.0681,1.0,1
CORUMBIARA,RO,-12.852221369999999,-60.914763085000004,Solar,0.1957,0.3648,0.0978,0.0681,1.0,2
CORUMBIARA,RO,-12.852221369999999,-60.914763085000004,Biometano,0.0764,0.1171,0.0978,0.0009,0.625,3
CORUMBIARA,RO,-12.852221369999999,-60.914763085000004,Biomassa,0.0711,0.1038,0.0978,0.0009,0.875,4
CORUMBIARA,RO,-12.852221369999999,-60.914763085000004,Eolica,0.0655,0.0393,0.0978,0.0681,1.0,5
CORUPA,SC,-26.4197083,-49.33509225,Solar,0.2938,0.4715,0.1623,0.1884,1.0,1
CORUPA,SC,-26.4197083,-49.33509225,H2 Verde,0.2862,0.4523,0.1623,0.1884,1.0,2
CORUPA,SC,-26.4197083,-49.33509225,Biometano,0.2145,0.4144,0.1623,0.0001,0.625,3
CORUPA,SC,-26.4197083,-49.33509225,Eolica,0.1605,0.1382,0.1623,0.1884,1.0,4
CORUPA,SC,-26.4197083,-49.33509225,Biomassa,0.1516,0.2571,0.1623,0.0001,0.875,5
CORURIPE,AL,-10.0948784875,-36.2812496275,Biometano,0.0788,0.0991,0.1307,,0.5,1
CORURIPE,AL,-10.0948784875,-36.2812496275,Solar,0.0787,0.0357,0.1307,0.0842,0.875,2
CORURIPE,AL,-10.0948784875,-36.2812496275,Eolica,0.0787,0.0357,0.1307,0.0842,0.875,2
CORURIPE,AL,-10.0948784875,-36.2812496275,H2 Verde,0.0748,0.0258,0.1307,0.0842,0.875,3
CORURIPE,AL,-10.0948784875,-36.2812496275,Biomassa,0.0628,0.0589,0.1307,,0.75,4
COSMOPOLIS,SP,-22.65729996,-47.21090003,H2 Verde,0.4065,0.3345,0.1433,0.7655,0.875,1
COSMOPOLIS,SP,-22.65729996,-47.21090003,Solar,0.3656,0.2324,0.1433,0.7655,0.875,2
COSMOPOLIS,SP,-22.65729996,-47.21090003,Eolica,0.3656,0.2324,0.1433,0.7655,0.875,2
COSMOPOLIS,SP,-22.65729996,-47.21090003,Biometano,0.3205,0.6937,0.1433,,0.5,3
COSMOPOLIS,SP,-22.65729996,-47.21090003,Biomassa,0.2693,0.5657,0.1433,,0.75,4
COSTA MARQUES,RO,-12.43831043,-64.22856358,H2 Verde,0.1015,0.0645,0.1172,0.1353,0.875,1
COSTA MARQUES,RO,-12.43831043,-64.22856358,Solar,0.0913,0.039,0.1172,0.1353,0.875,2
COSTA MARQUES,RO,-12.43831043,-64.22856358,Eolica,0.0913,0.039,0.1172,0.1353,0.875,2
COSTA MARQUES,RO,-12.43831043,-64.22856358,Biometano,0.082,0.1171,0.1172,,0.5,3
COSTA MARQUES,RO,-12.43831043,-64.22856358,Biomassa,0.0766,0.1035,0.1172,,0.75,4
COSTA RICA,MS,-18.639603761666667,-53.08956966333333,Solar,0.1904,0.2,0.2415,0.1265,1.0,1
COSTA RICA,MS,-18.639603761666667,-53.08956966333333,Biometano,0.178,0.2613,0.2415,0.0035,0.625,2
COSTA RICA,MS,-18.639603761666667,-53.08956966333333,H2 Verde,0.171,0.1514,0.2415,0.1265,1.0,3
COSTA RICA,MS,-18.639603761666667,-53.08956966333333,Eolica,0.1469,0.0914,0.2415,0.1265,1.0,4
COSTA RICA,MS,-18.639603761666667,-53.08956966333333,Biomassa,0.1251,0.1291,0.2415,0.0035,0.875,5
COTIA,SP,-23.596431476666666,-46.87942569888889,Biometano,0.3468,0.6937,0.231,0.0001,0.625,1
COTIA,SP,-23.596431476666666,-46.87942569888889,H2 Verde,0.3298,0.364,0.231,0.3828,1.0,2
COTIA,SP,-23.596431476666666,-46.87942569888889,Biomassa,0.2953,0.5649,0.231,0.0001,0.875,3
COTIA,SP,-23.596431476666666,-46.87942569888889,Solar,0.2889,0.2619,0.231,0.3828,1.0,4
COTIA,SP,-23.596431476666666,-46.87942569888889,Eolica,0.2768,0.2316,0.231,0.3828,1.0,5
COTIPORA,RS,-28.96282975,-51.7577345,Solar,0.3974,0.6282,0.1324,0.3546,1.0,1
COTIPORA,RS,-28.96282975,-51.7577345,Biometano,0.3934,0.8829,0.1324,0.0017,0.625,2
COTIPORA,RS,-28.96282975,-51.7577345,H2 Verde,0.3419,0.4895,0.1324,0.3546,1.0,3
COTIPORA,RS,-28.96282975,-51.7577345,Eolica,0.264,0.2949,0.1324,0.3546,1.0,4
COTIPORA,RS,-28.96282975,-51.7577345,Biomassa,0.2204,0.4505,0.1324,0.0017,0.875,5
COXIM,MS,-18.3143161275,-56.012335039999996,Solar,0.2407,0.4031,0.1401,0.1248,1.0,1
COXIM,MS,-18.3143161275,-56.012335039999996,H2 Verde,0.2213,0.3545,0.1401,0.1248,1.0,2
COXIM,MS,-18.3143161275,-56.012335039999996,Biometano,0.1465,0.2613,0.1401,0.0,0.625,3
COXIM,MS,-18.3143161275,-56.012335039999996,Eolica,0.1143,0.0871,0.1401,0.1248,1.0,4
COXIM,MS,-18.3143161275,-56.012335039999996,Biomassa,0.0923,0.1256,0.1401,0.0,0.875,5
CRICIUMA,SC,-28.6788014725,-49.3750401325,Biometano,0.2182,0.4144,0.1748,0.0,0.625,1
CRICIUMA,SC,-28.6788014725,-49.3750401325,Solar,0.2019,0.2324,0.1748,0.1884,1.0,2
CRICIUMA,SC,-28.6788014725,-49.3750401325,H2 Verde,0.1942,0.2132,0.1748,0.1884,1.0,3
CRICIUMA,SC,-28.6788014725,-49.3750401325,Eolica,0.1642,0.1382,0.1748,0.1884,1.0,4
CRICIUMA,SC,-28.6788014725,-49.3750401325,Biomassa,0.1553,0.2571,0.1748,0.0,0.875,5
CRISSIUMAL,RS,-27.42916667,-54.12055556,Solar,0.3916,0.6277,0.1148,0.3538,1.0,1
CRISSIUMAL,RS,-27.42916667,-54.12055556,Biometano,0.3876,0.8829,0.1148,0.0001,0.625,2
CRISSIUMAL,RS,-27.42916667,-54.12055556,H2 Verde,0.3361,0.489,0.1148,0.3538,1.0,3
CRISSIUMAL,RS,-27.42916667,-54.12055556,Eolica,0.2583,0.2943,0.1148,0.3538,1.0,4
CRISSIUMAL,RS,-27.42916667,-54.12055556,Biomassa,0.2144,0.4499,0.1148,0.0001,0.875,5
CRISTAL,RS,-31.0263889,-52.04944443,Biometano,0.3945,0.8829,0.1378,,0.5,1
CRISTAL,RS,-31.0263889,-52.04944443,Solar,0.3713,0.2943,0.1378,0.7074,0.875,2
CRISTAL,RS,-31.0263889,-52.04944443,Eolica,0.3713,0.2943,0.1378,0.7074,0.875,2
CRISTAL,RS,-31.0263889,-52.04944443,H2 Verde,0.3158,0.1556,0.1378,0.7074,0.875,3
CRISTAL,RS,-31.0263889,-52.04944443,Biomassa,0.2213,0.4499,0.1378,,0.75,4
CRISTAL DO SUL,RS,-27.44004167,-53.2732,Solar,0.3946,0.6276,0.1247,0.3537,1.0,1
CRISTAL DO SUL,RS,-27.44004167,-53.2732,Biometano,0.3906,0.8829,0.1247,0.0,0.625,2
CRISTAL DO SUL,RS,-27.44004167,-53.2732,H2 Verde,0.3391,0.489,0.1247,0.3537,1.0,3
CRISTAL DO SUL,RS,-27.44004167,-53.2732,Eolica,0.2613,0.2943,0.1247,0.3537,1.0,4
CRISTAL DO SUL,RS,-27.44004167,-53.2732,Biomassa,0.2174,0.4499,0.1247,0.0,0.875,5
CRISTALINA,MG,-16.778138315,-47.406388365,Solar,0.4206,0.6713,,0.507,0.625,1
CRISTALINA,MG,-16.778138315,-47.406388365,Biometano,0.4042,1.0,,0.014,0.25,2
CRISTALINA,MG,-16.778138315,-47.406388365,H2 Verde,0.3708,0.5467,,0.507,0.625,3
CRISTALINA,MG,-16.778138315,-47.406388365,Eolica,0.2873,0.338,,0.507,0.625,4
CRISTALINA,GO,-16.6005359975,-47.753516375,Solar,0.261,0.3862,0.2158,0.1391,1.0,5
CRISTALINA,GO,-16.6005359975,-47.753516375,H2 Verde,0.256,0.3738,0.2158,0.1391,1.0,6
CRISTALINA,MG,-16.778138315,-47.406388365,Biomassa,0.2229,0.5467,,0.014,0.5,7
CRISTALINA,GO,-16.6005359975,-47.753516375,Biometano,0.1845,0.2973,0.2158,0.0026,0.625,8
CRISTALINA,GO,-16.6005359975,-47.753516375,Eolica,0.1465,0.1001,0.2158,0.1391,1.0,9
CRISTALINA,GO,-16.6005359975,-47.753516375,Biomassa,0.1403,0.1868,0.2158,0.0026,0.875,10
CRISTINA,MG,-22.16218821,-45.27746806,Solar,0.4591,0.6668,0.1412,0.5002,1.0,1
CRISTINA,MG,-22.16218821,-45.27746806,Biometano,0.4425,1.0,0.1412,0.0003,0.625,2
CRISTINA,MG,-22.16218821,-45.27746806,H2 Verde,0.4093,0.5422,0.1412,0.5002,1.0,3
CRISTINA,MG,-22.16218821,-45.27746806,Eolica,0.3258,0.3334,0.1412,0.5002,1.0,4
CRISTINA,MG,-22.16218821,-45.27746806,Biomassa,0.2593,0.5422,0.1412,0.0003,0.875,5
CRISTINO CASTRO,PI,-8.854027773333334,-44.17171296,Biometano,0.1748,0.3243,0.1503,0.0,0.625,1
CRISTINO CASTRO,PI,-8.854027773333334,-44.17171296,Eolica,0.1541,0.1529,0.1503,0.1593,1.0,2
CRISTINO CASTRO,PI,-8.854027773333334,-44.17171296,Solar,0.1361,0.1081,0.1503,0.1593,1.0,3
CRISTINO CASTRO,PI,-8.854027773333334,-44.17171296,H2 Verde,0.1103,0.0434,0.1503,0.1593,1.0,4
CRISTINO CASTRO,PI,-8.854027773333334,-44.17171296,Biomassa,0.1057,0.1515,0.1503,0.0,0.875,5
CRUZ ALTA,RS,-19.08514814,-35.71432407333333,Solar,0.3944,0.6277,0.1238,0.3538,1.0,1
CRUZ ALTA,RS,-19.08514814,-35.71432407333333,Biometano,0.3904,0.8829,0.1238,0.0002,0.625,2
CRUZ ALTA,RS,-19.08514814,-35.71432407333333,H2 Verde,0.3389,0.489,0.1238,0.3538,1.0,3
CRUZ ALTA,RS,-19.08514814,-35.71432407333333,Eolica,0.261,0.2944,0.1238,0.3538,1.0,4
CRUZ ALTA,RS,-19.08514814,-35.71432407333333,Biomassa,0.2172,0.45,0.1238,0.0002,0.875,5
CRUZ MACHADO,PR,-26.0346517,-51.18966673,Solar,0.2995,0.5135,0.1066,0.207,1.0,1
CRUZ MACHADO,PR,-26.0346517,-51.18966673,H2 Verde,0.2678,0.4343,0.1066,0.207,1.0,2
CRUZ MACHADO,PR,-26.0346517,-51.18966673,Biometano,0.2482,0.5405,0.1066,0.0001,0.625,3
CRUZ MACHADO,PR,-26.0346517,-51.18966673,Eolica,0.1662,0.1802,0.1066,0.207,1.0,4
CRUZ MACHADO,PR,-26.0346517,-51.18966673,Biomassa,0.1445,0.2811,0.1066,0.0001,0.875,5
CRUZEIRO DO IGUACU,PR,-25.594439649999998,-53.097382825,Solar,0.3069,0.5146,0.1282,0.2086,1.0,1
CRUZEIRO DO IGUACU,PR,-25.594439649999998,-53.097382825,H2 Verde,0.2752,0.4354,0.1282,0.2086,1.0,2
CRUZEIRO DO IGUACU,PR,-25.594439649999998,-53.097382825,Biometano,0.2557,0.5405,0.1282,0.0033,0.625,3
CRUZEIRO DO IGUACU,PR,-25.594439649999998,-53.097382825,Eolica,0.1735,0.1813,0.1282,0.2086,1.0,4
CRUZEIRO DO IGUACU,PR,-25.594439649999998,-53.097382825,Biomassa,0.1523,0.2822,0.1282,0.0033,0.875,5
CRUZEIRO DO SUL,RS,-29.51278785,-51.98529726,Biometano,0.3947,0.8829,0.1386,,0.5,1
CRUZEIRO DO SUL,RS,-29.51278785,-51.98529726,Solar,0.3715,0.2943,0.1386,0.7074,0.875,2
CRUZEIRO DO SUL,RS,-29.51278785,-51.98529726,Eolica,0.3715,0.2943,0.1386,0.7074,0.875,2
CRUZEIRO DO SUL,RS,-29.51278785,-51.98529726,H2 Verde,0.3161,0.1556,0.1386,0.7074,0.875,3
CRUZEIRO DO SUL,RS,-29.51278785,-51.98529726,Biomassa,0.2216,0.4499,0.1386,,0.75,4
CRUZEIRO DO SUL,AC,-7.6008171419999995,-72.733612978,Solar,0.0778,0.0086,0.1807,0.0671,0.875,5
CRUZEIRO DO SUL,AC,-7.6008171419999995,-72.733612978,Eolica,0.0778,0.0086,0.1807,0.0671,0.875,5
CRUZEIRO DO SUL,AC,-7.6008171419999995,-72.733612978,H2 Verde,0.0759,0.004,0.1807,0.0671,0.875,6
CRUZEIRO DO SUL,AC,-7.6008171419999995,-72.733612978,Biometano,0.0614,0.018,0.1807,,0.5,7
CRUZEIRO DO SUL,AC,-7.6008171419999995,-72.733612978,Biomassa,0.0582,0.01,0.1807,,0.75,8
CRUZETA,RN,0.0,0.0,H2 Verde,0.2444,0.4057,0.1383,0.1353,1.0,1
CRUZETA,RN,0.0,0.0,Solar,0.2407,0.3964,0.1383,0.1353,1.0,2
CRUZETA,RN,0.0,0.0,Biometano,0.1172,0.1892,0.1383,0.0,0.625,3
CRUZETA,RN,0.0,0.0,Eolica,0.1073,0.0631,0.1383,0.1353,1.0,4
CRUZETA,RN,0.0,0.0,Biomassa,0.0957,0.1355,0.1383,0.0,0.875,5
CUBATAO,SP,-23.86054114625,-46.413472695,H2 Verde,0.4149,0.6183,0.1365,0.4223,1.0,1
CUBATAO,SP,-23.86054114625,-46.413472695,Solar,0.3741,0.5162,0.1365,0.4223,1.0,2
CUBATAO,SP,-23.86054114625,-46.413472695,Biometano,0.3421,0.6937,0.1365,0.079,0.625,3
CUBATAO,SP,-23.86054114625,-46.413472695,Biomassa,0.3045,0.5997,0.1365,0.079,0.875,4
CUBATAO,SP,-23.86054114625,-46.413472695,Eolica,0.2742,0.2664,0.1365,0.4223,1.0,5
CUIABA,MT,-14.745772273859648,-53.123493155789475,Eolica,0.181,0.1707,0.2094,0.1665,1.0,1
CUIABA,MT,-14.745772273859648,-53.123493155789475,Solar,0.1455,0.0817,0.2094,0.1665,1.0,2
CUIABA,MT,-14.745772273859648,-53.123493155789475,Biometano,0.1386,0.1892,0.2094,0.0004,0.625,3
CUIABA,MT,-14.745772273859648,-53.123493155789475,H2 Verde,0.1313,0.0463,0.2094,0.1665,1.0,4
CUIABA,MT,-14.745772273859648,-53.123493155789475,Biomassa,0.1057,0.1069,0.2094,0.0004,0.875,5
CUMARU,PE,-7.96676906,-35.742113,Solar,0.2316,0.4144,0.1181,0.1012,1.0,1
CUMARU,PE,-7.96676906,-35.742113,H2 Verde,0.223,0.3929,0.1181,0.1012,1.0,2
CUMARU,PE,-7.96676906,-35.742113,Biometano,0.1328,0.2432,0.1181,0.0001,0.625,3
CUMARU,PE,-7.96676906,-35.742113,Eolica,0.0983,0.0811,0.1181,0.1012,1.0,4
CUMARU,PE,-7.96676906,-35.742113,Biomassa,0.0917,0.1406,0.1181,0.0001,0.875,5
CURITIBA,PR,-22.641353235,-43.810012648333334,Biometano,0.2856,0.5405,0.2309,0.0003,0.625,1
CURITIBA,PR,-22.641353235,-43.810012648333334,Solar,0.227,0.2389,0.2309,0.207,1.0,2
CURITIBA,PR,-22.641353235,-43.810012648333334,Eolica,0.2037,0.1807,0.2309,0.207,1.0,3
CURITIBA,PR,-22.641353235,-43.810012648333334,H2 Verde,0.1953,0.1597,0.2309,0.207,1.0,4
CURITIBA,PR,-22.641353235,-43.810012648333334,Biomassa,0.182,0.2816,0.2309,0.0003,0.875,5
CURITIBANOS,SC,-27.252712023636363,-50.57272266454545,Solar,0.2687,0.413,0.1537,0.1912,1.0,1
CURITIBANOS,SC,-27.252712023636363,-50.57272266454545,H2 Verde,0.261,0.3938,0.1537,0.1912,1.0,2
CURITIBANOS,SC,-27.252712023636363,-50.57272266454545,Biometano,0.2136,0.4144,0.1537,0.0057,0.625,3
CURITIBANOS,SC,-27.252712023636363,-50.57272266454545,Eolica,0.1597,0.1405,0.1537,0.1912,1.0,4
CURITIBANOS,SC,-27.252712023636363,-50.57272266454545,Biomassa,0.1516,0.2594,0.1537,0.0057,0.875,5
CURRAIS NOVOS,RN,-5.740751607857143,-33.854500315,H2 Verde,0.2454,0.4098,0.1301,0.1414,1.0,1
CURRAIS NOVOS,RN,-5.740751607857143,-33.854500315,Solar,0.2417,0.4005,0.1301,0.1414,1.0,2
CURRAIS NOVOS,RN,-5.740751607857143,-33.854500315,Eolica,0.1206,0.0979,0.1301,0.1414,1.0,3
CURRAIS NOVOS,RN,-5.740751607857143,-33.854500315,Biometano,0.1184,0.1892,0.1301,0.0123,0.625,4
CURRAIS NOVOS,RN,-5.740751607857143,-33.854500315,Biomassa,0.0986,0.1396,0.1301,0.0123,0.875,5
CURRAL NOVO DO PIAUI,PI,-7.982264218333333,-40.615277919166665,Solar,0.2766,0.4529,0.1417,0.1765,1.0,1
CURRAL NOVO DO PIAUI,PI,-7.982264218333333,-40.615277919166665,H2 Verde,0.2507,0.3882,0.1417,0.1765,1.0,2
CURRAL NOVO DO PIAUI,PI,-7.982264218333333,-40.615277919166665,Biometano,0.1825,0.3243,0.1417,0.0343,0.625,3
CURRAL NOVO DO PIAUI,PI,-7.982264218333333,-40.615277919166665,Eolica,0.1433,0.1195,0.1417,0.1765,1.0,4
CURRAL NOVO DO PIAUI,PI,-7.982264218333333,-40.615277919166665,Biomassa,0.118,0.1629,0.1417,0.0343,0.875,5
CURRALINHO,PA,-1.6012735058914027,-49.963340462846155,H2 Verde,0.3056,0.4776,0.1819,0.2,1.0,1
CURRALINHO,PA,-1.6012735058914027,-49.963340462846155,Solar,0.2804,0.4145,0.1819,0.2,1.0,2
CURRALINHO,PA,-1.6012735058914027,-49.963340462846155,Biometano,0.1519,0.2432,0.1819,0.0002,0.625,3
CURRALINHO,PA,-1.6012735058914027,-49.963340462846155,Eolica,0.147,0.0811,0.1819,0.2,1.0,4
CURRALINHO,PA,-1.6012735058914027,-49.963340462846155,Biomassa,0.1448,0.2254,0.1819,0.0002,0.875,5
CURURUPU,MA,-1.720107745,-44.812285595000006,H2 Verde,0.2393,0.417,0.1293,0.1122,1.0,1
CURURUPU,MA,-1.720107745,-44.812285595000006,Solar,0.2298,0.3934,0.1293,0.1122,1.0,2
CURURUPU,MA,-1.720107745,-44.812285595000006,Biometano,0.1109,0.1802,0.1293,0.0,0.625,3
CURURUPU,MA,-1.720107745,-44.812285595000006,Eolica,0.0965,0.0601,0.1293,0.1122,1.0,4
CURURUPU,MA,-1.720107745,-44.812285595000006,Biomassa,0.0963,0.1438,0.1293,0.0,0.875,5
CURVELO,MG,-18.816106723333334,-44.54683843,Solar,0.4654,0.6643,0.162,0.5037,1.0,1
CURVELO,MG,-18.816106723333334,-44.54683843,Biometano,0.4508,1.0,0.162,0.0074,0.625,2
CURVELO,MG,-18.816106723333334,-44.54683843,H2 Verde,0.4156,0.5397,0.162,0.5037,1.0,3
CURVELO,MG,-18.816106723333334,-44.54683843,Eolica,0.3341,0.3358,0.162,0.5037,1.0,4
CURVELO,MG,-18.816106723333334,-44.54683843,Biomassa,0.2687,0.5446,0.162,0.0074,0.875,5
DAVINOPOLIS,GO,-18.13250278,-47.63995278,Biometano,0.1541,0.2973,0.1172,0.0,0.625,1
DAVINOPOLIS,GO,-18.13250278,-47.63995278,Eolica,0.1165,0.1,0.1172,0.1378,1.0,2
DAVINOPOLIS,GO,-18.13250278,-47.63995278,Solar,0.1161,0.0991,0.1172,0.1378,1.0,3
DAVINOPOLIS,GO,-18.13250278,-47.63995278,H2 Verde,0.1112,0.0866,0.1172,0.1378,1.0,4
DAVINOPOLIS,GO,-18.13250278,-47.63995278,Biomassa,0.1095,0.1857,0.1172,0.0,0.875,5
DELFIM MOREIRA,MG,-22.49360887,-45.33001027,Solar,0.4579,0.667,0.1365,0.5004,1.0,1
DELFIM MOREIRA,MG,-22.49360887,-45.33001027,Biometano,0.4412,1.0,0.1365,0.0009,0.625,2
DELFIM MOREIRA,MG,-22.49360887,-45.33001027,H2 Verde,0.408,0.5424,0.1365,0.5004,1.0,3
DELFIM MOREIRA,MG,-22.49360887,-45.33001027,Eolica,0.3245,0.3336,0.1365,0.5004,1.0,4
DELFIM MOREIRA,MG,-22.49360887,-45.33001027,Biomassa,0.2582,0.5424,0.1365,0.0009,0.875,5
DELFINOPOLIS,MG,-20.28626109,-47.06438589,Solar,0.4857,0.6808,0.19,0.5211,1.0,1
DELFINOPOLIS,MG,-20.28626109,-47.06438589,Biometano,0.4697,1.0,0.19,0.0423,0.625,2
DELFINOPOLIS,MG,-20.28626109,-47.06438589,H2 Verde,0.4358,0.5562,0.19,0.5211,1.0,3
DELFINOPOLIS,MG,-20.28626109,-47.06438589,Eolica,0.3523,0.3474,0.19,0.5211,1.0,4
DELFINOPOLIS,MG,-20.28626109,-47.06438589,Biomassa,0.2922,0.5562,0.19,0.0423,0.875,5
DELMIRO GOUVEIA,BA,-9.40167063,-38.2037860175,Solar,0.4401,0.6585,,0.5892,0.625,1
DELMIRO GOUVEIA,BA,-9.40167063,-38.2037860175,H2 Verde,0.4198,0.6075,,0.5892,0.625,2
DELMIRO GOUVEIA,BA,-9.40167063,-38.2037860175,Biometano,0.3557,0.6306,,0.3448,0.25,3
DELMIRO GOUVEIA,BA,-9.40167063,-38.2037860175,Eolica,0.3068,0.3251,,0.5892,0.625,4
DELMIRO GOUVEIA,BA,-9.40167063,-38.2037860175,Biomassa,0.2972,0.4844,,0.3448,0.5,5
DELMIRO GOUVEIA,AL,-9.364502982000001,-38.162909881999994,Solar,0.2153,0.3782,0.1536,0.0599,1.0,6
DELMIRO GOUVEIA,AL,-9.364502982000001,-38.162909881999994,H2 Verde,0.2114,0.3683,0.1536,0.0599,1.0,7
DELMIRO GOUVEIA,AL,-9.364502982000001,-38.162909881999994,Biometano,0.0964,0.0991,0.1536,0.0355,0.625,8
DELMIRO GOUVEIA,AL,-9.364502982000001,-38.162909881999994,Eolica,0.0851,0.0525,0.1536,0.0599,1.0,9
DELMIRO GOUVEIA,AL,-9.364502982000001,-38.162909881999994,Biomassa,0.084,0.068,0.1536,0.0355,0.875,10
DELTA,MG,-19.950396904999998,-47.82496964,Solar,0.4958,0.3364,0.2042,1.0,0.875,1
DELTA,MG,-19.950396904999998,-47.82496964,Eolica,0.4958,0.3364,0.2042,1.0,0.875,1
DELTA,MG,-19.950396904999998,-47.82496964,Biometano,0.4613,1.0,0.2042,,0.5,2
DELTA,MG,-19.950396904999998,-47.82496964,H2 Verde,0.446,0.2118,0.2042,1.0,0.875,3
DELTA,MG,-19.950396904999998,-47.82496964,Biomassa,0.2793,0.5451,0.2042,,0.75,4
DEODAPOLIS,MS,-22.26601667,-54.16353333,Solar,0.2559,0.4204,0.1677,0.1248,1.0,1
DEODAPOLIS,MS,-22.26601667,-54.16353333,H2 Verde,0.2365,0.3718,0.1677,0.1248,1.0,2
DEODAPOLIS,MS,-22.26601667,-54.16353333,Biometano,0.1548,0.2613,0.1677,0.0,0.625,3
DEODAPOLIS,MS,-22.26601667,-54.16353333,Eolica,0.1226,0.0871,0.1677,0.1248,1.0,4
DEODAPOLIS,MS,-22.26601667,-54.16353333,Biomassa,0.1005,0.1256,0.1677,0.0,0.875,5
DESCALVADO,SP,-21.8318,-47.7505,H2 Verde,0.4064,0.3335,0.1444,0.7655,0.875,1
DESCALVADO,SP,-21.8318,-47.7505,Solar,0.3655,0.2313,0.1444,0.7655,0.875,2
DESCALVADO,SP,-21.8318,-47.7505,Eolica,0.3655,0.2313,0.1444,0.7655,0.875,2
DESCALVADO,SP,-21.8318,-47.7505,Biometano,0.3208,0.6937,0.1444,,0.5,3
DESCALVADO,SP,-21.8318,-47.7505,Biomassa,0.2692,0.5647,0.1444,,0.75,4
DESCOBERTO,MG,-21.37404851,-42.99378205,Solar,0.461,0.6674,0.1456,0.5011,1.0,1
DESCOBERTO,MG,-21.37404851,-42.99378205,Biometano,0.4443,1.0,0.1456,0.0022,0.625,2
DESCOBERTO,MG,-21.37404851,-42.99378205,H2 Verde,0.4111,0.5428,0.1456,0.5011,1.0,3
DESCOBERTO,MG,-21.37404851,-42.99378205,Eolica,0.3276,0.3341,0.1456,0.5011,1.0,4
DESCOBERTO,MG,-21.37404851,-42.99378205,Biomassa,0.2614,0.5428,0.1456,0.0022,0.875,5
DEZESSEIS DE NOVEMBRO,RS,-28.14111111,-55.05194444,Solar,0.39,0.6299,0.103,0.3571,1.0,1
DEZESSEIS DE NOVEMBRO,RS,-28.14111111,-55.05194444,Biometano,0.3861,0.8829,0.103,0.0068,0.625,2
DEZESSEIS DE NOVEMBRO,RS,-28.14111111,-55.05194444,H2 Verde,0.3345,0.4912,0.103,0.3571,1.0,3
DEZESSEIS DE NOVEMBRO,RS,-28.14111111,-55.05194444,Eolica,0.2567,0.2966,0.103,0.3571,1.0,4
DEZESSEIS DE NOVEMBRO,RS,-28.14111111,-55.05194444,Biomassa,0.2138,0.4522,0.103,0.0068,0.875,5
DIADEMA,SP,-23.681330432,-46.614157554,H2 Verde,0.411,0.3335,0.1599,0.7655,0.875,1
DIADEMA,SP,-23.681330432,-46.614157554,Solar,0.3702,0.2314,0.1599,0.7655,0.875,2
DIADEMA,SP,-23.681330432,-46.614157554,Eolica,0.3702,0.2314,0.1599,0.7655,0.875,2
DIADEMA,SP,-23.681330432,-46.614157554,Biometano,0.3255,0.6937,0.1599,,0.5,3
DIADEMA,SP,-23.681330432,-46.614157554,Biomassa,0.2739,0.5647,0.1599,,0.75,4
DIAMANTE DO NORTE,SP,-22.6,-52.869444,H2 Verde,0.3904,0.6772,,0.3985,0.625,1
DIAMANTE DO NORTE,SP,-22.6,-52.869444,Solar,0.3496,0.5751,,0.3985,0.625,2
DIAMANTE DO NORTE,SP,-22.6,-52.869444,Biometano,0.2869,0.6937,,0.0315,0.25,3
DIAMANTE DO NORTE,SP,-22.6,-52.869444,Biomassa,0.2395,0.5751,,0.0315,0.5,4
DIAMANTE DO NORTE,SP,-22.6,-52.869444,Eolica,0.2162,0.2417,,0.3985,0.625,5
DIAMANTINA,MG,-18.36289722,-43.95995556,Solar,0.462,0.6676,0.1487,0.5013,1.0,1
DIAMANTINA,MG,-18.36289722,-43.95995556,Biometano,0.4454,1.0,0.1487,0.0027,0.625,2
DIAMANTINA,MG,-18.36289722,-43.95995556,H2 Verde,0.4122,0.543,0.1487,0.5013,1.0,3
DIAMANTINA,MG,-18.36289722,-43.95995556,Eolica,0.3287,0.3342,0.1487,0.5013,1.0,4
DIAMANTINA,MG,-18.36289722,-43.95995556,Biomassa,0.2626,0.543,0.1487,0.0027,0.875,5
DIAMANTINO,MT,-13.910146525,-56.79490326,Solar,0.2568,0.3972,0.1586,0.1676,1.0,1
DIAMANTINO,MT,-13.910146525,-56.79490326,H2 Verde,0.2426,0.3618,0.1586,0.1676,1.0,2
DIAMANTINO,MT,-13.910146525,-56.79490326,Eolica,0.1244,0.0664,0.1586,0.1676,1.0,3
DIAMANTINO,MT,-13.910146525,-56.79490326,Biometano,0.124,0.1892,0.1586,0.0025,0.625,4
DIAMANTINO,MT,-13.910146525,-56.79490326,Biomassa,0.085,0.0916,0.1586,0.0025,0.875,5
DIANOPOLIS,TO,-11.617478574285714,-46.69291406142857,Solar,0.2055,0.3744,0.1187,0.0671,1.0,1
DIANOPOLIS,TO,-11.617478574285714,-46.69291406142857,H2 Verde,0.2029,0.3678,0.1187,0.0671,1.0,2
DIANOPOLIS,TO,-11.617478574285714,-46.69291406142857,Eolica,0.0855,0.0744,0.1187,0.0671,1.0,3
DIANOPOLIS,TO,-11.617478574285714,-46.69291406142857,Biometano,0.0834,0.1081,0.1187,0.015,0.625,4
DIANOPOLIS,TO,-11.617478574285714,-46.69291406142857,Biomassa,0.0683,0.0705,0.1187,0.015,0.875,5
DIAS D'AVILA,BA,-12.65077152,-38.3567934,Solar,0.3817,0.2103,0.1583,0.8337,0.875,1
DIAS D'AVILA,BA,-12.65077152,-38.3567934,Eolica,0.3817,0.2103,0.1583,0.8337,0.875,1
DIAS D'AVILA,BA,-12.65077152,-38.3567934,H2 Verde,0.3613,0.1594,0.1583,0.8337,0.875,2
DIAS D'AVILA,BA,-12.65077152,-38.3567934,Biometano,0.2998,0.6306,0.1583,,0.5,3
DIAS D'AVILA,BA,-12.65077152,-38.3567934,Biomassa,0.1953,0.3696,0.1583,,0.75,4
DIVINO,MG,-20.14183333,-44.90594444,Solar,0.4807,0.3334,0.1578,1.0,0.875,1
DIVINO,MG,-20.14183333,-44.90594444,Eolica,0.4807,0.3334,0.1578,1.0,0.875,1
DIVINO,MG,-20.14183333,-44.90594444,Biometano,0.4473,1.0,0.1578,,0.5,2
DIVINO,MG,-20.14183333,-44.90594444,H2 Verde,0.4308,0.2088,0.1578,1.0,0.875,3
DIVINO,MG,-20.14183333,-44.90594444,Biomassa,0.2642,0.5421,0.1578,,0.75,4
DIVINOPOLIS,MG,-20.13022497772727,-44.890226421363636,Biometano,0.4506,1.0,0.1674,0.0014,0.625,1
DIVINOPOLIS,MG,-20.13022497772727,-44.890226421363636,Solar,0.3958,0.4884,0.1674,0.5007,1.0,2
DIVINOPOLIS,MG,-20.13022497772727,-44.890226421363636,H2 Verde,0.346,0.3638,0.1674,0.5007,1.0,3
DIVINOPOLIS,MG,-20.13022497772727,-44.890226421363636,Eolica,0.3342,0.3343,0.1674,0.5007,1.0,4
DIVINOPOLIS,MG,-20.13022497772727,-44.890226421363636,Biomassa,0.2679,0.5431,0.1674,0.0014,0.875,5
DOBRADA,SP,-21.51480389,-48.40024306,H2 Verde,0.4117,0.3334,0.1622,0.7655,0.875,1
DOBRADA,SP,-21.51480389,-48.40024306,Solar,0.3708,0.2313,0.1622,0.7655,0.875,2
DOBRADA,SP,-21.51480389,-48.40024306,Eolica,0.3708,0.2313,0.1622,0.7655,0.875,2
DOBRADA,SP,-21.51480389,-48.40024306,Biometano,0.3261,0.6937,0.1622,,0.5,3
DOBRADA,SP,-21.51480389,-48.40024306,Biomassa,0.2745,0.5646,0.1622,,0.75,4
DOIS CORREGOS,SP,-22.33879999,-48.40660002,H2 Verde,0.4037,0.3335,0.1355,0.7655,0.875,1
DOIS CORREGOS,SP,-22.33879999,-48.40660002,Solar,0.3629,0.2314,0.1355,0.7655,0.875,2
DOIS CORREGOS,SP,-22.33879999,-48.40660002,Eolica,0.3629,0.2314,0.1355,0.7655,0.875,2
DOIS CORREGOS,SP,-22.33879999,-48.40660002,Biometano,0.3181,0.6937,0.1355,,0.5,3
DOIS CORREGOS,SP,-22.33879999,-48.40660002,Biomassa,0.2665,0.5648,0.1355,,0.75,4
DOIS IRMAOS,RS,-29.59147322,-51.11239844,Solar,0.407,0.6277,0.1661,0.3538,1.0,1
DOIS IRMAOS,RS,-29.59147322,-51.11239844,Biometano,0.403,0.8829,0.1661,0.0001,0.625,2
DOIS IRMAOS,RS,-29.59147322,-51.11239844,H2 Verde,0.3516,0.489,0.1661,0.3538,1.0,3
DOIS IRMAOS,RS,-29.59147322,-51.11239844,Eolica,0.2737,0.2943,0.1661,0.3538,1.0,4
DOIS IRMAOS,RS,-29.59147322,-51.11239844,Biomassa,0.2299,0.45,0.1661,0.0001,0.875,5
DOIS LAJEADOS,RS,-28.94069116,-51.77335718,Solar,0.3944,0.6282,0.1226,0.3546,1.0,1
DOIS LAJEADOS,RS,-28.94069116,-51.77335718,Biometano,0.3905,0.8829,0.1226,0.0017,0.625,2
DOIS LAJEADOS,RS,-28.94069116,-51.77335718,H2 Verde,0.339,0.4895,0.1226,0.3546,1.0,3
DOIS LAJEADOS,RS,-28.94069116,-51.77335718,Eolica,0.2611,0.2949,0.1226,0.3546,1.0,4
DOIS LAJEADOS,RS,-28.94069116,-51.77335718,Biomassa,0.2175,0.4505,0.1226,0.0017,0.875,5
DOIS VIZINHOS,PR,-24.74875088,-53.72958088,Biometano,0.2745,0.5405,0.1942,,0.5,1
DOIS VIZINHOS,PR,-24.74875088,-53.72958088,Solar,0.2545,0.1803,0.1942,0.4138,0.875,2
DOIS VIZINHOS,PR,-24.74875088,-53.72958088,Eolica,0.2545,0.1803,0.1942,0.4138,0.875,2
DOIS VIZINHOS,PR,-24.74875088,-53.72958088,H2 Verde,0.2228,0.101,0.1942,0.4138,0.875,3
DOIS VIZINHOS,PR,-24.74875088,-53.72958088,Biomassa,0.1707,0.2812,0.1942,,0.75,4
DOM BASILIO,BA,0.0,0.0,Biometano,0.2956,0.6306,0.1446,0.0,0.625,1
DOM BASILIO,BA,0.0,0.0,Eolica,0.2563,0.2196,0.1446,0.4168,1.0,2
DOM BASILIO,BA,0.0,0.0,Solar,0.2525,0.2102,0.1446,0.4168,1.0,3
DOM BASILIO,BA,0.0,0.0,H2 Verde,0.2321,0.1593,0.1446,0.4168,1.0,4
DOM BASILIO,BA,0.0,0.0,Biomassa,0.1912,0.3695,0.1446,0.0,0.875,5
DOM ELISEU,PA,-4.3887420850000005,-47.651237914999996,H2 Verde,0.3028,0.4776,0.1726,0.1999,1.0,1
DOM ELISEU,PA,-4.3887420850000005,-47.651237914999996,Solar,0.2775,0.4144,0.1726,0.1999,1.0,2
DOM ELISEU,PA,-4.3887420850000005,-47.651237914999996,Biometano,0.1491,0.2432,0.1726,0.0001,0.625,3
DOM ELISEU,PA,-4.3887420850000005,-47.651237914999996,Eolica,0.1442,0.0811,0.1726,0.1999,1.0,4
DOM ELISEU,PA,-4.3887420850000005,-47.651237914999996,Biomassa,0.1419,0.2253,0.1726,0.0001,0.875,5
DOM INOCENCIO,PI,-8.98533443016129,-41.75158910725806,Solar,0.2982,0.4807,0.1347,0.2183,1.0,1
DOM INOCENCIO,PI,-8.98533443016129,-41.75158910725806,H2 Verde,0.2723,0.416,0.1347,0.2183,1.0,2
DOM INOCENCIO,PI,-8.98533443016129,-41.75158910725806,Eolica,0.2118,0.2649,0.1347,0.2183,1.0,3
DOM INOCENCIO,PI,-8.98533443016129,-41.75158910725806,Biometano,0.2055,0.3243,0.1347,0.1179,0.625,4
DOM INOCENCIO,PI,-8.98533443016129,-41.75158910725806,Biomassa,0.1521,0.1908,0.1347,0.1179,0.875,5
DOM PEDRITO,RS,-30.97620861,-54.64368442,Biometano,0.3909,0.8829,0.1258,,0.5,1
DOM PEDRITO,RS,-30.97620861,-54.64368442,Solar,0.3677,0.2943,0.1258,0.7074,0.875,2
DOM PEDRITO,RS,-30.97620861,-54.64368442,Eolica,0.3677,0.2943,0.1258,0.7074,0.875,2
DOM PEDRITO,RS,-30.97620861,-54.64368442,H2 Verde,0.3122,0.1556,0.1258,0.7074,0.875,3
DOM PEDRITO,RS,-30.97620861,-54.64368442,Biomassa,0.2177,0.4499,0.1258,,0.75,4
DOMINGOS MARTINS,ES,-10.180388715,-20.302381955,H2 Verde,0.2206,0.3848,0.1655,0.0567,1.0,1
DOMINGOS MARTINS,ES,-10.180388715,-20.302381955,Solar,0.21,0.3584,0.1655,0.0567,1.0,2
DOMINGOS MARTINS,ES,-10.180388715,-20.302381955,Biomassa,0.0808,0.0755,0.1655,0.0031,0.875,3
DOMINGOS MARTINS,ES,-10.180388715,-20.302381955,Biometano,0.0794,0.0721,0.1655,0.0031,0.625,4
DOMINGOS MARTINS,ES,-10.180388715,-20.302381955,Eolica,0.0768,0.0254,0.1655,0.0567,1.0,5
DONA EMMA,SC,-26.992694235000002,-49.678271255,Solar,0.2961,0.4716,0.1697,0.1886,1.0,1
DONA EMMA,SC,-26.992694235000002,-49.678271255,H2 Verde,0.2885,0.4524,0.1697,0.1886,1.0,2
DONA EMMA,SC,-26.992694235000002,-49.678271255,Biometano,0.2168,0.4144,0.1697,0.0004,0.625,3
DONA EMMA,SC,-26.992694235000002,-49.678271255,Eolica,0.1628,0.1383,0.1697,0.1886,1.0,4
DONA EMMA,SC,-26.992694235000002,-49.678271255,Biomassa,0.1539,0.2572,0.1697,0.0004,0.875,5
DORES DE GUANHAES,MG,-19.048584425,-42.903239705000004,Solar,0.4564,0.6684,0.1276,0.5026,1.0,1
DORES DE GUANHAES,MG,-19.048584425,-42.903239705000004,Biometano,0.4398,1.0,0.1276,0.0051,0.625,2
DORES DE GUANHAES,MG,-19.048584425,-42.903239705000004,H2 Verde,0.4065,0.5438,0.1276,0.5026,1.0,3
DORES DE GUANHAES,MG,-19.048584425,-42.903239705000004,Eolica,0.3231,0.335,0.1276,0.5026,1.0,4
DORES DE GUANHAES,MG,-19.048584425,-42.903239705000004,Biomassa,0.2573,0.5438,0.1276,0.0051,0.875,5
DORES DO RIO PRETO,ES,-20.74657479,-41.87479677,H2 Verde,0.2137,0.3839,0.145,0.0553,1.0,1
DORES DO RIO PRETO,ES,-20.74657479,-41.87479677,Solar,0.2031,0.3575,0.145,0.0553,1.0,2
DORES DO RIO PRETO,ES,-20.74657479,-41.87479677,Biomassa,0.0735,0.0746,0.145,0.0004,0.875,3
DORES DO RIO PRETO,ES,-20.74657479,-41.87479677,Biometano,0.0725,0.0721,0.145,0.0004,0.625,4
DORES DO RIO PRETO,ES,-20.74657479,-41.87479677,Eolica,0.0698,0.0242,0.145,0.0553,1.0,5
DOURADINA,PR,-23.381527775000002,-53.29736111,Solar,0.3247,0.5136,0.1905,0.207,1.0,1
DOURADINA,PR,-23.381527775000002,-53.29736111,H2 Verde,0.293,0.4343,0.1905,0.207,1.0,2
DOURADINA,PR,-23.381527775000002,-53.29736111,Biometano,0.2734,0.5405,0.1905,0.0002,0.625,3
DOURADINA,PR,-23.381527775000002,-53.29736111,Eolica,0.1914,0.1802,0.1905,0.207,1.0,4
DOURADINA,PR,-23.381527775000002,-53.29736111,Biomassa,0.1697,0.2812,0.1905,0.0002,0.875,5
DOURADOS,MS,-22.286012205,-54.808540635,Biometano,0.1665,0.2613,0.2063,0.0004,0.625,1
DOURADOS,MS,-22.286012205,-54.808540635,Solar,0.1466,0.118,0.2063,0.125,1.0,2
DOURADOS,MS,-22.286012205,-54.808540635,Eolica,0.1349,0.0888,0.2063,0.125,1.0,3
DOURADOS,MS,-22.286012205,-54.808540635,H2 Verde,0.1271,0.0694,0.2063,0.125,1.0,4
DOURADOS,MS,-22.286012205,-54.808540635,Biomassa,0.1129,0.1273,0.2063,0.0004,0.875,5
DOUTOR PEDRINHO,SC,-26.757204455,-49.45390511,Solar,0.2884,0.4716,0.144,0.1886,1.0,1
DOUTOR PEDRINHO,SC,-26.757204455,-49.45390511,H2 Verde,0.2808,0.4524,0.144,0.1886,1.0,2
DOUTOR PEDRINHO,SC,-26.757204455,-49.45390511,Biometano,0.2091,0.4144,0.144,0.0004,0.625,3
DOUTOR PEDRINHO,SC,-26.757204455,-49.45390511,Eolica,0.1551,0.1383,0.144,0.1886,1.0,4
DOUTOR PEDRINHO,SC,-26.757204455,-49.45390511,Biomassa,0.1462,0.2573,0.144,0.0004,0.875,5
DRACENA,SP,-21.459014446666668,-51.589465733333334,H2 Verde,0.429,0.6691,0.1516,0.3864,1.0,1
DRACENA,SP,-21.459014446666668,-51.589465733333334,Solar,0.3882,0.567,0.1516,0.3864,1.0,2
DRACENA,SP,-21.459014446666668,-51.589465733333334,Biometano,0.3251,0.6937,0.1516,0.0072,0.625,3
DRACENA,SP,-21.459014446666668,-51.589465733333334,Biomassa,0.2744,0.567,0.1516,0.0072,0.875,4
DRACENA,SP,-21.459014446666668,-51.589465733333334,Eolica,0.2548,0.2336,0.1516,0.3864,1.0,5
DUQUE DE CAXIAS,RJ,-19.49775914,-37.10447527142857,H2 Verde,0.1386,0.1421,0.1692,0.1033,1.0,1
DUQUE DE CAXIAS,RJ,-19.49775914,-37.10447527142857,Biomassa,0.1339,0.2078,0.1692,0.0001,0.875,2
DUQUE DE CAXIAS,RJ,-19.49775914,-37.10447527142857,Biometano,0.1301,0.1982,0.1692,0.0001,0.625,3
DUQUE DE CAXIAS,RJ,-19.49775914,-37.10447527142857,Solar,0.1209,0.0979,0.1692,0.1033,1.0,4
DUQUE DE CAXIAS,RJ,-19.49775914,-37.10447527142857,Eolica,0.1207,0.0975,0.1692,0.1033,1.0,5
DURANDE,MG,-20.10611109,-41.771805580000006,Solar,0.4618,0.6667,0.1503,0.5001,1.0,1
DURANDE,MG,-20.10611109,-41.771805580000006,Biometano,0.4451,1.0,0.1503,0.0002,0.625,2
DURANDE,MG,-20.10611109,-41.771805580000006,H2 Verde,0.412,0.5421,0.1503,0.5001,1.0,3
DURANDE,MG,-20.10611109,-41.771805580000006,Eolica,0.3285,0.3334,0.1503,0.5001,1.0,4
DURANDE,MG,-20.10611109,-41.771805580000006,Biomassa,0.262,0.5421,0.1503,0.0002,0.875,5
EDEIA,GO,-17.510010110000003,-50.01878061,Solar,0.1681,0.1024,0.1483,0.2756,0.875,1
EDEIA,GO,-17.510010110000003,-50.01878061,Eolica,0.1681,0.1024,0.1483,0.2756,0.875,1
EDEIA,GO,-17.510010110000003,-50.01878061,Biometano,0.1634,0.2973,0.1483,,0.5,2
EDEIA,GO,-17.510010110000003,-50.01878061,H2 Verde,0.1631,0.09,0.1483,0.2756,0.875,3
EDEIA,GO,-17.510010110000003,-50.01878061,Biomassa,0.1201,0.1891,0.1483,,0.75,4
EIRUNEPE,AM,-6.7428633079999996,-69.89258552599999,H2 Verde,0.0842,0.0321,0.1582,0.0797,1.0,1
EIRUNEPE,AM,-6.7428633079999996,-69.89258552599999,Solar,0.079,0.0191,0.1582,0.0797,1.0,2
EIRUNEPE,AM,-6.7428633079999996,-69.89258552599999,Eolica,0.0787,0.0183,0.1582,0.0797,1.0,3
EIRUNEPE,AM,-6.7428633079999996,-69.89258552599999,Biometano,0.0691,0.0541,0.1582,0.0,0.625,4
EIRUNEPE,AM,-6.7428633079999996,-69.89258552599999,Biomassa,0.0672,0.0493,0.1582,0.0,0.875,5
ELDORADO DO SUL,RS,-30.00472222,-51.32472222,Solar,0.4097,0.6276,0.1752,0.3537,1.0,1
ELDORADO DO SUL,RS,-30.00472222,-51.32472222,Biometano,0.4057,0.8829,0.1752,0.0,0.625,2
ELDORADO DO SUL,RS,-30.00472222,-51.32472222,H2 Verde,0.3543,0.4889,0.1752,0.3537,1.0,3
ELDORADO DO SUL,RS,-30.00472222,-51.32472222,Eolica,0.2764,0.2943,0.1752,0.3537,1.0,4
ELDORADO DO SUL,RS,-30.00472222,-51.32472222,Biomassa,0.2325,0.4499,0.1752,0.0,0.875,5
ELIAS FAUSTO,SP,-23.07075,-47.37063,H2 Verde,0.4132,0.3335,0.1672,0.7655,0.875,1
ELIAS FAUSTO,SP,-23.07075,-47.37063,Solar,0.3724,0.2314,0.1672,0.7655,0.875,2
ELIAS FAUSTO,SP,-23.07075,-47.37063,Eolica,0.3724,0.2314,0.1672,0.7655,0.875,2
ELIAS FAUSTO,SP,-23.07075,-47.37063,Biomassa,0.276,0.5647,0.1672,,0.75,3
ELIAS FAUSTO,SP,-23.07075,-47.37063,Biometano,0.2577,0.5187,0.1672,,0.75,4
ELISEU MARTINS,PI,-8.0782561925,-43.672628544999995,Biometano,0.166,0.3243,0.1208,0.0,0.625,1
ELISEU MARTINS,PI,-8.0782561925,-43.672628544999995,Eolica,0.1322,0.1204,0.1208,0.1593,1.0,2
ELISEU MARTINS,PI,-8.0782561925,-43.672628544999995,Solar,0.1273,0.1081,0.1208,0.1593,1.0,3
ELISEU MARTINS,PI,-8.0782561925,-43.672628544999995,H2 Verde,0.1014,0.0434,0.1208,0.1593,1.0,4
ELISEU MARTINS,PI,-8.0782561925,-43.672628544999995,Biomassa,0.0968,0.1515,0.1208,0.0,0.875,5
EMBU,SP,-23.649064206666665,-46.84972797166666,H2 Verde,0.3631,0.3335,,0.7655,0.5,1
EMBU,SP,-23.649064206666665,-46.84972797166666,Solar,0.3222,0.2314,,0.7655,0.5,2
EMBU,SP,-23.649064206666665,-46.84972797166666,Eolica,0.3222,0.2314,,0.7655,0.5,2
EMBU,SP,-23.649064206666665,-46.84972797166666,Biometano,0.2775,0.6937,,,0.125,3
EMBU,SP,-23.649064206666665,-46.84972797166666,Biomassa,0.2259,0.5647,,,0.375,4
ENCANTADO,RS,-29.21202778,-51.88925,Biometano,0.4032,0.8829,0.1667,,0.5,1
ENCANTADO,RS,-29.21202778,-51.88925,Solar,0.3799,0.2943,0.1667,0.7074,0.875,2
ENCANTADO,RS,-29.21202778,-51.88925,Eolica,0.3799,0.2943,0.1667,0.7074,0.875,2
ENCANTADO,RS,-29.21202778,-51.88925,H2 Verde,0.3245,0.1556,0.1667,0.7074,0.875,3
ENCANTADO,RS,-29.21202778,-51.88925,Biomassa,0.23,0.4499,0.1667,,0.75,4
ENCRUZILHADA DO SUL,RS,-20.442665056666666,-35.04743778666667,Biometano,0.3924,0.8829,0.1303,0.0004,0.625,1
ENCRUZILHADA DO SUL,RS,-20.442665056666666,-35.04743778666667,Solar,0.3397,0.486,0.1303,0.3539,1.0,2
ENCRUZILHADA DO SUL,RS,-20.442665056666666,-35.04743778666667,H2 Verde,0.2842,0.3473,0.1303,0.3539,1.0,3
ENCRUZILHADA DO SUL,RS,-20.442665056666666,-35.04743778666667,Eolica,0.2631,0.2945,0.1303,0.3539,1.0,4
ENCRUZILHADA DO SUL,RS,-20.442665056666666,-35.04743778666667,Biomassa,0.2193,0.4502,0.1303,0.0004,0.875,5
ENGENHEIRO BELTRAO,PR,-23.69424444,-52.20846944,Biometano,0.2491,0.5405,0.1096,,0.5,1
ENGENHEIRO BELTRAO,PR,-23.69424444,-52.20846944,Solar,0.2291,0.1803,0.1096,0.4138,0.875,2
ENGENHEIRO BELTRAO,PR,-23.69424444,-52.20846944,Eolica,0.2291,0.1803,0.1096,0.4138,0.875,2
ENGENHEIRO BELTRAO,PR,-23.69424444,-52.20846944,H2 Verde,0.1974,0.1011,0.1096,0.4138,0.875,3
ENGENHEIRO BELTRAO,PR,-23.69424444,-52.20846944,Biomassa,0.1454,0.2812,0.1096,,0.75,4
ENTRE RIOS DO SUL,RS,-27.55318839,-52.74140696,Solar,0.3935,0.6343,0.1022,0.3637,1.0,1
ENTRE RIOS DO SUL,RS,-27.55318839,-52.74140696,Biometano,0.3898,0.8829,0.1022,0.0201,0.625,2
ENTRE RIOS DO SUL,RS,-27.55318839,-52.74140696,H2 Verde,0.338,0.4956,0.1022,0.3637,1.0,3
ENTRE RIOS DO SUL,RS,-27.55318839,-52.74140696,Eolica,0.2602,0.301,0.1022,0.3637,1.0,4
ENTRE RIOS DO SUL,RS,-27.55318839,-52.74140696,Biomassa,0.2193,0.4566,0.1022,0.0201,0.875,5
ENTRE-IJUIS,RS,-28.410995835,-54.305366665,Solar,0.4005,0.628,0.1434,0.3543,1.0,1
ENTRE-IJUIS,RS,-28.410995835,-54.305366665,Biometano,0.3965,0.8829,0.1434,0.0012,0.625,2
ENTRE-IJUIS,RS,-28.410995835,-54.305366665,H2 Verde,0.345,0.4893,0.1434,0.3543,1.0,3
ENTRE-IJUIS,RS,-28.410995835,-54.305366665,Eolica,0.2672,0.2947,0.1434,0.3543,1.0,4
ENTRE-IJUIS,RS,-28.410995835,-54.305366665,Biomassa,0.2235,0.4503,0.1434,0.0012,0.875,5
ENVIRA,AM,-7.44083333,-70.02972222,H2 Verde,0.1053,0.0311,0.1502,0.1593,0.875,1
ENVIRA,AM,-7.44083333,-70.02972222,Solar,0.1001,0.0181,0.1502,0.1593,0.875,2
ENVIRA,AM,-7.44083333,-70.02972222,Eolica,0.1001,0.0181,0.1502,0.1593,0.875,2
ENVIRA,AM,-7.44083333,-70.02972222,Biometano,0.0667,0.0541,0.1502,,0.5,3
ENVIRA,AM,-7.44083333,-70.02972222,Biomassa,0.0647,0.0491,0.1502,,0.75,4
EQUADOR,RN,-6.71667081,-36.6375384,H2 Verde,0.2383,0.4065,0.1159,0.1365,1.0,1
EQUADOR,RN,-6.71667081,-36.6375384,Solar,0.2346,0.3972,0.1159,0.1365,1.0,2
EQUADOR,RN,-6.71667081,-36.6375384,Biometano,0.1112,0.1892,0.1159,0.0024,0.625,3
EQUADOR,RN,-6.71667081,-36.6375384,Eolica,0.1013,0.0639,0.1159,0.1365,1.0,4
EQUADOR,RN,-6.71667081,-36.6375384,Biomassa,0.09,0.1363,0.1159,0.0024,0.875,5
ERECHIM,RS,-27.654095008888888,-52.25235480222222,Biometano,0.4033,0.8829,0.1671,0.0002,0.625,1
ERECHIM,RS,-27.654095008888888,-52.25235480222222,Solar,0.3027,0.366,0.1671,0.3538,1.0,2
ERECHIM,RS,-27.654095008888888,-52.25235480222222,Eolica,0.2741,0.2946,0.1671,0.3538,1.0,3
ERECHIM,RS,-27.654095008888888,-52.25235480222222,H2 Verde,0.2472,0.2273,0.1671,0.3538,1.0,4
ERECHIM,RS,-27.654095008888888,-52.25235480222222,Biomassa,0.2303,0.4502,0.1671,0.0002,0.875,5
ERVAL SECO,RS,-27.53881174,-53.529865965714286,Solar,0.3877,0.6283,0.0999,0.3547,1.0,1
ERVAL SECO,RS,-27.53881174,-53.529865965714286,Biometano,0.3837,0.8829,0.0999,0.002,0.625,2
ERVAL SECO,RS,-27.53881174,-53.529865965714286,H2 Verde,0.3322,0.4896,0.0999,0.3547,1.0,3
ERVAL SECO,RS,-27.53881174,-53.529865965714286,Eolica,0.2545,0.2954,0.0999,0.3547,1.0,4
ERVAL SECO,RS,-27.53881174,-53.529865965714286,Biomassa,0.2108,0.4506,0.0999,0.002,0.875,5
ERVAL VELHO,SC,-27.301087850000002,-51.50121866666666,Solar,0.2963,0.4716,0.1704,0.1886,1.0,1
ERVAL VELHO,SC,-27.301087850000002,-51.50121866666666,H2 Verde,0.2887,0.4524,0.1704,0.1886,1.0,2
ERVAL VELHO,SC,-27.301087850000002,-51.50121866666666,Biometano,0.217,0.4144,0.1704,0.0004,0.625,3
ERVAL VELHO,SC,-27.301087850000002,-51.50121866666666,Eolica,0.163,0.1383,0.1704,0.1886,1.0,4
ERVAL VELHO,SC,-27.301087850000002,-51.50121866666666,Biomassa,0.1541,0.2572,0.1704,0.0004,0.875,5
ERVALIA,MG,-20.90705556,-42.66161111,Solar,0.4674,0.6669,0.1685,0.5003,1.0,1
ERVALIA,MG,-20.90705556,-42.66161111,Biometano,0.4507,1.0,0.1685,0.0006,0.625,2
ERVALIA,MG,-20.90705556,-42.66161111,H2 Verde,0.4175,0.5423,0.1685,0.5003,1.0,3
ERVALIA,MG,-20.90705556,-42.66161111,Eolica,0.3341,0.3335,0.1685,0.5003,1.0,4
ERVALIA,MG,-20.90705556,-42.66161111,Biomassa,0.2676,0.5423,0.1685,0.0006,0.875,5
ESCADA,PE,-8.332288903333334,-35.28502866666667,Solar,0.2335,0.4145,0.1245,0.1013,1.0,1
ESCADA,PE,-8.332288903333334,-35.28502866666667,H2 Verde,0.2249,0.3929,0.1245,0.1013,1.0,2
ESCADA,PE,-8.332288903333334,-35.28502866666667,Biometano,0.1347,0.2432,0.1245,0.0002,0.625,3
ESCADA,PE,-8.332288903333334,-35.28502866666667,Eolica,0.1002,0.0811,0.1245,0.1013,1.0,4
ESCADA,PE,-8.332288903333334,-35.28502866666667,Biomassa,0.0937,0.1407,0.1245,0.0002,0.875,5
ESPIRITO SANTO DO PINHAL,SP,-22.268321565,-46.740537425,H2 Verde,0.4199,0.6674,0.1257,0.3839,1.0,1
ESPIRITO SANTO DO PINHAL,SP,-22.268321565,-46.740537425,Solar,0.379,0.5653,0.1257,0.3839,1.0,2
ESPIRITO SANTO DO PINHAL,SP,-22.268321565,-46.740537425,Biometano,0.3159,0.6937,0.1257,0.0023,0.625,3
ESPIRITO SANTO DO PINHAL,SP,-22.268321565,-46.740537425,Biomassa,0.2645,0.5653,0.1257,0.0023,0.875,4
ESPIRITO SANTO DO PINHAL,SP,-22.268321565,-46.740537425,Eolica,0.2457,0.232,0.1257,0.3839,1.0,5
ESPIRITO SANTO DO TURVO,SP,-22.6777,-49.4202,H2 Verde,0.4026,0.3334,0.1318,0.7655,0.875,1
ESPIRITO SANTO DO TURVO,SP,-22.6777,-49.4202,Solar,0.3617,0.2313,0.1318,0.7655,0.875,2
ESPIRITO SANTO DO TURVO,SP,-22.6777,-49.4202,Eolica,0.3617,0.2313,0.1318,0.7655,0.875,2
ESPIRITO SANTO DO TURVO,SP,-22.6777,-49.4202,Biometano,0.317,0.6937,0.1318,,0.5,3
ESPIRITO SANTO DO TURVO,SP,-22.6777,-49.4202,Biomassa,0.2654,0.5647,0.1318,,0.75,4
ESPLANADA,BA,-11.79555561,-37.94472219,Solar,0.3824,0.5435,0.1332,0.4168,1.0,1
ESPLANADA,BA,-11.79555561,-37.94472219,H2 Verde,0.3621,0.4926,0.1332,0.4168,1.0,2
ESPLANADA,BA,-11.79555561,-37.94472219,Biometano,0.2922,0.6306,0.1332,0.0,0.625,3
ESPLANADA,BA,-11.79555561,-37.94472219,Eolica,0.2491,0.2102,0.1332,0.4168,1.0,4
ESPLANADA,BA,-11.79555561,-37.94472219,Biomassa,0.1878,0.3695,0.1332,0.0,0.875,5
ESTANCIA,SE,-5.64095322,-18.72340998,Solar,0.1058,0.0949,0.1423,0.0837,1.0,1
ESTANCIA,SE,-5.64095322,-18.72340998,H2 Verde,0.101,0.0829,0.1423,0.0837,1.0,2
ESTANCIA,SE,-5.64095322,-18.72340998,Eolica,0.0726,0.0121,0.1423,0.0837,1.0,3
ESTANCIA,SE,-5.64095322,-18.72340998,Biometano,0.0571,0.036,0.1423,0.0,0.625,4
ESTANCIA,SE,-5.64095322,-18.72340998,Biomassa,0.0475,0.0121,0.1423,0.0,0.875,5
ESTANCIA VELHA,RS,0.0,0.0,Solar,0.4079,0.6276,0.1692,0.3537,1.0,1
ESTANCIA VELHA,RS,0.0,0.0,Biometano,0.4039,0.8829,0.1692,0.0,0.625,2
ESTANCIA VELHA,RS,0.0,0.0,H2 Verde,0.3524,0.4889,0.1692,0.3537,1.0,3
ESTANCIA VELHA,RS,0.0,0.0,Eolica,0.2746,0.2943,0.1692,0.3537,1.0,4
ESTANCIA VELHA,RS,0.0,0.0,Biomassa,0.2307,0.4499,0.1692,0.0,0.875,5
ESTEIO,RS,-29.86249029,-51.18045629,Biometano,0.3908,0.8829,0.1256,,0.5,1
ESTEIO,RS,-29.86249029,-51.18045629,Solar,0.3676,0.2943,0.1256,0.7074,0.875,2
ESTEIO,RS,-29.86249029,-51.18045629,Eolica,0.3676,0.2943,0.1256,0.7074,0.875,2
ESTEIO,RS,-29.86249029,-51.18045629,H2 Verde,0.3122,0.1556,0.1256,0.7074,0.875,3
ESTEIO,RS,-29.86249029,-51.18045629,Biomassa,0.2177,0.4499,0.1256,,0.75,4
ESTIVA GERBI,SP,0.0,0.0,H2 Verde,0.4317,0.6667,0.1673,0.3828,1.0,1
ESTIVA GERBI,SP,0.0,0.0,Solar,0.3908,0.5646,0.1673,0.3828,1.0,2
ESTIVA GERBI,SP,0.0,0.0,Biometano,0.3277,0.6937,0.1673,0.0,0.625,3
ESTIVA GERBI,SP,0.0,0.0,Biomassa,0.276,0.5646,0.1673,0.0,0.875,4
ESTIVA GERBI,SP,0.0,0.0,Eolica,0.2575,0.2312,0.1673,0.3828,1.0,5
ESTRELA,RS,-29.527062036666667,-51.92212485333334,Biometano,0.3986,0.8829,0.1514,0.0001,0.625,1
ESTRELA,RS,-29.527062036666667,-51.92212485333334,Solar,0.3179,0.4158,0.1514,0.3537,1.0,2
ESTRELA,RS,-29.527062036666667,-51.92212485333334,Eolica,0.2693,0.2944,0.1514,0.3537,1.0,3
ESTRELA,RS,-29.527062036666667,-51.92212485333334,H2 Verde,0.2624,0.2771,0.1514,0.3537,1.0,4
ESTRELA,RS,-29.527062036666667,-51.92212485333334,Biomassa,0.2254,0.45,0.1514,0.0001,0.875,5
EUGENIO DE CASTRO,RS,-28.44226581,-54.28925864,Solar,0.3942,0.6277,0.1233,0.3538,1.0,1
EUGENIO DE CASTRO,RS,-28.44226581,-54.28925864,Biometano,0.3902,0.8829,0.1233,0.0001,0.625,2
EUGENIO DE CASTRO,RS,-28.44226581,-54.28925864,H2 Verde,0.3387,0.489,0.1233,0.3538,1.0,3
EUGENIO DE CASTRO,RS,-28.44226581,-54.28925864,Eolica,0.2608,0.2943,0.1233,0.3538,1.0,4
EUGENIO DE CASTRO,RS,-28.44226581,-54.28925864,Biomassa,0.217,0.4499,0.1233,0.0001,0.875,5
EUNAPOLIS,BA,-16.37400967,-39.57053455,Solar,0.387,0.2139,0.1712,0.8337,0.875,1
EUNAPOLIS,BA,-16.37400967,-39.57053455,Eolica,0.387,0.214,0.1712,0.8337,0.875,1
EUNAPOLIS,BA,-16.37400967,-39.57053455,H2 Verde,0.3667,0.163,0.1712,0.8337,0.875,2
EUNAPOLIS,BA,-16.37400967,-39.57053455,Biometano,0.3036,0.6306,0.1712,,0.5,3
EUNAPOLIS,BA,-16.37400967,-39.57053455,Biomassa,0.2006,0.3732,0.1712,,0.75,4
EUSEBIO,CE,-3.8395498,-38.446505355,Biometano,0.2199,0.3514,0.2647,0.0,0.625,1
EUSEBIO,CE,-3.8395498,-38.446505355,H2 Verde,0.1854,0.1285,0.2647,0.1819,1.0,2
EUSEBIO,CE,-3.8395498,-38.446505355,Solar,0.1841,0.1253,0.2647,0.1819,1.0,3
EUSEBIO,CE,-3.8395498,-38.446505355,Eolica,0.1808,0.1171,0.2647,0.1819,1.0,4
EUSEBIO,CE,-3.8395498,-38.446505355,Biomassa,0.1744,0.2375,0.2647,0.0,0.875,5
FARO,PA,-2.16973152,-56.74221191,H2 Verde,0.2238,0.1443,0.1536,0.3998,0.875,1
FARO,PA,-2.16973152,-56.74221191,Solar,0.1985,0.0812,0.1536,0.3998,0.875,2
FARO,PA,-2.16973152,-56.74221191,Eolica,0.1985,0.0812,0.1536,0.3998,0.875,2
FARO,PA,-2.16973152,-56.74221191,Biometano,0.1434,0.2432,0.1536,,0.5,3
FARO,PA,-2.16973152,-56.74221191,Biomassa,0.1362,0.2254,0.1536,,0.75,4
FARROUPILHA,RS,-21.90801751,-38.499948835,Biometano,0.4029,0.8829,0.1659,0.0001,0.625,1
FARROUPILHA,RS,-21.90801751,-38.499948835,Solar,0.3158,0.3999,0.1659,0.3538,1.0,2
FARROUPILHA,RS,-21.90801751,-38.499948835,Eolica,0.2737,0.2944,0.1659,0.3538,1.0,3
FARROUPILHA,RS,-21.90801751,-38.499948835,H2 Verde,0.2604,0.2612,0.1659,0.3538,1.0,4
FARROUPILHA,RS,-21.90801751,-38.499948835,Biomassa,0.2298,0.45,0.1659,0.0001,0.875,5
FATIMA DO SUL,MS,-22.336396225,-54.52739169,Solar,0.1573,0.0873,0.1585,0.2495,0.875,1
FATIMA DO SUL,MS,-22.336396225,-54.52739169,Eolica,0.1573,0.0873,0.1585,0.2495,0.875,1
FATIMA DO SUL,MS,-22.336396225,-54.52739169,Biometano,0.152,0.2613,0.1585,,0.5,2
FATIMA DO SUL,MS,-22.336396225,-54.52739169,H2 Verde,0.1379,0.0387,0.1585,0.2495,0.875,3
FATIMA DO SUL,MS,-22.336396225,-54.52739169,Biomassa,0.0978,0.1258,0.1585,,0.75,4
FAXINAL DOS GUEDES,SC,-26.815187164999998,-52.2495995675,Solar,0.289,0.4667,0.15,0.191,1.0,1
FAXINAL DOS GUEDES,SC,-26.815187164999998,-52.2495995675,H2 Verde,0.2813,0.4476,0.15,0.191,1.0,2
FAXINAL DOS GUEDES,SC,-26.815187164999998,-52.2495995675,Biometano,0.2124,0.4144,0.15,0.0053,0.625,3
FAXINAL DOS GUEDES,SC,-26.815187164999998,-52.2495995675,Eolica,0.1583,0.1399,0.15,0.191,1.0,4
FAXINAL DOS GUEDES,SC,-26.815187164999998,-52.2495995675,Biomassa,0.1502,0.2589,0.15,0.0053,0.875,5
FAXINALZINHO,RS,-27.34603944,-52.73162917,Solar,0.3987,0.6298,0.1324,0.357,1.0,1
FAXINALZINHO,RS,-27.34603944,-52.73162917,Biometano,0.3948,0.8829,0.1324,0.0066,0.625,2
FAXINALZINHO,RS,-27.34603944,-52.73162917,H2 Verde,0.3433,0.4911,0.1324,0.357,1.0,3
FAXINALZINHO,RS,-27.34603944,-52.73162917,Eolica,0.2654,0.2965,0.1324,0.357,1.0,4
FAXINALZINHO,RS,-27.34603944,-52.73162917,Biomassa,0.2225,0.4521,0.1324,0.0066,0.875,5
FAZENDA RIO GRANDE,PR,-12.8301374,-24.672081845,Biometano,0.306,0.5405,0.2993,0.0001,0.625,1
FAZENDA RIO GRANDE,PR,-12.8301374,-24.672081845,Solar,0.2316,0.1994,0.2993,0.2069,1.0,2
FAZENDA RIO GRANDE,PR,-12.8301374,-24.672081845,Eolica,0.2241,0.1805,0.2993,0.2069,1.0,3
FAZENDA RIO GRANDE,PR,-12.8301374,-24.672081845,Biomassa,0.2024,0.2814,0.2993,0.0001,0.875,4
FAZENDA RIO GRANDE,PR,-12.8301374,-24.672081845,H2 Verde,0.1999,0.1201,0.2993,0.2069,1.0,5
FEIJO,AC,-8.170266945000002,-70.35661644499999,Solar,0.0709,0.0064,0.1607,0.0671,0.875,1
FEIJO,AC,-8.170266945000002,-70.35661644499999,Eolica,0.0709,0.0064,0.1607,0.0671,0.875,1
FEIJO,AC,-8.170266945000002,-70.35661644499999,H2 Verde,0.0691,0.0018,0.1607,0.0671,0.875,2
FEIJO,AC,-8.170266945000002,-70.35661644499999,Biometano,0.0554,0.018,0.1607,,0.5,3
FEIJO,AC,-8.170266945000002,-70.35661644499999,Biomassa,0.0513,0.0078,0.1607,,0.75,4
FEIRA DE SANTANA,BA,-12.254752223333334,-38.963134595,Solar,0.3905,0.2104,0.1877,0.8337,0.875,1
FEIRA DE SANTANA,BA,-12.254752223333334,-38.963134595,Eolica,0.3905,0.2104,0.1877,0.8337,0.875,1
FEIRA DE SANTANA,BA,-12.254752223333334,-38.963134595,H2 Verde,0.3702,0.1594,0.1877,0.8337,0.875,2
FEIRA DE SANTANA,BA,-12.254752223333334,-38.963134595,Biometano,0.3086,0.6306,0.1877,,0.5,3
FEIRA DE SANTANA,BA,-12.254752223333334,-38.963134595,Biomassa,0.2042,0.3696,0.1877,,0.75,4
FERNANDO DE NORONHA,PE,-3.84993525,-32.41720121,Biometano,0.1527,0.2432,0.1847,,0.5,1
FERNANDO DE NORONHA,PE,-3.84993525,-32.41720121,Solar,0.1486,0.0812,0.1847,0.2024,0.875,2
FERNANDO DE NORONHA,PE,-3.84993525,-32.41720121,Eolica,0.1486,0.0812,0.1847,0.2024,0.875,2
FERNANDO DE NORONHA,PE,-3.84993525,-32.41720121,H2 Verde,0.14,0.0597,0.1847,0.2024,0.875,3
FERNANDO DE NORONHA,PE,-3.84993525,-32.41720121,Biomassa,0.1117,0.1407,0.1847,,0.75,4
FERNANDO PEDROZA,RN,-5.78281696,-36.283264020000004,H2 Verde,0.249,0.4091,0.1443,0.1403,1.0,1
FERNANDO PEDROZA,RN,-5.78281696,-36.283264020000004,Solar,0.2453,0.3998,0.1443,0.1403,1.0,2
FERNANDO PEDROZA,RN,-5.78281696,-36.283264020000004,Biometano,0.122,0.1892,0.1443,0.0101,0.625,3
FERNANDO PEDROZA,RN,-5.78281696,-36.283264020000004,Eolica,0.112,0.0664,0.1443,0.1403,1.0,4
FERNANDO PEDROZA,RN,-5.78281696,-36.283264020000004,Biomassa,0.1019,0.1388,0.1443,0.0101,0.875,5
FERNANDO PRESTES,SP,-21.27416667,-48.68972222,H2 Verde,0.428,0.6667,0.1551,0.3828,1.0,1
FERNANDO PRESTES,SP,-21.27416667,-48.68972222,Solar,0.3872,0.5646,0.1551,0.3828,1.0,2
FERNANDO PRESTES,SP,-21.27416667,-48.68972222,Biometano,0.324,0.6937,0.1551,0.0,0.625,3
FERNANDO PRESTES,SP,-21.27416667,-48.68972222,Biomassa,0.2724,0.5646,0.1551,0.0,0.875,4
FERNANDO PRESTES,SP,-21.27416667,-48.68972222,Eolica,0.2539,0.2312,0.1551,0.3828,1.0,5
FERNANDOPOLIS,SP,-20.26464394,-50.294850325,Biometano,0.3268,0.6937,0.1643,0.0,0.625,1
FERNANDOPOLIS,SP,-20.26464394,-50.294850325,H2 Verde,0.2983,0.3353,0.1643,0.3828,1.0,2
FERNANDOPOLIS,SP,-20.26464394,-50.294850325,Biomassa,0.2753,0.5651,0.1643,0.0,0.875,3
FERNANDOPOLIS,SP,-20.26464394,-50.294850325,Solar,0.2574,0.2332,0.1643,0.3828,1.0,4
FERNANDOPOLIS,SP,-20.26464394,-50.294850325,Eolica,0.2568,0.2317,0.1643,0.3828,1.0,5
FERRAZ DE VASCONCELOS,SP,-23.52798333,-46.37749167,H2 Verde,0.4109,0.3334,0.1598,0.7655,0.875,1
FERRAZ DE VASCONCELOS,SP,-23.52798333,-46.37749167,Solar,0.3701,0.2312,0.1598,0.7655,0.875,2
FERRAZ DE VASCONCELOS,SP,-23.52798333,-46.37749167,Eolica,0.3701,0.2312,0.1598,0.7655,0.875,2
FERRAZ DE VASCONCELOS,SP,-23.52798333,-46.37749167,Biometano,0.3254,0.6937,0.1598,,0.5,3
FERRAZ DE VASCONCELOS,SP,-23.52798333,-46.37749167,Biomassa,0.2738,0.5646,0.1598,,0.75,4
FERREIRA GOMES,AP,0.8705514933333333,-51.25111741999999,Solar,0.2075,0.3556,0.1726,0.0449,1.0,1
FERREIRA GOMES,AP,0.8705514933333333,-51.25111741999999,H2 Verde,0.2072,0.3548,0.1726,0.0449,1.0,2
FERREIRA GOMES,AP,0.8705514933333333,-51.25111741999999,Biomassa,0.0774,0.0274,0.1726,0.0488,0.875,3
FERREIRA GOMES,AP,0.8705514933333333,-51.25111741999999,Eolica,0.0742,0.0223,0.1726,0.0449,1.0,4
FERREIRA GOMES,AP,0.8705514933333333,-51.25111741999999,Biometano,0.0736,0.018,0.1726,0.0488,0.625,5
FIGUEIROPOLIS D'OESTE,MT,-15.39260834,-58.63775833,Solar,0.2369,0.397,0.0933,0.1672,1.0,1
FIGUEIROPOLIS D'OESTE,MT,-15.39260834,-58.63775833,H2 Verde,0.2228,0.3616,0.0933,0.1672,1.0,2
FIGUEIROPOLIS D'OESTE,MT,-15.39260834,-58.63775833,Biometano,0.1042,0.1892,0.0933,0.0017,0.625,3
FIGUEIROPOLIS D'OESTE,MT,-15.39260834,-58.63775833,Eolica,0.1036,0.0636,0.0933,0.1672,1.0,4
FIGUEIROPOLIS D'OESTE,MT,-15.39260834,-58.63775833,Biomassa,0.065,0.0913,0.0933,0.0017,0.875,5
FIRMINO ALVES,BA,-14.98669772,-39.921966155,Solar,0.3677,0.2102,0.1117,0.8337,0.875,1
FIRMINO ALVES,BA,-14.98669772,-39.921966155,Eolica,0.3677,0.2102,0.1117,0.8337,0.875,1
FIRMINO ALVES,BA,-14.98669772,-39.921966155,H2 Verde,0.3473,0.1593,0.1117,0.8337,0.875,2
FIRMINO ALVES,BA,-14.98669772,-39.921966155,Biometano,0.2857,0.6306,0.1117,,0.5,3
FIRMINO ALVES,BA,-14.98669772,-39.921966155,Biomassa,0.1813,0.3695,0.1117,,0.75,4
FIRMINOPOLIS,GO,-16.6048541625,-50.324849305,Biometano,0.152,0.2973,0.1104,0.0,0.625,1
FIRMINOPOLIS,GO,-16.6048541625,-50.324849305,Eolica,0.1201,0.114,0.1104,0.1378,1.0,2
FIRMINOPOLIS,GO,-16.6048541625,-50.324849305,Solar,0.1141,0.0991,0.1104,0.1378,1.0,3
FIRMINOPOLIS,GO,-16.6048541625,-50.324849305,H2 Verde,0.1091,0.0866,0.1104,0.1378,1.0,4
FIRMINOPOLIS,GO,-16.6048541625,-50.324849305,Biomassa,0.1074,0.1857,0.1104,0.0,0.875,5
FLOR DO SERTAO,SC,-26.75559348,-53.3688445,Solar,0.2956,0.4721,0.1666,0.1893,1.0,1
FLOR DO SERTAO,SC,-26.75559348,-53.3688445,H2 Verde,0.2879,0.4529,0.1666,0.1893,1.0,2
FLOR DO SERTAO,SC,-26.75559348,-53.3688445,Biometano,0.2163,0.4144,0.1666,0.0019,0.625,3
FLOR DO SERTAO,SC,-26.75559348,-53.3688445,Eolica,0.1623,0.1388,0.1666,0.1893,1.0,4
FLOR DO SERTAO,SC,-26.75559348,-53.3688445,Biomassa,0.1536,0.2578,0.1666,0.0019,0.875,5
FLORES,PE,-7.88398911,-37.964170556,Solar,0.233,0.4169,0.1158,0.105,1.0,1
FLORES,PE,-7.88398911,-37.964170556,H2 Verde,0.2244,0.3954,0.1158,0.105,1.0,2
FLORES,PE,-7.88398911,-37.964170556,Biometano,0.1343,0.2432,0.1158,0.0075,0.625,3
FLORES,PE,-7.88398911,-37.964170556,Eolica,0.0997,0.0836,0.1158,0.105,1.0,4
FLORES,PE,-7.88398911,-37.964170556,Biomassa,0.0943,0.1431,0.1158,0.0075,0.875,5
FLORES DA CUNHA,RS,-29.08937222,-51.30944444,Solar,0.4088,0.6277,0.172,0.3538,1.0,1
FLORES DA CUNHA,RS,-29.08937222,-51.30944444,Biometano,0.4048,0.8829,0.172,0.0001,0.625,2
FLORES DA CUNHA,RS,-29.08937222,-51.30944444,H2 Verde,0.3533,0.489,0.172,0.3538,1.0,3
FLORES DA CUNHA,RS,-29.08937222,-51.30944444,Eolica,0.2755,0.2943,0.172,0.3538,1.0,4
FLORES DA CUNHA,RS,-29.08937222,-51.30944444,Biomassa,0.2316,0.4499,0.172,0.0001,0.875,5
FLORESTA,PE,-8.705344445833333,-38.54424513916667,Biometano,0.1409,0.2432,0.1452,0.0,0.625,1
FLORESTA,PE,-8.705344445833333,-38.54424513916667,Eolica,0.123,0.1227,0.1452,0.1012,1.0,2
FLORESTA,PE,-8.705344445833333,-38.54424513916667,Solar,0.1064,0.0811,0.1452,0.1012,1.0,3
FLORESTA,PE,-8.705344445833333,-38.54424513916667,Biomassa,0.0998,0.1406,0.1452,0.0,0.875,4
FLORESTA,PE,-8.705344445833333,-38.54424513916667,H2 Verde,0.0977,0.0595,0.1452,0.1012,1.0,5
FLORESTAL,MG,-19.85615556,-44.40329444,Solar,0.4727,0.6667,0.1866,0.5,1.0,1
FLORESTAL,MG,-19.85615556,-44.40329444,Biometano,0.456,1.0,0.1866,0.0,0.625,2
FLORESTAL,MG,-19.85615556,-44.40329444,H2 Verde,0.4228,0.5421,0.1866,0.5,1.0,3
FLORESTAL,MG,-19.85615556,-44.40329444,Eolica,0.3393,0.3333,0.1866,0.5,1.0,4
FLORESTAL,MG,-19.85615556,-44.40329444,Biomassa,0.2728,0.5421,0.1866,0.0,0.875,5
FLORESTOPOLIS,PR,-22.873834445,-51.385306775000004,Biometano,0.2589,0.5405,0.1422,,0.5,1
FLORESTOPOLIS,PR,-22.873834445,-51.385306775000004,Solar,0.2394,0.1815,0.1422,0.4138,0.875,2
FLORESTOPOLIS,PR,-22.873834445,-51.385306775000004,Eolica,0.2394,0.1815,0.1422,0.4138,0.875,2
FLORESTOPOLIS,PR,-22.873834445,-51.385306775000004,H2 Verde,0.2077,0.1023,0.1422,0.4138,0.875,3
FLORESTOPOLIS,PR,-22.873834445,-51.385306775000004,Biomassa,0.1557,0.2825,0.1422,,0.75,4
FLORIANO,PI,-7.117884427540983,-43.14956870377049,Solar,0.2718,0.4415,0.1578,0.1594,1.0,1
FLORIANO,PI,-7.117884427540983,-43.14956870377049,H2 Verde,0.2459,0.3768,0.1578,0.1594,1.0,2
FLORIANO,PI,-7.117884427540983,-43.14956870377049,Eolica,0.2237,0.3212,0.1578,0.1594,1.0,3
FLORIANO,PI,-7.117884427540983,-43.14956870377049,Biometano,0.1771,0.3243,0.1578,0.0002,0.625,4
FLORIANO,PI,-7.117884427540983,-43.14956870377049,Biomassa,0.108,0.1516,0.1578,0.0002,0.875,5
FLORIANO PEIXOTO,RS,-27.823775,-52.06999722,Solar,0.3839,0.6276,0.089,0.3537,1.0,1
FLORIANO PEIXOTO,RS,-27.823775,-52.06999722,Biometano,0.3799,0.8829,0.089,0.0001,0.625,2
FLORIANO PEIXOTO,RS,-27.823775,-52.06999722,H2 Verde,0.3284,0.489,0.089,0.3537,1.0,3
FLORIANO PEIXOTO,RS,-27.823775,-52.06999722,Eolica,0.2505,0.2943,0.089,0.3537,1.0,4
FLORIANO PEIXOTO,RS,-27.823775,-52.06999722,Biomassa,0.2067,0.4499,0.089,0.0001,0.875,5
FLORIANOPOLIS,SC,-21.45191429222222,-37.743779509999996,Biometano,0.2331,0.4144,0.2245,0.0001,0.625,1
FLORIANOPOLIS,SC,-21.45191429222222,-37.743779509999996,Solar,0.2086,0.2118,0.2245,0.1884,1.0,2
FLORIANOPOLIS,SC,-21.45191429222222,-37.743779509999996,H2 Verde,0.2009,0.1926,0.2245,0.1884,1.0,3
FLORIANOPOLIS,SC,-21.45191429222222,-37.743779509999996,Eolica,0.1792,0.1383,0.2245,0.1884,1.0,4
FLORIANOPOLIS,SC,-21.45191429222222,-37.743779509999996,Biomassa,0.1703,0.2573,0.2245,0.0001,0.875,5
FONTE BOA,AM,-2.52416661,-66.03861108,H2 Verde,0.1112,0.0312,0.1698,0.1593,0.875,1
FONTE BOA,AM,-2.52416661,-66.03861108,Solar,0.106,0.0182,0.1698,0.1593,0.875,2
FONTE BOA,AM,-2.52416661,-66.03861108,Eolica,0.106,0.0182,0.1698,0.1593,0.875,2
FONTE BOA,AM,-2.52416661,-66.03861108,Biometano,0.0726,0.0541,0.1698,,0.5,3
FONTE BOA,AM,-2.52416661,-66.03861108,Biomassa,0.0706,0.0492,0.1698,,0.75,4
FONTOURA XAVIER,RS,-28.94122139,-52.49463111,Solar,0.3896,0.6277,0.1079,0.3538,1.0,1
FONTOURA XAVIER,RS,-28.94122139,-52.49463111,Biometano,0.3856,0.8829,0.1079,0.0002,0.625,2
FONTOURA XAVIER,RS,-28.94122139,-52.49463111,H2 Verde,0.3341,0.489,0.1079,0.3538,1.0,3
FONTOURA XAVIER,RS,-28.94122139,-52.49463111,Eolica,0.2562,0.2944,0.1079,0.3538,1.0,4
FONTOURA XAVIER,RS,-28.94122139,-52.49463111,Biomassa,0.2124,0.45,0.1079,0.0002,0.875,5
FORMIGA,MG,-20.50036708,-45.41510208,Biometano,0.4455,1.0,0.1517,0.0,0.625,1
FORMIGA,MG,-20.50036708,-45.41510208,Solar,0.3808,0.4632,0.1517,0.5,1.0,2
FORMIGA,MG,-20.50036708,-45.41510208,H2 Verde,0.3309,0.3386,0.1517,0.5,1.0,3
FORMIGA,MG,-20.50036708,-45.41510208,Eolica,0.3289,0.3334,0.1517,0.5,1.0,4
FORMIGA,MG,-20.50036708,-45.41510208,Biomassa,0.2623,0.5421,0.1517,0.0,0.875,5
FORMOSA,GO,-15.52545,-47.37942222,Biometano,0.1727,0.2973,0.1791,0.0,0.625,1
FORMOSA,GO,-15.52545,-47.37942222,Eolica,0.1377,0.1066,0.1791,0.1378,1.0,2
FORMOSA,GO,-15.52545,-47.37942222,Solar,0.1347,0.0991,0.1791,0.1378,1.0,3
FORMOSA,GO,-15.52545,-47.37942222,H2 Verde,0.1297,0.0867,0.1791,0.1378,1.0,4
FORMOSA,GO,-15.52545,-47.37942222,Biomassa,0.128,0.1858,0.1791,0.0,0.875,5
FORMOSA DO RIO PRETO,BA,-11.251936,-45.417710115,Solar,0.3285,0.3769,0.1758,0.4168,1.0,1
FORMOSA DO RIO PRETO,BA,-11.251936,-45.417710115,H2 Verde,0.3082,0.3259,0.1758,0.4168,1.0,2
FORMOSA DO RIO PRETO,BA,-11.251936,-45.417710115,Biometano,0.305,0.6306,0.1758,0.0,0.625,3
FORMOSA DO RIO PRETO,BA,-11.251936,-45.417710115,Eolica,0.2619,0.2102,0.1758,0.4168,1.0,4
FORMOSA DO RIO PRETO,BA,-11.251936,-45.417710115,Biomassa,0.2005,0.3695,0.1758,0.0,0.875,5
FORMOSO,MG,-15.12572966,-46.14902455,Solar,0.4723,0.3333,0.1299,1.0,0.875,1
FORMOSO,MG,-15.12572966,-46.14902455,Eolica,0.4723,0.3333,0.1299,1.0,0.875,1
FORMOSO,MG,-15.12572966,-46.14902455,Biometano,0.439,1.0,0.1299,,0.5,2
FORMOSO,MG,-15.12572966,-46.14902455,H2 Verde,0.4225,0.2087,0.1299,1.0,0.875,3
FORMOSO,MG,-15.12572966,-46.14902455,Biomassa,0.2558,0.5421,0.1299,,0.75,4
FORTALEZA,CE,-3.2034880907142855,-33.02117116857143,Biometano,0.2106,0.3514,0.2328,0.0007,0.625,1
FORTALEZA,CE,-3.2034880907142855,-33.02117116857143,H2 Verde,0.2066,0.2052,0.2328,0.1822,1.0,2
FORTALEZA,CE,-3.2034880907142855,-33.02117116857143,Solar,0.2053,0.202,0.2328,0.1822,1.0,3
FORTALEZA,CE,-3.2034880907142855,-33.02117116857143,Eolica,0.1717,0.118,0.2328,0.1822,1.0,4
FORTALEZA,CE,-3.2034880907142855,-33.02117116857143,Biomassa,0.1654,0.2383,0.2328,0.0007,0.875,5
FORTIM,CE,-4.447148202,-37.848761174,H2 Verde,0.2924,0.4573,0.1775,0.1873,1.0,1
FORTIM,CE,-4.447148202,-37.848761174,Solar,0.2911,0.4541,0.1775,0.1873,1.0,2
FORTIM,CE,-4.447148202,-37.848761174,Biometano,0.1971,0.3514,0.1775,0.0109,0.625,3
FORTIM,CE,-4.447148202,-37.848761174,Eolica,0.1577,0.1208,0.1775,0.1873,1.0,4
FORTIM,CE,-4.447148202,-37.848761174,Biomassa,0.153,0.2411,0.1775,0.0109,0.875,5
FOZ DO IGUACU,PR,-25.517906576666665,-54.55351852333333,Solar,0.4975,0.7209,0.1791,0.5179,1.0,1
FOZ DO IGUACU,PR,-25.517906576666665,-54.55351852333333,H2 Verde,0.4658,0.6416,0.1791,0.5179,1.0,2
FOZ DO IGUACU,PR,-25.517906576666665,-54.55351852333333,Biometano,0.4566,0.5405,0.1791,0.6221,0.625,3
FOZ DO IGUACU,PR,-25.517906576666665,-54.55351852333333,Biomassa,0.4357,0.4885,0.1791,0.6221,0.875,4
FOZ DO IGUACU,PR,-25.517906576666665,-54.55351852333333,Eolica,0.3641,0.3875,0.1791,0.5179,1.0,5
FOZ DO JORDAO,PR,-25.706029625,-52.000038895,Solar,0.3044,0.5171,0.1129,0.2124,1.0,1
FOZ DO JORDAO,PR,-25.706029625,-52.000038895,H2 Verde,0.2727,0.4379,0.1129,0.2124,1.0,2
FOZ DO JORDAO,PR,-25.706029625,-52.000038895,Biometano,0.2534,0.5405,0.1129,0.0109,0.625,3
FOZ DO JORDAO,PR,-25.706029625,-52.000038895,Eolica,0.1711,0.1838,0.1129,0.2124,1.0,4
FOZ DO JORDAO,PR,-25.706029625,-52.000038895,Biomassa,0.151,0.2847,0.1129,0.0109,0.875,5
FRAIBURGO,SC,-27.05801717,-50.82393228,Biometano,0.2049,0.4144,0.1304,0.0003,0.625,1
FRAIBURGO,SC,-27.05801717,-50.82393228,Solar,0.2001,0.261,0.1304,0.1885,1.0,2
FRAIBURGO,SC,-27.05801717,-50.82393228,H2 Verde,0.1924,0.2419,0.1304,0.1885,1.0,3
FRAIBURGO,SC,-27.05801717,-50.82393228,Eolica,0.151,0.1384,0.1304,0.1885,1.0,4
FRAIBURGO,SC,-27.05801717,-50.82393228,Biomassa,0.1421,0.2573,0.1304,0.0003,0.875,5
FRANCA,SP,-20.55149258,-47.411360335,H2 Verde,0.4163,0.3334,0.1777,0.7655,0.875,1
FRANCA,SP,-20.55149258,-47.411360335,Solar,0.3755,0.2313,0.1777,0.7655,0.875,2
FRANCA,SP,-20.55149258,-47.411360335,Eolica,0.3755,0.2313,0.1777,0.7655,0.875,2
FRANCA,SP,-20.55149258,-47.411360335,Biometano,0.3308,0.6937,0.1777,,0.5,3
FRANCA,SP,-20.55149258,-47.411360335,Biomassa,0.2791,0.5646,0.1777,,0.75,4
FRANCISCO BELTRAO,PR,-26.09117966,-53.12101395,Solar,0.3254,0.5135,0.193,0.2069,1.0,1
FRANCISCO BELTRAO,PR,-26.09117966,-53.12101395,H2 Verde,0.2937,0.4343,0.193,0.2069,1.0,2
FRANCISCO BELTRAO,PR,-26.09117966,-53.12101395,Biometano,0.2741,0.5405,0.193,0.0,0.625,3
FRANCISCO BELTRAO,PR,-26.09117966,-53.12101395,Eolica,0.1921,0.1802,0.193,0.2069,1.0,4
FRANCISCO BELTRAO,PR,-26.09117966,-53.12101395,Biomassa,0.1704,0.2811,0.193,0.0,0.875,5
FRANCISCO SA,MG,-16.4726483095,-43.566257309,Solar,0.456,0.6696,0.1227,0.5044,1.0,1
FRANCISCO SA,MG,-16.4726483095,-43.566257309,Biometano,0.4395,1.0,0.1227,0.0088,0.625,2
FRANCISCO SA,MG,-16.4726483095,-43.566257309,H2 Verde,0.4061,0.545,0.1227,0.5044,1.0,3
FRANCISCO SA,MG,-16.4726483095,-43.566257309,Eolica,0.3447,0.3914,0.1227,0.5044,1.0,4
FRANCISCO SA,MG,-16.4726483095,-43.566257309,Biomassa,0.2575,0.545,0.1227,0.0088,0.875,5
FREDERICO WESTPHALEN,RS,-27.36159397,-53.41404147,Biometano,0.4042,0.8829,0.1698,0.0002,0.625,1
FREDERICO WESTPHALEN,RS,-27.36159397,-53.41404147,Solar,0.4007,0.609,0.1698,0.3538,1.0,2
FREDERICO WESTPHALEN,RS,-27.36159397,-53.41404147,H2 Verde,0.3452,0.4703,0.1698,0.3538,1.0,3
FREDERICO WESTPHALEN,RS,-27.36159397,-53.41404147,Eolica,0.2748,0.2944,0.1698,0.3538,1.0,4
FREDERICO WESTPHALEN,RS,-27.36159397,-53.41404147,Biomassa,0.231,0.45,0.1698,0.0002,0.875,5
FREI INOCENCIO,MG,-18.59989761,-41.8483167,Solar,0.4522,0.6673,0.1167,0.5009,1.0,1
FREI INOCENCIO,MG,-18.59989761,-41.8483167,Biometano,0.4355,1.0,0.1167,0.0018,0.625,2
FREI INOCENCIO,MG,-18.59989761,-41.8483167,H2 Verde,0.4023,0.5427,0.1167,0.5009,1.0,3
FREI INOCENCIO,MG,-18.59989761,-41.8483167,Eolica,0.3188,0.3339,0.1167,0.5009,1.0,4
FREI INOCENCIO,MG,-18.59989761,-41.8483167,Biomassa,0.2526,0.5427,0.1167,0.0018,0.875,5
FREI ROGERIO,SC,-27.17916667,-50.72888889,Solar,0.2843,0.4715,0.1305,0.1884,1.0,1
FREI ROGERIO,SC,-27.17916667,-50.72888889,H2 Verde,0.2766,0.4523,0.1305,0.1884,1.0,2
FREI ROGERIO,SC,-27.17916667,-50.72888889,Biometano,0.2049,0.4144,0.1305,0.0,0.625,3
FREI ROGERIO,SC,-27.17916667,-50.72888889,Eolica,0.1509,0.1381,0.1305,0.1884,1.0,4
FREI ROGERIO,SC,-27.17916667,-50.72888889,Biomassa,0.142,0.2571,0.1305,0.0,0.875,5
FRONTEIRA,MG,-20.30332534,-49.20185046,Solar,0.4966,0.7088,0.1464,0.564,1.0,1
FRONTEIRA,MG,-20.30332534,-49.20185046,Biometano,0.4823,1.0,0.1464,0.128,0.625,2
FRONTEIRA,MG,-20.30332534,-49.20185046,H2 Verde,0.4468,0.5842,0.1464,0.564,1.0,3
FRONTEIRA,MG,-20.30332534,-49.20185046,Eolica,0.3635,0.3761,0.1464,0.564,1.0,4
FRONTEIRA,MG,-20.30332534,-49.20185046,Biomassa,0.3162,0.5848,0.1464,0.128,0.875,5
FRONTEIRAS,PI,-6.95488898,-40.52030541,Solar,0.1745,0.1082,0.1185,0.3186,0.875,1
FRONTEIRAS,PI,-6.95488898,-40.52030541,Eolica,0.1745,0.1082,0.1185,0.3186,0.875,1
FRONTEIRAS,PI,-6.95488898,-40.52030541,Biometano,0.1653,0.3243,0.1185,,0.5,2
FRONTEIRAS,PI,-6.95488898,-40.52030541,H2 Verde,0.1486,0.0435,0.1185,0.3186,0.875,3
FRONTEIRAS,PI,-6.95488898,-40.52030541,Biomassa,0.0962,0.1516,0.1185,,0.75,4
FRUTAL,MG,-19.983153751666666,-49.03356230833333,Solar,0.4842,0.3384,0.1629,1.0,0.875,1
FRUTAL,MG,-19.983153751666666,-49.03356230833333,Eolica,0.4842,0.3384,0.1629,1.0,0.875,1
FRUTAL,MG,-19.983153751666666,-49.03356230833333,Biometano,0.4489,1.0,0.1629,,0.5,2
FRUTAL,MG,-19.983153751666666,-49.03356230833333,H2 Verde,0.4344,0.2138,0.1629,1.0,0.875,3
FRUTAL,MG,-19.983153751666666,-49.03356230833333,Biomassa,0.2677,0.5471,0.1629,,0.75,4
GALIA,SP,-22.29100121,-49.55301195,H2 Verde,0.397,0.3333,0.1133,0.7655,0.875,1
GALIA,SP,-22.29100121,-49.55301195,Solar,0.3561,0.2312,0.1133,0.7655,0.875,2
GALIA,SP,-22.29100121,-49.55301195,Eolica,0.3561,0.2312,0.1133,0.7655,0.875,2
GALIA,SP,-22.29100121,-49.55301195,Biometano,0.3115,0.6937,0.1133,,0.5,3
GALIA,SP,-22.29100121,-49.55301195,Biomassa,0.2598,0.5646,0.1133,,0.75,4
GALINHOS,RN,-5.206200379999999,-36.225454,H2 Verde,0.245,0.4092,0.1305,0.1405,1.0,1
GALINHOS,RN,-5.206200379999999,-36.225454,Solar,0.2413,0.3999,0.1305,0.1405,1.0,2
GALINHOS,RN,-5.206200379999999,-36.225454,Eolica,0.1227,0.1035,0.1305,0.1405,1.0,3
GALINHOS,RN,-5.206200379999999,-36.225454,Biometano,0.118,0.1892,0.1305,0.0105,0.625,4
GALINHOS,RN,-5.206200379999999,-36.225454,Biomassa,0.0979,0.139,0.1305,0.0105,0.875,5
GAMELEIRA,PE,-8.59486233,-35.39068085,Solar,0.2054,0.4145,0.0308,0.1013,1.0,1
GAMELEIRA,PE,-8.59486233,-35.39068085,H2 Verde,0.1968,0.3929,0.0308,0.1013,1.0,2
GAMELEIRA,PE,-8.59486233,-35.39068085,Biometano,0.1066,0.2432,0.0308,0.0001,0.625,3
GAMELEIRA,PE,-8.59486233,-35.39068085,Eolica,0.0721,0.0811,0.0308,0.1013,1.0,4
GAMELEIRA,PE,-8.59486233,-35.39068085,Biomassa,0.0655,0.1406,0.0308,0.0001,0.875,5
GAMELEIRA DE GOIAS,GO,-16.52196667,-48.63415833,Solar,0.2627,0.4325,0.1612,0.1378,1.0,1
GAMELEIRA DE GOIAS,GO,-16.52196667,-48.63415833,H2 Verde,0.2577,0.42,0.1612,0.1378,1.0,2
GAMELEIRA DE GOIAS,GO,-16.52196667,-48.63415833,Biometano,0.1673,0.2973,0.1612,0.0001,0.625,3
GAMELEIRA DE GOIAS,GO,-16.52196667,-48.63415833,Eolica,0.1294,0.0991,0.1612,0.1378,1.0,4
GAMELEIRA DE GOIAS,GO,-16.52196667,-48.63415833,Biomassa,0.1227,0.1858,0.1612,0.0001,0.875,5
GARCA,SP,-22.21070889,-49.65653,H2 Verde,0.4028,0.3333,0.1325,0.7655,0.875,1
GARCA,SP,-22.21070889,-49.65653,Solar,0.3619,0.2312,0.1325,0.7655,0.875,2
GARCA,SP,-22.21070889,-49.65653,Eolica,0.3619,0.2312,0.1325,0.7655,0.875,2
GARCA,SP,-22.21070889,-49.65653,Biometano,0.3172,0.6937,0.1325,,0.5,3
GARCA,SP,-22.21070889,-49.65653,Biomassa,0.2656,0.5646,0.1325,,0.75,4
GASPAR,SC,-26.903887734999998,-48.96804776,Solar,0.2278,0.1382,0.1984,0.3768,0.875,1
GASPAR,SC,-26.903887734999998,-48.96804776,Eolica,0.2278,0.1382,0.1984,0.3768,0.875,1
GASPAR,SC,-26.903887734999998,-48.96804776,Biometano,0.2253,0.4144,0.1984,,0.5,2
GASPAR,SC,-26.903887734999998,-48.96804776,H2 Verde,0.2202,0.119,0.1984,0.3768,0.875,3
GASPAR,SC,-26.903887734999998,-48.96804776,Biomassa,0.1624,0.2571,0.1984,,0.75,4
GAUCHA DO NORTE,MT,-13.15004444,-59.75270278,Solar,0.2743,0.3964,0.2195,0.1663,1.0,1
GAUCHA DO NORTE,MT,-13.15004444,-59.75270278,H2 Verde,0.2602,0.361,0.2195,0.1663,1.0,2
GAUCHA DO NORTE,MT,-13.15004444,-59.75270278,Biometano,0.1415,0.1892,0.2195,0.0,0.625,3
GAUCHA DO NORTE,MT,-13.15004444,-59.75270278,Eolica,0.141,0.0631,0.2195,0.1663,1.0,4
GAUCHA DO NORTE,MT,-13.15004444,-59.75270278,Biomassa,0.1021,0.0907,0.2195,0.0,0.875,5
GAVIAO PEIXOTO,SP,-21.84694444,-48.48944444,H2 Verde,0.4276,0.6668,0.1533,0.383,1.0,1
GAVIAO PEIXOTO,SP,-21.84694444,-48.48944444,Solar,0.3868,0.5647,0.1533,0.383,1.0,2
GAVIAO PEIXOTO,SP,-21.84694444,-48.48944444,Biometano,0.3236,0.6937,0.1533,0.0004,0.625,3
GAVIAO PEIXOTO,SP,-21.84694444,-48.48944444,Biomassa,0.272,0.5647,0.1533,0.0004,0.875,4
GAVIAO PEIXOTO,SP,-21.84694444,-48.48944444,Eolica,0.2534,0.2314,0.1533,0.383,1.0,5
GENERAL CARNEIRO,SC,-26.58198611,-51.22363611,Solar,0.2451,0.4715,,0.1884,0.625,1
GENERAL CARNEIRO,PR,-26.444117490000004,-51.338310244,Biometano,0.2414,0.5405,0.0838,0.0002,0.625,2
GENERAL CARNEIRO,SC,-26.58198611,-51.22363611,H2 Verde,0.2375,0.4523,,0.1884,0.625,3
GENERAL CARNEIRO,PR,-26.444117490000004,-51.338310244,Solar,0.2357,0.371,0.0838,0.207,1.0,4
GENERAL CARNEIRO,PR,-26.444117490000004,-51.338310244,H2 Verde,0.204,0.2918,0.0838,0.207,1.0,5
GENERAL CARNEIRO,SC,-26.58198611,-51.22363611,Biometano,0.1658,0.4144,,0.0001,0.25,6
GENERAL CARNEIRO,PR,-26.444117490000004,-51.338310244,Eolica,0.1594,0.1803,0.0838,0.207,1.0,7
GENERAL CARNEIRO,PR,-26.444117490000004,-51.338310244,Biomassa,0.1377,0.2812,0.0838,0.0002,0.875,8
GENERAL CARNEIRO,SC,-26.58198611,-51.22363611,Eolica,0.1118,0.1382,,0.1884,0.625,9
GENERAL CARNEIRO,SC,-26.58198611,-51.22363611,Biomassa,0.1029,0.2571,,0.0001,0.5,10
GENERAL SALGADO,SP,-10.28754989,-25.192199945,H2 Verde,0.3623,0.5221,0.1287,0.383,1.0,1
GENERAL SALGADO,SP,-10.28754989,-25.192199945,Solar,0.3215,0.42,0.1287,0.383,1.0,2
GENERAL SALGADO,SP,-10.28754989,-25.192199945,Biometano,0.3162,0.6937,0.1287,0.0004,0.625,3
GENERAL SALGADO,SP,-10.28754989,-25.192199945,Biomassa,0.2647,0.5648,0.1287,0.0004,0.875,4
GENERAL SALGADO,SP,-10.28754989,-25.192199945,Eolica,0.2461,0.2315,0.1287,0.383,1.0,5
GENTIO DO OURO,BA,-11.307817170945947,-42.60843793878378,Solar,0.4206,0.586,0.1403,0.4804,1.0,1
GENTIO DO OURO,BA,-11.307817170945947,-42.60843793878378,H2 Verde,0.4002,0.535,0.1403,0.4804,1.0,2
GENTIO DO OURO,BA,-11.307817170945947,-42.60843793878378,Biometano,0.3325,0.6306,0.1403,0.1272,0.625,3
GENTIO DO OURO,BA,-11.307817170945947,-42.60843793878378,Eolica,0.31,0.3095,0.1403,0.4804,1.0,4
GENTIO DO OURO,BA,-11.307817170945947,-42.60843793878378,Biomassa,0.245,0.4119,0.1403,0.1272,0.875,5
GILBUES,PI,-9.757057778,-45.461336666,Biometano,0.1744,0.3243,0.149,0.0,0.625,1
GILBUES,PI,-9.757057778,-45.461336666,Eolica,0.1467,0.1355,0.149,0.1593,1.0,2
GILBUES,PI,-9.757057778,-45.461336666,Solar,0.1357,0.1081,0.149,0.1593,1.0,3
GILBUES,PI,-9.757057778,-45.461336666,H2 Verde,0.1098,0.0434,0.149,0.1593,1.0,4
GILBUES,PI,-9.757057778,-45.461336666,Biomassa,0.1053,0.1515,0.149,0.0,0.875,5
GIRUA,RS,-28.0869957,-54.305675225,Biometano,0.3896,0.8829,0.1214,0.0,0.625,1
GIRUA,RS,-28.0869957,-54.305675225,Solar,0.301,0.396,0.1214,0.3537,1.0,2
GIRUA,RS,-28.0869957,-54.305675225,Eolica,0.2603,0.2943,0.1214,0.3537,1.0,3
GIRUA,RS,-28.0869957,-54.305675225,H2 Verde,0.2455,0.2573,0.1214,0.3537,1.0,4
GIRUA,RS,-28.0869957,-54.305675225,Biomassa,0.2164,0.4499,0.1214,0.0,0.875,5
GOIANA,PE,-6.280951655,-29.149874648333334,Solar,0.2282,0.3708,0.1626,0.1036,1.0,1
GOIANA,PE,-6.280951655,-29.149874648333334,H2 Verde,0.2196,0.3492,0.1626,0.1036,1.0,2
GOIANA,PE,-6.280951655,-29.149874648333334,Biometano,0.1475,0.2432,0.1626,0.0048,0.625,3
GOIANA,PE,-6.280951655,-29.149874648333334,Eolica,0.117,0.0928,0.1626,0.1036,1.0,4
GOIANA,PE,-6.280951655,-29.149874648333334,Biomassa,0.1072,0.1425,0.1626,0.0048,0.875,5
GOIANDIRA,GO,-18.102723245,-48.240133924999995,Solar,0.2523,0.4339,0.1227,0.1399,1.0,1
GOIANDIRA,GO,-18.102723245,-48.240133924999995,H2 Verde,0.2473,0.4214,0.1227,0.1399,1.0,2
GOIANDIRA,GO,-18.102723245,-48.240133924999995,Biometano,0.157,0.2973,0.1227,0.0043,0.625,3
GOIANDIRA,GO,-18.102723245,-48.240133924999995,Eolica,0.119,0.1005,0.1227,0.1399,1.0,4
GOIANDIRA,GO,-18.102723245,-48.240133924999995,Biomassa,0.113,0.1872,0.1227,0.0043,0.875,5
GOIANESIA,GO,-11.3787595525,-36.8462589775,Biometano,0.1773,0.2973,0.1945,0.0,0.625,1
GOIANESIA,GO,-11.3787595525,-36.8462589775,Solar,0.1415,0.1046,0.1945,0.1378,1.0,2
GOIANESIA,GO,-11.3787595525,-36.8462589775,Eolica,0.1411,0.1036,0.1945,0.1378,1.0,3
GOIANESIA,GO,-11.3787595525,-36.8462589775,H2 Verde,0.1365,0.0921,0.1945,0.1378,1.0,4
GOIANESIA,GO,-11.3787595525,-36.8462589775,Biomassa,0.1344,0.1902,0.1945,0.0,0.875,5
GOIANIA,GO,-16.674136127,-49.27562456766667,Biometano,0.1872,0.2973,0.2274,0.0001,0.625,1
GOIANIA,GO,-16.674136127,-49.27562456766667,Solar,0.1518,0.1057,0.2274,0.1378,1.0,2
GOIANIA,GO,-16.674136127,-49.27562456766667,Eolica,0.1502,0.1015,0.2274,0.1378,1.0,3
GOIANIA,GO,-16.674136127,-49.27562456766667,H2 Verde,0.1469,0.0932,0.2274,0.1378,1.0,4
GOIANIA,GO,-16.674136127,-49.27562456766667,Biomassa,0.1435,0.1882,0.2274,0.0001,0.875,5
GOIANIRA,GO,-16.49865,-49.43028001,Solar,0.2231,0.0991,0.3359,0.2756,0.875,1
GOIANIRA,GO,-16.49865,-49.43028001,Eolica,0.2231,0.0991,0.3359,0.2756,0.875,1
GOIANIRA,GO,-16.49865,-49.43028001,Biometano,0.2197,0.2973,0.3359,,0.5,2
GOIANIRA,GO,-16.49865,-49.43028001,H2 Verde,0.2181,0.0866,0.3359,0.2756,0.875,3
GOIANIRA,GO,-16.49865,-49.43028001,Biomassa,0.1751,0.1857,0.3359,,0.75,4
GOIATUBA,GO,-17.989867643333334,-49.80449141666667,Solar,0.1723,0.1021,0.1627,0.2756,0.875,1
GOIATUBA,GO,-17.989867643333334,-49.80449141666667,Eolica,0.1723,0.1021,0.1627,0.2756,0.875,1
GOIATUBA,GO,-17.989867643333334,-49.80449141666667,Biometano,0.1677,0.2973,0.1627,,0.5,2
GOIATUBA,GO,-17.989867643333334,-49.80449141666667,H2 Verde,0.1673,0.0897,0.1627,0.2756,0.875,3
GOIATUBA,GO,-17.989867643333334,-49.80449141666667,Biomassa,0.1243,0.1888,0.1627,,0.75,4
GOIOERE,PR,-24.200635203333334,-52.98893530666667,Biometano,0.2561,0.5405,0.1329,0.0,0.625,1
GOIOERE,PR,-24.200635203333334,-52.98893530666667,Solar,0.2049,0.2573,0.1329,0.2069,1.0,2
GOIOERE,PR,-24.200635203333334,-52.98893530666667,Eolica,0.174,0.1802,0.1329,0.2069,1.0,3
GOIOERE,PR,-24.200635203333334,-52.98893530666667,H2 Verde,0.1732,0.178,0.1329,0.2069,1.0,4
GOIOERE,PR,-24.200635203333334,-52.98893530666667,Biomassa,0.1523,0.2811,0.1329,0.0,0.875,5
GOIOXIM,PR,-25.31080556,-51.96759722,Biometano,0.2472,0.5405,0.1032,0.0,0.625,1
GOIOXIM,PR,-25.31080556,-51.96759722,Eolica,0.1653,0.1806,0.1032,0.2069,1.0,2
GOIOXIM,PR,-25.31080556,-51.96759722,Solar,0.1651,0.1802,0.1032,0.2069,1.0,3
GOIOXIM,PR,-25.31080556,-51.96759722,Biomassa,0.1434,0.2811,0.1032,0.0,0.875,4
GOIOXIM,PR,-25.31080556,-51.96759722,H2 Verde,0.1334,0.1009,0.1032,0.2069,1.0,5
GOUVEIA,MG,-4.65963541,-10.99134983,Solar,0.4557,0.6668,0.1296,0.5002,1.0,1
GOUVEIA,MG,-4.65963541,-10.99134983,Biometano,0.439,1.0,0.1296,0.0004,0.625,2
GOUVEIA,MG,-4.65963541,-10.99134983,H2 Verde,0.4058,0.5422,0.1296,0.5002,1.0,3
GOUVEIA,MG,-4.65963541,-10.99134983,Eolica,0.3257,0.342,0.1296,0.5002,1.0,4
GOUVEIA,MG,-4.65963541,-10.99134983,Biomassa,0.2559,0.5422,0.1296,0.0004,0.875,5
GOVERNADOR VALADARES,MG,-18.8492569025,-41.919319045,Solar,0.4756,0.3335,0.1407,1.0,0.875,1
GOVERNADOR VALADARES,MG,-18.8492569025,-41.919319045,Eolica,0.4756,0.3335,0.1407,1.0,0.875,1
GOVERNADOR VALADARES,MG,-18.8492569025,-41.919319045,Biometano,0.4422,1.0,0.1407,,0.5,2
GOVERNADOR VALADARES,MG,-18.8492569025,-41.919319045,H2 Verde,0.4258,0.2089,0.1407,1.0,0.875,3
GOVERNADOR VALADARES,MG,-18.8492569025,-41.919319045,Biomassa,0.2591,0.5422,0.1407,,0.75,4
GRANJA,CE,-3.1043673829032254,-40.7652912183871,Biometano,0.1845,0.3514,0.1465,0.0,0.625,1
GRANJA,CE,-3.1043673829032254,-40.7652912183871,Eolica,0.1722,0.1843,0.1465,0.1819,1.0,2
GRANJA,CE,-3.1043673829032254,-40.7652912183871,H2 Verde,0.1467,0.1204,0.1465,0.1819,1.0,3
GRANJA,CE,-3.1043673829032254,-40.7652912183871,Solar,0.1454,0.1171,0.1465,0.1819,1.0,4
GRANJA,CE,-3.1043673829032254,-40.7652912183871,Biomassa,0.1389,0.2375,0.1465,0.0,0.875,5
GRAO MOGOL,MG,-16.514741973333333,-43.10215412,Biometano,0.4353,1.0,0.1176,0.0001,0.625,1
GRAO MOGOL,MG,-16.514741973333333,-43.10215412,Solar,0.3374,0.3804,0.1176,0.5,1.0,2
GRAO MOGOL,MG,-16.514741973333333,-43.10215412,Eolica,0.3187,0.3335,0.1176,0.5,1.0,3
GRAO MOGOL,MG,-16.514741973333333,-43.10215412,H2 Verde,0.2876,0.2558,0.1176,0.5,1.0,4
GRAO MOGOL,MG,-16.514741973333333,-43.10215412,Biomassa,0.2522,0.5423,0.1176,0.0001,0.875,5
GRAVATA,PE,-8.2607091425,-35.5883370125,Solar,0.2437,0.4044,0.1713,0.1019,1.0,1
GRAVATA,PE,-8.2607091425,-35.5883370125,H2 Verde,0.2351,0.3829,0.1713,0.1019,1.0,2
GRAVATA,PE,-8.2607091425,-35.5883370125,Biometano,0.1491,0.2432,0.1713,0.0013,0.625,3
GRAVATA,PE,-8.2607091425,-35.5883370125,Eolica,0.1146,0.0815,0.1713,0.1019,1.0,4
GRAVATA,PE,-8.2607091425,-35.5883370125,Biomassa,0.1082,0.1411,0.1713,0.0013,0.875,5
GRAVATAI,RS,-19.966035496666667,-34.02466366666667,Biometano,0.4007,0.8829,0.1583,0.0001,0.625,1
GRAVATAI,RS,-19.966035496666667,-34.02466366666667,Solar,0.3187,0.4127,0.1583,0.3538,1.0,2
GRAVATAI,RS,-19.966035496666667,-34.02466366666667,Eolica,0.2714,0.2944,0.1583,0.3538,1.0,3
GRAVATAI,RS,-19.966035496666667,-34.02466366666667,H2 Verde,0.2632,0.2741,0.1583,0.3538,1.0,4
GRAVATAI,RS,-19.966035496666667,-34.02466366666667,Biomassa,0.2275,0.45,0.1583,0.0001,0.875,5
GUABIRUBA,SC,-9.02923437,-16.32078563,Solar,0.3087,0.4715,0.212,0.1884,1.0,1
GUABIRUBA,SC,-9.02923437,-16.32078563,H2 Verde,0.301,0.4523,0.212,0.1884,1.0,2
GUABIRUBA,SC,-9.02923437,-16.32078563,Biometano,0.2294,0.4144,0.212,0.0,0.625,3
GUABIRUBA,SC,-9.02923437,-16.32078563,Eolica,0.1754,0.1381,0.212,0.1884,1.0,4
GUABIRUBA,SC,-9.02923437,-16.32078563,Biomassa,0.1664,0.2571,0.212,0.0,0.875,5
GUADALUPE,PI,-6.75349577,-43.56267317,Solar,0.2715,0.4485,0.1373,0.1699,1.0,1
GUADALUPE,PI,-6.75349577,-43.56267317,H2 Verde,0.2457,0.3838,0.1373,0.1699,1.0,2
GUADALUPE,PI,-6.75349577,-43.56267317,Biometano,0.1773,0.3243,0.1373,0.0211,0.625,3
GUADALUPE,PI,-6.75349577,-43.56267317,Eolica,0.1382,0.1151,0.1373,0.1699,1.0,4
GUADALUPE,PI,-6.75349577,-43.56267317,Biomassa,0.1109,0.1585,0.1373,0.0211,0.875,5
GUAIBA,RS,-30.13144252,-51.29753455,Biometano,0.3941,0.8829,0.1364,,0.5,1
GUAIBA,RS,-30.13144252,-51.29753455,Solar,0.374,0.3021,0.1364,0.7074,0.875,2
GUAIBA,RS,-30.13144252,-51.29753455,Eolica,0.374,0.3021,0.1364,0.7074,0.875,2
GUAIBA,RS,-30.13144252,-51.29753455,H2 Verde,0.3185,0.1635,0.1364,0.7074,0.875,3
GUAIBA,RS,-30.13144252,-51.29753455,Biomassa,0.224,0.4578,0.1364,,0.75,4
GUAIMBE,SP,-21.891292221999997,-49.86981161,H2 Verde,0.4276,0.6711,0.1411,0.3894,1.0,1
GUAIMBE,SP,-21.891292221999997,-49.86981161,Solar,0.3868,0.569,0.1411,0.3894,1.0,2
GUAIMBE,SP,-21.891292221999997,-49.86981161,Biometano,0.3238,0.6937,0.1411,0.0133,0.625,3
GUAIMBE,SP,-21.891292221999997,-49.86981161,Biomassa,0.2739,0.569,0.1411,0.0133,0.875,4
GUAIMBE,SP,-21.891292221999997,-49.86981161,Eolica,0.2534,0.2357,0.1411,0.3894,1.0,5
GUAIRA,SP,-20.392206446666666,-48.262823033333326,H2 Verde,0.4109,0.3393,0.1516,0.7655,0.875,1
GUAIRA,SP,-20.392206446666666,-48.262823033333326,Solar,0.37,0.2372,0.1516,0.7655,0.875,2
GUAIRA,SP,-20.392206446666666,-48.262823033333326,Eolica,0.37,0.2372,0.1516,0.7655,0.875,2
GUAIRA,SP,-20.392206446666666,-48.262823033333326,Biometano,0.3229,0.6937,0.1516,,0.5,3
GUAIRA,SP,-20.392206446666666,-48.262823033333326,Biomassa,0.2737,0.5705,0.1516,,0.75,4
GUAJARA-MIRIM,RO,-11.154773333333333,-65.19802036,H2 Verde,0.1036,0.0645,0.124,0.1353,0.875,1
GUAJARA-MIRIM,RO,-11.154773333333333,-65.19802036,Solar,0.0934,0.0391,0.124,0.1353,0.875,2
GUAJARA-MIRIM,RO,-11.154773333333333,-65.19802036,Eolica,0.0934,0.0391,0.124,0.1353,0.875,2
GUAJARA-MIRIM,RO,-11.154773333333333,-65.19802036,Biometano,0.084,0.1171,0.124,,0.5,3
GUAJARA-MIRIM,RO,-11.154773333333333,-65.19802036,Biomassa,0.0786,0.1035,0.124,,0.75,4
GUAMARE,RN,-5.132611745555555,-36.35553824888889,H2 Verde,0.2675,0.4137,0.192,0.1479,1.0,1
GUAMARE,RN,-5.132611745555555,-36.35553824888889,Solar,0.2637,0.4044,0.192,0.1479,1.0,2
GUAMARE,RN,-5.132611745555555,-36.35553824888889,Biometano,0.1409,0.1892,0.192,0.0253,0.625,3
GUAMARE,RN,-5.132611745555555,-36.35553824888889,Eolica,0.1306,0.0715,0.192,0.1479,1.0,4
GUAMARE,RN,-5.132611745555555,-36.35553824888889,Biomassa,0.1227,0.1439,0.192,0.0253,0.875,5
GUAMIRANGA,PR,-25.16766944,-50.94234444,Solar,0.3083,0.5136,0.1356,0.2071,1.0,1
GUAMIRANGA,PR,-25.16766944,-50.94234444,H2 Verde,0.2766,0.4344,0.1356,0.2071,1.0,2
GUAMIRANGA,PR,-25.16766944,-50.94234444,Biometano,0.257,0.5405,0.1356,0.0004,0.625,3
GUAMIRANGA,PR,-25.16766944,-50.94234444,Eolica,0.1749,0.1803,0.1356,0.2071,1.0,4
GUAMIRANGA,PR,-25.16766944,-50.94234444,Biomassa,0.1533,0.2812,0.1356,0.0004,0.875,5
GUANAMBI,BA,-14.135809304545454,-42.670797493636364,Solar,0.398,0.5493,0.1688,0.4255,1.0,1
GUANAMBI,BA,-14.135809304545454,-42.670797493636364,H2 Verde,0.3776,0.4984,0.1688,0.4255,1.0,2
GUANAMBI,BA,-14.135809304545454,-42.670797493636364,Biometano,0.3081,0.6306,0.1688,0.0174,0.625,3
GUANAMBI,BA,-14.135809304545454,-42.670797493636364,Eolica,0.266,0.2193,0.1688,0.4255,1.0,4
GUANAMBI,BA,-14.135809304545454,-42.670797493636364,Biomassa,0.206,0.3753,0.1688,0.0174,0.875,5
GUANHAES,MG,-18.84168627,-42.753810765,Solar,0.4608,0.667,0.1461,0.5004,1.0,1
GUANHAES,MG,-18.84168627,-42.753810765,Biometano,0.4441,1.0,0.1461,0.0009,0.625,2
GUANHAES,MG,-18.84168627,-42.753810765,H2 Verde,0.4109,0.5424,0.1461,0.5004,1.0,3
GUANHAES,MG,-18.84168627,-42.753810765,Eolica,0.3274,0.3336,0.1461,0.5004,1.0,4
GUANHAES,MG,-18.84168627,-42.753810765,Biomassa,0.261,0.5424,0.1461,0.0009,0.875,5
GUAPIACU,SP,-20.79288582,-49.21579928,H2 Verde,0.4194,0.3335,0.1879,0.7655,0.875,1
GUAPIACU,SP,-20.79288582,-49.21579928,Solar,0.3786,0.2314,0.1879,0.7655,0.875,2
GUAPIACU,SP,-20.79288582,-49.21579928,Eolica,0.3786,0.2314,0.1879,0.7655,0.875,2
GUAPIACU,SP,-20.79288582,-49.21579928,Biometano,0.3339,0.6937,0.1879,,0.5,3
GUAPIACU,SP,-20.79288582,-49.21579928,Biomassa,0.2823,0.5647,0.1879,,0.75,4
GUAPORE,RS,-28.836684846666667,-51.87730637666667,Solar,0.4075,0.6288,0.1642,0.3555,1.0,1
GUAPORE,RS,-28.836684846666667,-51.87730637666667,Biometano,0.4035,0.8829,0.1642,0.0036,0.625,2
GUAPORE,RS,-28.836684846666667,-51.87730637666667,H2 Verde,0.352,0.4901,0.1642,0.3555,1.0,3
GUAPORE,RS,-28.836684846666667,-51.87730637666667,Eolica,0.2741,0.2955,0.1642,0.3555,1.0,4
GUAPORE,RS,-28.836684846666667,-51.87730637666667,Biomassa,0.2308,0.4511,0.1642,0.0036,0.875,5
GUARA,SP,-20.515402502500002,-47.835212655,H2 Verde,0.4194,0.6685,0.1211,0.3856,1.0,1
GUARA,SP,-20.515402502500002,-47.835212655,Solar,0.3786,0.5664,0.1211,0.3856,1.0,2
GUARA,SP,-20.515402502500002,-47.835212655,Biometano,0.3155,0.6937,0.1211,0.0056,0.625,3
GUARA,SP,-20.515402502500002,-47.835212655,Biomassa,0.2646,0.5664,0.1211,0.0056,0.875,4
GUARA,SP,-20.515402502500002,-47.835212655,Eolica,0.2453,0.2331,0.1211,0.3856,1.0,5
GUARACI,SP,-20.40150967,-48.99113455,H2 Verde,0.4077,0.3349,0.1468,0.7655,0.875,1
GUARACI,SP,-20.40150967,-48.99113455,Solar,0.3668,0.2328,0.1468,0.7655,0.875,2
GUARACI,SP,-20.40150967,-48.99113455,Eolica,0.3668,0.2328,0.1468,0.7655,0.875,2
GUARACI,SP,-20.40150967,-48.99113455,Biometano,0.3215,0.6937,0.1468,,0.5,3
GUARACI,SP,-20.40150967,-48.99113455,Biomassa,0.2705,0.5661,0.1468,,0.75,4
GUARACIABA,MG,-20.552259395,-42.989883455,Solar,0.4547,0.6672,0.1253,0.5008,1.0,1
GUARACIABA,MG,-20.552259395,-42.989883455,Biometano,0.4381,1.0,0.1253,0.0016,0.625,2
GUARACIABA,MG,-20.552259395,-42.989883455,H2 Verde,0.4048,0.5426,0.1253,0.5008,1.0,3
GUARACIABA,MG,-20.552259395,-42.989883455,Eolica,0.3214,0.3339,0.1253,0.5008,1.0,4
GUARACIABA,SC,-26.54265202,-53.58064958,Solar,0.2884,0.4715,0.1444,0.1884,1.0,5
GUARACIABA,SC,-26.54265202,-53.58064958,H2 Verde,0.2808,0.4523,0.1444,0.1884,1.0,6
GUARACIABA,MG,-20.552259395,-42.989883455,Biomassa,0.2551,0.5426,0.1253,0.0016,0.875,7
GUARACIABA,SC,-26.54265202,-53.58064958,Biometano,0.2091,0.4144,0.1444,0.0001,0.625,8
GUARACIABA,SC,-26.54265202,-53.58064958,Eolica,0.1551,0.1382,0.1444,0.1884,1.0,9
GUARACIABA,SC,-26.54265202,-53.58064958,Biomassa,0.1462,0.2571,0.1444,0.0001,0.875,10
GUARACIABA DO NORTE,CE,-1.1177536846666667,-10.940795537333333,Biometano,0.1887,0.3514,0.1606,0.0,0.625,1
GUARACIABA DO NORTE,CE,-1.1177536846666667,-10.940795537333333,Eolica,0.1578,0.1376,0.1606,0.1819,1.0,2
GUARACIABA DO NORTE,CE,-1.1177536846666667,-10.940795537333333,H2 Verde,0.1509,0.1204,0.1606,0.1819,1.0,3
GUARACIABA DO NORTE,CE,-1.1177536846666667,-10.940795537333333,Solar,0.1496,0.1171,0.1606,0.1819,1.0,4
GUARACIABA DO NORTE,CE,-1.1177536846666667,-10.940795537333333,Biomassa,0.1432,0.2375,0.1606,0.0,0.875,5
GUARAI,TO,-8.8669492,-48.48608076,Solar,0.0984,0.036,0.1608,0.1192,0.875,1
GUARAI,TO,-8.8669492,-48.48608076,Eolica,0.0984,0.036,0.1608,0.1192,0.875,1
GUARAI,TO,-8.8669492,-48.48608076,H2 Verde,0.0958,0.0295,0.1608,0.1192,0.875,2
GUARAI,TO,-8.8669492,-48.48608076,Biometano,0.0915,0.1081,0.1608,,0.5,3
GUARAI,TO,-8.8669492,-48.48608076,Biomassa,0.0745,0.0655,0.1608,,0.75,4
GUARAMIRIM,SC,-13.23897222,-24.507069445,Biometano,0.2294,0.4144,0.2122,0.0,0.625,1
GUARAMIRIM,SC,-13.23897222,-24.507069445,Solar,0.1943,0.1853,0.2122,0.1884,1.0,2
GUARAMIRIM,SC,-13.23897222,-24.507069445,H2 Verde,0.1866,0.1662,0.2122,0.1884,1.0,3
GUARAMIRIM,SC,-13.23897222,-24.507069445,Eolica,0.1754,0.1382,0.2122,0.1884,1.0,4
GUARAMIRIM,SC,-13.23897222,-24.507069445,Biomassa,0.1665,0.2571,0.2122,0.0,0.875,5
GUARANESIA,MG,-21.321043425,-46.823556554999996,Biometano,0.4431,1.0,0.1435,0.0,0.625,1
GUARANESIA,MG,-21.321043425,-46.823556554999996,Solar,0.3334,0.351,0.1435,0.5,1.0,2
GUARANESIA,MG,-21.321043425,-46.823556554999996,Eolica,0.3265,0.3336,0.1435,0.5,1.0,3
GUARANESIA,MG,-21.321043425,-46.823556554999996,H2 Verde,0.2836,0.2264,0.1435,0.5,1.0,4
GUARANESIA,MG,-21.321043425,-46.823556554999996,Biomassa,0.26,0.5423,0.1435,0.0,0.875,5
GUARANI,MG,-21.34503536,-42.97078418,Solar,0.4491,0.667,0.1072,0.5006,1.0,1
GUARANI,MG,-21.34503536,-42.97078418,Biometano,0.4325,1.0,0.1072,0.0011,0.625,2
GUARANI,MG,-21.34503536,-42.97078418,H2 Verde,0.3993,0.5424,0.1072,0.5006,1.0,3
GUARANI,MG,-21.34503536,-42.97078418,Eolica,0.3158,0.3337,0.1072,0.5006,1.0,4
GUARANI,MG,-21.34503536,-42.97078418,Biomassa,0.2495,0.5424,0.1072,0.0011,0.875,5
GUARANI DAS MISSOES,RS,-28.13885818,-54.54640396,Solar,0.3914,0.6276,0.1142,0.3537,1.0,1
GUARANI DAS MISSOES,RS,-28.13885818,-54.54640396,Biometano,0.3874,0.8829,0.1142,0.0,0.625,2
GUARANI DAS MISSOES,RS,-28.13885818,-54.54640396,H2 Verde,0.336,0.4889,0.1142,0.3537,1.0,3
GUARANI DAS MISSOES,RS,-28.13885818,-54.54640396,Eolica,0.2581,0.2943,0.1142,0.3537,1.0,4
GUARANI DAS MISSOES,RS,-28.13885818,-54.54640396,Biomassa,0.2142,0.4499,0.1142,0.0,0.875,5
GUARANTA DO NORTE,MT,-9.71192821,-54.92660543666667,Solar,0.2482,0.3977,0.1287,0.1683,1.0,1
GUARANTA DO NORTE,MT,-9.71192821,-54.92660543666667,H2 Verde,0.234,0.3623,0.1287,0.1683,1.0,2
GUARANTA DO NORTE,MT,-9.71192821,-54.92660543666667,Eolica,0.1156,0.0662,0.1287,0.1683,1.0,3
GUARANTA DO NORTE,MT,-9.71192821,-54.92660543666667,Biometano,0.1154,0.1892,0.1287,0.0039,0.625,4
GUARANTA DO NORTE,MT,-9.71192821,-54.92660543666667,Biomassa,0.0766,0.092,0.1287,0.0039,0.875,5
GUARAPUAVA,PR,-25.398959835454548,-51.521253368181824,Biometano,0.2668,0.5405,0.1668,0.0016,0.625,1
GUARAPUAVA,PR,-25.398959835454548,-51.521253368181824,Solar,0.2504,0.3451,0.1668,0.2077,1.0,2
GUARAPUAVA,PR,-25.398959835454548,-51.521253368181824,H2 Verde,0.2187,0.2659,0.1668,0.2077,1.0,3
GUARAPUAVA,PR,-25.398959835454548,-51.521253368181824,Eolica,0.1854,0.1825,0.1668,0.2077,1.0,4
GUARAPUAVA,PR,-25.398959835454548,-51.521253368181824,Biomassa,0.1634,0.2822,0.1668,0.0016,0.875,5
GUARARAPES,SP,-21.356190974999997,-50.718212300000005,H2 Verde,0.4057,0.3336,0.1419,0.7655,0.875,1
GUARARAPES,SP,-21.356190974999997,-50.718212300000005,Solar,0.3648,0.2315,0.1419,0.7655,0.875,2
GUARARAPES,SP,-21.356190974999997,-50.718212300000005,Eolica,0.3648,0.2315,0.1419,0.7655,0.875,2
GUARARAPES,SP,-21.356190974999997,-50.718212300000005,Biometano,0.3201,0.6937,0.1419,,0.5,3
GUARARAPES,SP,-21.356190974999997,-50.718212300000005,Biomassa,0.2685,0.5649,0.1419,,0.75,4
GUARATINGUETA,SP,-22.771691363333332,-45.193931615,Biometano,0.3244,0.6937,0.1564,0.0001,0.625,1
GUARATINGUETA,SP,-22.771691363333332,-45.193931615,H2 Verde,0.309,0.3682,0.1564,0.3828,1.0,2
GUARATINGUETA,SP,-22.771691363333332,-45.193931615,Biomassa,0.2729,0.5649,0.1564,0.0001,0.875,3
GUARATINGUETA,SP,-22.771691363333332,-45.193931615,Solar,0.2682,0.2661,0.1564,0.3828,1.0,4
GUARATINGUETA,SP,-22.771691363333332,-45.193931615,Eolica,0.2544,0.2315,0.1564,0.3828,1.0,5
GUARATUBA,PR,-25.71494042,-48.97296714,Solar,0.3308,0.5146,0.2081,0.2085,1.0,1
GUARATUBA,PR,-25.71494042,-48.97296714,H2 Verde,0.2991,0.4353,0.2081,0.2085,1.0,2
GUARATUBA,PR,-25.71494042,-48.97296714,Biometano,0.2796,0.5405,0.2081,0.0032,0.625,3
GUARATUBA,PR,-25.71494042,-48.97296714,Eolica,0.1975,0.1812,0.2081,0.2085,1.0,4
GUARATUBA,PR,-25.71494042,-48.97296714,Biomassa,0.1763,0.2822,0.2081,0.0032,0.875,5
GUARIBA,SP,-21.416388310000002,-48.28556561,H2 Verde,0.4103,0.3372,0.1524,0.7655,0.875,1
GUARIBA,SP,-21.416388310000002,-48.28556561,Solar,0.3694,0.2351,0.1524,0.7655,0.875,2
GUARIBA,SP,-21.416388310000002,-48.28556561,Eolica,0.3694,0.2351,0.1524,0.7655,0.875,2
GUARIBA,SP,-21.416388310000002,-48.28556561,Biometano,0.3232,0.6937,0.1524,,0.5,3
GUARIBA,SP,-21.416388310000002,-48.28556561,Biomassa,0.2731,0.5685,0.1524,,0.75,4
GUARUJA,SP,-23.98417394,-46.24808857333333,H2 Verde,0.407,0.3334,0.1465,0.7655,0.875,1
GUARUJA,SP,-23.98417394,-46.24808857333333,Solar,0.3661,0.2313,0.1465,0.7655,0.875,2
GUARUJA,SP,-23.98417394,-46.24808857333333,Eolica,0.3661,0.2313,0.1465,0.7655,0.875,2
GUARUJA,SP,-23.98417394,-46.24808857333333,Biometano,0.3214,0.6937,0.1465,,0.5,3
GUARUJA,SP,-23.98417394,-46.24808857333333,Biomassa,0.2698,0.5646,0.1465,,0.75,4
GUARULHOS,SP,-23.450420428695654,-46.48713198217392,H2 Verde,0.429,0.3341,0.2189,0.7655,0.875,1
GUARULHOS,SP,-23.450420428695654,-46.48713198217392,Solar,0.3881,0.232,0.2189,0.7655,0.875,2
GUARULHOS,SP,-23.450420428695654,-46.48713198217392,Eolica,0.3881,0.232,0.2189,0.7655,0.875,2
GUARULHOS,SP,-23.450420428695654,-46.48713198217392,Biometano,0.3432,0.6937,0.2189,,0.5,3
GUARULHOS,SP,-23.450420428695654,-46.48713198217392,Biomassa,0.2918,0.5653,0.2189,,0.75,4
GUATAMBU,SC,-27.121137007999998,-52.774731008,Solar,0.3325,0.4717,0.2906,0.1887,1.0,1
GUATAMBU,SC,-27.121137007999998,-52.774731008,H2 Verde,0.3248,0.4525,0.2906,0.1887,1.0,2
GUATAMBU,SC,-27.121137007999998,-52.774731008,Biometano,0.2532,0.4144,0.2906,0.0007,0.625,3
GUATAMBU,SC,-27.121137007999998,-52.774731008,Eolica,0.1992,0.1384,0.2906,0.1887,1.0,4
GUATAMBU,SC,-27.121137007999998,-52.774731008,Biomassa,0.1904,0.2574,0.2906,0.0007,0.875,5
GUATAPARA,SP,-21.39215583,-47.95279195,H2 Verde,0.408,0.3335,0.1497,0.7655,0.875,1
GUATAPARA,SP,-21.39215583,-47.95279195,Solar,0.3671,0.2314,0.1497,0.7655,0.875,2
GUATAPARA,SP,-21.39215583,-47.95279195,Eolica,0.3671,0.2314,0.1497,0.7655,0.875,2
GUATAPARA,SP,-21.39215583,-47.95279195,Biometano,0.3224,0.6937,0.1497,,0.5,3
GUATAPARA,SP,-21.39215583,-47.95279195,Biomassa,0.2708,0.5647,0.1497,,0.75,4
GUAXUPE,MG,-21.32694444,-46.7425,Solar,0.4776,0.3334,0.1473,1.0,0.875,1
GUAXUPE,MG,-21.32694444,-46.7425,Eolica,0.4776,0.3334,0.1473,1.0,0.875,1
GUAXUPE,MG,-21.32694444,-46.7425,Biometano,0.4442,1.0,0.1473,,0.5,2
GUAXUPE,MG,-21.32694444,-46.7425,H2 Verde,0.4277,0.2088,0.1473,1.0,0.875,3
GUAXUPE,MG,-21.32694444,-46.7425,Biomassa,0.2611,0.5422,0.1473,,0.75,4
GUIMARANIA,MG,-18.820522680000003,-46.682456975,Solar,0.4714,0.6686,0.1769,0.5029,1.0,1
GUIMARANIA,MG,-18.820522680000003,-46.682456975,Biometano,0.4548,1.0,0.1769,0.0058,0.625,2
GUIMARANIA,MG,-18.820522680000003,-46.682456975,H2 Verde,0.4215,0.544,0.1769,0.5029,1.0,3
GUIMARANIA,MG,-18.820522680000003,-46.682456975,Eolica,0.338,0.3353,0.1769,0.5029,1.0,4
GUIMARANIA,MG,-18.820522680000003,-46.682456975,Biomassa,0.2724,0.544,0.1769,0.0058,0.875,5
GURUPA,PA,-1.40416262,-51.63833053,H2 Verde,0.226,0.1444,0.1608,0.3998,0.875,1
GURUPA,PA,-1.40416262,-51.63833053,Solar,0.2007,0.0813,0.1608,0.3998,0.875,2
GURUPA,PA,-1.40416262,-51.63833053,Eolica,0.2007,0.0813,0.1608,0.3998,0.875,2
GURUPA,PA,-1.40416262,-51.63833053,Biometano,0.1455,0.2432,0.1608,,0.5,3
GURUPA,PA,-1.40416262,-51.63833053,Biomassa,0.1384,0.2255,0.1608,,0.75,4
GURUPI,TO,-11.773810183333334,-48.92797685,Biometano,0.0934,0.1081,0.1671,0.0,0.625,1
GURUPI,TO,-11.773810183333334,-48.92797685,Eolica,0.0863,0.0458,0.1671,0.0596,1.0,2
GURUPI,TO,-11.773810183333334,-48.92797685,Solar,0.0824,0.036,0.1671,0.0596,1.0,3
GURUPI,TO,-11.773810183333334,-48.92797685,H2 Verde,0.0798,0.0295,0.1671,0.0596,1.0,4
GURUPI,TO,-11.773810183333334,-48.92797685,Biomassa,0.0763,0.0655,0.1671,0.0,0.875,5
HERVAL D'OESTE,SC,0.0,0.0,Solar,0.2882,0.4715,0.1435,0.1884,1.0,1
HERVAL D'OESTE,SC,0.0,0.0,H2 Verde,0.2805,0.4523,0.1435,0.1884,1.0,2
HERVAL D'OESTE,SC,0.0,0.0,Biometano,0.2088,0.4144,0.1435,0.0,0.625,3
HERVAL D'OESTE,SC,0.0,0.0,Eolica,0.1548,0.1381,0.1435,0.1884,1.0,4
HERVAL D'OESTE,SC,0.0,0.0,Biomassa,0.1459,0.2571,0.1435,0.0,0.875,5
HIDROLANDIA,GO,-16.96416667,-49.31194444,Solar,0.2921,0.4324,0.2592,0.1378,1.0,1
HIDROLANDIA,GO,-16.96416667,-49.31194444,H2 Verde,0.2871,0.42,0.2592,0.1378,1.0,2
HIDROLANDIA,GO,-16.96416667,-49.31194444,Biometano,0.1967,0.2973,0.2592,0.0,0.625,3
HIDROLANDIA,GO,-16.96416667,-49.31194444,Eolica,0.1587,0.0991,0.2592,0.1378,1.0,4
HIDROLANDIA,GO,-16.96416667,-49.31194444,Biomassa,0.152,0.1857,0.2592,0.0,0.875,5
HORIZONTE,CE,-4.09500966,-38.48653455,H2 Verde,0.2228,0.1205,0.2181,0.3637,0.875,1
HORIZONTE,CE,-4.09500966,-38.48653455,Solar,0.2215,0.1173,0.2181,0.3637,0.875,2
HORIZONTE,CE,-4.09500966,-38.48653455,Eolica,0.2215,0.1173,0.2181,0.3637,0.875,2
HORIZONTE,CE,-4.09500966,-38.48653455,Biometano,0.206,0.3514,0.2181,,0.5,3
HORIZONTE,CE,-4.09500966,-38.48653455,Biomassa,0.1605,0.2376,0.2181,,0.75,4
HORTOLANDIA,SP,-22.887261083333332,-47.19631467166667,Biometano,0.3387,0.6937,0.2041,0.0,0.625,1
HORTOLANDIA,SP,-22.887261083333332,-47.19631467166667,H2 Verde,0.3164,0.3507,0.2041,0.3828,1.0,2
HORTOLANDIA,SP,-22.887261083333332,-47.19631467166667,Biomassa,0.2871,0.5647,0.2041,0.0,0.875,3
HORTOLANDIA,SP,-22.887261083333332,-47.19631467166667,Solar,0.2755,0.2486,0.2041,0.3828,1.0,4
HORTOLANDIA,SP,-22.887261083333332,-47.19631467166667,Eolica,0.2686,0.2314,0.2041,0.3828,1.0,5
HULHA NEGRA,RS,-31.40194444,-53.90166666,Biometano,0.3935,0.8829,0.1343,,0.5,1
HULHA NEGRA,RS,-31.40194444,-53.90166666,Solar,0.3703,0.2943,0.1343,0.7074,0.875,2
HULHA NEGRA,RS,-31.40194444,-53.90166666,Eolica,0.3703,0.2943,0.1343,0.7074,0.875,2
HULHA NEGRA,RS,-31.40194444,-53.90166666,H2 Verde,0.3148,0.1556,0.1343,0.7074,0.875,3
HULHA NEGRA,RS,-31.40194444,-53.90166666,Biomassa,0.2203,0.4499,0.1343,,0.75,4
HUMAITA,AM,-6.86847616,-62.433013294999995,H2 Verde,0.1224,0.0316,0.2064,0.1593,0.875,1
HUMAITA,AM,-6.86847616,-62.433013294999995,Solar,0.1172,0.0187,0.2064,0.1593,0.875,2
HUMAITA,AM,-6.86847616,-62.433013294999995,Eolica,0.1172,0.0187,0.2064,0.1593,0.875,2
HUMAITA,AM,-6.86847616,-62.433013294999995,Biometano,0.0835,0.0541,0.2064,,0.5,3
HUMAITA,AM,-6.86847616,-62.433013294999995,Biomassa,0.0818,0.0497,0.2064,,0.75,4
HUMAITA,RO,-8.02277778,-62.77277778,H2 Verde,0.0664,0.0645,,0.1353,0.5,5
HUMAITA,RO,-8.02277778,-62.77277778,Solar,0.0562,0.039,,0.1353,0.5,6
HUMAITA,RO,-8.02277778,-62.77277778,Eolica,0.0562,0.039,,0.1353,0.5,6
HUMAITA,RO,-8.02277778,-62.77277778,Biometano,0.0468,0.1171,,,0.125,7
HUMAITA,RO,-8.02277778,-62.77277778,Biomassa,0.0414,0.1035,,,0.375,8
HUMBERTO DE CAMPOS,MA,-2.47427779,-43.57421666,H2 Verde,0.2403,0.417,0.1328,0.1122,1.0,1
HUMBERTO DE CAMPOS,MA,-2.47427779,-43.57421666,Solar,0.2309,0.3934,0.1328,0.1122,1.0,2
HUMBERTO DE CAMPOS,MA,-2.47427779,-43.57421666,Biometano,0.1119,0.1802,0.1328,0.0,0.625,3
HUMBERTO DE CAMPOS,MA,-2.47427779,-43.57421666,Eolica,0.0975,0.0601,0.1328,0.1122,1.0,4
HUMBERTO DE CAMPOS,MA,-2.47427779,-43.57421666,Biomassa,0.0973,0.1438,0.1328,0.0,0.875,5
IACANGA,SP,-21.806505415,-49.017732190000004,H2 Verde,0.4081,0.335,0.1481,0.7655,0.875,1
IACANGA,SP,-21.806505415,-49.017732190000004,Solar,0.3672,0.2329,0.1481,0.7655,0.875,2
IACANGA,SP,-21.806505415,-49.017732190000004,Eolica,0.3672,0.2329,0.1481,0.7655,0.875,2
IACANGA,SP,-21.806505415,-49.017732190000004,Biometano,0.3219,0.6937,0.1481,,0.5,3
IACANGA,SP,-21.806505415,-49.017732190000004,Biomassa,0.2709,0.5662,0.1481,,0.75,4
IARAS,SP,-22.85801389,-49.159780555,Biometano,0.3362,0.6937,0.1958,0.0,0.625,1
IARAS,SP,-22.85801389,-49.159780555,H2 Verde,0.3069,0.3333,0.1958,0.3828,1.0,2
IARAS,SP,-22.85801389,-49.159780555,Biomassa,0.2846,0.5646,0.1958,0.0,0.875,3
IARAS,SP,-22.85801389,-49.159780555,Eolica,0.2663,0.2317,0.1958,0.3828,1.0,4
IARAS,SP,-22.85801389,-49.159780555,Solar,0.2661,0.2312,0.1958,0.3828,1.0,5
IAURETE,AM,-0.12600966,-67.07953455,H2 Verde,0.0602,0.031,,0.1593,0.5,1
IAURETE,AM,-0.12600966,-67.07953455,Solar,0.055,0.0181,,0.1593,0.5,2
IAURETE,AM,-0.12600966,-67.07953455,Eolica,0.055,0.0181,,0.1593,0.5,2
IAURETE,AM,-0.12600966,-67.07953455,Biometano,0.0216,0.0541,,,0.125,3
IAURETE,AM,-0.12600966,-67.07953455,Biomassa,0.0196,0.049,,,0.375,4
IBAITI,PR,-23.68217301,-50.41424937,Biometano,0.2576,0.5405,0.138,,0.5,1
IBAITI,PR,-23.68217301,-50.41424937,Solar,0.2377,0.1803,0.138,0.4138,0.875,2
IBAITI,PR,-23.68217301,-50.41424937,Eolica,0.2377,0.1803,0.138,0.4138,0.875,2
IBAITI,PR,-23.68217301,-50.41424937,H2 Verde,0.206,0.101,0.138,0.4138,0.875,3
IBAITI,PR,-23.68217301,-50.41424937,Biomassa,0.1539,0.2812,0.138,,0.75,4
IBATE,SP,-22.032671335,-48.040483775,Biometano,0.3224,0.6937,0.1498,0.0,0.625,1
IBATE,SP,-22.032671335,-48.040483775,H2 Verde,0.2949,0.3377,0.1498,0.3828,1.0,2
IBATE,SP,-22.032671335,-48.040483775,Biomassa,0.271,0.5651,0.1498,0.0,0.875,3
IBATE,SP,-22.032671335,-48.040483775,Solar,0.254,0.2356,0.1498,0.3828,1.0,4
IBATE,SP,-22.032671335,-48.040483775,Eolica,0.2525,0.2317,0.1498,0.3828,1.0,5
IBIA,MG,-19.475680245,-46.531060749999995,Solar,0.4715,0.3333,0.1271,1.0,0.875,1
IBIA,MG,-19.475680245,-46.531060749999995,Eolica,0.4715,0.3333,0.1271,1.0,0.875,1
IBIA,MG,-19.475680245,-46.531060749999995,Biometano,0.4381,1.0,0.1271,,0.5,2
IBIA,MG,-19.475680245,-46.531060749999995,H2 Verde,0.4216,0.2087,0.1271,1.0,0.875,3
IBIA,MG,-19.475680245,-46.531060749999995,Biomassa,0.2549,0.5421,0.1271,,0.75,4
IBIACA,RS,-28.05537474,-51.92099721,Solar,0.3953,0.6277,0.127,0.3537,1.0,1
IBIACA,RS,-28.05537474,-51.92099721,Biometano,0.3913,0.8829,0.127,0.0001,0.625,2
IBIACA,RS,-28.05537474,-51.92099721,H2 Verde,0.3398,0.489,0.127,0.3537,1.0,3
IBIACA,RS,-28.05537474,-51.92099721,Eolica,0.2619,0.2943,0.127,0.3537,1.0,4
IBIACA,RS,-28.05537474,-51.92099721,Biomassa,0.2181,0.4499,0.127,0.0001,0.875,5
IBIAPINA,CE,-3.9342117099999996,-41.05928951666667,H2 Verde,0.2794,0.4553,0.1401,0.1843,1.0,1
IBIAPINA,CE,-3.9342117099999996,-41.05928951666667,Solar,0.2781,0.4521,0.1401,0.1843,1.0,2
IBIAPINA,CE,-3.9342117099999996,-41.05928951666667,Biometano,0.184,0.3514,0.1401,0.0049,0.625,3
IBIAPINA,CE,-3.9342117099999996,-41.05928951666667,Eolica,0.1448,0.1187,0.1401,0.1843,1.0,4
IBIAPINA,CE,-3.9342117099999996,-41.05928951666667,Biomassa,0.1391,0.2391,0.1401,0.0049,0.875,5
IBICARE,SC,-27.105972219999998,-51.379583335,Solar,0.2841,0.4718,0.129,0.1888,1.0,1
IBICARE,SC,-27.105972219999998,-51.379583335,H2 Verde,0.2764,0.4526,0.129,0.1888,1.0,2
IBICARE,SC,-27.105972219999998,-51.379583335,Biometano,0.2047,0.4144,0.129,0.0009,0.625,3
IBICARE,SC,-27.105972219999998,-51.379583335,Eolica,0.151,0.1391,0.129,0.1888,1.0,4
IBICARE,SC,-27.105972219999998,-51.379583335,Biomassa,0.1419,0.2574,0.129,0.0009,0.875,5
IBICUI,BA,-14.83767633,-39.97720122,Solar,0.367,0.2102,0.1095,0.8337,0.875,1
IBICUI,BA,-14.83767633,-39.97720122,Eolica,0.367,0.2102,0.1095,0.8337,0.875,1
IBICUI,BA,-14.83767633,-39.97720122,H2 Verde,0.3467,0.1593,0.1095,0.8337,0.875,2
IBICUI,BA,-14.83767633,-39.97720122,Biometano,0.2851,0.6306,0.1095,,0.5,3
IBICUI,BA,-14.83767633,-39.97720122,Biomassa,0.1806,0.3695,0.1095,,0.75,4
IBICUITINGA,CE,-5.017227135185186,-38.617709383703705,Biometano,0.1835,0.3514,0.1433,0.0,0.625,1
IBICUITINGA,CE,-5.017227135185186,-38.617709383703705,Eolica,0.1689,0.1783,0.1433,0.1819,1.0,2
IBICUITINGA,CE,-5.017227135185186,-38.617709383703705,H2 Verde,0.1457,0.1204,0.1433,0.1819,1.0,3
IBICUITINGA,CE,-5.017227135185186,-38.617709383703705,Solar,0.1444,0.1171,0.1433,0.1819,1.0,4
IBICUITINGA,CE,-5.017227135185186,-38.617709383703705,Biomassa,0.138,0.2375,0.1433,0.0,0.875,5
IBIMIRIM,PE,-8.578898617,-37.622810007,Solar,0.2404,0.4157,0.1439,0.1031,1.0,1
IBIMIRIM,PE,-8.578898617,-37.622810007,H2 Verde,0.2318,0.3942,0.1439,0.1031,1.0,2
IBIMIRIM,PE,-8.578898617,-37.622810007,Biometano,0.1416,0.2432,0.1439,0.0039,0.625,3
IBIMIRIM,PE,-8.578898617,-37.622810007,Eolica,0.107,0.0824,0.1439,0.1031,1.0,4
IBIMIRIM,PE,-8.578898617,-37.622810007,Biomassa,0.1011,0.1419,0.1439,0.0039,0.875,5
IBIPEBA,BA,-11.415935718666667,-42.17259855266666,Solar,0.3902,0.5523,0.1343,0.43,1.0,1
IBIPEBA,BA,-11.415935718666667,-42.17259855266666,H2 Verde,0.3699,0.5014,0.1343,0.43,1.0,2
IBIPEBA,BA,-11.415935718666667,-42.17259855266666,Biometano,0.3005,0.6306,0.1343,0.0263,0.625,3
IBIPEBA,BA,-11.415935718666667,-42.17259855266666,Eolica,0.265,0.2393,0.1343,0.43,1.0,4
IBIPEBA,BA,-11.415935718666667,-42.17259855266666,Biomassa,0.1995,0.3783,0.1343,0.0263,0.875,5
IBIRACI,MG,-20.32978119,-47.15753796,Solar,0.4498,0.6667,0.1105,0.5,1.0,1
IBIRACI,MG,-20.32978119,-47.15753796,Biometano,0.4332,1.0,0.1105,0.0001,0.625,2
IBIRACI,MG,-20.32978119,-47.15753796,H2 Verde,0.4,0.5421,0.1105,0.5,1.0,3
IBIRACI,MG,-20.32978119,-47.15753796,Eolica,0.3165,0.3334,0.1105,0.5,1.0,4
IBIRACI,MG,-20.32978119,-47.15753796,Biomassa,0.25,0.5421,0.1105,0.0001,0.875,5
IBIRAMA,SC,-27.03722222,-49.57083333,Solar,0.2975,0.4721,0.1728,0.1893,1.0,1
IBIRAMA,SC,-27.03722222,-49.57083333,H2 Verde,0.2898,0.4529,0.1728,0.1893,1.0,2
IBIRAMA,SC,-27.03722222,-49.57083333,Biometano,0.2182,0.4144,0.1728,0.0019,0.625,3
IBIRAMA,SC,-27.03722222,-49.57083333,Eolica,0.1641,0.1388,0.1728,0.1893,1.0,4
IBIRAMA,SC,-27.03722222,-49.57083333,Biomassa,0.1555,0.2577,0.1728,0.0019,0.875,5
IBIRAPITANGA,BA,-13.98493665,-39.47706696,Solar,0.3925,0.5436,0.1667,0.4169,1.0,1
IBIRAPITANGA,BA,-13.98493665,-39.47706696,H2 Verde,0.3721,0.4926,0.1667,0.4169,1.0,2
IBIRAPITANGA,BA,-13.98493665,-39.47706696,Biometano,0.3023,0.6306,0.1667,0.0,0.625,3
IBIRAPITANGA,BA,-13.98493665,-39.47706696,Eolica,0.2592,0.2102,0.1667,0.4169,1.0,4
IBIRAPITANGA,BA,-13.98493665,-39.47706696,Biomassa,0.1978,0.3695,0.1667,0.0,0.875,5
IBIRAPUA,BA,-17.6419,-40.18175555,Solar,0.384,0.2104,0.166,0.8337,0.875,1
IBIRAPUA,BA,-17.6419,-40.18175555,Eolica,0.384,0.2104,0.166,0.8337,0.875,1
IBIRAPUA,BA,-17.6419,-40.18175555,H2 Verde,0.3637,0.1595,0.166,0.8337,0.875,2
IBIRAPUA,BA,-17.6419,-40.18175555,Biometano,0.302,0.6306,0.166,,0.5,3
IBIRAPUA,BA,-17.6419,-40.18175555,Biomassa,0.1977,0.3697,0.166,,0.75,4
IBIRAREMA,SP,-22.782301023333332,-50.10079495333333,H2 Verde,0.4006,0.3345,0.124,0.7655,0.875,1
IBIRAREMA,SP,-22.782301023333332,-50.10079495333333,Solar,0.3598,0.2324,0.124,0.7655,0.875,2
IBIRAREMA,SP,-22.782301023333332,-50.10079495333333,Eolica,0.3598,0.2324,0.124,0.7655,0.875,2
IBIRAREMA,SP,-22.782301023333332,-50.10079495333333,Biometano,0.3147,0.6937,0.124,,0.5,3
IBIRAREMA,SP,-22.782301023333332,-50.10079495333333,Biomassa,0.2635,0.5657,0.124,,0.75,4
IBIRITE,MG,-19.99880206,-44.106382355,Biometano,0.4486,1.0,0.1621,0.0,0.625,1
IBIRITE,MG,-19.99880206,-44.106382355,Eolica,0.335,0.3408,0.1621,0.5,1.0,2
IBIRITE,MG,-19.99880206,-44.106382355,Solar,0.3347,0.34,0.1621,0.5,1.0,3
IBIRITE,MG,-19.99880206,-44.106382355,H2 Verde,0.2848,0.2154,0.1621,0.5,1.0,4
IBIRITE,MG,-19.99880206,-44.106382355,Biomassa,0.2681,0.5488,0.1621,0.0,0.875,5
IBIRUBA,RS,-28.620590280000002,-53.17305278,Solar,0.4072,0.6277,0.1665,0.3538,1.0,1
IBIRUBA,RS,-28.620590280000002,-53.17305278,Biometano,0.4031,0.8829,0.1665,0.0001,0.625,2
IBIRUBA,RS,-28.620590280000002,-53.17305278,H2 Verde,0.3517,0.489,0.1665,0.3538,1.0,3
IBIRUBA,RS,-28.620590280000002,-53.17305278,Eolica,0.2738,0.2943,0.1665,0.3538,1.0,4
IBIRUBA,RS,-28.620590280000002,-53.17305278,Biomassa,0.23,0.45,0.1665,0.0001,0.875,5
IBITIARA,BA,-12.6501503225,-42.0535666025,Solar,0.3842,0.5487,0.1245,0.4246,1.0,1
IBITIARA,BA,-12.6501503225,-42.0535666025,H2 Verde,0.3639,0.4978,0.1245,0.4246,1.0,2
IBITIARA,BA,-12.6501503225,-42.0535666025,Biometano,0.2943,0.6306,0.1245,0.0156,0.625,3
IBITIARA,BA,-12.6501503225,-42.0535666025,Eolica,0.2509,0.2154,0.1245,0.4246,1.0,4
IBITIARA,BA,-12.6501503225,-42.0535666025,Biomassa,0.1919,0.3747,0.1245,0.0156,0.875,5
IBITINGA,SP,-21.759167,-48.990556,H2 Verde,0.4359,0.6706,0.1704,0.3886,1.0,1
IBITINGA,SP,-21.759167,-48.990556,Solar,0.3951,0.5685,0.1704,0.3886,1.0,2
IBITINGA,SP,-21.759167,-48.990556,Biometano,0.3321,0.6937,0.1704,0.0117,0.625,3
IBITINGA,SP,-21.759167,-48.990556,Biomassa,0.282,0.5685,0.1704,0.0117,0.875,4
IBITINGA,SP,-21.759167,-48.990556,Eolica,0.2618,0.2351,0.1704,0.3886,1.0,5
IBITITA,BA,-11.58611388,-41.98676112,Biometano,0.2928,0.6306,0.1353,0.0,0.625,1
IBITITA,BA,-11.58611388,-41.98676112,Eolica,0.2506,0.2124,0.1353,0.4168,1.0,2
IBITITA,BA,-11.58611388,-41.98676112,Solar,0.2497,0.2102,0.1353,0.4168,1.0,3
IBITITA,BA,-11.58611388,-41.98676112,H2 Verde,0.2293,0.1593,0.1353,0.4168,1.0,4
IBITITA,BA,-11.58611388,-41.98676112,Biomassa,0.1884,0.3695,0.1353,0.0,0.875,5
IBIUNA,SP,-24.00875028,-47.26445434,H2 Verde,0.429,0.6677,0.1553,0.3844,1.0,1
IBIUNA,SP,-24.00875028,-47.26445434,Solar,0.3882,0.5656,0.1553,0.3844,1.0,2
IBIUNA,SP,-24.00875028,-47.26445434,Biometano,0.325,0.6937,0.1553,0.0032,0.625,3
IBIUNA,SP,-24.00875028,-47.26445434,Biomassa,0.2738,0.5656,0.1553,0.0032,0.875,4
IBIUNA,SP,-24.00875028,-47.26445434,Eolica,0.2548,0.2323,0.1553,0.3844,1.0,5
ICAPUI,CE,-4.754085328139535,-37.477461020813955,H2 Verde,0.2962,0.4621,0.1767,0.1945,1.0,1
ICAPUI,CE,-4.754085328139535,-37.477461020813955,Solar,0.2949,0.4589,0.1767,0.1945,1.0,2
ICAPUI,CE,-4.754085328139535,-37.477461020813955,Eolica,0.2283,0.2924,0.1767,0.1945,1.0,3
ICAPUI,CE,-4.754085328139535,-37.477461020813955,Biometano,0.2011,0.3514,0.1767,0.0253,0.625,4
ICAPUI,CE,-4.754085328139535,-37.477461020813955,Biomassa,0.159,0.2459,0.1767,0.0253,0.875,5
ICARA,SC,0.0,0.0,Solar,0.3031,0.4716,0.1932,0.1885,1.0,1
ICARA,SC,0.0,0.0,H2 Verde,0.2955,0.4524,0.1932,0.1885,1.0,2
ICARA,SC,0.0,0.0,Biometano,0.2238,0.4144,0.1932,0.0002,0.625,3
ICARA,SC,0.0,0.0,Eolica,0.1698,0.1382,0.1932,0.1885,1.0,4
ICARA,SC,0.0,0.0,Biomassa,0.1609,0.2572,0.1932,0.0002,0.875,5
ICO,CE,-6.362163332727272,-38.859749525454546,H2 Verde,0.2793,0.4593,0.1283,0.1903,1.0,1
ICO,CE,-6.362163332727272,-38.859749525454546,Solar,0.278,0.456,0.1283,0.1903,1.0,2
ICO,CE,-6.362163332727272,-38.859749525454546,Biometano,0.1841,0.3514,0.1283,0.0168,0.625,3
ICO,CE,-6.362163332727272,-38.859749525454546,Eolica,0.1548,0.1482,0.1283,0.1903,1.0,4
ICO,CE,-6.362163332727272,-38.859749525454546,Biomassa,0.1407,0.2431,0.1283,0.0168,0.875,5
IGAPORA,BA,-13.967870074285713,-42.67013129714286,Solar,0.3944,0.5545,0.1423,0.4332,1.0,1
IGAPORA,BA,-13.967870074285713,-42.67013129714286,H2 Verde,0.3741,0.5035,0.1423,0.4332,1.0,2
IGAPORA,BA,-13.967870074285713,-42.67013129714286,Biometano,0.3048,0.6306,0.1423,0.0328,0.625,3
IGAPORA,BA,-13.967870074285713,-42.67013129714286,Eolica,0.2622,0.224,0.1423,0.4332,1.0,4
IGAPORA,BA,-13.967870074285713,-42.67013129714286,Biomassa,0.2047,0.3804,0.1423,0.0328,0.875,5
IGARACU DO TIETE,SP,-22.85416669,-48.925,H2 Verde,0.422,0.6667,0.1349,0.3828,1.0,1
IGARACU DO TIETE,SP,-22.85416669,-48.925,Solar,0.3811,0.5646,0.1349,0.3828,1.0,2
IGARACU DO TIETE,SP,-22.85416669,-48.925,Biometano,0.318,0.6937,0.1349,0.0,0.625,3
IGARACU DO TIETE,SP,-22.85416669,-48.925,Biomassa,0.2663,0.5646,0.1349,0.0,0.875,4
IGARACU DO TIETE,SP,-22.85416669,-48.925,Eolica,0.2478,0.2312,0.1349,0.3828,1.0,5
IGARAPAVA,SP,-19.9881,-47.79816,H2 Verde,0.3998,0.3338,0.122,0.7655,0.875,1
IGARAPAVA,SP,-19.9881,-47.79816,Solar,0.3589,0.2317,0.122,0.7655,0.875,2
IGARAPAVA,SP,-19.9881,-47.79816,Eolica,0.3589,0.2317,0.122,0.7655,0.875,2
IGARAPAVA,SP,-19.9881,-47.79816,Biometano,0.3141,0.6937,0.122,,0.5,3
IGARAPAVA,SP,-19.9881,-47.79816,Biomassa,0.2626,0.565,0.122,,0.75,4
IGARAPE-MIRI,PA,-1.97263889,-48.959444435,H2 Verde,0.3012,0.4776,0.1671,0.2,1.0,1
IGARAPE-MIRI,PA,-1.97263889,-48.959444435,Solar,0.2759,0.4145,0.1671,0.2,1.0,2
IGARAPE-MIRI,PA,-1.97263889,-48.959444435,Biometano,0.1475,0.2432,0.1671,0.0001,0.625,3
IGARAPE-MIRI,PA,-1.97263889,-48.959444435,Eolica,0.1426,0.0811,0.1671,0.2,1.0,4
IGARAPE-MIRI,PA,-1.97263889,-48.959444435,Biomassa,0.1403,0.2253,0.1671,0.0001,0.875,5
IGARASSU,PE,-7.851015752,-34.990346596,Solar,0.1512,0.0968,0.1726,0.2024,0.875,1
IGARASSU,PE,-7.851015752,-34.990346596,Eolica,0.1512,0.0968,0.1726,0.2024,0.875,1
IGARASSU,PE,-7.851015752,-34.990346596,Biometano,0.1491,0.2432,0.1726,,0.5,2
IGARASSU,PE,-7.851015752,-34.990346596,H2 Verde,0.1426,0.0752,0.1726,0.2024,0.875,3
IGARASSU,PE,-7.851015752,-34.990346596,Biomassa,0.1143,0.1563,0.1726,,0.75,4
IGARATINGA,MG,-19.99395878,-44.69174997,Solar,0.4699,0.6667,0.1774,0.5,1.0,1
IGARATINGA,MG,-19.99395878,-44.69174997,Biometano,0.4533,1.0,0.1774,0.0001,0.625,2
IGARATINGA,MG,-19.99395878,-44.69174997,H2 Verde,0.4201,0.5421,0.1774,0.5,1.0,3
IGARATINGA,MG,-19.99395878,-44.69174997,Eolica,0.3366,0.3334,0.1774,0.5,1.0,4
IGARATINGA,MG,-19.99395878,-44.69174997,Biomassa,0.2701,0.5421,0.1774,0.0001,0.875,5
IGRAPIUNA,BA,-13.841662496666666,-39.27843269666667,Solar,0.3774,0.5436,0.1165,0.4169,1.0,1
IGRAPIUNA,BA,-13.841662496666666,-39.27843269666667,H2 Verde,0.3571,0.4926,0.1165,0.4169,1.0,2
IGRAPIUNA,BA,-13.841662496666666,-39.27843269666667,Biometano,0.2872,0.6306,0.1165,0.0001,0.625,3
IGRAPIUNA,BA,-13.841662496666666,-39.27843269666667,Eolica,0.2441,0.2102,0.1165,0.4169,1.0,4
IGRAPIUNA,BA,-13.841662496666666,-39.27843269666667,Biomassa,0.1828,0.3695,0.1165,0.0001,0.875,5
IGREJA NOVA,AL,-10.15063889,-36.542,Biometano,0.0751,0.0991,0.1181,,0.5,1
IGREJA NOVA,AL,-10.15063889,-36.542,Solar,0.0741,0.0336,0.1181,0.0842,0.875,2
IGREJA NOVA,AL,-10.15063889,-36.542,Eolica,0.0741,0.0336,0.1181,0.0842,0.875,2
IGREJA NOVA,AL,-10.15063889,-36.542,H2 Verde,0.0702,0.0238,0.1181,0.0842,0.875,3
IGREJA NOVA,AL,-10.15063889,-36.542,Biomassa,0.0581,0.0568,0.1181,,0.75,4
IGUABA GRANDE,RJ,-22.844027775,-42.229722225,H2 Verde,0.1628,0.1103,0.1892,0.2064,0.875,1
IGUABA GRANDE,RJ,-22.844027775,-42.229722225,Solar,0.1451,0.0661,0.1892,0.2064,0.875,2
IGUABA GRANDE,RJ,-22.844027775,-42.229722225,Eolica,0.1451,0.0661,0.1892,0.2064,0.875,2
IGUABA GRANDE,RJ,-22.844027775,-42.229722225,Biometano,0.136,0.1982,0.1892,,0.5,3
IGUABA GRANDE,RJ,-22.844027775,-42.229722225,Biomassa,0.1273,0.1763,0.1892,,0.75,4
IGUAI,BA,-14.75239855,-40.07970122,Solar,0.3612,0.2102,0.0902,0.8337,0.875,1
IGUAI,BA,-14.75239855,-40.07970122,Eolica,0.3612,0.2102,0.0902,0.8337,0.875,1
IGUAI,BA,-14.75239855,-40.07970122,H2 Verde,0.3409,0.1593,0.0902,0.8337,0.875,2
IGUAI,BA,-14.75239855,-40.07970122,Biometano,0.2793,0.6306,0.0902,,0.5,3
IGUAI,BA,-14.75239855,-40.07970122,Biomassa,0.1749,0.3695,0.0902,,0.75,4
IGUATEMI,MS,-23.16267633,-54.38453455,Solar,0.1453,0.0872,0.1186,0.2495,0.875,1
IGUATEMI,MS,-23.16267633,-54.38453455,Eolica,0.1453,0.0872,0.1186,0.2495,0.875,1
IGUATEMI,MS,-23.16267633,-54.38453455,Biometano,0.1401,0.2613,0.1186,,0.5,2
IGUATEMI,MS,-23.16267633,-54.38453455,H2 Verde,0.1259,0.0386,0.1186,0.2495,0.875,3
IGUATEMI,MS,-23.16267633,-54.38453455,Biomassa,0.0858,0.1257,0.1186,,0.75,4
IJUI,RS,-28.358580424285716,-53.86577747285714,Biometano,0.4019,0.8829,0.1596,0.0028,0.625,1
IJUI,RS,-28.358580424285716,-53.86577747285714,Solar,0.3831,0.5716,0.1596,0.3551,1.0,2
IJUI,RS,-28.358580424285716,-53.86577747285714,H2 Verde,0.3276,0.433,0.1596,0.3551,1.0,3
IJUI,RS,-28.358580424285716,-53.86577747285714,Eolica,0.2727,0.2957,0.1596,0.3551,1.0,4
IJUI,RS,-28.358580424285716,-53.86577747285714,Biomassa,0.2291,0.451,0.1596,0.0028,0.875,5
ILHA GRANDE,PI,-2.81152091,-41.773894444,Solar,0.2697,0.4428,0.1472,0.1614,1.0,1
ILHA GRANDE,PI,-2.81152091,-41.773894444,H2 Verde,0.2438,0.3781,0.1472,0.1614,1.0,2
ILHA GRANDE,PI,-2.81152091,-41.773894444,Biometano,0.1752,0.3243,0.1472,0.0042,0.625,3
ILHA GRANDE,PI,-2.81152091,-41.773894444,Eolica,0.1407,0.1201,0.1472,0.1614,1.0,4
ILHA GRANDE,PI,-2.81152091,-41.773894444,Biomassa,0.1066,0.1529,0.1472,0.0042,0.875,5
ILHA SOLTEIRA,SP,-20.660435645,-51.33729398166667,H2 Verde,0.4307,0.6742,0.1427,0.3941,1.0,1
ILHA SOLTEIRA,SP,-20.660435645,-51.33729398166667,Solar,0.3899,0.5721,0.1427,0.3941,1.0,2
ILHA SOLTEIRA,SP,-20.660435645,-51.33729398166667,Biometano,0.3271,0.6937,0.1427,0.0226,0.625,3
ILHA SOLTEIRA,SP,-20.660435645,-51.33729398166667,Biomassa,0.2784,0.5721,0.1427,0.0226,0.875,4
ILHA SOLTEIRA,SP,-20.660435645,-51.33729398166667,Eolica,0.2566,0.2388,0.1427,0.3941,1.0,5
ILHEUS,BA,-14.80988889,-39.03533333,Solar,0.376,0.2102,0.1392,0.8337,0.875,1
ILHEUS,BA,-14.80988889,-39.03533333,Eolica,0.376,0.2102,0.1392,0.8337,0.875,1
ILHEUS,BA,-14.80988889,-39.03533333,H2 Verde,0.3556,0.1593,0.1392,0.8337,0.875,2
ILHEUS,BA,-14.80988889,-39.03533333,Biometano,0.294,0.6306,0.1392,,0.5,3
ILHEUS,BA,-14.80988889,-39.03533333,Biomassa,0.1896,0.3695,0.1392,,0.75,4
ILHOTA,SC,-26.90555555,-48.82333333,Solar,0.2346,0.1382,0.2209,0.3768,0.875,1
ILHOTA,SC,-26.90555555,-48.82333333,Eolica,0.2346,0.1382,0.2209,0.3768,0.875,1
ILHOTA,SC,-26.90555555,-48.82333333,Biometano,0.232,0.4144,0.2209,,0.5,2
ILHOTA,SC,-26.90555555,-48.82333333,H2 Verde,0.2269,0.119,0.2209,0.3768,0.875,3
ILHOTA,SC,-26.90555555,-48.82333333,Biomassa,0.1691,0.2572,0.2209,,0.75,4
ILOPOLIS,RS,-28.92333333,-52.13,Biometano,0.3939,0.8829,0.1358,,0.5,1
ILOPOLIS,RS,-28.92333333,-52.13,Solar,0.3707,0.2943,0.1358,0.7074,0.875,2
ILOPOLIS,RS,-28.92333333,-52.13,Eolica,0.3707,0.2943,0.1358,0.7074,0.875,2
ILOPOLIS,RS,-28.92333333,-52.13,H2 Verde,0.3152,0.1556,0.1358,0.7074,0.875,3
ILOPOLIS,RS,-28.92333333,-52.13,Biomassa,0.2207,0.4499,0.1358,,0.75,4
IMPERATRIZ,MA,-5.492248356666667,-47.484965718333335,Biometano,0.124,0.1802,0.1729,0.0001,0.625,1
IMPERATRIZ,MA,-5.492248356666667,-47.484965718333335,H2 Verde,0.1224,0.0921,0.1729,0.1123,1.0,2
IMPERATRIZ,MA,-5.492248356666667,-47.484965718333335,Solar,0.1129,0.0685,0.1729,0.1123,1.0,3
IMPERATRIZ,MA,-5.492248356666667,-47.484965718333335,Eolica,0.1126,0.0677,0.1729,0.1123,1.0,4
IMPERATRIZ,MA,-5.492248356666667,-47.484965718333335,Biomassa,0.1124,0.1514,0.1729,0.0001,0.875,5
INDAIAL,SC,-26.88174436,-49.215515458,Biometano,0.2284,0.4144,0.2088,0.0,0.625,1
INDAIAL,SC,-26.88174436,-49.215515458,Solar,0.1779,0.147,0.2088,0.1884,1.0,2
INDAIAL,SC,-26.88174436,-49.215515458,Eolica,0.1752,0.1402,0.2088,0.1884,1.0,3
INDAIAL,SC,-26.88174436,-49.215515458,H2 Verde,0.1703,0.1278,0.2088,0.1884,1.0,4
INDAIAL,SC,-26.88174436,-49.215515458,Biomassa,0.1655,0.2572,0.2088,0.0,0.875,5
INDAIATUBA,SP,-23.1258866325,-47.228288809999995,Biometano,0.3419,0.6937,0.2149,0.0,0.625,1
INDAIATUBA,SP,-23.1258866325,-47.228288809999995,H2 Verde,0.3227,0.3586,0.2149,0.3828,1.0,2
INDAIATUBA,SP,-23.1258866325,-47.228288809999995,Biomassa,0.2903,0.5646,0.2149,0.0,0.875,3
INDAIATUBA,SP,-23.1258866325,-47.228288809999995,Solar,0.2819,0.2565,0.2149,0.3828,1.0,4
INDAIATUBA,SP,-23.1258866325,-47.228288809999995,Eolica,0.2718,0.2313,0.2149,0.3828,1.0,5
INDEPENDENCIA,RS,-27.89166667,-54.10305556,Solar,0.3962,0.6277,0.1298,0.3539,1.0,1
INDEPENDENCIA,RS,-27.89166667,-54.10305556,Biometano,0.3922,0.8829,0.1298,0.0003,0.625,2
INDEPENDENCIA,RS,-27.89166667,-54.10305556,H2 Verde,0.3407,0.489,0.1298,0.3539,1.0,3
INDEPENDENCIA,RS,-27.89166667,-54.10305556,Eolica,0.2629,0.2944,0.1298,0.3539,1.0,4
INDEPENDENCIA,RS,-27.89166667,-54.10305556,Biomassa,0.219,0.45,0.1298,0.0003,0.875,5
INDIANOPOLIS,MG,-18.873724715,-47.97956756,Biometano,0.4518,1.0,0.1364,0.0363,0.625,1
INDIANOPOLIS,MG,-18.873724715,-47.97956756,Solar,0.426,0.5741,0.1364,0.5181,1.0,2
INDIANOPOLIS,MG,-18.873724715,-47.97956756,H2 Verde,0.3762,0.4495,0.1364,0.5181,1.0,3
INDIANOPOLIS,MG,-18.873724715,-47.97956756,Eolica,0.3369,0.3514,0.1364,0.5181,1.0,4
INDIANOPOLIS,MG,-18.873724715,-47.97956756,Biomassa,0.2759,0.5602,0.1364,0.0363,0.875,5
INDIAVAI,MT,-15.261335766666667,-58.72013142333333,Solar,0.2461,0.4014,0.1113,0.1738,1.0,1
INDIAVAI,MT,-15.261335766666667,-58.72013142333333,H2 Verde,0.2319,0.366,0.1113,0.1738,1.0,2
INDIAVAI,MT,-15.261335766666667,-58.72013142333333,Biometano,0.1136,0.1892,0.1113,0.015,0.625,3
INDIAVAI,MT,-15.261335766666667,-58.72013142333333,Eolica,0.1128,0.0681,0.1113,0.1738,1.0,4
INDIAVAI,MT,-15.261335766666667,-58.72013142333333,Biomassa,0.0762,0.0957,0.1113,0.015,0.875,5
INHAPIM,MG,-19.53593671,-42.12563117,Solar,0.4529,0.6668,0.1203,0.5003,1.0,1
INHAPIM,MG,-19.53593671,-42.12563117,Biometano,0.4362,1.0,0.1203,0.0005,0.625,2
INHAPIM,MG,-19.53593671,-42.12563117,H2 Verde,0.4031,0.5422,0.1203,0.5003,1.0,3
INHAPIM,MG,-19.53593671,-42.12563117,Eolica,0.3196,0.3335,0.1203,0.5003,1.0,4
INHAPIM,MG,-19.53593671,-42.12563117,Biomassa,0.2531,0.5422,0.1203,0.0005,0.875,5
INOCENCIA,MS,-19.5742,-52.1025,Eolica,0.1704,0.1185,0.1605,0.2495,0.875,1
INOCENCIA,MS,-19.5742,-52.1025,Solar,0.1578,0.0871,0.1605,0.2495,0.875,2
INOCENCIA,MS,-19.5742,-52.1025,Biometano,0.1526,0.2613,0.1605,,0.5,3
INOCENCIA,MS,-19.5742,-52.1025,H2 Verde,0.1384,0.0385,0.1605,0.2495,0.875,4
INOCENCIA,MS,-19.5742,-52.1025,Biomassa,0.0984,0.1256,0.1605,,0.75,5
IPABA,MG,-19.41325111,-42.41816611,Solar,0.4765,0.3333,0.1438,1.0,0.875,1
IPABA,MG,-19.41325111,-42.41816611,Eolica,0.4765,0.3333,0.1438,1.0,0.875,1
IPABA,MG,-19.41325111,-42.41816611,Biometano,0.4431,1.0,0.1438,,0.5,2
IPABA,MG,-19.41325111,-42.41816611,H2 Verde,0.4266,0.2087,0.1438,1.0,0.875,3
IPABA,MG,-19.41325111,-42.41816611,Biomassa,0.26,0.5421,0.1438,,0.75,4
IPAMERI,GO,-17.427150926666666,-47.79629444333333,Biometano,0.1631,0.2973,0.1468,0.0003,0.625,1
IPAMERI,GO,-17.427150926666666,-47.79629444333333,Solar,0.1425,0.1426,0.1468,0.1379,1.0,2
IPAMERI,GO,-17.427150926666666,-47.79629444333333,H2 Verde,0.1375,0.1301,0.1468,0.1379,1.0,3
IPAMERI,GO,-17.427150926666666,-47.79629444333333,Eolica,0.1257,0.1006,0.1468,0.1379,1.0,4
IPAMERI,GO,-17.427150926666666,-47.79629444333333,Biomassa,0.1187,0.1865,0.1468,0.0003,0.875,5
IPANEMA,MG,-19.83280985,-41.80073073,Solar,0.4636,0.6669,0.1559,0.5003,1.0,1
IPANEMA,MG,-19.83280985,-41.80073073,Biometano,0.4469,1.0,0.1559,0.0006,0.625,2
IPANEMA,MG,-19.83280985,-41.80073073,H2 Verde,0.4138,0.5423,0.1559,0.5003,1.0,3
IPANEMA,MG,-19.83280985,-41.80073073,Eolica,0.3303,0.3335,0.1559,0.5003,1.0,4
IPANEMA,MG,-19.83280985,-41.80073073,Biomassa,0.2638,0.5423,0.1559,0.0006,0.875,5
IPATINGA,MG,-19.469929123846153,-42.54766345923077,Biometano,0.4412,1.0,0.1373,0.0,0.625,1
IPATINGA,MG,-19.469929123846153,-42.54766345923077,Solar,0.326,0.337,0.1373,0.5,1.0,2
IPATINGA,MG,-19.469929123846153,-42.54766345923077,Eolica,0.326,0.337,0.1373,0.5,1.0,2
IPATINGA,MG,-19.469929123846153,-42.54766345923077,H2 Verde,0.2762,0.2124,0.1373,0.5,1.0,3
IPATINGA,MG,-19.469929123846153,-42.54766345923077,Biomassa,0.2595,0.5457,0.1373,0.0,0.875,4
IPAUCU,SP,-23.09573189,-49.58359011,H2 Verde,0.3639,0.3356,,0.7655,0.5,1
IPAUCU,SP,-23.09573189,-49.58359011,Solar,0.3231,0.2335,,0.7655,0.5,2
IPAUCU,SP,-23.09573189,-49.58359011,Eolica,0.3231,0.2335,,0.7655,0.5,2
IPAUCU,SP,-23.09573189,-49.58359011,Biometano,0.2775,0.6937,,,0.125,3
IPAUCU,SP,-23.09573189,-49.58359011,Biomassa,0.2267,0.5668,,,0.375,4
IPAUMIRIM,CE,-6.80888889,-38.77444444,H2 Verde,0.2777,0.4537,0.1388,0.1819,1.0,1
IPAUMIRIM,CE,-6.80888889,-38.77444444,Solar,0.2764,0.4505,0.1388,0.1819,1.0,2
IPAUMIRIM,CE,-6.80888889,-38.77444444,Biometano,0.1822,0.3514,0.1388,0.0,0.625,3
IPAUMIRIM,CE,-6.80888889,-38.77444444,Eolica,0.143,0.1171,0.1388,0.1819,1.0,4
IPAUMIRIM,CE,-6.80888889,-38.77444444,Biomassa,0.1366,0.2375,0.1388,0.0,0.875,5
IPE,RS,-28.62962778,-51.348961110000005,Solar,0.3908,0.6285,0.1096,0.355,1.0,1
IPE,RS,-28.62962778,-51.348961110000005,Biometano,0.3868,0.8829,0.1096,0.0025,0.625,2
IPE,RS,-28.62962778,-51.348961110000005,H2 Verde,0.3353,0.4898,0.1096,0.355,1.0,3
IPE,RS,-28.62962778,-51.348961110000005,Eolica,0.2574,0.2951,0.1096,0.355,1.0,4
IPE,RS,-28.62962778,-51.348961110000005,Biomassa,0.2139,0.4507,0.1096,0.0025,0.875,5
IPERO,SP,-23.389721805,-47.619391385,H2 Verde,0.4241,0.3335,0.2034,0.7655,0.875,1
IPERO,SP,-23.389721805,-47.619391385,Solar,0.3832,0.2314,0.2034,0.7655,0.875,2
IPERO,SP,-23.389721805,-47.619391385,Eolica,0.3832,0.2314,0.2034,0.7655,0.875,2
IPERO,SP,-23.389721805,-47.619391385,Biometano,0.3385,0.6937,0.2034,,0.5,3
IPERO,SP,-23.389721805,-47.619391385,Biomassa,0.2869,0.5647,0.2034,,0.75,4
IPIRA,SC,-27.42767481,-51.78823681,Solar,0.2842,0.4722,0.1285,0.1894,1.0,1
IPIRA,SC,-27.42767481,-51.78823681,H2 Verde,0.2766,0.453,0.1285,0.1894,1.0,2
IPIRA,SC,-27.42767481,-51.78823681,Biometano,0.2049,0.4144,0.1285,0.0021,0.625,3
IPIRA,SC,-27.42767481,-51.78823681,Eolica,0.1509,0.1388,0.1285,0.1894,1.0,4
IPIRA,SC,-27.42767481,-51.78823681,Biomassa,0.1423,0.2578,0.1285,0.0021,0.875,5
IPIRANGA,PR,0.0,0.0,Solar,0.309,0.5135,0.1385,0.2069,1.0,1
IPIRANGA,PR,0.0,0.0,H2 Verde,0.2773,0.4343,0.1385,0.2069,1.0,2
IPIRANGA,PR,0.0,0.0,Biometano,0.2578,0.5405,0.1385,0.0001,0.625,3
IPIRANGA,PR,0.0,0.0,Eolica,0.1757,0.1802,0.1385,0.2069,1.0,4
IPIRANGA,PR,0.0,0.0,Biomassa,0.154,0.2811,0.1385,0.0001,0.875,5
IPIXUNA,AM,-7.05472225,-71.691389,H2 Verde,0.1083,0.0311,0.1602,0.1593,0.875,1
IPIXUNA,AM,-7.05472225,-71.691389,Solar,0.1031,0.0181,0.1602,0.1593,0.875,2
IPIXUNA,AM,-7.05472225,-71.691389,Eolica,0.1031,0.0181,0.1602,0.1593,0.875,2
IPIXUNA,AM,-7.05472225,-71.691389,Biometano,0.0697,0.0541,0.1602,,0.5,3
IPIXUNA,AM,-7.05472225,-71.691389,Biomassa,0.0677,0.0491,0.1602,,0.75,4
IPOJUCA,PE,-6.994769701666667,-29.185220208333334,Biometano,0.1569,0.2432,0.1985,0.0,0.625,1
IPOJUCA,PE,-6.994769701666667,-29.185220208333334,Eolica,0.1306,0.1017,0.1985,0.1012,1.0,2
IPOJUCA,PE,-6.994769701666667,-29.185220208333334,Solar,0.1303,0.1008,0.1985,0.1012,1.0,3
IPOJUCA,PE,-6.994769701666667,-29.185220208333334,Biomassa,0.1237,0.1604,0.1985,0.0,0.875,4
IPOJUCA,PE,-6.994769701666667,-29.185220208333334,H2 Verde,0.1216,0.0793,0.1985,0.1012,1.0,5
IPUACU,SC,-26.63445313,-52.539548965,Solar,0.2999,0.4759,0.1702,0.195,1.0,1
IPUACU,SC,-26.63445313,-52.539548965,H2 Verde,0.2922,0.4567,0.1702,0.195,1.0,2
IPUACU,SC,-26.63445313,-52.539548965,Biometano,0.2208,0.4144,0.1702,0.0132,0.625,3
IPUACU,SC,-26.63445313,-52.539548965,Eolica,0.1666,0.1425,0.1702,0.195,1.0,4
IPUACU,SC,-26.63445313,-52.539548965,Biomassa,0.1596,0.2615,0.1702,0.0132,0.875,5
IPUMIRIM,SC,-27.14714395,-52.05122498,Solar,0.2925,0.4716,0.1574,0.1886,1.0,1
IPUMIRIM,SC,-27.14714395,-52.05122498,H2 Verde,0.2848,0.4525,0.1574,0.1886,1.0,2
IPUMIRIM,SC,-27.14714395,-52.05122498,Biometano,0.2131,0.4144,0.1574,0.0004,0.625,3
IPUMIRIM,SC,-27.14714395,-52.05122498,Eolica,0.1591,0.1383,0.1574,0.1886,1.0,4
IPUMIRIM,SC,-27.14714395,-52.05122498,Biomassa,0.1503,0.2573,0.1574,0.0004,0.875,5
IPUPIARA,BA,-11.796918267777777,-42.52708996888889,Biometano,0.2991,0.6306,0.1561,0.0,0.625,1
IPUPIARA,BA,-11.796918267777777,-42.52708996888889,Eolica,0.2673,0.2384,0.1561,0.4168,1.0,2
IPUPIARA,BA,-11.796918267777777,-42.52708996888889,Solar,0.256,0.2102,0.1561,0.4168,1.0,3
IPUPIARA,BA,-11.796918267777777,-42.52708996888889,H2 Verde,0.2356,0.1593,0.1561,0.4168,1.0,4
IPUPIARA,BA,-11.796918267777777,-42.52708996888889,Biomassa,0.1946,0.3695,0.1561,0.0,0.875,5
IRACEMA,RR,2.18123141,-61.03153455,H2 Verde,0.0603,0.004,0.1736,0.022,0.875,1
IRACEMA,RR,2.18123141,-61.03153455,Solar,0.0587,0.0,0.1736,0.022,0.875,2
IRACEMA,RR,2.18123141,-61.03153455,Eolica,0.0587,0.0,0.1736,0.022,0.875,2
IRACEMA,RR,2.18123141,-61.03153455,Biomassa,0.0537,0.004,0.1736,,0.75,3
IRACEMA,RR,2.18123141,-61.03153455,Biometano,0.0521,0.0,0.1736,,0.5,4
IRACEMAPOLIS,SP,-15.06819353,-31.676188909999997,Biometano,0.326,0.6937,0.1618,0.0,0.625,1
IRACEMAPOLIS,SP,-15.06819353,-31.676188909999997,H2 Verde,0.3008,0.3435,0.1618,0.3828,1.0,2
IRACEMAPOLIS,SP,-15.06819353,-31.676188909999997,Biomassa,0.2746,0.5651,0.1618,0.0,0.875,3
IRACEMAPOLIS,SP,-15.06819353,-31.676188909999997,Solar,0.2599,0.2414,0.1618,0.3828,1.0,4
IRACEMAPOLIS,SP,-15.06819353,-31.676188909999997,Eolica,0.2561,0.2317,0.1618,0.3828,1.0,5
IRACEMINHA,SC,-13.43652778,-26.70222222,Solar,0.2812,0.4715,0.1202,0.1884,1.0,1
IRACEMINHA,SC,-13.43652778,-26.70222222,H2 Verde,0.2735,0.4523,0.1202,0.1884,1.0,2
IRACEMINHA,SC,-13.43652778,-26.70222222,Biometano,0.2019,0.4144,0.1202,0.0001,0.625,3
IRACEMINHA,SC,-13.43652778,-26.70222222,Eolica,0.1482,0.1389,0.1202,0.1884,1.0,4
IRACEMINHA,SC,-13.43652778,-26.70222222,Biomassa,0.1389,0.2571,0.1202,0.0001,0.875,5
IRAI DE MINAS,MG,-19.01022704,-47.545406165,Biometano,0.4492,1.0,0.1641,0.0,0.625,1
IRAI DE MINAS,MG,-19.01022704,-47.545406165,Solar,0.3689,0.4243,0.1641,0.5,1.0,2
IRAI DE MINAS,MG,-19.01022704,-47.545406165,Eolica,0.3326,0.3334,0.1641,0.5,1.0,3
IRAI DE MINAS,MG,-19.01022704,-47.545406165,H2 Verde,0.3191,0.2997,0.1641,0.5,1.0,4
IRAI DE MINAS,MG,-19.01022704,-47.545406165,Biomassa,0.2661,0.5421,0.1641,0.0,0.875,5
IRAQUARA,BA,-12.120738435,-41.50171899,Solar,0.3916,0.546,0.1567,0.4205,1.0,1
IRAQUARA,BA,-12.120738435,-41.50171899,H2 Verde,0.3712,0.4951,0.1567,0.4205,1.0,2
IRAQUARA,BA,-12.120738435,-41.50171899,Biometano,0.3015,0.6306,0.1567,0.0073,0.625,3
IRAQUARA,BA,-12.120738435,-41.50171899,Eolica,0.2582,0.2127,0.1567,0.4205,1.0,4
IRAQUARA,BA,-12.120738435,-41.50171899,Biomassa,0.198,0.3719,0.1567,0.0073,0.875,5
IRINEOPOLIS,SC,-26.498541665,-50.778472225,Solar,0.2855,0.4718,0.1337,0.1889,1.0,1
IRINEOPOLIS,SC,-26.498541665,-50.778472225,H2 Verde,0.2778,0.4526,0.1337,0.1889,1.0,2
IRINEOPOLIS,SC,-26.498541665,-50.778472225,Biometano,0.2062,0.4144,0.1337,0.001,0.625,3
IRINEOPOLIS,SC,-26.498541665,-50.778472225,Eolica,0.1535,0.1418,0.1337,0.1889,1.0,4
IRINEOPOLIS,SC,-26.498541665,-50.778472225,Biomassa,0.1434,0.2574,0.1337,0.001,0.875,5
ITA,SC,-27.221581535,-52.292691024999996,Solar,0.2295,0.3111,0.1617,0.1885,1.0,1
ITA,SC,-27.221581535,-52.292691024999996,H2 Verde,0.2218,0.292,0.1617,0.1885,1.0,2
ITA,SC,-27.221581535,-52.292691024999996,Biometano,0.2143,0.4144,0.1617,0.0002,0.625,3
ITA,SC,-27.221581535,-52.292691024999996,Eolica,0.1604,0.1383,0.1617,0.1885,1.0,4
ITA,SC,-27.221581535,-52.292691024999996,Biomassa,0.1515,0.2573,0.1617,0.0002,0.875,5
ITAARA,RS,0.0,0.0,Solar,0.4065,0.6277,0.1643,0.3538,1.0,1
ITAARA,RS,0.0,0.0,Biometano,0.4025,0.8829,0.1643,0.0001,0.625,2
ITAARA,RS,0.0,0.0,H2 Verde,0.351,0.489,0.1643,0.3538,1.0,3
ITAARA,RS,0.0,0.0,Eolica,0.2732,0.2943,0.1643,0.3538,1.0,4
ITAARA,RS,0.0,0.0,Biomassa,0.2293,0.4499,0.1643,0.0001,0.875,5
ITABERA,SP,-23.85916669,-49.13861111,H2 Verde,0.4234,0.6667,0.1396,0.3828,1.0,1
ITABERA,SP,-23.85916669,-49.13861111,Solar,0.3825,0.5646,0.1396,0.3828,1.0,2
ITABERA,SP,-23.85916669,-49.13861111,Biometano,0.3194,0.6937,0.1396,0.0,0.625,3
ITABERA,SP,-23.85916669,-49.13861111,Biomassa,0.2677,0.5646,0.1396,0.0,0.875,4
ITABERA,SP,-23.85916669,-49.13861111,Eolica,0.2492,0.2312,0.1396,0.3828,1.0,5
ITABERAI,GO,-16.01497428,-49.800356165,Biometano,0.1788,0.2973,0.1994,0.0,0.625,1
ITABERAI,GO,-16.01497428,-49.800356165,Solar,0.1568,0.139,0.1994,0.1378,1.0,2
ITABERAI,GO,-16.01497428,-49.800356165,H2 Verde,0.1518,0.1266,0.1994,0.1378,1.0,3
ITABERAI,GO,-16.01497428,-49.800356165,Eolica,0.1408,0.0992,0.1994,0.1378,1.0,4
ITABERAI,GO,-16.01497428,-49.800356165,Biomassa,0.1342,0.1859,0.1994,0.0,0.875,5
ITABIRA,MG,-19.62388889,-43.22166667,Solar,0.4786,0.3333,0.151,1.0,0.875,1
ITABIRA,MG,-19.62388889,-43.22166667,Eolica,0.4786,0.3333,0.151,1.0,0.875,1
ITABIRA,MG,-19.62388889,-43.22166667,Biometano,0.4453,1.0,0.151,,0.5,2
ITABIRA,MG,-19.62388889,-43.22166667,H2 Verde,0.4288,0.2087,0.151,1.0,0.875,3
ITABIRA,MG,-19.62388889,-43.22166667,Biomassa,0.2621,0.5421,0.151,,0.75,4
ITABIRITO,MG,-20.234304381999998,-43.82404036,Biometano,0.455,1.0,0.1822,0.001,0.625,1
ITABIRITO,MG,-20.234304381999998,-43.82404036,Solar,0.4321,0.5682,0.1822,0.5005,1.0,2
ITABIRITO,MG,-20.234304381999998,-43.82404036,H2 Verde,0.3822,0.4436,0.1822,0.5005,1.0,3
ITABIRITO,MG,-20.234304381999998,-43.82404036,Eolica,0.3383,0.3338,0.1822,0.5005,1.0,4
ITABIRITO,MG,-20.234304381999998,-43.82404036,Biomassa,0.272,0.5426,0.1822,0.001,0.875,5
ITABORAI,RJ,-22.64535556,-42.860825,H2 Verde,0.1518,0.1103,0.1527,0.2064,0.875,1
ITABORAI,RJ,-22.64535556,-42.860825,Eolica,0.1418,0.0853,0.1527,0.2064,0.875,2
ITABORAI,RJ,-22.64535556,-42.860825,Solar,0.1342,0.0661,0.1527,0.2064,0.875,3
ITABORAI,RJ,-22.64535556,-42.860825,Biometano,0.1251,0.1982,0.1527,,0.5,4
ITABORAI,RJ,-22.64535556,-42.860825,Biomassa,0.1163,0.1763,0.1527,,0.75,5
ITABUNA,BA,-14.79976063,-39.28952217,Solar,0.3705,0.2102,0.121,0.8337,0.875,1
ITABUNA,BA,-14.79976063,-39.28952217,Eolica,0.3705,0.2102,0.121,0.8337,0.875,1
ITABUNA,BA,-14.79976063,-39.28952217,H2 Verde,0.3501,0.1593,0.121,0.8337,0.875,2
ITABUNA,BA,-14.79976063,-39.28952217,Biometano,0.2886,0.6306,0.121,,0.5,3
ITABUNA,BA,-14.79976063,-39.28952217,Biomassa,0.1841,0.3695,0.121,,0.75,4
ITACARAMBI,MG,-15.128055555,-44.136666665,Solar,0.4559,0.6669,0.1301,0.5003,1.0,1
ITACARAMBI,MG,-15.128055555,-44.136666665,Biometano,0.4392,1.0,0.1301,0.0006,0.625,2
ITACARAMBI,MG,-15.128055555,-44.136666665,H2 Verde,0.406,0.5423,0.1301,0.5003,1.0,3
ITACARAMBI,MG,-15.128055555,-44.136666665,Eolica,0.3225,0.3335,0.1301,0.5003,1.0,4
ITACARAMBI,MG,-15.128055555,-44.136666665,Biomassa,0.2561,0.5423,0.1301,0.0006,0.875,5
ITACARE,BA,-14.38333333,-39.015,Solar,0.3949,0.5435,0.1748,0.4168,1.0,1
ITACARE,BA,-14.38333333,-39.015,H2 Verde,0.3745,0.4926,0.1748,0.4168,1.0,2
ITACARE,BA,-14.38333333,-39.015,Biometano,0.3047,0.6306,0.1748,0.0,0.625,3
ITACARE,BA,-14.38333333,-39.015,Eolica,0.2616,0.2102,0.1748,0.4168,1.0,4
ITACARE,BA,-14.38333333,-39.015,Biomassa,0.2002,0.3695,0.1748,0.0,0.875,5
ITACOATIARA,AM,-2.31008411625,-44.02583642125,H2 Verde,0.0928,0.0328,0.1861,0.0797,1.0,1
ITACOATIARA,AM,-2.31008411625,-44.02583642125,Eolica,0.0882,0.0213,0.1861,0.0797,1.0,2
ITACOATIARA,AM,-2.31008411625,-44.02583642125,Solar,0.0877,0.0199,0.1861,0.0797,1.0,3
ITACOATIARA,AM,-2.31008411625,-44.02583642125,Biometano,0.0774,0.0541,0.1861,0.0,0.625,4
ITACOATIARA,AM,-2.31008411625,-44.02583642125,Biomassa,0.0762,0.0508,0.1861,0.0,0.875,5
ITAGUACU DA BAHIA,BA,-11.00118628375,-42.473638629999996,Solar,0.3845,0.5498,0.1226,0.4262,1.0,1
ITAGUACU DA BAHIA,BA,-11.00118628375,-42.473638629999996,H2 Verde,0.3641,0.4988,0.1226,0.4262,1.0,2
ITAGUACU DA BAHIA,BA,-11.00118628375,-42.473638629999996,Biometano,0.2946,0.6306,0.1226,0.0186,0.625,3
ITAGUACU DA BAHIA,BA,-11.00118628375,-42.473638629999996,Eolica,0.2542,0.2239,0.1226,0.4262,1.0,4
ITAGUACU DA BAHIA,BA,-11.00118628375,-42.473638629999996,Biomassa,0.1926,0.3757,0.1226,0.0186,0.875,5
ITAGUAI,RJ,-22.433185415,-43.837660695,H2 Verde,0.1579,0.1271,0.1505,0.2064,0.875,1
ITAGUAI,RJ,-22.433185415,-43.837660695,Solar,0.1402,0.0829,0.1505,0.2064,0.875,2
ITAGUAI,RJ,-22.433185415,-43.837660695,Eolica,0.1402,0.0829,0.1505,0.2064,0.875,2
ITAGUAI,RJ,-22.433185415,-43.837660695,Biometano,0.1244,0.1982,0.1505,,0.5,3
ITAGUAI,RJ,-22.433185415,-43.837660695,Biomassa,0.1224,0.1932,0.1505,,0.75,4
ITAGUARA,MG,-20.38138891,-44.48444452,Solar,0.4832,0.3333,0.1661,1.0,0.875,1
ITAGUARA,MG,-20.38138891,-44.48444452,Eolica,0.4832,0.3333,0.1661,1.0,0.875,1
ITAGUARA,MG,-20.38138891,-44.48444452,Biometano,0.4498,1.0,0.1661,,0.5,2
ITAGUARA,MG,-20.38138891,-44.48444452,H2 Verde,0.4333,0.2087,0.1661,1.0,0.875,3
ITAGUARA,MG,-20.38138891,-44.48444452,Biomassa,0.2667,0.5421,0.1661,,0.75,4
ITAI,SP,-23.512397375,-48.983392055,H2 Verde,0.4081,0.3336,0.1501,0.7655,0.875,1
ITAI,SP,-23.512397375,-48.983392055,Solar,0.3673,0.2315,0.1501,0.7655,0.875,2
ITAI,SP,-23.512397375,-48.983392055,Eolica,0.3673,0.2315,0.1501,0.7655,0.875,2
ITAI,SP,-23.512397375,-48.983392055,Biometano,0.3225,0.6937,0.1501,,0.5,3
ITAI,SP,-23.512397375,-48.983392055,Biomassa,0.271,0.5648,0.1501,,0.75,4
ITAIOPOLIS,SC,-26.62721667,-49.87986111,Solar,0.2929,0.4716,0.159,0.1886,1.0,1
ITAIOPOLIS,SC,-26.62721667,-49.87986111,H2 Verde,0.2852,0.4524,0.159,0.1886,1.0,2
ITAIOPOLIS,SC,-26.62721667,-49.87986111,Biometano,0.2136,0.4144,0.159,0.0004,0.625,3
ITAIOPOLIS,SC,-26.62721667,-49.87986111,Eolica,0.1596,0.1383,0.159,0.1886,1.0,4
ITAIOPOLIS,SC,-26.62721667,-49.87986111,Biomassa,0.1507,0.2572,0.159,0.0004,0.875,5
ITAIPULANDIA,PR,-12.58105278,-27.152500555,Solar,0.3226,0.5019,0.1994,0.207,1.0,1
ITAIPULANDIA,PR,-12.58105278,-27.152500555,H2 Verde,0.2909,0.4226,0.1994,0.207,1.0,2
ITAIPULANDIA,PR,-12.58105278,-27.152500555,Biometano,0.2761,0.5405,0.1994,0.0001,0.625,3
ITAIPULANDIA,PR,-12.58105278,-27.152500555,Eolica,0.194,0.1802,0.1994,0.207,1.0,4
ITAIPULANDIA,PR,-12.58105278,-27.152500555,Biomassa,0.1723,0.2811,0.1994,0.0001,0.875,5
ITAITUBA,PA,-5.35004636,-55.974073245,H2 Verde,0.2384,0.1444,0.2022,0.3998,0.875,1
ITAITUBA,PA,-5.35004636,-55.974073245,Solar,0.2131,0.0812,0.2022,0.3998,0.875,2
ITAITUBA,PA,-5.35004636,-55.974073245,Eolica,0.2131,0.0812,0.2022,0.3998,0.875,2
ITAITUBA,PA,-5.35004636,-55.974073245,Biometano,0.158,0.2432,0.2022,,0.5,3
ITAITUBA,PA,-5.35004636,-55.974073245,Biomassa,0.1509,0.2255,0.2022,,0.75,4
ITAJAI,SC,-26.917467980000005,-48.703090728,Solar,0.2454,0.1383,0.2568,0.3768,0.875,1
ITAJAI,SC,-26.917467980000005,-48.703090728,Eolica,0.2454,0.1383,0.2568,0.3768,0.875,1
ITAJAI,SC,-26.917467980000005,-48.703090728,Biometano,0.2428,0.4144,0.2568,,0.5,2
ITAJAI,SC,-26.917467980000005,-48.703090728,H2 Verde,0.2377,0.1191,0.2568,0.3768,0.875,3
ITAJAI,SC,-26.917467980000005,-48.703090728,Biomassa,0.18,0.2572,0.2568,,0.75,4
ITAJOBI,SP,-21.30539781,-49.04313591,H2 Verde,0.4163,0.3334,0.1774,0.7655,0.875,1
ITAJOBI,SP,-21.30539781,-49.04313591,Solar,0.3754,0.2313,0.1774,0.7655,0.875,2
ITAJOBI,SP,-21.30539781,-49.04313591,Eolica,0.3754,0.2313,0.1774,0.7655,0.875,2
ITAJOBI,SP,-21.30539781,-49.04313591,Biometano,0.3307,0.6937,0.1774,,0.5,3
ITAJOBI,SP,-21.30539781,-49.04313591,Biomassa,0.2791,0.5647,0.1774,,0.75,4
ITAJUBA,MG,-14.939982568333333,-30.294875898333334,Biometano,0.4444,1.0,0.1477,0.0002,0.625,1
ITAJUBA,MG,-14.939982568333333,-30.294875898333334,Solar,0.4175,0.5579,0.1477,0.5001,1.0,2
ITAJUBA,MG,-14.939982568333333,-30.294875898333334,H2 Verde,0.3677,0.4333,0.1477,0.5001,1.0,3
ITAJUBA,MG,-14.939982568333333,-30.294875898333334,Eolica,0.3277,0.3335,0.1477,0.5001,1.0,4
ITAJUBA,MG,-14.939982568333333,-30.294875898333334,Biomassa,0.2613,0.5422,0.1477,0.0002,0.875,5
ITAMARAJU,BA,-17.07479781,-40.06934674,Solar,0.3797,0.544,0.1228,0.4175,1.0,1
ITAMARAJU,BA,-17.07479781,-40.06934674,H2 Verde,0.3593,0.493,0.1228,0.4175,1.0,2
ITAMARAJU,BA,-17.07479781,-40.06934674,Biometano,0.2895,0.6306,0.1228,0.0013,0.625,3
ITAMARAJU,BA,-17.07479781,-40.06934674,Eolica,0.2464,0.2106,0.1228,0.4175,1.0,4
ITAMARAJU,BA,-17.07479781,-40.06934674,Biomassa,0.1852,0.3699,0.1228,0.0013,0.875,5
ITAMARATI,AM,-6.43944444,-68.24611111,H2 Verde,0.1252,0.0311,0.2167,0.1593,0.875,1
ITAMARATI,AM,-6.43944444,-68.24611111,Solar,0.12,0.0181,0.2167,0.1593,0.875,2
ITAMARATI,AM,-6.43944444,-68.24611111,Eolica,0.12,0.0181,0.2167,0.1593,0.875,2
ITAMARATI,AM,-6.43944444,-68.24611111,Biometano,0.0866,0.0541,0.2167,,0.5,3
ITAMARATI,AM,-6.43944444,-68.24611111,Biomassa,0.0846,0.0491,0.2167,,0.75,4
ITAMBE,BA,-15.248019,-40.624042,Solar,0.3723,0.2102,0.127,0.8337,0.875,1
ITAMBE,BA,-15.248019,-40.624042,Eolica,0.3723,0.2102,0.127,0.8337,0.875,1
ITAMBE,BA,-15.248019,-40.624042,H2 Verde,0.3519,0.1593,0.127,0.8337,0.875,2
ITAMBE,BA,-15.248019,-40.624042,Biometano,0.2903,0.6306,0.127,,0.5,3
ITAMBE,BA,-15.248019,-40.624042,Biomassa,0.1859,0.3695,0.127,,0.75,4
ITAMONTE,MG,-22.23694444,-44.84361111,Solar,0.4621,0.6667,0.1513,0.5,1.0,1
ITAMONTE,MG,-22.23694444,-44.84361111,Biometano,0.4454,1.0,0.1513,0.0,0.625,2
ITAMONTE,MG,-22.23694444,-44.84361111,H2 Verde,0.4122,0.5421,0.1513,0.5,1.0,3
ITAMONTE,MG,-22.23694444,-44.84361111,Eolica,0.3287,0.3333,0.1513,0.5,1.0,4
ITAMONTE,MG,-22.23694444,-44.84361111,Biomassa,0.2622,0.5421,0.1513,0.0,0.875,5
ITANHAEM,SP,-24.09157597,-46.609312375,H2 Verde,0.4251,0.3334,0.207,0.7655,0.875,1
ITANHAEM,SP,-24.09157597,-46.609312375,Solar,0.3843,0.2313,0.207,0.7655,0.875,2
ITANHAEM,SP,-24.09157597,-46.609312375,Eolica,0.3843,0.2313,0.207,0.7655,0.875,2
ITANHAEM,SP,-24.09157597,-46.609312375,Biometano,0.3396,0.6937,0.207,,0.5,3
ITANHAEM,SP,-24.09157597,-46.609312375,Biomassa,0.2879,0.5646,0.207,,0.75,4
ITAPACI,GO,-14.88542361,-49.5328472225,Biometano,0.1705,0.2973,0.1719,0.0,0.625,1
ITAPACI,GO,-14.88542361,-49.5328472225,Eolica,0.1387,0.1145,0.1719,0.1378,1.0,2
ITAPACI,GO,-14.88542361,-49.5328472225,Solar,0.1325,0.0991,0.1719,0.1378,1.0,3
ITAPACI,GO,-14.88542361,-49.5328472225,H2 Verde,0.1276,0.0866,0.1719,0.1378,1.0,4
ITAPACI,GO,-14.88542361,-49.5328472225,Biomassa,0.1259,0.1857,0.1719,0.0,0.875,5
ITAPAGIPE,MG,-19.893971495,-49.524132550000004,Solar,0.4748,0.3335,0.138,1.0,0.875,1
ITAPAGIPE,MG,-19.893971495,-49.524132550000004,Eolica,0.4748,0.3335,0.138,1.0,0.875,1
ITAPAGIPE,MG,-19.893971495,-49.524132550000004,Biometano,0.4414,1.0,0.138,,0.5,2
ITAPAGIPE,MG,-19.893971495,-49.524132550000004,H2 Verde,0.425,0.2089,0.138,1.0,0.875,3
ITAPAGIPE,MG,-19.893971495,-49.524132550000004,Biomassa,0.2583,0.5423,0.138,,0.75,4
ITAPEBI,BA,-15.96564305,-39.59263939,Solar,0.3852,0.5572,0.1036,0.4374,1.0,1
ITAPEBI,BA,-15.96564305,-39.59263939,H2 Verde,0.3648,0.5063,0.1036,0.4374,1.0,2
ITAPEBI,BA,-15.96564305,-39.59263939,Biometano,0.2957,0.6306,0.1036,0.0411,0.625,3
ITAPEBI,BA,-15.96564305,-39.59263939,Eolica,0.2518,0.2239,0.1036,0.4374,1.0,4
ITAPEBI,BA,-15.96564305,-39.59263939,Biomassa,0.1967,0.3832,0.1036,0.0411,0.875,5
ITAPEJARA D'OESTE,PR,-25.99132815,-52.766392485,Solar,0.3211,0.5137,0.1782,0.2072,1.0,1
ITAPEJARA D'OESTE,PR,-25.99132815,-52.766392485,H2 Verde,0.2894,0.4345,0.1782,0.2072,1.0,2
ITAPEJARA D'OESTE,PR,-25.99132815,-52.766392485,Biometano,0.2699,0.5405,0.1782,0.0006,0.625,3
ITAPEJARA D'OESTE,PR,-25.99132815,-52.766392485,Eolica,0.1878,0.1804,0.1782,0.2072,1.0,4
ITAPEJARA D'OESTE,PR,-25.99132815,-52.766392485,Biomassa,0.1662,0.2813,0.1782,0.0006,0.875,5
ITAPEMA,SC,-27.09478851,-48.61703204,Solar,0.2498,0.1381,0.2716,0.3768,0.875,1
ITAPEMA,SC,-27.09478851,-48.61703204,Eolica,0.2498,0.1381,0.2716,0.3768,0.875,1
ITAPEMA,SC,-27.09478851,-48.61703204,Biometano,0.2472,0.4144,0.2716,,0.5,2
ITAPEMA,SC,-27.09478851,-48.61703204,H2 Verde,0.2421,0.119,0.2716,0.3768,0.875,3
ITAPEMA,SC,-27.09478851,-48.61703204,Biomassa,0.1843,0.2571,0.2716,,0.75,4
ITAPEMIRIM,ES,-20.900538335,-41.03465,H2 Verde,0.1711,0.2316,0.2065,0.0553,1.0,1
ITAPEMIRIM,ES,-20.900538335,-41.03465,Solar,0.1606,0.2052,0.2065,0.0553,1.0,2
ITAPEMIRIM,ES,-20.900538335,-41.03465,Biomassa,0.0919,0.0746,0.2065,0.0003,0.875,3
ITAPEMIRIM,ES,-20.900538335,-41.03465,Biometano,0.0909,0.0721,0.2065,0.0003,0.625,4
ITAPEMIRIM,ES,-20.900538335,-41.03465,Eolica,0.0882,0.0242,0.2065,0.0553,1.0,5
ITAPERUCU,PR,-24.97527778,-49.59555556,Biometano,0.2778,0.5405,0.2052,0.0,0.625,1
ITAPERUCU,PR,-24.97527778,-49.59555556,Eolica,0.1959,0.1808,0.2052,0.2069,1.0,2
ITAPERUCU,PR,-24.97527778,-49.59555556,Solar,0.1957,0.1802,0.2052,0.2069,1.0,3
ITAPERUCU,PR,-24.97527778,-49.59555556,Biomassa,0.174,0.2811,0.2052,0.0,0.875,4
ITAPERUCU,PR,-24.97527778,-49.59555556,H2 Verde,0.164,0.1009,0.2052,0.2069,1.0,5
ITAPERUNA,RJ,-21.1857097,-42.09989709,H2 Verde,0.2548,0.4437,0.1545,0.1033,1.0,1
ITAPERUNA,RJ,-21.1857097,-42.09989709,Solar,0.2371,0.3994,0.1545,0.1033,1.0,2
ITAPERUNA,RJ,-21.1857097,-42.09989709,Biometano,0.1257,0.1982,0.1545,0.0001,0.625,3
ITAPERUNA,RJ,-21.1857097,-42.09989709,Biomassa,0.1169,0.1764,0.1545,0.0001,0.875,4
ITAPERUNA,RJ,-21.1857097,-42.09989709,Eolica,0.1038,0.0661,0.1545,0.1033,1.0,5
ITAPETINGA,BA,-15.24578118,-40.24443225666666,Solar,0.3733,0.2105,0.1302,0.8337,0.875,1
ITAPETINGA,BA,-15.24578118,-40.24443225666666,Eolica,0.3733,0.2105,0.1302,0.8337,0.875,1
ITAPETINGA,BA,-15.24578118,-40.24443225666666,H2 Verde,0.353,0.1595,0.1302,0.8337,0.875,2
ITAPETINGA,BA,-15.24578118,-40.24443225666666,Biometano,0.2913,0.6306,0.1302,,0.5,3
ITAPETINGA,BA,-15.24578118,-40.24443225666666,Biomassa,0.1869,0.3697,0.1302,,0.75,4
ITAPETININGA,SP,-23.568899146666666,-48.06987164833333,Biometano,0.3275,0.6937,0.1666,0.0,0.625,1
ITAPETININGA,SP,-23.568899146666666,-48.06987164833333,H2 Verde,0.2994,0.3365,0.1666,0.3828,1.0,2
ITAPETININGA,SP,-23.568899146666666,-48.06987164833333,Biomassa,0.2766,0.5665,0.1666,0.0,0.875,3
ITAPETININGA,SP,-23.568899146666666,-48.06987164833333,Solar,0.2586,0.2344,0.1666,0.3828,1.0,4
ITAPETININGA,SP,-23.568899146666666,-48.06987164833333,Eolica,0.2581,0.2331,0.1666,0.3828,1.0,5
ITAPEVA,SP,-24.07256717,-48.80474426666667,H2 Verde,0.4257,0.6668,0.1467,0.383,1.0,1
ITAPEVA,SP,-24.07256717,-48.80474426666667,Solar,0.3848,0.5647,0.1467,0.383,1.0,2
ITAPEVA,SP,-24.07256717,-48.80474426666667,Biometano,0.3217,0.6937,0.1467,0.0005,0.625,3
ITAPEVA,SP,-24.07256717,-48.80474426666667,Biomassa,0.2701,0.5647,0.1467,0.0005,0.875,4
ITAPEVA,SP,-24.07256717,-48.80474426666667,Eolica,0.2515,0.2314,0.1467,0.383,1.0,5
ITAPEVI,SP,-23.541915715000002,-46.9580689,H2 Verde,0.4189,0.3334,0.1862,0.7655,0.875,1
ITAPEVI,SP,-23.541915715000002,-46.9580689,Solar,0.378,0.2313,0.1862,0.7655,0.875,2
ITAPEVI,SP,-23.541915715000002,-46.9580689,Eolica,0.378,0.2313,0.1862,0.7655,0.875,2
ITAPEVI,SP,-23.541915715000002,-46.9580689,Biometano,0.3333,0.6937,0.1862,,0.5,3
ITAPEVI,SP,-23.541915715000002,-46.9580689,Biomassa,0.2817,0.5646,0.1862,,0.75,4
ITAPIPOCA,CE,-3.49333314,-39.59833348,H2 Verde,0.209,0.1204,0.1726,0.3637,0.875,1
ITAPIPOCA,CE,-3.49333314,-39.59833348,Solar,0.2077,0.1171,0.1726,0.3637,0.875,2
ITAPIPOCA,CE,-3.49333314,-39.59833348,Eolica,0.2077,0.1171,0.1726,0.3637,0.875,2
ITAPIPOCA,CE,-3.49333314,-39.59833348,Biometano,0.1923,0.3514,0.1726,,0.5,3
ITAPIPOCA,CE,-3.49333314,-39.59833348,Biomassa,0.1468,0.2375,0.1726,,0.75,4
ITAPIRA,SP,-22.416250405,-46.821861940000005,Biometano,0.3235,0.6937,0.1534,0.0,0.625,1
ITAPIRA,SP,-22.416250405,-46.821861940000005,H2 Verde,0.3029,0.355,0.1534,0.3828,1.0,2
ITAPIRA,SP,-22.416250405,-46.821861940000005,Biomassa,0.2719,0.5647,0.1534,0.0,0.875,3
ITAPIRA,SP,-22.416250405,-46.821861940000005,Solar,0.262,0.2529,0.1534,0.3828,1.0,4
ITAPIRA,SP,-22.416250405,-46.821861940000005,Eolica,0.2534,0.2314,0.1534,0.3828,1.0,5
ITAPIRANGA,AM,-2.74968043,-58.02233714,H2 Verde,0.1178,0.0311,0.1919,0.1593,0.875,1
ITAPIRANGA,AM,-2.74968043,-58.02233714,Solar,0.1126,0.0182,0.1919,0.1593,0.875,2
ITAPIRANGA,AM,-2.74968043,-58.02233714,Eolica,0.1126,0.0182,0.1919,0.1593,0.875,2
ITAPIRANGA,AM,-2.74968043,-58.02233714,Biometano,0.0792,0.0541,0.1919,,0.5,3
ITAPIRANGA,AM,-2.74968043,-58.02233714,Biomassa,0.0772,0.0492,0.1919,,0.75,4
ITAPISSUMA,PE,-7.794343,-34.91664566,Biometano,0.1508,0.2432,0.1783,,0.5,1
ITAPISSUMA,PE,-7.794343,-34.91664566,Solar,0.1467,0.0812,0.1783,0.2024,0.875,2
ITAPISSUMA,PE,-7.794343,-34.91664566,Eolica,0.1467,0.0812,0.1783,0.2024,0.875,2
ITAPISSUMA,PE,-7.794343,-34.91664566,H2 Verde,0.1381,0.0596,0.1783,0.2024,0.875,3
ITAPISSUMA,PE,-7.794343,-34.91664566,Biomassa,0.1098,0.1407,0.1783,,0.75,4
ITAPOLIS,SP,-21.62772593,-48.83048282,H2 Verde,0.4035,0.3335,0.135,0.7655,0.875,1
ITAPOLIS,SP,-21.62772593,-48.83048282,Solar,0.3627,0.2313,0.135,0.7655,0.875,2
ITAPOLIS,SP,-21.62772593,-48.83048282,Eolica,0.3627,0.2313,0.135,0.7655,0.875,2
ITAPOLIS,SP,-21.62772593,-48.83048282,Biometano,0.318,0.6937,0.135,,0.5,3
ITAPOLIS,SP,-21.62772593,-48.83048282,Biomassa,0.2664,0.5647,0.135,,0.75,4
ITAPORA,MS,-14.670438906666666,-36.495119433333336,Solar,0.2562,0.4205,0.1686,0.1248,1.0,1
ITAPORA,MS,-14.670438906666666,-36.495119433333336,H2 Verde,0.2367,0.3718,0.1686,0.1248,1.0,2
ITAPORA,MS,-14.670438906666666,-36.495119433333336,Biometano,0.1551,0.2613,0.1686,0.0001,0.625,3
ITAPORA,MS,-14.670438906666666,-36.495119433333336,Eolica,0.1229,0.0871,0.1686,0.1248,1.0,4
ITAPORA,MS,-14.670438906666666,-36.495119433333336,Biomassa,0.1008,0.1256,0.1686,0.0001,0.875,5
ITAPORANGA,PB,0.0,0.0,Solar,0.2103,0.3784,0.1468,0.0496,1.0,1
ITAPORANGA,PB,0.0,0.0,H2 Verde,0.1989,0.3498,0.1468,0.0496,1.0,2
ITAPORANGA,PB,0.0,0.0,Biometano,0.0981,0.1351,0.1468,0.0,0.625,3
ITAPORANGA,PB,0.0,0.0,Eolica,0.077,0.045,0.1468,0.0496,1.0,4
ITAPORANGA,PB,0.0,0.0,Biomassa,0.0687,0.0615,0.1468,0.0,0.875,5
ITAPUI,SP,-22.23212805,-48.71887389,H2 Verde,0.4131,0.3334,0.167,0.7655,0.875,1
ITAPUI,SP,-22.23212805,-48.71887389,Solar,0.3723,0.2313,0.167,0.7655,0.875,2
ITAPUI,SP,-22.23212805,-48.71887389,Eolica,0.3723,0.2313,0.167,0.7655,0.875,2
ITAPUI,SP,-22.23212805,-48.71887389,Biometano,0.3276,0.6937,0.167,,0.5,3
ITAPUI,SP,-22.23212805,-48.71887389,Biomassa,0.2759,0.5646,0.167,,0.75,4
ITAQUAQUECETUBA,SP,-23.45960104,-46.3414020875,H2 Verde,0.419,0.3334,0.1865,0.7655,0.875,1
ITAQUAQUECETUBA,SP,-23.45960104,-46.3414020875,Solar,0.3781,0.2313,0.1865,0.7655,0.875,2
ITAQUAQUECETUBA,SP,-23.45960104,-46.3414020875,Eolica,0.3781,0.2313,0.1865,0.7655,0.875,2
ITAQUAQUECETUBA,SP,-23.45960104,-46.3414020875,Biometano,0.3334,0.6937,0.1865,,0.5,3
ITAQUAQUECETUBA,SP,-23.45960104,-46.3414020875,Biomassa,0.2818,0.5647,0.1865,,0.75,4
ITAQUI,RS,-29.143982676666667,-56.53098585,Biometano,0.3898,0.8829,0.122,,0.5,1
ITAQUI,RS,-29.143982676666667,-56.53098585,Eolica,0.367,0.2954,0.122,0.7074,0.875,2
ITAQUI,RS,-29.143982676666667,-56.53098585,Solar,0.3666,0.2945,0.122,0.7074,0.875,3
ITAQUI,RS,-29.143982676666667,-56.53098585,H2 Verde,0.3112,0.1559,0.122,0.7074,0.875,4
ITAQUI,RS,-29.143982676666667,-56.53098585,Biomassa,0.2167,0.4501,0.122,,0.75,5
ITARANTIM,BA,-15.65783,-40.061545,Solar,0.3696,0.2102,0.1179,0.8337,0.875,1
ITARANTIM,BA,-15.65783,-40.061545,Eolica,0.3696,0.2102,0.1179,0.8337,0.875,1
ITARANTIM,BA,-15.65783,-40.061545,H2 Verde,0.3492,0.1593,0.1179,0.8337,0.875,2
ITARANTIM,BA,-15.65783,-40.061545,Biometano,0.2876,0.6306,0.1179,,0.5,3
ITARANTIM,BA,-15.65783,-40.061545,Biomassa,0.1832,0.3695,0.1179,,0.75,4
ITARARE,SP,-24.06941301,-49.33124164333333,H2 Verde,0.4115,0.652,0.1193,0.3829,1.0,1
ITARARE,SP,-24.06941301,-49.33124164333333,Solar,0.3706,0.5499,0.1193,0.3829,1.0,2
ITARARE,SP,-24.06941301,-49.33124164333333,Biometano,0.3134,0.6937,0.1193,0.0004,0.625,3
ITARARE,SP,-24.06941301,-49.33124164333333,Biomassa,0.2618,0.5647,0.1193,0.0004,0.875,4
ITARARE,SP,-24.06941301,-49.33124164333333,Eolica,0.2432,0.2314,0.1193,0.3829,1.0,5
ITAREMA,CE,-2.951100615833333,-39.855015191666666,H2 Verde,0.2953,0.4621,0.1735,0.1945,1.0,1
ITAREMA,CE,-2.951100615833333,-39.855015191666666,Solar,0.294,0.4589,0.1735,0.1945,1.0,2
ITAREMA,CE,-2.951100615833333,-39.855015191666666,Biometano,0.2002,0.3514,0.1735,0.0254,0.625,3
ITAREMA,CE,-2.951100615833333,-39.855015191666666,Eolica,0.1606,0.1256,0.1735,0.1945,1.0,4
ITAREMA,CE,-2.951100615833333,-39.855015191666666,Biomassa,0.158,0.2459,0.1735,0.0254,0.875,5
ITARUMA,GO,-18.54383611,-51.541590740000004,Biometano,0.1576,0.2973,0.1289,0.0,0.625,1
ITARUMA,GO,-18.54383611,-51.541590740000004,Eolica,0.1227,0.1067,0.1289,0.1378,1.0,2
ITARUMA,GO,-18.54383611,-51.541590740000004,Solar,0.1196,0.0991,0.1289,0.1378,1.0,3
ITARUMA,GO,-18.54383611,-51.541590740000004,H2 Verde,0.1147,0.0866,0.1289,0.1378,1.0,4
ITARUMA,GO,-18.54383611,-51.541590740000004,Biomassa,0.113,0.1857,0.1289,0.0,0.875,5
ITATIAIA,RJ,-22.52881287,-44.56793131,H2 Verde,0.2613,0.45,0.1583,0.1128,1.0,1
ITATIAIA,RJ,-22.52881287,-44.56793131,Solar,0.2436,0.4058,0.1583,0.1128,1.0,2
ITATIAIA,RJ,-22.52881287,-44.56793131,Biometano,0.1325,0.1982,0.1583,0.0192,0.625,3
ITATIAIA,RJ,-22.52881287,-44.56793131,Biomassa,0.1263,0.1827,0.1583,0.0192,0.875,4
ITATIAIA,RJ,-22.52881287,-44.56793131,Eolica,0.1103,0.0725,0.1583,0.1128,1.0,5
ITATINGA,SP,-23.02828669,-48.672208510000004,H2 Verde,0.4161,0.6394,0.1516,0.3828,1.0,1
ITATINGA,SP,-23.02828669,-48.672208510000004,Solar,0.3753,0.5373,0.1516,0.3828,1.0,2
ITATINGA,SP,-23.02828669,-48.672208510000004,Biometano,0.323,0.6937,0.1516,0.0001,0.625,3
ITATINGA,SP,-23.02828669,-48.672208510000004,Biomassa,0.2714,0.5646,0.1516,0.0001,0.875,4
ITATINGA,SP,-23.02828669,-48.672208510000004,Eolica,0.2528,0.2313,0.1516,0.3828,1.0,5
ITAU DE MINAS,MG,-20.80722222,-46.70888889,Solar,0.4552,0.6668,0.1281,0.5001,1.0,1
ITAU DE MINAS,MG,-20.80722222,-46.70888889,Biometano,0.4385,1.0,0.1281,0.0003,0.625,2
ITAU DE MINAS,MG,-20.80722222,-46.70888889,H2 Verde,0.4053,0.5422,0.1281,0.5001,1.0,3
ITAU DE MINAS,MG,-20.80722222,-46.70888889,Eolica,0.3218,0.3334,0.1281,0.5001,1.0,4
ITAU DE MINAS,MG,-20.80722222,-46.70888889,Biomassa,0.2554,0.5422,0.1281,0.0003,0.875,5
ITAUBA,MT,-5.51100119,-27.63633842,Solar,0.2568,0.3964,0.161,0.1664,1.0,1
ITAUBA,MT,-5.51100119,-27.63633842,H2 Verde,0.2426,0.361,0.161,0.1664,1.0,2
ITAUBA,MT,-5.51100119,-27.63633842,Biometano,0.124,0.1892,0.161,0.0001,0.625,3
ITAUBA,MT,-5.51100119,-27.63633842,Eolica,0.1234,0.0631,0.161,0.1664,1.0,4
ITAUBA,MT,-5.51100119,-27.63633842,Biomassa,0.0846,0.0908,0.161,0.0001,0.875,5
ITAUNA,MG,-20.055692895555556,-44.582328814444445,Biometano,0.4529,1.0,0.1758,0.0005,0.625,1
ITAUNA,MG,-20.055692895555556,-44.582328814444445,Solar,0.4153,0.5312,0.1758,0.5003,1.0,2
ITAUNA,MG,-20.055692895555556,-44.582328814444445,H2 Verde,0.3655,0.4066,0.1758,0.5003,1.0,3
ITAUNA,MG,-20.055692895555556,-44.582328814444445,Eolica,0.3365,0.3342,0.1758,0.5003,1.0,4
ITAUNA,MG,-20.055692895555556,-44.582328814444445,Biomassa,0.2698,0.5424,0.1758,0.0005,0.875,5
ITIQUIRA,MT,-17.25582361,-54.84855,Solar,0.2587,0.4011,0.1542,0.1734,1.0,1
ITIQUIRA,MT,-17.25582361,-54.84855,H2 Verde,0.2445,0.3657,0.1542,0.1734,1.0,2
ITIQUIRA,MT,-17.25582361,-54.84855,Biometano,0.1262,0.1892,0.1542,0.0141,0.625,3
ITIQUIRA,MT,-17.25582361,-54.84855,Eolica,0.1254,0.0678,0.1542,0.1734,1.0,4
ITIQUIRA,MT,-17.25582361,-54.84855,Biomassa,0.0887,0.0954,0.1542,0.0141,0.875,5
ITORORO,BA,-15.11903694,-40.07170306,Solar,0.3617,0.2102,0.0916,0.8337,0.875,1
ITORORO,BA,-15.11903694,-40.07170306,Eolica,0.3617,0.2102,0.0916,0.8337,0.875,1
ITORORO,BA,-15.11903694,-40.07170306,H2 Verde,0.3413,0.1593,0.0916,0.8337,0.875,2
ITORORO,BA,-15.11903694,-40.07170306,Biometano,0.2797,0.6306,0.0916,,0.5,3
ITORORO,BA,-15.11903694,-40.07170306,Biomassa,0.1753,0.3695,0.0916,,0.75,4
ITU,SP,-23.265988646666667,-47.28998803166667,H2 Verde,0.3745,0.5231,0.1682,0.3828,1.0,1
ITU,SP,-23.265988646666667,-47.28998803166667,Solar,0.3337,0.421,0.1682,0.3828,1.0,2
ITU,SP,-23.265988646666667,-47.28998803166667,Biometano,0.328,0.6937,0.1682,0.0001,0.625,3
ITU,SP,-23.265988646666667,-47.28998803166667,Biomassa,0.2764,0.5646,0.1682,0.0001,0.875,4
ITU,SP,-23.265988646666667,-47.28998803166667,Eolica,0.2578,0.2313,0.1682,0.3828,1.0,5
ITUIUTABA,MG,-18.970550012857142,-49.469635247142854,Biometano,0.4463,1.0,0.1542,0.0002,0.625,1
ITUIUTABA,MG,-18.970550012857142,-49.469635247142854,Solar,0.3357,0.3485,0.1542,0.5001,1.0,2
ITUIUTABA,MG,-18.970550012857142,-49.469635247142854,Eolica,0.3303,0.3351,0.1542,0.5001,1.0,3
ITUIUTABA,MG,-18.970550012857142,-49.469635247142854,H2 Verde,0.2859,0.2239,0.1542,0.5001,1.0,4
ITUIUTABA,MG,-18.970550012857142,-49.469635247142854,Biomassa,0.2639,0.5438,0.1542,0.0002,0.875,5
ITUMBIARA,GO,-18.375659594285715,-49.342353824285716,Solar,0.1777,0.1021,0.1808,0.2756,0.875,1
ITUMBIARA,GO,-18.375659594285715,-49.342353824285716,Eolica,0.1777,0.1021,0.1808,0.2756,0.875,1
ITUMBIARA,GO,-18.375659594285715,-49.342353824285716,Biometano,0.1732,0.2973,0.1808,,0.5,2
ITUMBIARA,GO,-18.375659594285715,-49.342353824285716,H2 Verde,0.1728,0.0896,0.1808,0.2756,0.875,3
ITUMBIARA,GO,-18.375659594285715,-49.342353824285716,Biomassa,0.1297,0.1887,0.1808,,0.75,4
ITUPORANGA,SC,-27.40194469,-49.6080561,Biometano,0.2208,0.4144,0.1833,0.0,0.625,1
ITUPORANGA,SC,-27.40194469,-49.6080561,Solar,0.1668,0.1381,0.1833,0.1884,1.0,2
ITUPORANGA,SC,-27.40194469,-49.6080561,Eolica,0.1668,0.1381,0.1833,0.1884,1.0,2
ITUPORANGA,SC,-27.40194469,-49.6080561,H2 Verde,0.1591,0.119,0.1833,0.1884,1.0,3
ITUPORANGA,SC,-27.40194469,-49.6080561,Biomassa,0.1578,0.2571,0.1833,0.0,0.875,4
ITURAMA,MG,-19.745739917999998,-50.294712518,Solar,0.498,0.6991,0.1657,0.562,1.0,1
ITURAMA,MG,-19.745739917999998,-50.294712518,Biometano,0.4869,1.0,0.1657,0.1241,0.625,2
ITURAMA,MG,-19.745739917999998,-50.294712518,H2 Verde,0.4481,0.5745,0.1657,0.562,1.0,3
ITURAMA,MG,-19.745739917999998,-50.294712518,Eolica,0.3687,0.376,0.1657,0.562,1.0,4
ITURAMA,MG,-19.745739917999998,-50.294712518,Biomassa,0.3208,0.5847,0.1657,0.1241,0.875,5
ITUTINGA,MG,-21.308729319999998,-44.620608454999996,Solar,0.466,0.6696,0.1563,0.5044,1.0,1
ITUTINGA,MG,-21.308729319999998,-44.620608454999996,Biometano,0.4495,1.0,0.1563,0.0087,0.625,2
ITUTINGA,MG,-21.308729319999998,-44.620608454999996,H2 Verde,0.4162,0.545,0.1563,0.5044,1.0,3
ITUTINGA,MG,-21.308729319999998,-44.620608454999996,Eolica,0.3327,0.3362,0.1563,0.5044,1.0,4
ITUTINGA,MG,-21.308729319999998,-44.620608454999996,Biomassa,0.2675,0.545,0.1563,0.0087,0.875,5
IVATE,PR,-23.40958889,-53.37387889,Biometano,0.2501,0.5405,0.113,,0.5,1
IVATE,PR,-23.40958889,-53.37387889,Solar,0.2302,0.1804,0.113,0.4138,0.875,2
IVATE,PR,-23.40958889,-53.37387889,Eolica,0.2302,0.1804,0.113,0.4138,0.875,2
IVATE,PR,-23.40958889,-53.37387889,H2 Verde,0.1985,0.1012,0.113,0.4138,0.875,3
IVATE,PR,-23.40958889,-53.37387889,Biomassa,0.1464,0.2814,0.113,,0.75,4
IVINHEMA,MS,-22.38626007666667,-53.76320028,Biometano,0.2271,0.422,0.1944,,0.75,1
IVINHEMA,MS,-22.38626007666667,-53.76320028,Eolica,0.1706,0.0936,0.1944,0.2495,0.875,2
IVINHEMA,MS,-22.38626007666667,-53.76320028,Solar,0.1694,0.0906,0.1944,0.2495,0.875,3
IVINHEMA,MS,-22.38626007666667,-53.76320028,H2 Verde,0.15,0.042,0.1944,0.2495,0.875,4
IVINHEMA,MS,-22.38626007666667,-53.76320028,Biomassa,0.11,0.1291,0.1944,,0.75,5
JABOATAO DOS GUARARAPES,PE,-8.155556376,-34.956931288,Biometano,0.2121,0.4088,0.1618,0.0001,0.875,1
JABOATAO DOS GUARARAPES,PE,-8.155556376,-34.956931288,Solar,0.1158,0.0922,0.1618,0.1013,1.0,2
JABOATAO DOS GUARARAPES,PE,-8.155556376,-34.956931288,Eolica,0.1118,0.0822,0.1618,0.1013,1.0,3
JABOATAO DOS GUARARAPES,PE,-8.155556376,-34.956931288,H2 Verde,0.1072,0.0707,0.1618,0.1013,1.0,4
JABOATAO DOS GUARARAPES,PE,-8.155556376,-34.956931288,Biomassa,0.1053,0.1417,0.1618,0.0001,0.875,5
JABORA,SC,-27.08527778,-51.81833333,Solar,0.2912,0.4715,0.1535,0.1884,1.0,1
JABORA,SC,-27.08527778,-51.81833333,H2 Verde,0.2835,0.4523,0.1535,0.1884,1.0,2
JABORA,SC,-27.08527778,-51.81833333,Biometano,0.2118,0.4144,0.1535,0.0001,0.625,3
JABORA,SC,-27.08527778,-51.81833333,Eolica,0.1578,0.1382,0.1535,0.1884,1.0,4
JABORA,SC,-27.08527778,-51.81833333,Biomassa,0.1489,0.2571,0.1535,0.0001,0.875,5
JABORANDI,BA,-10.497850695,-34.05193889,Solar,0.3841,0.5437,0.1383,0.4171,1.0,1
JABORANDI,BA,-10.497850695,-34.05193889,H2 Verde,0.3637,0.4928,0.1383,0.4171,1.0,2
JABORANDI,BA,-10.497850695,-34.05193889,Biometano,0.2939,0.6306,0.1383,0.0005,0.625,3
JABORANDI,BA,-10.497850695,-34.05193889,Eolica,0.2508,0.2104,0.1383,0.4171,1.0,4
JABORANDI,BA,-10.497850695,-34.05193889,Biomassa,0.1895,0.3697,0.1383,0.0005,0.875,5
JABOTICABAL,SP,-21.27686478,-48.280193680000004,H2 Verde,0.4058,0.3346,0.1409,0.7655,0.875,1
JABOTICABAL,SP,-21.27686478,-48.280193680000004,Solar,0.3649,0.2325,0.1409,0.7655,0.875,2
JABOTICABAL,SP,-21.27686478,-48.280193680000004,Eolica,0.3649,0.2325,0.1409,0.7655,0.875,2
JABOTICABAL,SP,-21.27686478,-48.280193680000004,Biometano,0.3198,0.6937,0.1409,,0.5,3
JABOTICABAL,SP,-21.27686478,-48.280193680000004,Biomassa,0.2686,0.5659,0.1409,,0.75,4
JABOTICATUBAS,MG,-19.386193055,-43.819930555,Solar,0.4737,0.6693,0.1825,0.504,1.0,1
JABOTICATUBAS,MG,-19.386193055,-43.819930555,Biometano,0.4571,1.0,0.1825,0.008,0.625,2
JABOTICATUBAS,MG,-19.386193055,-43.819930555,H2 Verde,0.4238,0.5447,0.1825,0.504,1.0,3
JABOTICATUBAS,MG,-19.386193055,-43.819930555,Eolica,0.3403,0.336,0.1825,0.504,1.0,4
JABOTICATUBAS,MG,-19.386193055,-43.819930555,Biomassa,0.275,0.5447,0.1825,0.008,0.875,5
JACARACI,BA,-14.81988175,-42.5626836,Solar,0.3845,0.5447,0.1367,0.4186,1.0,1
JACARACI,BA,-14.81988175,-42.5626836,H2 Verde,0.3641,0.4938,0.1367,0.4186,1.0,2
JACARACI,BA,-14.81988175,-42.5626836,Biometano,0.2943,0.6306,0.1367,0.0036,0.625,3
JACARACI,BA,-14.81988175,-42.5626836,Eolica,0.2512,0.2114,0.1367,0.4186,1.0,4
JACARACI,BA,-14.81988175,-42.5626836,Biomassa,0.1904,0.3707,0.1367,0.0036,0.875,5
JACAREACANGA,PA,-7.752140035,-57.3420026075,H2 Verde,0.3973,0.5518,0.2768,0.3119,1.0,1
JACAREACANGA,PA,-7.752140035,-57.3420026075,Solar,0.3721,0.4887,0.2768,0.3119,1.0,2
JACAREACANGA,PA,-7.752140035,-57.3420026075,Biomassa,0.2702,0.3,0.2768,0.2239,0.875,3
JACAREACANGA,PA,-7.752140035,-57.3420026075,Biometano,0.2475,0.2432,0.2768,0.2239,0.625,4
JACAREACANGA,PA,-7.752140035,-57.3420026075,Eolica,0.2389,0.1558,0.2768,0.3119,1.0,5
JACAREI,SP,-23.300843582857144,-45.96626822571428,H2 Verde,0.3549,0.4601,0.1831,0.3865,1.0,1
JACAREI,SP,-23.300843582857144,-45.96626822571428,Biometano,0.3346,0.6937,0.1831,0.0074,0.625,2
JACAREI,SP,-23.300843582857144,-45.96626822571428,Solar,0.3141,0.358,0.1831,0.3865,1.0,3
JACAREI,SP,-23.300843582857144,-45.96626822571428,Biomassa,0.2857,0.5715,0.1831,0.0074,0.875,4
JACAREI,SP,-23.300843582857144,-45.96626822571428,Eolica,0.2661,0.2381,0.1831,0.3865,1.0,5
JACAREZINHO,PR,-15.417715953333333,-33.348452079999994,Biometano,0.2602,0.5405,0.1466,,0.5,1
JACAREZINHO,PR,-15.417715953333333,-33.348452079999994,Eolica,0.2413,0.1828,0.1466,0.4138,0.875,2
JACAREZINHO,PR,-15.417715953333333,-33.348452079999994,Solar,0.2405,0.181,0.1466,0.4138,0.875,3
JACAREZINHO,PR,-15.417715953333333,-33.348452079999994,H2 Verde,0.2088,0.1017,0.1466,0.4138,0.875,4
JACAREZINHO,PR,-15.417715953333333,-33.348452079999994,Biomassa,0.1567,0.2819,0.1466,,0.75,5
JACI,SP,-20.88199986,-49.56999982,H2 Verde,0.4272,0.3334,0.214,0.7655,0.875,1
JACI,SP,-20.88199986,-49.56999982,Solar,0.3864,0.2313,0.214,0.7655,0.875,2
JACI,SP,-20.88199986,-49.56999982,Eolica,0.3864,0.2313,0.214,0.7655,0.875,2
JACI,SP,-20.88199986,-49.56999982,Biometano,0.3417,0.6937,0.214,,0.5,3
JACI,SP,-20.88199986,-49.56999982,Biomassa,0.29,0.5646,0.214,,0.75,4
JACIARA,MT,-15.982531891818182,-55.08352303181818,Solar,0.2408,0.3528,0.1635,0.1686,1.0,1
JACIARA,MT,-15.982531891818182,-55.08352303181818,H2 Verde,0.2266,0.3174,0.1635,0.1686,1.0,2
JACIARA,MT,-15.982531891818182,-55.08352303181818,Biometano,0.1261,0.1892,0.1635,0.0046,0.625,3
JACIARA,MT,-15.982531891818182,-55.08352303181818,Eolica,0.1256,0.0648,0.1635,0.1686,1.0,4
JACIARA,MT,-15.982531891818182,-55.08352303181818,Biomassa,0.0874,0.0925,0.1635,0.0046,0.875,5
JACOBINA,BA,-11.108550848333332,-40.68417618666667,Biometano,0.2988,0.6306,0.1552,0.0,0.625,1
JACOBINA,BA,-11.108550848333332,-40.68417618666667,Eolica,0.2632,0.229,0.1552,0.4168,1.0,2
JACOBINA,BA,-11.108550848333332,-40.68417618666667,Solar,0.2557,0.2102,0.1552,0.4168,1.0,3
JACOBINA,BA,-11.108550848333332,-40.68417618666667,H2 Verde,0.2353,0.1593,0.1552,0.4168,1.0,4
JACOBINA,BA,-11.108550848333332,-40.68417618666667,Biomassa,0.1943,0.3695,0.1552,0.0,0.875,5
JACUI,MG,-20.81289209,-46.81055515,Solar,0.4577,0.6667,0.1368,0.5,1.0,1
JACUI,MG,-20.81289209,-46.81055515,Biometano,0.4411,1.0,0.1368,0.0,0.625,2
JACUI,MG,-20.81289209,-46.81055515,H2 Verde,0.4079,0.5421,0.1368,0.5,1.0,3
JACUI,MG,-20.81289209,-46.81055515,Eolica,0.3244,0.3334,0.1368,0.5,1.0,4
JACUI,MG,-20.81289209,-46.81055515,Biomassa,0.2579,0.5421,0.1368,0.0,0.875,5
JACUNDA,PA,0.0,0.0,H2 Verde,0.2692,0.4775,0.0606,0.1999,1.0,1
JACUNDA,PA,0.0,0.0,Solar,0.2439,0.4144,0.0606,0.1999,1.0,2
JACUNDA,PA,0.0,0.0,Biometano,0.1155,0.2432,0.0606,0.0,0.625,3
JACUNDA,PA,0.0,0.0,Eolica,0.1106,0.0811,0.0606,0.1999,1.0,4
JACUNDA,PA,0.0,0.0,Biomassa,0.1083,0.2253,0.0606,0.0,0.875,5
JACUTINGA,MG,-22.25870389,-46.67596056,Solar,0.4669,0.6667,0.1674,0.5,1.0,1
JACUTINGA,MG,-22.25870389,-46.67596056,Biometano,0.4502,1.0,0.1674,0.0001,0.625,2
JACUTINGA,MG,-22.25870389,-46.67596056,H2 Verde,0.4171,0.5421,0.1674,0.5,1.0,3
JACUTINGA,MG,-22.25870389,-46.67596056,Eolica,0.3336,0.3334,0.1674,0.5,1.0,4
JACUTINGA,MG,-22.25870389,-46.67596056,Biomassa,0.2671,0.5421,0.1674,0.0001,0.875,5
JAGUARACU,MG,-19.64500967,-42.74053455,Solar,0.477,0.3334,0.1455,1.0,0.875,1
JAGUARACU,MG,-19.64500967,-42.74053455,Eolica,0.477,0.3334,0.1455,1.0,0.875,1
JAGUARACU,MG,-19.64500967,-42.74053455,Biometano,0.4437,1.0,0.1455,,0.5,2
JAGUARACU,MG,-19.64500967,-42.74053455,H2 Verde,0.4272,0.2088,0.1455,1.0,0.875,3
JAGUARACU,MG,-19.64500967,-42.74053455,Biomassa,0.2605,0.5421,0.1455,,0.75,4
JAGUARAO,RS,0.0,0.0,Solar,0.3948,0.6276,0.1254,0.3537,1.0,1
JAGUARAO,RS,0.0,0.0,Biometano,0.3908,0.8829,0.1254,0.0,0.625,2
JAGUARAO,RS,0.0,0.0,H2 Verde,0.3393,0.4889,0.1254,0.3537,1.0,3
JAGUARAO,RS,0.0,0.0,Eolica,0.2615,0.2943,0.1254,0.3537,1.0,4
JAGUARAO,RS,0.0,0.0,Biomassa,0.2176,0.4499,0.1254,0.0,0.875,5
JAGUARETAMA,CE,-5.445370799512195,-38.83590053658536,H2 Verde,0.28,0.4605,0.1274,0.1921,1.0,1
JAGUARETAMA,CE,-5.445370799512195,-38.83590053658536,Solar,0.2787,0.4573,0.1274,0.1921,1.0,2
JAGUARETAMA,CE,-5.445370799512195,-38.83590053658536,Eolica,0.1931,0.2432,0.1274,0.1921,1.0,3
JAGUARETAMA,CE,-5.445370799512195,-38.83590053658536,Biometano,0.1849,0.3514,0.1274,0.0204,0.625,4
JAGUARETAMA,CE,-5.445370799512195,-38.83590053658536,Biomassa,0.1421,0.2443,0.1274,0.0204,0.875,5
JAGUARI,RS,-29.36527778,-54.50388889,Solar,0.3924,0.6279,0.1165,0.3541,1.0,1
JAGUARI,RS,-29.36527778,-54.50388889,Biometano,0.3884,0.8829,0.1165,0.0009,0.625,2
JAGUARI,RS,-29.36527778,-54.50388889,H2 Verde,0.3369,0.4892,0.1165,0.3541,1.0,3
JAGUARI,RS,-29.36527778,-54.50388889,Eolica,0.259,0.2946,0.1165,0.3541,1.0,4
JAGUARI,RS,-29.36527778,-54.50388889,Biomassa,0.2153,0.4502,0.1165,0.0009,0.875,5
JAGUARIAIVA,PR,-24.16791596,-49.657424952,Solar,0.3154,0.5142,0.1578,0.208,1.0,1
JAGUARIAIVA,PR,-24.16791596,-49.657424952,H2 Verde,0.2837,0.435,0.1578,0.208,1.0,2
JAGUARIAIVA,PR,-24.16791596,-49.657424952,Biometano,0.2642,0.5405,0.1578,0.0022,0.625,3
JAGUARIAIVA,PR,-24.16791596,-49.657424952,Eolica,0.1826,0.1822,0.1578,0.208,1.0,4
JAGUARIAIVA,PR,-24.16791596,-49.657424952,Biomassa,0.1607,0.2818,0.1578,0.0022,0.875,5
JAGUARIBE,CE,0.0,0.0,H2 Verde,0.2759,0.4537,0.1329,0.1819,1.0,1
JAGUARIBE,CE,0.0,0.0,Solar,0.2746,0.4505,0.1329,0.1819,1.0,2
JAGUARIBE,CE,0.0,0.0,Biometano,0.1804,0.3514,0.1329,0.0001,0.625,3
JAGUARIBE,CE,0.0,0.0,Eolica,0.1413,0.1172,0.1329,0.1819,1.0,4
JAGUARIBE,CE,0.0,0.0,Biomassa,0.1349,0.2375,0.1329,0.0001,0.875,5
JAGUARIUNA,SP,-17.0321285025,-35.250002942500004,H2 Verde,0.3536,0.4328,0.2186,0.383,1.0,1
JAGUARIUNA,SP,-17.0321285025,-35.250002942500004,Biometano,0.3432,0.6937,0.2186,0.0004,0.625,2
JAGUARIUNA,SP,-17.0321285025,-35.250002942500004,Solar,0.3128,0.3307,0.2186,0.383,1.0,3
JAGUARIUNA,SP,-17.0321285025,-35.250002942500004,Biomassa,0.2917,0.565,0.2186,0.0004,0.875,4
JAGUARIUNA,SP,-17.0321285025,-35.250002942500004,Eolica,0.2732,0.2317,0.2186,0.383,1.0,5
JAGUARUANA,CE,-4.890714504615385,-37.67260999384615,H2 Verde,0.2821,0.4596,0.1368,0.1907,1.0,1
JAGUARUANA,CE,-4.890714504615385,-37.67260999384615,Solar,0.2808,0.4564,0.1368,0.1907,1.0,2
JAGUARUANA,CE,-4.890714504615385,-37.67260999384615,Biometano,0.1869,0.3514,0.1368,0.0178,0.625,3
JAGUARUANA,CE,-4.890714504615385,-37.67260999384615,Eolica,0.1736,0.1884,0.1368,0.1907,1.0,4
JAGUARUANA,CE,-4.890714504615385,-37.67260999384615,Biomassa,0.1437,0.2434,0.1368,0.0178,0.875,5
JAGUARUNA,SC,-28.62496389,-49.04912889,Solar,0.2222,0.1381,0.1799,0.3768,0.875,1
JAGUARUNA,SC,-28.62496389,-49.04912889,Eolica,0.2222,0.1381,0.1799,0.3768,0.875,1
JAGUARUNA,SC,-28.62496389,-49.04912889,Biometano,0.2197,0.4144,0.1799,,0.5,2
JAGUARUNA,SC,-28.62496389,-49.04912889,H2 Verde,0.2146,0.119,0.1799,0.3768,0.875,3
JAGUARUNA,SC,-28.62496389,-49.04912889,Biomassa,0.1568,0.2571,0.1799,,0.75,4
JAIBA,MG,-15.351232854814816,-43.72723194944444,Solar,0.4985,0.6981,0.1673,0.5635,1.0,1
JAIBA,MG,-15.351232854814816,-43.72723194944444,Biometano,0.4883,1.0,0.1673,0.1271,0.625,2
JAIBA,MG,-15.351232854814816,-43.72723194944444,H2 Verde,0.4486,0.5735,0.1673,0.5635,1.0,3
JAIBA,MG,-15.351232854814816,-43.72723194944444,Eolica,0.4038,0.4614,0.1673,0.5635,1.0,4
JAIBA,MG,-15.351232854814816,-43.72723194944444,Biomassa,0.3227,0.5861,0.1673,0.1271,0.875,5
JANAUBA,MG,-15.898611758437498,-43.46858296916667,Solar,0.5158,0.729,0.1538,0.5935,1.0,1
JANAUBA,MG,-15.898611758437498,-43.46858296916667,Biometano,0.5023,1.0,0.1538,0.187,0.625,2
JANAUBA,MG,-15.898611758437498,-43.46858296916667,Eolica,0.4675,0.6082,0.1538,0.5935,1.0,3
JANAUBA,MG,-15.898611758437498,-43.46858296916667,H2 Verde,0.466,0.6044,0.1538,0.5935,1.0,4
JANAUBA,MG,-15.898611758437498,-43.46858296916667,Biomassa,0.344,0.6044,0.1538,0.187,0.875,5
JANDAIA,GO,-17.27425967,-50.13953455,Solar,0.1648,0.0993,0.1415,0.2756,0.875,1
JANDAIA,GO,-17.27425967,-50.13953455,Eolica,0.1648,0.0993,0.1415,0.2756,0.875,1
JANDAIA,GO,-17.27425967,-50.13953455,Biometano,0.1614,0.2973,0.1415,,0.5,2
JANDAIA,GO,-17.27425967,-50.13953455,H2 Verde,0.1598,0.0868,0.1415,0.2756,0.875,3
JANDAIA,GO,-17.27425967,-50.13953455,Biomassa,0.1168,0.1859,0.1415,,0.75,4
JANDAIA DO SUL,PR,-23.63303817,-51.672122775,Biometano,0.2618,0.5405,0.1518,0.0001,0.625,1
JANDAIA DO SUL,PR,-23.63303817,-51.672122775,Solar,0.2056,0.2448,0.1518,0.207,1.0,2
JANDAIA DO SUL,PR,-23.63303817,-51.672122775,Eolica,0.1798,0.1803,0.1518,0.207,1.0,3
JANDAIA DO SUL,PR,-23.63303817,-51.672122775,H2 Verde,0.1739,0.1656,0.1518,0.207,1.0,4
JANDAIA DO SUL,PR,-23.63303817,-51.672122775,Biomassa,0.1581,0.2813,0.1518,0.0001,0.875,5
JANDAIRA,RN,-5.37696304090909,-36.10979311727272,H2 Verde,0.2588,0.4234,0.1362,0.1619,1.0,1
JANDAIRA,RN,-5.37696304090909,-36.10979311727272,Solar,0.2551,0.4141,0.1362,0.1619,1.0,2
JANDAIRA,RN,-5.37696304090909,-36.10979311727272,Biometano,0.1325,0.1892,0.1362,0.0532,0.625,3
JANDAIRA,RN,-5.37696304090909,-36.10979311727272,Eolica,0.125,0.089,0.1362,0.1619,1.0,4
JANDAIRA,RN,-5.37696304090909,-36.10979311727272,Biomassa,0.1181,0.1532,0.1362,0.0532,0.875,5
JANDIRA,SP,-23.51666589,-46.91567289,H2 Verde,0.4123,0.3334,0.1643,0.7655,0.875,1
JANDIRA,SP,-23.51666589,-46.91567289,Solar,0.3715,0.2313,0.1643,0.7655,0.875,2
JANDIRA,SP,-23.51666589,-46.91567289,Eolica,0.3715,0.2313,0.1643,0.7655,0.875,2
JANDIRA,SP,-23.51666589,-46.91567289,Biometano,0.3268,0.6937,0.1643,,0.5,3
JANDIRA,SP,-23.51666589,-46.91567289,Biomassa,0.2751,0.5646,0.1643,,0.75,4
JANUARIA,MG,-15.49278056,-44.39271389,Solar,0.4582,0.6669,0.1378,0.5004,1.0,1
JANUARIA,MG,-15.49278056,-44.39271389,Biometano,0.4416,1.0,0.1378,0.0008,0.625,2
JANUARIA,MG,-15.49278056,-44.39271389,H2 Verde,0.4084,0.5423,0.1378,0.5004,1.0,3
JANUARIA,MG,-15.49278056,-44.39271389,Eolica,0.3249,0.3336,0.1378,0.5004,1.0,4
JANUARIA,MG,-15.49278056,-44.39271389,Biomassa,0.2585,0.5423,0.1378,0.0008,0.875,5
JAPARATUBA,SE,-10.52103611,-36.86424097,Eolica,0.0706,0.0182,0.1274,0.0837,1.0,1
JAPARATUBA,SE,-10.52103611,-36.86424097,Solar,0.0681,0.012,0.1274,0.0837,1.0,2
JAPARATUBA,SE,-10.52103611,-36.86424097,H2 Verde,0.0633,0.0,0.1274,0.0837,1.0,3
JAPARATUBA,SE,-10.52103611,-36.86424097,Biometano,0.0526,0.036,0.1274,0.0,0.625,4
JAPARATUBA,SE,-10.52103611,-36.86424097,Biomassa,0.043,0.012,0.1274,0.0,0.875,5
JAPERI,RJ,-22.64355689,-43.65921689,H2 Verde,0.2511,0.4436,0.1424,0.1032,1.0,1
JAPERI,RJ,-22.64355689,-43.65921689,Solar,0.2334,0.3994,0.1424,0.1032,1.0,2
JAPERI,RJ,-22.64355689,-43.65921689,Biometano,0.122,0.1982,0.1424,0.0,0.625,3
JAPERI,RJ,-22.64355689,-43.65921689,Biomassa,0.1132,0.1763,0.1424,0.0,0.875,4
JAPERI,RJ,-22.64355689,-43.65921689,Eolica,0.1001,0.0661,0.1424,0.1032,1.0,5
JAPURA,AM,-0.9259722225,-33.398194445,H2 Verde,0.0921,0.0311,0.186,0.0797,1.0,1
JAPURA,AM,-0.9259722225,-33.398194445,Eolica,0.0871,0.0185,0.186,0.0797,1.0,2
JAPURA,AM,-0.9259722225,-33.398194445,Solar,0.087,0.0181,0.186,0.0797,1.0,3
JAPURA,AM,-0.9259722225,-33.398194445,Biometano,0.0774,0.0541,0.186,0.0,0.625,4
JAPURA,AM,-0.9259722225,-33.398194445,Biomassa,0.0754,0.0491,0.186,0.0,0.875,5
JAQUEIRA,PE,-8.733773995,-35.84225329,Solar,0.2285,0.4144,0.1079,0.1012,1.0,1
JAQUEIRA,PE,-8.733773995,-35.84225329,H2 Verde,0.2199,0.3929,0.1079,0.1012,1.0,2
JAQUEIRA,PE,-8.733773995,-35.84225329,Biometano,0.1297,0.2432,0.1079,0.0001,0.625,3
JAQUEIRA,PE,-8.733773995,-35.84225329,Eolica,0.0952,0.0811,0.1079,0.1012,1.0,4
JAQUEIRA,PE,-8.733773995,-35.84225329,Biomassa,0.0886,0.1406,0.1079,0.0001,0.875,5
JARAGUA DO SUL,SC,-23.496146398888886,-43.65368952111111,Solar,0.2748,0.3879,0.2096,0.1891,1.0,1
JARAGUA DO SUL,SC,-23.496146398888886,-43.65368952111111,H2 Verde,0.2671,0.3687,0.2096,0.1891,1.0,2
JARAGUA DO SUL,SC,-23.496146398888886,-43.65368952111111,Biometano,0.2291,0.4144,0.2096,0.0014,0.625,3
JARAGUA DO SUL,SC,-23.496146398888886,-43.65368952111111,Eolica,0.1751,0.1388,0.2096,0.1891,1.0,4
JARAGUA DO SUL,SC,-23.496146398888886,-43.65368952111111,Biomassa,0.1664,0.2577,0.2096,0.0014,0.875,5
JARAGUARI,MS,-20.39991022,-54.44433525,Solar,0.2559,0.4204,0.1676,0.1248,1.0,1
JARAGUARI,MS,-20.39991022,-54.44433525,H2 Verde,0.2364,0.3718,0.1676,0.1248,1.0,2
JARAGUARI,MS,-20.39991022,-54.44433525,Biometano,0.1548,0.2613,0.1676,0.0001,0.625,3
JARAGUARI,MS,-20.39991022,-54.44433525,Eolica,0.1226,0.0871,0.1676,0.1248,1.0,4
JARAGUARI,MS,-20.39991022,-54.44433525,Biomassa,0.1005,0.1256,0.1676,0.0001,0.875,5
JARDIM DE ANGICOS,RN,-5.51577764,-35.99971058,H2 Verde,0.2403,0.4075,0.1198,0.1379,1.0,1
JARDIM DE ANGICOS,RN,-5.51577764,-35.99971058,Solar,0.2366,0.3982,0.1198,0.1379,1.0,2
JARDIM DE ANGICOS,RN,-5.51577764,-35.99971058,Biometano,0.1132,0.1892,0.1198,0.0053,0.625,3
JARDIM DE ANGICOS,RN,-5.51577764,-35.99971058,Eolica,0.1032,0.0648,0.1198,0.1379,1.0,4
JARDIM DE ANGICOS,RN,-5.51577764,-35.99971058,Biomassa,0.0924,0.1372,0.1198,0.0053,0.875,5
JARDINOPOLIS,SC,-26.6998109,-52.894655935,Solar,0.2866,0.4717,0.1378,0.1887,1.0,1
JARDINOPOLIS,SC,-26.6998109,-52.894655935,H2 Verde,0.2789,0.4525,0.1378,0.1887,1.0,2
JARDINOPOLIS,SC,-26.6998109,-52.894655935,Biometano,0.2073,0.4144,0.1378,0.0006,0.625,3
JARDINOPOLIS,SC,-26.6998109,-52.894655935,Eolica,0.1533,0.1383,0.1378,0.1887,1.0,4
JARDINOPOLIS,SC,-26.6998109,-52.894655935,Biomassa,0.1444,0.2573,0.1378,0.0006,0.875,5
JATAI,GO,-15.314135877142858,-44.33181417285714,Solar,0.1827,0.2089,0.1907,0.1399,1.0,1
JATAI,GO,-15.314135877142858,-44.33181417285714,H2 Verde,0.1778,0.1964,0.1907,0.1399,1.0,2
JATAI,GO,-15.314135877142858,-44.33181417285714,Biometano,0.1774,0.2973,0.1907,0.0043,0.625,3
JATAI,GO,-15.314135877142858,-44.33181417285714,Eolica,0.1407,0.1038,0.1907,0.1399,1.0,4
JATAI,GO,-15.314135877142858,-44.33181417285714,Biomassa,0.1346,0.1903,0.1907,0.0043,0.875,5
JATOBA,PE,-9.14352303,-38.31240468,Solar,0.2748,0.4582,0.1382,0.1669,1.0,1
JATOBA,PE,-9.14352303,-38.31240468,H2 Verde,0.2662,0.4367,0.1382,0.1669,1.0,2
JATOBA,PE,-9.14352303,-38.31240468,Biometano,0.1782,0.2432,0.1382,0.1315,0.625,3
JATOBA,PE,-9.14352303,-38.31240468,Biomassa,0.1547,0.1844,0.1382,0.1315,0.875,4
JATOBA,PE,-9.14352303,-38.31240468,Eolica,0.1415,0.1249,0.1382,0.1669,1.0,5
JAU,SP,-22.304119694999997,-48.58211431,H2 Verde,0.4074,0.3336,0.1475,0.7655,0.875,1
JAU,SP,-22.304119694999997,-48.58211431,Solar,0.3665,0.2315,0.1475,0.7655,0.875,2
JAU,SP,-22.304119694999997,-48.58211431,Eolica,0.3665,0.2315,0.1475,0.7655,0.875,2
JAU,SP,-22.304119694999997,-48.58211431,Biometano,0.3217,0.6937,0.1475,,0.5,3
JAU,SP,-22.304119694999997,-48.58211431,Biomassa,0.2702,0.5648,0.1475,,0.75,4
JECEABA,MG,-20.50666667,-43.98611111,Solar,0.4687,0.6667,0.1731,0.5001,1.0,1
JECEABA,MG,-20.50666667,-43.98611111,Biometano,0.452,1.0,0.1731,0.0002,0.625,2
JECEABA,MG,-20.50666667,-43.98611111,H2 Verde,0.4188,0.5421,0.1731,0.5001,1.0,3
JECEABA,MG,-20.50666667,-43.98611111,Eolica,0.3353,0.3334,0.1731,0.5001,1.0,4
JECEABA,MG,-20.50666667,-43.98611111,Biomassa,0.2688,0.5421,0.1731,0.0002,0.875,5
JEQUIA DA PRAIA,AL,-9.88113966,-36.15073455,Biometano,0.0647,0.0991,0.0835,,0.5,1
JEQUIA DA PRAIA,AL,-9.88113966,-36.15073455,Solar,0.0637,0.0336,0.0835,0.0842,0.875,2
JEQUIA DA PRAIA,AL,-9.88113966,-36.15073455,Eolica,0.0637,0.0336,0.0835,0.0842,0.875,2
JEQUIA DA PRAIA,AL,-9.88113966,-36.15073455,H2 Verde,0.0598,0.0237,0.0835,0.0842,0.875,3
JEQUIA DA PRAIA,AL,-9.88113966,-36.15073455,Biomassa,0.0477,0.0567,0.0835,,0.75,4
JEQUIE,BA,-13.863924755,-40.155615475000005,Solar,0.3868,0.5376,0.155,0.4177,1.0,1
JEQUIE,BA,-13.863924755,-40.155615475000005,H2 Verde,0.3665,0.4867,0.155,0.4177,1.0,2
JEQUIE,BA,-13.863924755,-40.155615475000005,Biometano,0.2993,0.6306,0.155,0.0018,0.625,3
JEQUIE,BA,-13.863924755,-40.155615475000005,Eolica,0.2561,0.2108,0.155,0.4177,1.0,4
JEQUIE,BA,-13.863924755,-40.155615475000005,Biomassa,0.1951,0.3701,0.155,0.0018,0.875,5
JI-PARANA,RO,-10.84726389,-61.999588884999994,H2 Verde,0.1678,0.2497,0.1587,0.0677,1.0,1
JI-PARANA,RO,-10.84726389,-61.999588884999994,Solar,0.1576,0.2243,0.1587,0.0677,1.0,2
JI-PARANA,RO,-10.84726389,-61.999588884999994,Biometano,0.0945,0.1171,0.1587,0.0001,0.625,3
JI-PARANA,RO,-10.84726389,-61.999588884999994,Biomassa,0.0891,0.1036,0.1587,0.0001,0.875,4
JI-PARANA,RO,-10.84726389,-61.999588884999994,Eolica,0.0836,0.0391,0.1587,0.0677,1.0,5
JOACABA,SC,-27.157672453333333,-51.46671132666666,Solar,0.2952,0.4716,0.1667,0.1885,1.0,1
JOACABA,SC,-27.157672453333333,-51.46671132666666,H2 Verde,0.2875,0.4524,0.1667,0.1885,1.0,2
JOACABA,SC,-27.157672453333333,-51.46671132666666,Biometano,0.2159,0.4144,0.1667,0.0003,0.625,3
JOACABA,SC,-27.157672453333333,-51.46671132666666,Eolica,0.1619,0.1382,0.1667,0.1885,1.0,4
JOACABA,SC,-27.157672453333333,-51.46671132666666,Biomassa,0.153,0.2572,0.1667,0.0003,0.875,5
JOAO CAMARA,RN,-5.413327395882353,-35.905394226176476,H2 Verde,0.2655,0.4277,0.1466,0.1682,1.0,1
JOAO CAMARA,RN,-5.413327395882353,-35.905394226176476,Solar,0.2618,0.4184,0.1466,0.1682,1.0,2
JOAO CAMARA,RN,-5.413327395882353,-35.905394226176476,Biometano,0.1394,0.1892,0.1466,0.0659,0.625,3
JOAO CAMARA,RN,-5.413327395882353,-35.905394226176476,Eolica,0.1327,0.0956,0.1466,0.1682,1.0,4
JOAO CAMARA,RN,-5.413327395882353,-35.905394226176476,Biomassa,0.1267,0.1574,0.1466,0.0659,0.875,5
JOAO COSTA,PI,-8.548166,-43.78452978,Solar,0.2665,0.4423,0.1379,0.1607,1.0,1
JOAO COSTA,PI,-8.548166,-43.78452978,H2 Verde,0.2406,0.3776,0.1379,0.1607,1.0,2
JOAO COSTA,PI,-8.548166,-43.78452978,Biometano,0.1719,0.3243,0.1379,0.0027,0.625,3
JOAO COSTA,PI,-8.548166,-43.78452978,Eolica,0.1341,0.1112,0.1379,0.1607,1.0,4
JOAO COSTA,PI,-8.548166,-43.78452978,Biomassa,0.1031,0.1524,0.1379,0.0027,0.875,5
JOAO DOURADO,BA,-11.226199998,-41.577443331999994,Solar,0.3944,0.5475,0.1618,0.4228,1.0,1
JOAO DOURADO,BA,-11.226199998,-41.577443331999994,H2 Verde,0.374,0.4966,0.1618,0.4228,1.0,2
JOAO DOURADO,BA,-11.226199998,-41.577443331999994,Biometano,0.3044,0.6306,0.1618,0.0119,0.625,3
JOAO DOURADO,BA,-11.226199998,-41.577443331999994,Eolica,0.2658,0.2262,0.1618,0.4228,1.0,4
JOAO DOURADO,BA,-11.226199998,-41.577443331999994,Biomassa,0.2015,0.3734,0.1618,0.0119,0.875,5
JOAO MONLEVADE,MG,-19.832500000000003,-43.149305555,Solar,0.4612,0.6555,0.1629,0.5004,1.0,1
JOAO MONLEVADE,MG,-19.832500000000003,-43.149305555,Biometano,0.4491,1.0,0.1629,0.0008,0.625,2
JOAO MONLEVADE,MG,-19.832500000000003,-43.149305555,H2 Verde,0.4114,0.5309,0.1629,0.5004,1.0,3
JOAO MONLEVADE,MG,-19.832500000000003,-43.149305555,Eolica,0.3324,0.3336,0.1629,0.5004,1.0,4
JOAO MONLEVADE,MG,-19.832500000000003,-43.149305555,Biomassa,0.2661,0.5423,0.1629,0.0008,0.875,5
JOAO NEIVA,ES,-19.75400967,-40.37653455,H2 Verde,0.0857,0.0505,0.1082,0.1102,0.875,1
JOAO NEIVA,ES,-19.75400967,-40.37653455,Solar,0.0752,0.0241,0.1082,0.1102,0.875,2
JOAO NEIVA,ES,-19.75400967,-40.37653455,Eolica,0.0752,0.0241,0.1082,0.1102,0.875,2
JOAO NEIVA,ES,-19.75400967,-40.37653455,Biomassa,0.0623,0.0745,0.1082,,0.75,3
JOAO NEIVA,ES,-19.75400967,-40.37653455,Biometano,0.0613,0.0721,0.1082,,0.5,4
JOAO PESSOA,PB,-6.568007315,-31.967332797500003,Biometano,0.116,0.1351,0.2062,0.0003,0.625,1
JOAO PESSOA,PB,-6.568007315,-31.967332797500003,Solar,0.1005,0.0592,0.2062,0.0498,1.0,2
JOAO PESSOA,PB,-6.568007315,-31.967332797500003,Eolica,0.099,0.0555,0.2062,0.0498,1.0,3
JOAO PESSOA,PB,-6.568007315,-31.967332797500003,Biomassa,0.0908,0.072,0.2062,0.0003,0.875,4
JOAO PESSOA,PB,-6.568007315,-31.967332797500003,H2 Verde,0.089,0.0306,0.2062,0.0498,1.0,5
JOAO PINHEIRO,MG,-17.53086879285714,-46.71463205571428,Biometano,0.4465,1.0,0.1549,0.0,0.625,1
JOAO PINHEIRO,MG,-17.53086879285714,-46.71463205571428,Eolica,0.3365,0.3501,0.1549,0.5,1.0,2
JOAO PINHEIRO,MG,-17.53086879285714,-46.71463205571428,Solar,0.3314,0.3374,0.1549,0.5,1.0,3
JOAO PINHEIRO,MG,-17.53086879285714,-46.71463205571428,H2 Verde,0.2816,0.2128,0.1549,0.5,1.0,4
JOAO PINHEIRO,MG,-17.53086879285714,-46.71463205571428,Biomassa,0.2649,0.5461,0.1549,0.0,0.875,5
JOAQUIM NABUCO,PE,-8.53797761,-35.51180283,Solar,0.1511,0.2309,0.0942,0.1015,1.0,1
JOAQUIM NABUCO,PE,-8.53797761,-35.51180283,H2 Verde,0.1425,0.2094,0.0942,0.1015,1.0,2
JOAQUIM NABUCO,PE,-8.53797761,-35.51180283,Biometano,0.1257,0.2432,0.0942,0.0006,0.625,3
JOAQUIM NABUCO,PE,-8.53797761,-35.51180283,Eolica,0.0913,0.0815,0.0942,0.1015,1.0,4
JOAQUIM NABUCO,PE,-8.53797761,-35.51180283,Biomassa,0.0849,0.141,0.0942,0.0006,0.875,5
JOINVILLE,SC,-26.286729157777778,-48.86447865555556,Biometano,0.2308,0.4144,0.2166,0.0001,0.625,1
JOINVILLE,SC,-26.286729157777778,-48.86447865555556,Solar,0.2214,0.2497,0.2166,0.1884,1.0,2
JOINVILLE,SC,-26.286729157777778,-48.86447865555556,H2 Verde,0.2137,0.2305,0.2166,0.1884,1.0,3
JOINVILLE,SC,-26.286729157777778,-48.86447865555556,Eolica,0.1768,0.1383,0.2166,0.1884,1.0,4
JOINVILLE,SC,-26.286729157777778,-48.86447865555556,Biomassa,0.1679,0.2572,0.2166,0.0001,0.875,5
JORDAO,AC,-9.43416667,-71.88388888,Solar,0.0899,0.0061,0.2245,0.0671,0.875,1
JORDAO,AC,-9.43416667,-71.88388888,Eolica,0.0899,0.0061,0.2245,0.0671,0.875,1
JORDAO,AC,-9.43416667,-71.88388888,H2 Verde,0.0881,0.0015,0.2245,0.0671,0.875,2
JORDAO,AC,-9.43416667,-71.88388888,Biometano,0.0746,0.018,0.2245,,0.5,3
JORDAO,AC,-9.43416667,-71.88388888,Biomassa,0.0704,0.0075,0.2245,,0.75,4
JOSE BONIFACIO,SP,-21.084075390000002,-49.916953995,H2 Verde,0.4133,0.334,0.1669,0.7655,0.875,1
JOSE BONIFACIO,SP,-21.084075390000002,-49.916953995,Solar,0.3725,0.2319,0.1669,0.7655,0.875,2
JOSE BONIFACIO,SP,-21.084075390000002,-49.916953995,Eolica,0.3725,0.2319,0.1669,0.7655,0.875,2
JOSE BONIFACIO,SP,-21.084075390000002,-49.916953995,Biometano,0.3275,0.6937,0.1669,,0.5,3
JOSE BONIFACIO,SP,-21.084075390000002,-49.916953995,Biomassa,0.2762,0.5653,0.1669,,0.75,4
JUAZEIRINHO,PB,0.0,0.0,Biometano,0.0963,0.1351,0.1408,0.0,0.625,1
JUAZEIRINHO,PB,0.0,0.0,Eolica,0.0778,0.0518,0.1408,0.0496,1.0,2
JUAZEIRINHO,PB,0.0,0.0,Solar,0.0751,0.045,0.1408,0.0496,1.0,3
JUAZEIRINHO,PB,0.0,0.0,Biomassa,0.0668,0.0615,0.1408,0.0,0.875,4
JUAZEIRINHO,PB,0.0,0.0,H2 Verde,0.0637,0.0165,0.1408,0.0496,1.0,5
JUAZEIRO,BA,-9.514671291530611,-40.14627793397959,Solar,0.4223,0.5665,0.1924,0.46,1.0,1
JUAZEIRO,BA,-9.514671291530611,-40.14627793397959,H2 Verde,0.402,0.5156,0.1924,0.46,1.0,2
JUAZEIRO,BA,-9.514671291530611,-40.14627793397959,Eolica,0.3905,0.4868,0.1924,0.46,1.0,3
JUAZEIRO,BA,-9.514671291530611,-40.14627793397959,Biometano,0.3359,0.6306,0.1924,0.0863,0.625,4
JUAZEIRO,BA,-9.514671291530611,-40.14627793397959,Biomassa,0.2432,0.3988,0.1924,0.0863,0.875,5
JUAZEIRO DO NORTE,CE,-7.237181675,-39.32379819,H2 Verde,0.2118,0.2568,0.1817,0.1819,1.0,1
JUAZEIRO DO NORTE,CE,-7.237181675,-39.32379819,Solar,0.2105,0.2536,0.1817,0.1819,1.0,2
JUAZEIRO DO NORTE,CE,-7.237181675,-39.32379819,Biometano,0.1951,0.3514,0.1817,0.0,0.625,3
JUAZEIRO DO NORTE,CE,-7.237181675,-39.32379819,Eolica,0.1559,0.1172,0.1817,0.1819,1.0,4
JUAZEIRO DO NORTE,CE,-7.237181675,-39.32379819,Biomassa,0.1495,0.2375,0.1817,0.0,0.875,5
JUCURUCU,BA,-17.073909995,-40.095789835,Solar,0.3794,0.5443,0.121,0.418,1.0,1
JUCURUCU,BA,-17.073909995,-40.095789835,H2 Verde,0.3591,0.4934,0.121,0.418,1.0,2
JUCURUCU,BA,-17.073909995,-40.095789835,Biometano,0.2893,0.6306,0.121,0.0024,0.625,3
JUCURUCU,BA,-17.073909995,-40.095789835,Eolica,0.2461,0.211,0.121,0.418,1.0,4
JUCURUCU,BA,-17.073909995,-40.095789835,Biomassa,0.1851,0.3703,0.121,0.0024,0.875,5
JUINA,MT,-11.31111111,-59.22333333,Solar,0.2621,0.3966,0.1784,0.1666,1.0,1
JUINA,MT,-11.31111111,-59.22333333,H2 Verde,0.248,0.3612,0.1784,0.1666,1.0,2
JUINA,MT,-11.31111111,-59.22333333,Biometano,0.1293,0.1892,0.1784,0.0005,0.625,3
JUINA,MT,-11.31111111,-59.22333333,Eolica,0.1288,0.0632,0.1784,0.1666,1.0,4
JUINA,MT,-11.31111111,-59.22333333,Biomassa,0.09,0.0909,0.1784,0.0005,0.875,5
JUIZ DE FORA,MG,-21.68895824304348,-43.34029563304348,Biometano,0.4533,1.0,0.1722,0.0056,0.625,1
JUIZ DE FORA,MG,-21.68895824304348,-43.34029563304348,Solar,0.3888,0.4657,0.1722,0.5028,1.0,2
JUIZ DE FORA,MG,-21.68895824304348,-43.34029563304348,H2 Verde,0.3389,0.3411,0.1722,0.5028,1.0,3
JUIZ DE FORA,MG,-21.68895824304348,-43.34029563304348,Eolica,0.3378,0.3382,0.1722,0.5028,1.0,4
JUIZ DE FORA,MG,-21.68895824304348,-43.34029563304348,Biomassa,0.2721,0.5469,0.1722,0.0056,0.875,5
JULIO DE CASTILHOS,RS,-25.081726252857145,-46.014809312857146,Solar,0.3952,0.6301,0.1198,0.3574,1.0,1
JULIO DE CASTILHOS,RS,-25.081726252857145,-46.014809312857146,Biometano,0.3913,0.8829,0.1198,0.0073,0.625,2
JULIO DE CASTILHOS,RS,-25.081726252857145,-46.014809312857146,H2 Verde,0.3397,0.4914,0.1198,0.3574,1.0,3
JULIO DE CASTILHOS,RS,-25.081726252857145,-46.014809312857146,Eolica,0.2619,0.2967,0.1198,0.3574,1.0,4
JULIO DE CASTILHOS,RS,-25.081726252857145,-46.014809312857146,Biomassa,0.2191,0.4524,0.1198,0.0073,0.875,5
JUNCO DO SERIDO,PB,-6.993222009,-36.781301126,Solar,0.219,0.39,0.1429,0.0671,1.0,1
JUNCO DO SERIDO,PB,-6.993222009,-36.781301126,H2 Verde,0.2076,0.3614,0.1429,0.0671,1.0,2
JUNCO DO SERIDO,PB,-6.993222009,-36.781301126,Biometano,0.1074,0.1351,0.1429,0.0349,0.625,3
JUNCO DO SERIDO,PB,-6.993222009,-36.781301126,Eolica,0.0857,0.0567,0.1429,0.0671,1.0,4
JUNCO DO SERIDO,PB,-6.993222009,-36.781301126,Biomassa,0.0826,0.0732,0.1429,0.0349,0.875,5
JUNDIAI,SP,-23.17822993,-46.92501259,H2 Verde,0.4286,0.3336,0.2184,0.7655,0.875,1
JUNDIAI,SP,-23.17822993,-46.92501259,Solar,0.3878,0.2315,0.2184,0.7655,0.875,2
JUNDIAI,SP,-23.17822993,-46.92501259,Eolica,0.3878,0.2315,0.2184,0.7655,0.875,2
JUNDIAI,SP,-23.17822993,-46.92501259,Biometano,0.343,0.6937,0.2184,,0.5,3
JUNDIAI,SP,-23.17822993,-46.92501259,Biomassa,0.2915,0.5649,0.2184,,0.75,4
JUNQUEIROPOLIS,SP,-21.4226873825,-51.3791754625,H2 Verde,0.4123,0.3364,0.1604,0.7655,0.875,1
JUNQUEIROPOLIS,SP,-21.4226873825,-51.3791754625,Solar,0.3715,0.2343,0.1604,0.7655,0.875,2
JUNQUEIROPOLIS,SP,-21.4226873825,-51.3791754625,Eolica,0.3715,0.2343,0.1604,0.7655,0.875,2
JUNQUEIROPOLIS,SP,-21.4226873825,-51.3791754625,Biometano,0.3256,0.6937,0.1604,,0.5,3
JUNQUEIROPOLIS,SP,-21.4226873825,-51.3791754625,Biomassa,0.2752,0.5676,0.1604,,0.75,4
JUQUIA,SP,-24.126173265,-47.633962365,H2 Verde,0.4156,0.6685,0.1084,0.3855,1.0,1
JUQUIA,SP,-24.126173265,-47.633962365,Solar,0.3747,0.5664,0.1084,0.3855,1.0,2
JUQUIA,SP,-24.126173265,-47.633962365,Biometano,0.3116,0.6937,0.1084,0.0054,0.625,3
JUQUIA,SP,-24.126173265,-47.633962365,Biomassa,0.2607,0.5664,0.1084,0.0054,0.875,4
JUQUIA,SP,-24.126173265,-47.633962365,Eolica,0.2414,0.233,0.1084,0.3855,1.0,5
JUQUITIBA,SP,-23.938019825,-47.105721015,H2 Verde,0.4177,0.662,0.1256,0.3841,1.0,1
JUQUITIBA,SP,-23.938019825,-47.105721015,Solar,0.3769,0.5599,0.1256,0.3841,1.0,2
JUQUITIBA,SP,-23.938019825,-47.105721015,Biometano,0.316,0.6937,0.1256,0.0026,0.625,3
JUQUITIBA,SP,-23.938019825,-47.105721015,Biomassa,0.2647,0.5655,0.1256,0.0026,0.875,4
JUQUITIBA,SP,-23.938019825,-47.105721015,Eolica,0.2458,0.2321,0.1256,0.3841,1.0,5
JURUA,AM,-3.0725196,-65.869806025,H2 Verde,0.1009,0.0311,0.1357,0.1593,0.875,1
JURUA,AM,-3.0725196,-65.869806025,Solar,0.0958,0.0181,0.1357,0.1593,0.875,2
JURUA,AM,-3.0725196,-65.869806025,Eolica,0.0958,0.0181,0.1357,0.1593,0.875,2
JURUA,AM,-3.0725196,-65.869806025,Biometano,0.0623,0.0541,0.1357,,0.5,3
JURUA,AM,-3.0725196,-65.869806025,Biomassa,0.0603,0.0491,0.1357,,0.75,4
JURUTI,PA,-2.342117835,-56.138555845,H2 Verde,0.2254,0.1447,0.1586,0.3998,0.875,1
JURUTI,PA,-2.342117835,-56.138555845,Solar,0.2001,0.0815,0.1586,0.3998,0.875,2
JURUTI,PA,-2.342117835,-56.138555845,Eolica,0.2001,0.0815,0.1586,0.3998,0.875,2
JURUTI,PA,-2.342117835,-56.138555845,Biometano,0.1449,0.2432,0.1586,,0.5,3
JURUTI,PA,-2.342117835,-56.138555845,Biomassa,0.1379,0.2257,0.1586,,0.75,4
JUSCIMEIRA,MT,-16.181442055,-54.981530835,Solar,0.2514,0.3981,0.1383,0.1689,1.0,1
JUSCIMEIRA,MT,-16.181442055,-54.981530835,H2 Verde,0.2373,0.3627,0.1383,0.1689,1.0,2
JUSCIMEIRA,MT,-16.181442055,-54.981530835,Biometano,0.1187,0.1892,0.1383,0.0052,0.625,3
JUSCIMEIRA,MT,-16.181442055,-54.981530835,Eolica,0.1181,0.0648,0.1383,0.1689,1.0,4
JUSCIMEIRA,MT,-16.181442055,-54.981530835,Biomassa,0.08,0.0925,0.1383,0.0052,0.875,5
JUSSARA,PR,-23.56777222,-52.42850236,Biometano,0.2583,0.5405,0.1402,,0.5,1
JUSSARA,PR,-23.56777222,-52.42850236,Solar,0.2388,0.1814,0.1402,0.4138,0.875,2
JUSSARA,PR,-23.56777222,-52.42850236,Eolica,0.2388,0.1814,0.1402,0.4138,0.875,2
JUSSARA,PR,-23.56777222,-52.42850236,H2 Verde,0.2071,0.1021,0.1402,0.4138,0.875,3
JUSSARA,PR,-23.56777222,-52.42850236,Biomassa,0.155,0.2823,0.1402,,0.75,4
JUTAI,AM,-2.74222222,-66.76833333,H2 Verde,0.1276,0.0312,0.2245,0.1593,0.875,1
JUTAI,AM,-2.74222222,-66.76833333,Solar,0.1224,0.0182,0.2245,0.1593,0.875,2
JUTAI,AM,-2.74222222,-66.76833333,Eolica,0.1224,0.0182,0.2245,0.1593,0.875,2
JUTAI,AM,-2.74222222,-66.76833333,Biometano,0.089,0.0541,0.2245,,0.5,3
JUTAI,AM,-2.74222222,-66.76833333,Biomassa,0.087,0.0492,0.2245,,0.75,4
LABREA,AM,-7.28121389,-64.77726944,H2 Verde,0.1163,0.0316,0.1864,0.1593,0.875,1
LABREA,AM,-7.28121389,-64.77726944,Solar,0.1111,0.0186,0.1864,0.1593,0.875,2
LABREA,AM,-7.28121389,-64.77726944,Eolica,0.1111,0.0186,0.1864,0.1593,0.875,2
LABREA,AM,-7.28121389,-64.77726944,Biometano,0.0775,0.0541,0.1864,,0.5,3
LABREA,AM,-7.28121389,-64.77726944,Biomassa,0.0757,0.0496,0.1864,,0.75,4
LACERDOPOLIS,SC,-27.27155405,-51.54806029,Solar,0.2881,0.4718,0.1425,0.1888,1.0,1
LACERDOPOLIS,SC,-27.27155405,-51.54806029,H2 Verde,0.2804,0.4526,0.1425,0.1888,1.0,2
LACERDOPOLIS,SC,-27.27155405,-51.54806029,Biometano,0.2088,0.4144,0.1425,0.0009,0.625,3
LACERDOPOLIS,SC,-27.27155405,-51.54806029,Eolica,0.1547,0.1384,0.1425,0.1888,1.0,4
LACERDOPOLIS,SC,-27.27155405,-51.54806029,Biomassa,0.146,0.2574,0.1425,0.0009,0.875,5
LAGES,SC,-27.936947011428572,-50.38110423714286,Biometano,0.2131,0.4144,0.1574,0.0003,0.625,1
LAGES,SC,-27.936947011428572,-50.38110423714286,Solar,0.1678,0.16,0.1574,0.1885,1.0,2
LAGES,SC,-27.936947011428572,-50.38110423714286,Eolica,0.1609,0.1427,0.1574,0.1885,1.0,3
LAGES,SC,-27.936947011428572,-50.38110423714286,H2 Verde,0.1601,0.1408,0.1574,0.1885,1.0,4
LAGES,SC,-27.936947011428572,-50.38110423714286,Biomassa,0.1509,0.2589,0.1574,0.0003,0.875,5
LAGOA DA CONFUSAO,TO,-10.82504169,-49.656725,Solar,0.2383,0.3694,0.2421,0.0597,1.0,1
LAGOA DA CONFUSAO,TO,-10.82504169,-49.656725,H2 Verde,0.2357,0.3628,0.2421,0.0597,1.0,2
LAGOA DA CONFUSAO,TO,-10.82504169,-49.656725,Biometano,0.1159,0.1081,0.2421,0.0001,0.625,3
LAGOA DA CONFUSAO,TO,-10.82504169,-49.656725,Eolica,0.105,0.0361,0.2421,0.0597,1.0,4
LAGOA DA CONFUSAO,TO,-10.82504169,-49.656725,Biomassa,0.0989,0.0655,0.2421,0.0001,0.875,5
LAGOA DA PRATA,MG,-20.04878928,-45.539523585,Solar,0.4846,0.3359,0.1677,1.0,0.875,1
LAGOA DA PRATA,MG,-20.04878928,-45.539523585,Eolica,0.4846,0.3359,0.1677,1.0,0.875,1
LAGOA DA PRATA,MG,-20.04878928,-45.539523585,Biometano,0.4503,1.0,0.1677,,0.5,2
LAGOA DA PRATA,MG,-20.04878928,-45.539523585,H2 Verde,0.4348,0.2113,0.1677,1.0,0.875,3
LAGOA DA PRATA,MG,-20.04878928,-45.539523585,Biomassa,0.2681,0.5446,0.1677,,0.75,4
LAGOA DO BARRO DO PIAUI,PI,-8.676945474594595,-41.55448156810811,Solar,0.2904,0.4619,0.1622,0.19,1.0,1
LAGOA DO BARRO DO PIAUI,PI,-8.676945474594595,-41.55448156810811,H2 Verde,0.2645,0.3972,0.1622,0.19,1.0,2
LAGOA DO BARRO DO PIAUI,PI,-8.676945474594595,-41.55448156810811,Biometano,0.1968,0.3243,0.1622,0.0613,0.625,3
LAGOA DO BARRO DO PIAUI,PI,-8.676945474594595,-41.55448156810811,Eolica,0.1795,0.1846,0.1622,0.19,1.0,4
LAGOA DO BARRO DO PIAUI,PI,-8.676945474594595,-41.55448156810811,Biomassa,0.1358,0.1719,0.1622,0.0613,0.875,5
LAGOA DO ITAENGA,PE,-7.8967757899999995,-35.264346384999996,Biometano,0.0973,0.2432,,,0.125,1
LAGOA DO ITAENGA,PE,-7.8967757899999995,-35.264346384999996,Solar,0.094,0.0831,,0.2024,0.5,2
LAGOA DO ITAENGA,PE,-7.8967757899999995,-35.264346384999996,Eolica,0.094,0.0831,,0.2024,0.5,2
LAGOA DO ITAENGA,PE,-7.8967757899999995,-35.264346384999996,H2 Verde,0.0853,0.0616,,0.2024,0.5,3
LAGOA DO ITAENGA,PE,-7.8967757899999995,-35.264346384999996,Biomassa,0.0571,0.1427,,,0.375,4
LAGOA DOS PATOS,MG,-17.113641944444442,-44.641388444444445,Biometano,0.4227,1.0,0.0755,0.0,0.625,1
LAGOA DOS PATOS,MG,-17.113641944444442,-44.641388444444445,Eolica,0.3292,0.3913,0.0755,0.5,1.0,2
LAGOA DOS PATOS,MG,-17.113641944444442,-44.641388444444445,Solar,0.306,0.3333,0.0755,0.5,1.0,3
LAGOA DOS PATOS,MG,-17.113641944444442,-44.641388444444445,H2 Verde,0.2562,0.2087,0.0755,0.5,1.0,4
LAGOA DOS PATOS,MG,-17.113641944444442,-44.641388444444445,Biomassa,0.2395,0.5421,0.0755,0.0,0.875,5
LAGOA NOVA,RN,-6.0810248325,-36.53910986416667,H2 Verde,0.2551,0.4089,0.1649,0.1401,1.0,1
LAGOA NOVA,RN,-6.0810248325,-36.53910986416667,Solar,0.2513,0.3996,0.1649,0.1401,1.0,2
LAGOA NOVA,RN,-6.0810248325,-36.53910986416667,Biometano,0.128,0.1892,0.1649,0.0097,0.625,3
LAGOA NOVA,RN,-6.0810248325,-36.53910986416667,Eolica,0.1241,0.0816,0.1649,0.1401,1.0,4
LAGOA NOVA,RN,-6.0810248325,-36.53910986416667,Biomassa,0.1078,0.1387,0.1649,0.0097,0.875,5
LAGOA VERMELHA,RS,-28.13,-51.62694444,Solar,0.399,0.6277,0.1394,0.3537,1.0,1
LAGOA VERMELHA,RS,-28.13,-51.62694444,Biometano,0.395,0.8829,0.1394,0.0001,0.625,2
LAGOA VERMELHA,RS,-28.13,-51.62694444,H2 Verde,0.3435,0.489,0.1394,0.3537,1.0,3
LAGOA VERMELHA,RS,-28.13,-51.62694444,Eolica,0.2657,0.2943,0.1394,0.3537,1.0,4
LAGOA VERMELHA,RS,-28.13,-51.62694444,Biomassa,0.2218,0.4499,0.1394,0.0001,0.875,5
LAGOAS,MG,-19.444,-44.338,Solar,0.4334,0.3335,,1.0,0.5,1
LAGOAS,MG,-19.444,-44.338,Eolica,0.4334,0.3335,,1.0,0.5,1
LAGOAS,MG,-19.444,-44.338,Biometano,0.4,1.0,,,0.125,2
LAGOAS,MG,-19.444,-44.338,H2 Verde,0.3836,0.2089,,1.0,0.5,3
LAGOAS,MG,-19.444,-44.338,Biomassa,0.2169,0.5422,,,0.375,4
LAGUNA,SC,-28.54579639,-48.80999955,Solar,0.2876,0.4716,0.1416,0.1885,1.0,1
LAGUNA,SC,-28.54579639,-48.80999955,H2 Verde,0.28,0.4524,0.1416,0.1885,1.0,2
LAGUNA,SC,-28.54579639,-48.80999955,Biometano,0.2083,0.4144,0.1416,0.0003,0.625,3
LAGUNA,SC,-28.54579639,-48.80999955,Eolica,0.1543,0.1382,0.1416,0.1885,1.0,4
LAGUNA,SC,-28.54579639,-48.80999955,Biomassa,0.1454,0.2572,0.1416,0.0003,0.875,5
LAJEADO,RS,0.0,0.0,Solar,0.4198,0.6276,0.2086,0.3537,1.0,1
LAJEADO,RS,0.0,0.0,Biometano,0.4158,0.8829,0.2086,0.0,0.625,2
LAJEADO,RS,0.0,0.0,H2 Verde,0.3643,0.489,0.2086,0.3537,1.0,3
LAJEADO,RS,0.0,0.0,Eolica,0.2864,0.2943,0.2086,0.3537,1.0,4
LAJEADO,RS,0.0,0.0,Biomassa,0.2426,0.4499,0.2086,0.0,0.875,5
LAJEADO,TO,-9.8416277,-48.29313045,Solar,0.2215,0.3694,0.1862,0.0597,1.0,6
LAJEADO,TO,-9.8416277,-48.29313045,H2 Verde,0.2189,0.3628,0.1862,0.0597,1.0,7
LAJEADO,TO,-9.8416277,-48.29313045,Biometano,0.0991,0.1081,0.1862,0.0002,0.625,8
LAJEADO,TO,-9.8416277,-48.29313045,Eolica,0.0882,0.0361,0.1862,0.0597,1.0,9
LAJEADO,TO,-9.8416277,-48.29313045,Biomassa,0.0821,0.0655,0.1862,0.0002,0.875,10
LAJES,RN,-6.0600669908333336,-36.539650615,H2 Verde,0.2699,0.4407,0.1244,0.1878,1.0,1
LAJES,RN,-6.0600669908333336,-36.539650615,Solar,0.2662,0.4314,0.1244,0.1878,1.0,2
LAJES,RN,-6.0600669908333336,-36.539650615,Biometano,0.1445,0.1892,0.1244,0.105,0.625,3
LAJES,RN,-6.0600669908333336,-36.539650615,Eolica,0.1422,0.1214,0.1244,0.1878,1.0,4
LAJES,RN,-6.0600669908333336,-36.539650615,Biomassa,0.137,0.1704,0.1244,0.105,0.875,5
LAJES PINTADAS,RN,-6.16657036,-36.29008018,H2 Verde,0.2483,0.4075,0.1465,0.1379,1.0,1
LAJES PINTADAS,RN,-6.16657036,-36.29008018,Solar,0.2446,0.3981,0.1465,0.1379,1.0,2
LAJES PINTADAS,RN,-6.16657036,-36.29008018,Biometano,0.1212,0.1892,0.1465,0.0052,0.625,3
LAJES PINTADAS,RN,-6.16657036,-36.29008018,Eolica,0.1112,0.0648,0.1465,0.1379,1.0,4
LAJES PINTADAS,RN,-6.16657036,-36.29008018,Biomassa,0.1004,0.1372,0.1465,0.0052,0.875,5
LAPA,PR,-25.55070953,-49.83723189,Solar,0.31,0.5143,0.1394,0.2082,1.0,1
LAPA,PR,-25.55070953,-49.83723189,H2 Verde,0.2783,0.4351,0.1394,0.2082,1.0,2
LAPA,PR,-25.55070953,-49.83723189,Biometano,0.2588,0.5405,0.1394,0.0025,0.625,3
LAPA,PR,-25.55070953,-49.83723189,Eolica,0.1767,0.181,0.1394,0.2082,1.0,4
LAPA,PR,-25.55070953,-49.83723189,Biomassa,0.1553,0.2819,0.1394,0.0025,0.875,5
LARANJA DA TERRA,ES,-19.96527778,-41.07611111,H2 Verde,0.2133,0.384,0.1434,0.0556,1.0,1
LARANJA DA TERRA,ES,-19.96527778,-41.07611111,Solar,0.2027,0.3577,0.1434,0.0556,1.0,2
LARANJA DA TERRA,ES,-19.96527778,-41.07611111,Biomassa,0.0732,0.0747,0.1434,0.0009,0.875,3
LARANJA DA TERRA,ES,-19.96527778,-41.07611111,Biometano,0.0721,0.0721,0.1434,0.0009,0.625,4
LARANJA DA TERRA,ES,-19.96527778,-41.07611111,Eolica,0.0694,0.0243,0.1434,0.0556,1.0,5
LARANJAL,PR,-24.74790184,-52.46849337,Solar,0.2995,0.5141,0.105,0.2078,1.0,1
LARANJAL,PR,-24.74790184,-52.46849337,H2 Verde,0.2678,0.4348,0.105,0.2078,1.0,2
LARANJAL,PR,-24.74790184,-52.46849337,Biometano,0.2482,0.5405,0.105,0.0018,0.625,3
LARANJAL,PR,-24.74790184,-52.46849337,Eolica,0.1661,0.1808,0.105,0.2078,1.0,4
LARANJAL,PR,-24.74790184,-52.46849337,Biomassa,0.1447,0.2817,0.105,0.0018,0.875,5
LARANJEIRAS,SE,-10.76470966,-37.20453455,Solar,0.0878,0.0125,0.1087,0.1673,0.875,1
LARANJEIRAS,SE,-10.76470966,-37.20453455,Eolica,0.0878,0.0125,0.1087,0.1673,0.875,1
LARANJEIRAS,SE,-10.76470966,-37.20453455,H2 Verde,0.083,0.0005,0.1087,0.1673,0.875,2
LARANJEIRAS,SE,-10.76470966,-37.20453455,Biometano,0.047,0.036,0.1087,,0.5,3
LARANJEIRAS,SE,-10.76470966,-37.20453455,Biomassa,0.0376,0.0125,0.1087,,0.75,4
LARANJEIRAS DO SUL,PR,-25.11859181,-52.38657496,Solar,0.3128,0.5139,0.1498,0.2075,1.0,1
LARANJEIRAS DO SUL,PR,-25.11859181,-52.38657496,H2 Verde,0.2811,0.4347,0.1498,0.2075,1.0,2
LARANJEIRAS DO SUL,PR,-25.11859181,-52.38657496,Biometano,0.2615,0.5405,0.1498,0.0013,0.625,3
LARANJEIRAS DO SUL,PR,-25.11859181,-52.38657496,Eolica,0.1794,0.1806,0.1498,0.2075,1.0,4
LARANJEIRAS DO SUL,PR,-25.11859181,-52.38657496,Biomassa,0.1579,0.2815,0.1498,0.0013,0.875,5
LASSANCE,MG,-17.832858355,-44.761343117500004,Solar,0.4652,0.6668,0.1613,0.5002,1.0,1
LASSANCE,MG,-17.832858355,-44.761343117500004,Biometano,0.4485,1.0,0.1613,0.0005,0.625,2
LASSANCE,MG,-17.832858355,-44.761343117500004,H2 Verde,0.4153,0.5422,0.1613,0.5002,1.0,3
LASSANCE,MG,-17.832858355,-44.761343117500004,Eolica,0.3362,0.3443,0.1613,0.5002,1.0,4
LASSANCE,MG,-17.832858355,-44.761343117500004,Biomassa,0.2654,0.5422,0.1613,0.0005,0.875,5
LAURO DE FREITAS,BA,-12.891638195,-38.317724995,Solar,0.3948,0.2103,0.2018,0.8337,0.875,1
LAURO DE FREITAS,BA,-12.891638195,-38.317724995,Eolica,0.3948,0.2103,0.2018,0.8337,0.875,1
LAURO DE FREITAS,BA,-12.891638195,-38.317724995,H2 Verde,0.3744,0.1594,0.2018,0.8337,0.875,2
LAURO DE FREITAS,BA,-12.891638195,-38.317724995,Biometano,0.3128,0.6306,0.2018,,0.5,3
LAURO DE FREITAS,BA,-12.891638195,-38.317724995,Biomassa,0.2084,0.3696,0.2018,,0.75,4
LAVRAS,MG,-21.25156075,-44.98800315,Solar,0.4855,0.3334,0.1738,1.0,0.875,1
LAVRAS,MG,-21.25156075,-44.98800315,Eolica,0.4855,0.3334,0.1738,1.0,0.875,1
LAVRAS,MG,-21.25156075,-44.98800315,Biometano,0.4521,1.0,0.1738,,0.5,2
LAVRAS,MG,-21.25156075,-44.98800315,H2 Verde,0.4356,0.2088,0.1738,1.0,0.875,3
LAVRAS,MG,-21.25156075,-44.98800315,Biomassa,0.269,0.5421,0.1738,,0.75,4
LAVRAS DA MANGABEIRA,CE,-6.757320063333334,-38.846138271111116,Biometano,0.1814,0.3514,0.136,0.0,0.625,1
LAVRAS DA MANGABEIRA,CE,-6.757320063333334,-38.846138271111116,Eolica,0.1542,0.147,0.136,0.1819,1.0,2
LAVRAS DA MANGABEIRA,CE,-6.757320063333334,-38.846138271111116,H2 Verde,0.1435,0.1204,0.136,0.1819,1.0,3
LAVRAS DA MANGABEIRA,CE,-6.757320063333334,-38.846138271111116,Solar,0.1422,0.1171,0.136,0.1819,1.0,4
LAVRAS DA MANGABEIRA,CE,-6.757320063333334,-38.846138271111116,Biomassa,0.1358,0.2375,0.136,0.0,0.875,5
LAVRINHAS,SP,-22.555872264999998,-44.82966763,H2 Verde,0.4306,0.6684,0.1588,0.3854,1.0,1
LAVRINHAS,SP,-22.555872264999998,-44.82966763,Solar,0.3898,0.5663,0.1588,0.3854,1.0,2
LAVRINHAS,SP,-22.555872264999998,-44.82966763,Biometano,0.3267,0.6937,0.1588,0.0053,0.625,3
LAVRINHAS,SP,-22.555872264999998,-44.82966763,Biomassa,0.2758,0.5663,0.1588,0.0053,0.875,4
LAVRINHAS,SP,-22.555872264999998,-44.82966763,Eolica,0.2565,0.233,0.1588,0.3854,1.0,5
LEBON REGIS,SC,-26.955694445,-50.71291667,Solar,0.2839,0.4715,0.1294,0.1884,1.0,1
LEBON REGIS,SC,-26.955694445,-50.71291667,H2 Verde,0.2763,0.4523,0.1294,0.1884,1.0,2
LEBON REGIS,SC,-26.955694445,-50.71291667,Biometano,0.2046,0.4144,0.1294,0.0001,0.625,3
LEBON REGIS,SC,-26.955694445,-50.71291667,Eolica,0.1508,0.1386,0.1294,0.1884,1.0,4
LEBON REGIS,SC,-26.955694445,-50.71291667,Biomassa,0.1417,0.2571,0.1294,0.0001,0.875,5
LEME,SP,-22.188024445,-47.3822127775,Biometano,0.3251,0.6937,0.1586,0.0,0.625,1
LEME,SP,-22.188024445,-47.3822127775,H2 Verde,0.2968,0.3359,0.1586,0.3828,1.0,2
LEME,SP,-22.188024445,-47.3822127775,Biomassa,0.2739,0.5658,0.1586,0.0,0.875,3
LEME,SP,-22.188024445,-47.3822127775,Solar,0.256,0.2338,0.1586,0.3828,1.0,4
LEME,SP,-22.188024445,-47.3822127775,Eolica,0.2554,0.2324,0.1586,0.3828,1.0,5
LENCOIS PAULISTA,SP,-18.487388763636364,-39.920288266363634,Biometano,0.3259,0.6937,0.161,0.0005,0.625,1
LENCOIS PAULISTA,SP,-18.487388763636364,-39.920288266363634,H2 Verde,0.3048,0.3539,0.161,0.383,1.0,2
LENCOIS PAULISTA,SP,-18.487388763636364,-39.920288266363634,Biomassa,0.2811,0.5817,0.161,0.0005,0.875,3
LENCOIS PAULISTA,SP,-18.487388763636364,-39.920288266363634,Eolica,0.2654,0.2554,0.161,0.383,1.0,4
LENCOIS PAULISTA,SP,-18.487388763636364,-39.920288266363634,Solar,0.2639,0.2518,0.161,0.383,1.0,5
LEOBERTO LEAL,SC,-27.364569445,-49.230708335,Solar,0.2855,0.4716,0.1342,0.1886,1.0,1
LEOBERTO LEAL,SC,-27.364569445,-49.230708335,H2 Verde,0.2778,0.4525,0.1342,0.1886,1.0,2
LEOBERTO LEAL,SC,-27.364569445,-49.230708335,Biometano,0.2062,0.4144,0.1342,0.0005,0.625,3
LEOBERTO LEAL,SC,-27.364569445,-49.230708335,Eolica,0.1522,0.1383,0.1342,0.1886,1.0,4
LEOBERTO LEAL,SC,-27.364569445,-49.230708335,Biomassa,0.1433,0.2573,0.1342,0.0005,0.875,5
LEOPOLDINA,MG,-21.477469194999998,-42.845181260000004,Solar,0.459,0.6676,0.1387,0.5013,1.0,1
LEOPOLDINA,MG,-21.477469194999998,-42.845181260000004,Biometano,0.4424,1.0,0.1387,0.0027,0.625,2
LEOPOLDINA,MG,-21.477469194999998,-42.845181260000004,H2 Verde,0.4092,0.5429,0.1387,0.5013,1.0,3
LEOPOLDINA,MG,-21.477469194999998,-42.845181260000004,Eolica,0.3257,0.3342,0.1387,0.5013,1.0,4
LEOPOLDINA,MG,-21.477469194999998,-42.845181260000004,Biomassa,0.2596,0.5429,0.1387,0.0027,0.875,5
LEOPOLDO DE BULHOES,GO,-16.61611111,-48.79361111,Solar,0.2675,0.4325,0.1773,0.1378,1.0,1
LEOPOLDO DE BULHOES,GO,-16.61611111,-48.79361111,H2 Verde,0.2625,0.42,0.1773,0.1378,1.0,2
LEOPOLDO DE BULHOES,GO,-16.61611111,-48.79361111,Biometano,0.1721,0.2973,0.1773,0.0001,0.625,3
LEOPOLDO DE BULHOES,GO,-16.61611111,-48.79361111,Eolica,0.1342,0.0991,0.1773,0.1378,1.0,4
LEOPOLDO DE BULHOES,GO,-16.61611111,-48.79361111,Biomassa,0.1275,0.1858,0.1773,0.0001,0.875,5
LIBERATO SALZANO,RS,-27.49999997,-53.155,Biometano,0.3799,0.8829,0.0891,0.0,0.625,1
LIBERATO SALZANO,RS,-27.49999997,-53.155,Eolica,0.2511,0.2956,0.0891,0.3537,1.0,2
LIBERATO SALZANO,RS,-27.49999997,-53.155,Solar,0.2505,0.2943,0.0891,0.3537,1.0,3
LIBERATO SALZANO,RS,-27.49999997,-53.155,Biomassa,0.2067,0.4499,0.0891,0.0,0.875,4
LIBERATO SALZANO,RS,-27.49999997,-53.155,H2 Verde,0.1951,0.1556,0.0891,0.3537,1.0,5
LIBERDADE,MG,-21.997700926666667,-44.385946293333326,Solar,0.4487,0.6667,0.1065,0.5001,1.0,1
LIBERDADE,MG,-21.997700926666667,-44.385946293333326,Biometano,0.432,1.0,0.1065,0.0002,0.625,2
LIBERDADE,MG,-21.997700926666667,-44.385946293333326,H2 Verde,0.3988,0.5421,0.1065,0.5001,1.0,3
LIBERDADE,MG,-21.997700926666667,-44.385946293333326,Eolica,0.3153,0.3334,0.1065,0.5001,1.0,4
LIBERDADE,MG,-21.997700926666667,-44.385946293333326,Biomassa,0.2489,0.5421,0.1065,0.0002,0.875,5
LICINIO DE ALMEIDA,BA,-14.7381892225,-42.57817760625,Solar,0.3845,0.548,0.1275,0.4236,1.0,1
LICINIO DE ALMEIDA,BA,-14.7381892225,-42.57817760625,H2 Verde,0.3641,0.4971,0.1275,0.4236,1.0,2
LICINIO DE ALMEIDA,BA,-14.7381892225,-42.57817760625,Biometano,0.2945,0.6306,0.1275,0.0135,0.625,3
LICINIO DE ALMEIDA,BA,-14.7381892225,-42.57817760625,Eolica,0.2543,0.2226,0.1275,0.4236,1.0,4
LICINIO DE ALMEIDA,BA,-14.7381892225,-42.57817760625,Biomassa,0.1919,0.374,0.1275,0.0135,0.875,5
LIMA DUARTE,MG,-21.85123956,-43.89017665,Solar,0.4629,0.6667,0.154,0.5001,1.0,1
LIMA DUARTE,MG,-21.85123956,-43.89017665,Biometano,0.4463,1.0,0.154,0.0002,0.625,2
LIMA DUARTE,MG,-21.85123956,-43.89017665,H2 Verde,0.4131,0.5421,0.154,0.5001,1.0,3
LIMA DUARTE,MG,-21.85123956,-43.89017665,Eolica,0.3296,0.3334,0.154,0.5001,1.0,4
LIMA DUARTE,MG,-21.85123956,-43.89017665,Biomassa,0.2631,0.5421,0.154,0.0002,0.875,5
LIMEIRA,SP,-22.56438257125,-47.35949438,Biometano,0.3275,0.6937,0.1664,0.0002,0.625,1
LIMEIRA,SP,-22.56438257125,-47.35949438,H2 Verde,0.3043,0.3488,0.1664,0.3829,1.0,2
LIMEIRA,SP,-22.56438257125,-47.35949438,Biomassa,0.2766,0.5664,0.1664,0.0002,0.875,3
LIMEIRA,SP,-22.56438257125,-47.35949438,Solar,0.2635,0.2467,0.1664,0.3829,1.0,4
LIMEIRA,SP,-22.56438257125,-47.35949438,Eolica,0.258,0.2331,0.1664,0.3829,1.0,5
LIMEIRA DO OESTE,MG,-19.3639728825,-50.7042379025,Eolica,0.4937,0.3367,0.1968,1.0,0.875,1
LIMEIRA DO OESTE,MG,-19.3639728825,-50.7042379025,Solar,0.4931,0.3352,0.1968,1.0,0.875,2
LIMEIRA DO OESTE,MG,-19.3639728825,-50.7042379025,Biometano,0.459,1.0,0.1968,,0.5,3
LIMEIRA DO OESTE,MG,-19.3639728825,-50.7042379025,H2 Verde,0.4433,0.2106,0.1968,1.0,0.875,4
LIMEIRA DO OESTE,MG,-19.3639728825,-50.7042379025,Biomassa,0.2766,0.5439,0.1968,,0.75,5
LIMOEIRO DO NORTE,CE,-5.242686108,-37.975846666,H2 Verde,0.2875,0.4583,0.1587,0.1887,1.0,1
LIMOEIRO DO NORTE,CE,-5.242686108,-37.975846666,Solar,0.2862,0.455,0.1587,0.1887,1.0,2
LIMOEIRO DO NORTE,CE,-5.242686108,-37.975846666,Biometano,0.1923,0.3514,0.1587,0.0137,0.625,3
LIMOEIRO DO NORTE,CE,-5.242686108,-37.975846666,Eolica,0.1529,0.1217,0.1587,0.1887,1.0,4
LIMOEIRO DO NORTE,CE,-5.242686108,-37.975846666,Biomassa,0.1486,0.2421,0.1587,0.0137,0.875,5
LINHARES,ES,-12.960658118888889,-26.654295874444443,H2 Verde,0.0978,0.0627,0.1873,0.0552,1.0,1
LINHARES,ES,-12.960658118888889,-26.654295874444443,Biomassa,0.09,0.0845,0.1873,0.0002,0.875,2
LINHARES,ES,-12.960658118888889,-26.654295874444443,Solar,0.0873,0.0363,0.1873,0.0552,1.0,3
LINHARES,ES,-12.960658118888889,-26.654295874444443,Eolica,0.0867,0.035,0.1873,0.0552,1.0,4
LINHARES,ES,-12.960658118888889,-26.654295874444443,Biometano,0.0851,0.0721,0.1873,0.0002,0.625,5
LINS,SP,-21.638010015,-49.660329114999996,H2 Verde,0.4098,0.3351,0.1537,0.7655,0.875,1
LINS,SP,-21.638010015,-49.660329114999996,Solar,0.369,0.233,0.1537,0.7655,0.875,2
LINS,SP,-21.638010015,-49.660329114999996,Eolica,0.369,0.233,0.1537,0.7655,0.875,2
LINS,SP,-21.638010015,-49.660329114999996,Biometano,0.3236,0.6937,0.1537,,0.5,3
LINS,SP,-21.638010015,-49.660329114999996,Biomassa,0.2727,0.5663,0.1537,,0.75,4
LONDRINA,PR,-23.313905933999997,-51.163579188,Biometano,0.272,0.5405,0.1861,0.0,0.625,1
LONDRINA,PR,-23.313905933999997,-51.163579188,Solar,0.1942,0.1908,0.1861,0.2069,1.0,2
LONDRINA,PR,-23.313905933999997,-51.163579188,Eolica,0.1901,0.1804,0.1861,0.2069,1.0,3
LONDRINA,PR,-23.313905933999997,-51.163579188,Biomassa,0.1684,0.2813,0.1861,0.0,0.875,4
LONDRINA,PR,-23.313905933999997,-51.163579188,H2 Verde,0.1625,0.1115,0.1861,0.2069,1.0,5
LONTRAS,SC,-27.13566111,-49.53164722,Biometano,0.2246,0.4144,0.1961,0.0,0.625,1
LONTRAS,SC,-27.13566111,-49.53164722,Eolica,0.1709,0.1389,0.1961,0.1884,1.0,2
LONTRAS,SC,-27.13566111,-49.53164722,Solar,0.1706,0.1381,0.1961,0.1884,1.0,3
LONTRAS,SC,-27.13566111,-49.53164722,H2 Verde,0.1629,0.119,0.1961,0.1884,1.0,4
LONTRAS,SC,-27.13566111,-49.53164722,Biomassa,0.1617,0.2571,0.1961,0.0,0.875,5
LORENA,SP,-22.741477054999997,-45.112211725,H2 Verde,0.4073,0.3334,0.1478,0.7655,0.875,1
LORENA,SP,-22.741477054999997,-45.112211725,Solar,0.3665,0.2313,0.1478,0.7655,0.875,2
LORENA,SP,-22.741477054999997,-45.112211725,Eolica,0.3665,0.2313,0.1478,0.7655,0.875,2
LORENA,SP,-22.741477054999997,-45.112211725,Biometano,0.3218,0.6937,0.1478,,0.5,3
LORENA,SP,-22.741477054999997,-45.112211725,Biomassa,0.2702,0.5646,0.1478,,0.75,4
LOUVEIRA,SP,-23.08600149,-46.95100413,H2 Verde,0.4325,0.3334,0.2316,0.7655,0.875,1
LOUVEIRA,SP,-23.08600149,-46.95100413,Solar,0.3916,0.2313,0.2316,0.7655,0.875,2
LOUVEIRA,SP,-23.08600149,-46.95100413,Eolica,0.3916,0.2313,0.2316,0.7655,0.875,2
LOUVEIRA,SP,-23.08600149,-46.95100413,Biometano,0.347,0.6937,0.2316,,0.5,3
LOUVEIRA,SP,-23.08600149,-46.95100413,Biomassa,0.2953,0.5646,0.2316,,0.75,4
LUCAS DO RIO VERDE,MT,-10.287445106,-44.825162856,Solar,0.2541,0.2826,0.3013,0.1688,1.0,1
LUCAS DO RIO VERDE,MT,-10.287445106,-44.825162856,H2 Verde,0.2399,0.2472,0.3013,0.1688,1.0,2
LUCAS DO RIO VERDE,MT,-10.287445106,-44.825162856,Biometano,0.1676,0.1892,0.3013,0.005,0.625,3
LUCAS DO RIO VERDE,MT,-10.287445106,-44.825162856,Eolica,0.1673,0.0656,0.3013,0.1688,1.0,4
LUCAS DO RIO VERDE,MT,-10.287445106,-44.825162856,Biomassa,0.1292,0.0933,0.3013,0.005,0.875,5
LUCELIA,SP,-21.56486967,-50.95939455,H2 Verde,0.4051,0.3337,0.1398,0.7655,0.875,1
LUCELIA,SP,-21.56486967,-50.95939455,Solar,0.3642,0.2316,0.1398,0.7655,0.875,2
LUCELIA,SP,-21.56486967,-50.95939455,Eolica,0.3642,0.2316,0.1398,0.7655,0.875,2
LUCELIA,SP,-21.56486967,-50.95939455,Biometano,0.3194,0.6937,0.1398,,0.5,3
LUCELIA,SP,-21.56486967,-50.95939455,Biomassa,0.2679,0.5649,0.1398,,0.75,4
LUIS ANTONIO,SP,-21.505246746666668,-47.77062461333333,H2 Verde,0.4113,0.3346,0.1592,0.7655,0.875,1
LUIS ANTONIO,SP,-21.505246746666668,-47.77062461333333,Eolica,0.3719,0.2362,0.1592,0.7655,0.875,2
LUIS ANTONIO,SP,-21.505246746666668,-47.77062461333333,Solar,0.3704,0.2325,0.1592,0.7655,0.875,3
LUIS ANTONIO,SP,-21.505246746666668,-47.77062461333333,Biometano,0.3252,0.6937,0.1592,,0.5,4
LUIS ANTONIO,SP,-21.505246746666668,-47.77062461333333,Biomassa,0.2741,0.5658,0.1592,,0.75,5
LUIS CORREIA,PI,-3.10969396,-41.52849837181818,Biometano,0.1769,0.3243,0.1571,0.0,0.625,1
LUIS CORREIA,PI,-3.10969396,-41.52849837181818,Eolica,0.148,0.1327,0.1571,0.1593,1.0,2
LUIS CORREIA,PI,-3.10969396,-41.52849837181818,Solar,0.1382,0.1081,0.1571,0.1593,1.0,3
LUIS CORREIA,PI,-3.10969396,-41.52849837181818,H2 Verde,0.1123,0.0434,0.1571,0.1593,1.0,4
LUIS CORREIA,PI,-3.10969396,-41.52849837181818,Biomassa,0.1077,0.1515,0.1571,0.0,0.875,5
LUIS EDUARDO MAGALHAES,BA,-12.102085335,-45.878600665,Eolica,0.4244,0.2131,0.297,0.8337,0.875,1
LUIS EDUARDO MAGALHAES,BA,-12.102085335,-45.878600665,Solar,0.4236,0.2111,0.297,0.8337,0.875,2
LUIS EDUARDO MAGALHAES,BA,-12.102085335,-45.878600665,H2 Verde,0.4033,0.1602,0.297,0.8337,0.875,3
LUIS EDUARDO MAGALHAES,BA,-12.102085335,-45.878600665,Biometano,0.3413,0.6306,0.297,,0.5,4
LUIS EDUARDO MAGALHAES,BA,-12.102085335,-45.878600665,Biomassa,0.2372,0.3704,0.297,,0.75,5
LUIZ ALVES,SC,-26.72117221,-48.90002949,Solar,0.2953,0.4715,0.1671,0.1884,1.0,1
LUIZ ALVES,SC,-26.72117221,-48.90002949,H2 Verde,0.2876,0.4523,0.1671,0.1884,1.0,2
LUIZ ALVES,SC,-26.72117221,-48.90002949,Biometano,0.2159,0.4144,0.1671,0.0,0.625,3
LUIZ ALVES,SC,-26.72117221,-48.90002949,Eolica,0.1619,0.1382,0.1671,0.1884,1.0,4
LUIZ ALVES,SC,-26.72117221,-48.90002949,Biomassa,0.153,0.2571,0.1671,0.0,0.875,5
LUZIANIA,GO,-16.382627673,-47.798278438,Solar,0.2778,0.4395,0.1916,0.1483,1.0,1
LUZIANIA,GO,-16.382627673,-47.798278438,H2 Verde,0.2728,0.427,0.1916,0.1483,1.0,2
LUZIANIA,GO,-16.382627673,-47.798278438,Biometano,0.1827,0.2973,0.1916,0.0211,0.625,3
LUZIANIA,GO,-16.382627673,-47.798278438,Eolica,0.1539,0.1297,0.1916,0.1483,1.0,4
LUZIANIA,GO,-16.382627673,-47.798278438,Biomassa,0.1409,0.1928,0.1916,0.0211,0.875,5
MACAE,RJ,-19.148754590000003,-35.84595572571429,H2 Verde,0.1613,0.179,0.1958,0.1032,1.0,1
MACAE,RJ,-19.148754590000003,-35.84595572571429,Biomassa,0.1568,0.245,0.1958,0.0001,0.875,2
MACAE,RJ,-19.148754590000003,-35.84595572571429,Solar,0.1437,0.1348,0.1958,0.1032,1.0,3
MACAE,RJ,-19.148754590000003,-35.84595572571429,Eolica,0.1436,0.1347,0.1958,0.1032,1.0,4
MACAE,RJ,-19.148754590000003,-35.84595572571429,Biometano,0.1381,0.1982,0.1958,0.0001,0.625,5
MACAIBA,RN,-3.9179769833333333,-23.537009503333334,Biometano,0.131,0.1892,0.1843,0.0001,0.625,1
MACAIBA,RN,-3.9179769833333333,-23.537009503333334,H2 Verde,0.1279,0.08,0.1843,0.1353,1.0,2
MACAIBA,RN,-3.9179769833333333,-23.537009503333334,Solar,0.1242,0.0707,0.1843,0.1353,1.0,3
MACAIBA,RN,-3.9179769833333333,-23.537009503333334,Eolica,0.1223,0.0661,0.1843,0.1353,1.0,4
MACAIBA,RN,-3.9179769833333333,-23.537009503333334,Biomassa,0.1107,0.1384,0.1843,0.0001,0.875,5
MACAPA,AP,0.026047643333333332,-51.09835822333333,Solar,0.0695,0.0062,0.1824,0.0411,0.875,1
MACAPA,AP,0.026047643333333332,-51.09835822333333,Eolica,0.0695,0.0062,0.1824,0.0411,0.875,1
MACAPA,AP,0.026047643333333332,-51.09835822333333,H2 Verde,0.0692,0.0054,0.1824,0.0411,0.875,2
MACAPA,AP,0.026047643333333332,-51.09835822333333,Biometano,0.0619,0.018,0.1824,,0.5,3
MACAPA,AP,0.026047643333333332,-51.09835822333333,Biomassa,0.0593,0.0114,0.1824,,0.75,4
MACAPARANA,PE,-7.490465315,-35.494589435,Solar,0.2379,0.4152,0.137,0.1024,1.0,1
MACAPARANA,PE,-7.490465315,-35.494589435,H2 Verde,0.2293,0.3937,0.137,0.1024,1.0,2
MACAPARANA,PE,-7.490465315,-35.494589435,Biometano,0.1391,0.2432,0.137,0.0024,0.625,3
MACAPARANA,PE,-7.490465315,-35.494589435,Eolica,0.1046,0.0819,0.137,0.1024,1.0,4
MACAPARANA,PE,-7.490465315,-35.494589435,Biomassa,0.0984,0.1414,0.137,0.0024,0.875,5
MACARANI,BA,-15.56731611,-40.42204389,Solar,0.3945,0.2102,0.2011,0.8337,0.875,1
MACARANI,BA,-15.56731611,-40.42204389,Eolica,0.3945,0.2102,0.2011,0.8337,0.875,1
MACARANI,BA,-15.56731611,-40.42204389,H2 Verde,0.3741,0.1593,0.2011,0.8337,0.875,2
MACARANI,BA,-15.56731611,-40.42204389,Biometano,0.3126,0.6306,0.2011,,0.5,3
MACARANI,BA,-15.56731611,-40.42204389,Biomassa,0.2081,0.3695,0.2011,,0.75,4
MACATUBA,SP,-22.50071674,-48.73443540666667,Biometano,0.3214,0.6937,0.1464,0.0001,0.625,1
MACATUBA,SP,-22.50071674,-48.73443540666667,H2 Verde,0.2954,0.3415,0.1464,0.3828,1.0,2
MACATUBA,SP,-22.50071674,-48.73443540666667,Biomassa,0.2714,0.5685,0.1464,0.0001,0.875,3
MACATUBA,SP,-22.50071674,-48.73443540666667,Solar,0.2545,0.2394,0.1464,0.3828,1.0,4
MACATUBA,SP,-22.50071674,-48.73443540666667,Eolica,0.2528,0.2351,0.1464,0.3828,1.0,5
MACAU,RN,-5.2110673783333334,-36.52265512583333,H2 Verde,0.2414,0.4026,0.1238,0.1442,1.0,1
MACAU,RN,-5.2110673783333334,-36.52265512583333,Solar,0.2377,0.3933,0.1238,0.1442,1.0,2
MACAU,RN,-5.2110673783333334,-36.52265512583333,Biometano,0.1182,0.1892,0.1238,0.0178,0.625,3
MACAU,RN,-5.2110673783333334,-36.52265512583333,Eolica,0.1081,0.0692,0.1238,0.1442,1.0,4
MACAU,RN,-5.2110673783333334,-36.52265512583333,Biomassa,0.0991,0.1416,0.1238,0.0178,0.875,5
MACEIO,AL,-9.027571123529412,-33.63593758647059,Solar,0.1207,0.1336,0.1818,0.0423,1.0,1
MACEIO,AL,-9.027571123529412,-33.63593758647059,H2 Verde,0.1167,0.1237,0.1818,0.0423,1.0,2
MACEIO,AL,-9.027571123529412,-33.63593758647059,Biometano,0.0943,0.0991,0.1818,0.0004,0.625,3
MACEIO,AL,-9.027571123529412,-33.63593758647059,Eolica,0.0806,0.0334,0.1818,0.0423,1.0,4
MACEIO,AL,-9.027571123529412,-33.63593758647059,Biomassa,0.0773,0.0566,0.1818,0.0004,0.875,5
MACHADINHO,RS,-27.61436111,-51.74988889,Solar,0.4016,0.628,0.1472,0.3543,1.0,1
MACHADINHO,RS,-27.61436111,-51.74988889,Biometano,0.3977,0.8829,0.1472,0.0012,0.625,2
MACHADINHO,RS,-27.61436111,-51.74988889,H2 Verde,0.3462,0.4893,0.1472,0.3543,1.0,3
MACHADINHO,RS,-27.61436111,-51.74988889,Eolica,0.2683,0.2947,0.1472,0.3543,1.0,4
MACHADINHO,RS,-27.61436111,-51.74988889,Biomassa,0.2246,0.4503,0.1472,0.0012,0.875,5
MACHADINHO D'OESTE,RO,-9.45465278,-62.02678444,H2 Verde,0.2199,0.3979,0.1344,0.0679,1.0,1
MACHADINHO D'OESTE,RO,-9.45465278,-62.02678444,Solar,0.2097,0.3725,0.1344,0.0679,1.0,2
MACHADINHO D'OESTE,RO,-9.45465278,-62.02678444,Biometano,0.0873,0.1171,0.1344,0.0005,0.625,3
MACHADINHO D'OESTE,RO,-9.45465278,-62.02678444,Biomassa,0.0819,0.1037,0.1344,0.0005,0.875,4
MACHADINHO D'OESTE,RO,-9.45465278,-62.02678444,Eolica,0.0764,0.0392,0.1344,0.0679,1.0,5
MACHADO,MG,-21.67576859,-45.91053455,Solar,0.4729,0.3334,0.1317,1.0,0.875,1
MACHADO,MG,-21.67576859,-45.91053455,Eolica,0.4729,0.3334,0.1317,1.0,0.875,1
MACHADO,MG,-21.67576859,-45.91053455,Biometano,0.4395,1.0,0.1317,,0.5,2
MACHADO,MG,-21.67576859,-45.91053455,H2 Verde,0.423,0.2088,0.1317,1.0,0.875,3
MACHADO,MG,-21.67576859,-45.91053455,Biomassa,0.2564,0.5422,0.1317,,0.75,4
MACUCO,RJ,-21.98548189,-42.23817344,H2 Verde,0.1493,0.1103,0.1441,0.2064,0.875,1
MACUCO,RJ,-21.98548189,-42.23817344,Solar,0.1316,0.0661,0.1441,0.2064,0.875,2
MACUCO,RJ,-21.98548189,-42.23817344,Eolica,0.1316,0.0661,0.1441,0.2064,0.875,2
MACUCO,RJ,-21.98548189,-42.23817344,Biometano,0.1225,0.1982,0.1441,,0.5,3
MACUCO,RJ,-21.98548189,-42.23817344,Biomassa,0.1138,0.1764,0.1441,,0.75,4
MACURURE,BA,-9.619722222857144,-39.05492063428572,Biometano,0.2858,0.6306,0.1117,0.0,0.625,1
MACURURE,BA,-9.619722222857144,-39.05492063428572,Eolica,0.2518,0.2331,0.1117,0.4168,1.0,2
MACURURE,BA,-9.619722222857144,-39.05492063428572,Solar,0.2426,0.2102,0.1117,0.4168,1.0,3
MACURURE,BA,-9.619722222857144,-39.05492063428572,H2 Verde,0.2223,0.1593,0.1117,0.4168,1.0,4
MACURURE,BA,-9.619722222857144,-39.05492063428572,Biomassa,0.1813,0.3695,0.1117,0.0,0.875,5
MADRE DE DEUS DE MINAS,MG,-21.47732194,-44.34088611,Solar,0.4789,0.3333,0.1518,1.0,0.875,1
MADRE DE DEUS DE MINAS,MG,-21.47732194,-44.34088611,Eolica,0.4789,0.3333,0.1518,1.0,0.875,1
MADRE DE DEUS DE MINAS,MG,-21.47732194,-44.34088611,Biometano,0.4455,1.0,0.1518,,0.5,2
MADRE DE DEUS DE MINAS,MG,-21.47732194,-44.34088611,H2 Verde,0.429,0.2087,0.1518,1.0,0.875,3
MADRE DE DEUS DE MINAS,MG,-21.47732194,-44.34088611,Biomassa,0.2624,0.5421,0.1518,,0.75,4
MAFRA,SC,-26.131894900000002,-49.83427666,Solar,0.2669,0.4129,0.1508,0.1884,1.0,1
MAFRA,SC,-26.131894900000002,-49.83427666,H2 Verde,0.2593,0.3937,0.1508,0.1884,1.0,2
MAFRA,SC,-26.131894900000002,-49.83427666,Biometano,0.211,0.4144,0.1508,0.0001,0.625,3
MAFRA,SC,-26.131894900000002,-49.83427666,Eolica,0.157,0.1382,0.1508,0.1884,1.0,4
MAFRA,SC,-26.131894900000002,-49.83427666,Biomassa,0.1481,0.2571,0.1508,0.0001,0.875,5
MAGE,RJ,-22.53305555,-43.03916666,H2 Verde,0.2522,0.4436,0.1458,0.1032,1.0,1
MAGE,RJ,-22.53305555,-43.03916666,Solar,0.2345,0.3994,0.1458,0.1032,1.0,2
MAGE,RJ,-22.53305555,-43.03916666,Biometano,0.123,0.1982,0.1458,0.0001,0.625,3
MAGE,RJ,-22.53305555,-43.03916666,Biomassa,0.1143,0.1764,0.1458,0.0001,0.875,4
MAGE,RJ,-22.53305555,-43.03916666,Eolica,0.1011,0.0661,0.1458,0.1032,1.0,5
MAIQUINIQUE,BA,-15.61977194,-40.260515,Solar,0.373,0.2102,0.1292,0.8337,0.875,1
MAIQUINIQUE,BA,-15.61977194,-40.260515,Eolica,0.373,0.2102,0.1292,0.8337,0.875,1
MAIQUINIQUE,BA,-15.61977194,-40.260515,H2 Verde,0.3526,0.1593,0.1292,0.8337,0.875,2
MAIQUINIQUE,BA,-15.61977194,-40.260515,Biometano,0.291,0.6306,0.1292,,0.5,3
MAIQUINIQUE,BA,-15.61977194,-40.260515,Biomassa,0.1866,0.3695,0.1292,,0.75,4
MAJOR GERCINO,SC,-13.69977642,-24.516254465,Solar,0.2849,0.4718,0.1318,0.1888,1.0,1
MAJOR GERCINO,SC,-13.69977642,-24.516254465,H2 Verde,0.2772,0.4526,0.1318,0.1888,1.0,2
MAJOR GERCINO,SC,-13.69977642,-24.516254465,Biometano,0.2056,0.4144,0.1318,0.0009,0.625,3
MAJOR GERCINO,SC,-13.69977642,-24.516254465,Eolica,0.1516,0.1386,0.1318,0.1888,1.0,4
MAJOR GERCINO,SC,-13.69977642,-24.516254465,Biomassa,0.1428,0.2574,0.1318,0.0009,0.875,5
MALHADA,BA,0.0,0.0,Solar,0.3792,0.5437,0.1221,0.4171,1.0,1
MALHADA,BA,0.0,0.0,H2 Verde,0.3588,0.4928,0.1221,0.4171,1.0,2
MALHADA,BA,0.0,0.0,Biometano,0.289,0.6306,0.1221,0.0004,0.625,3
MALHADA,BA,0.0,0.0,Eolica,0.2459,0.2104,0.1221,0.4171,1.0,4
MALHADA,BA,0.0,0.0,Biomassa,0.1846,0.3696,0.1221,0.0004,0.875,5
MALTA,PB,-6.91449905,-37.55445583,Solar,0.2124,0.3792,0.1517,0.0508,1.0,1
MALTA,PB,-6.91449905,-37.55445583,H2 Verde,0.201,0.3506,0.1517,0.0508,1.0,2
MALTA,PB,-6.91449905,-37.55445583,Biometano,0.1003,0.1351,0.1517,0.0024,0.625,3
MALTA,PB,-6.91449905,-37.55445583,Eolica,0.0795,0.0469,0.1517,0.0508,1.0,4
MALTA,PB,-6.91449905,-37.55445583,Biomassa,0.0712,0.0623,0.1517,0.0024,0.875,5
MAMANGUAPE,PB,-6.68319366,-35.14897261,Biometano,0.1004,0.1351,0.1543,,0.5,1
MAMANGUAPE,PB,-6.68319366,-35.14897261,Solar,0.0943,0.0456,0.1543,0.0992,0.875,2
MAMANGUAPE,PB,-6.68319366,-35.14897261,Eolica,0.0943,0.0456,0.1543,0.0992,0.875,2
MAMANGUAPE,PB,-6.68319366,-35.14897261,H2 Verde,0.0829,0.017,0.1543,0.0992,0.875,3
MAMANGUAPE,PB,-6.68319366,-35.14897261,Biomassa,0.0711,0.0621,0.1543,,0.75,4
MANACAPURU,AM,-3.3968107025,-60.931370827500004,H2 Verde,0.1162,0.0312,0.1866,0.1593,0.875,1
MANACAPURU,AM,-3.3968107025,-60.931370827500004,Solar,0.111,0.0182,0.1866,0.1593,0.875,2
MANACAPURU,AM,-3.3968107025,-60.931370827500004,Eolica,0.111,0.0182,0.1866,0.1593,0.875,2
MANACAPURU,AM,-3.3968107025,-60.931370827500004,Biometano,0.0776,0.0541,0.1866,,0.5,3
MANACAPURU,AM,-3.3968107025,-60.931370827500004,Biomassa,0.0756,0.0492,0.1866,,0.75,4
MANAQUIRI,AM,-3.43187485,-60.45961901,H2 Verde,0.0798,0.0313,0.065,0.1593,0.875,1
MANAQUIRI,AM,-3.43187485,-60.45961901,Solar,0.0746,0.0183,0.065,0.1593,0.875,2
MANAQUIRI,AM,-3.43187485,-60.45961901,Eolica,0.0746,0.0183,0.065,0.1593,0.875,2
MANAQUIRI,AM,-3.43187485,-60.45961901,Biometano,0.0411,0.0541,0.065,,0.5,3
MANAQUIRI,AM,-3.43187485,-60.45961901,Biomassa,0.0392,0.0493,0.065,,0.75,4
MANAUS,AM,-2.7045509128,-57.597531253999996,H2 Verde,0.1321,0.0665,0.2717,0.0797,1.0,1
MANAUS,AM,-2.7045509128,-57.597531253999996,Eolica,0.1315,0.0653,0.2717,0.0797,1.0,2
MANAUS,AM,-2.7045509128,-57.597531253999996,Solar,0.1269,0.0536,0.2717,0.0797,1.0,3
MANAUS,AM,-2.7045509128,-57.597531253999996,Biomassa,0.1152,0.0841,0.2717,0.0002,0.875,4
MANAUS,AM,-2.7045509128,-57.597531253999996,Biometano,0.1032,0.0541,0.2717,0.0002,0.625,5
MANGUEIRINHA,PR,-25.97366406,-52.17007813666667,Solar,0.3398,0.5522,0.1312,0.265,1.0,1
MANGUEIRINHA,PR,-25.97366406,-52.17007813666667,H2 Verde,0.3081,0.473,0.1312,0.265,1.0,2
MANGUEIRINHA,PR,-25.97366406,-52.17007813666667,Biometano,0.2904,0.5405,0.1312,0.1162,0.625,3
MANGUEIRINHA,PR,-25.97366406,-52.17007813666667,Eolica,0.2064,0.2189,0.1312,0.265,1.0,4
MANGUEIRINHA,PR,-25.97366406,-52.17007813666667,Biomassa,0.2022,0.3198,0.1312,0.1162,0.875,5
MANHUACU,MG,-20.230407745,-42.0214187825,Solar,0.4704,0.667,0.1779,0.5006,1.0,1
MANHUACU,MG,-20.230407745,-42.0214187825,Biometano,0.4537,1.0,0.1779,0.0011,0.625,2
MANHUACU,MG,-20.230407745,-42.0214187825,H2 Verde,0.4205,0.5424,0.1779,0.5006,1.0,3
MANHUACU,MG,-20.230407745,-42.0214187825,Eolica,0.337,0.3337,0.1779,0.5006,1.0,4
MANHUACU,MG,-20.230407745,-42.0214187825,Biomassa,0.2707,0.5424,0.1779,0.0011,0.875,5
MANICORE,AM,-5.886132551666666,-61.38540220666667,H2 Verde,0.1128,0.0322,0.1738,0.1593,0.875,1
MANICORE,AM,-5.886132551666666,-61.38540220666667,Solar,0.1076,0.0192,0.1738,0.1593,0.875,2
MANICORE,AM,-5.886132551666666,-61.38540220666667,Eolica,0.1076,0.0192,0.1738,0.1593,0.875,2
MANICORE,AM,-5.886132551666666,-61.38540220666667,Biometano,0.0738,0.0541,0.1738,,0.5,3
MANICORE,AM,-5.886132551666666,-61.38540220666667,Biomassa,0.0722,0.0502,0.1738,,0.75,4
MANOEL RIBAS,PR,-24.520186903333336,-51.70778736,Solar,0.3148,0.5137,0.1573,0.2072,1.0,1
MANOEL RIBAS,PR,-24.520186903333336,-51.70778736,H2 Verde,0.2831,0.4344,0.1573,0.2072,1.0,2
MANOEL RIBAS,PR,-24.520186903333336,-51.70778736,Biometano,0.2636,0.5405,0.1573,0.0005,0.625,3
MANOEL RIBAS,PR,-24.520186903333336,-51.70778736,Eolica,0.1815,0.1804,0.1573,0.2072,1.0,4
MANOEL RIBAS,PR,-24.520186903333336,-51.70778736,Biomassa,0.1599,0.2813,0.1573,0.0005,0.875,5
MANOEL URBANO,AC,-8.87363671,-69.2806454,Solar,0.0954,0.0061,0.2427,0.0671,0.875,1
MANOEL URBANO,AC,-8.87363671,-69.2806454,Eolica,0.0954,0.0061,0.2427,0.0671,0.875,1
MANOEL URBANO,AC,-8.87363671,-69.2806454,H2 Verde,0.0935,0.0015,0.2427,0.0671,0.875,2
MANOEL URBANO,AC,-8.87363671,-69.2806454,Biometano,0.08,0.018,0.2427,,0.5,3
MANOEL URBANO,AC,-8.87363671,-69.2806454,Biomassa,0.0758,0.0075,0.2427,,0.75,4
MANSIDAO,BA,-10.725391666153847,-43.94923718076923,Biometano,0.3019,0.6306,0.1654,0.0,0.625,1
MANSIDAO,BA,-10.725391666153847,-43.94923718076923,Eolica,0.278,0.2582,0.1654,0.4168,1.0,2
MANSIDAO,BA,-10.725391666153847,-43.94923718076923,Solar,0.2588,0.2102,0.1654,0.4168,1.0,3
MANSIDAO,BA,-10.725391666153847,-43.94923718076923,H2 Verde,0.2384,0.1593,0.1654,0.4168,1.0,4
MANSIDAO,BA,-10.725391666153847,-43.94923718076923,Biomassa,0.1974,0.3695,0.1654,0.0,0.875,5
MARAA,AM,-1.8289593,-65.60696942,H2 Verde,0.0923,0.0311,0.1068,0.1593,0.875,1
MARAA,AM,-1.8289593,-65.60696942,Solar,0.0871,0.0181,0.1068,0.1593,0.875,2
MARAA,AM,-1.8289593,-65.60696942,Eolica,0.0871,0.0181,0.1068,0.1593,0.875,2
MARAA,AM,-1.8289593,-65.60696942,Biometano,0.0537,0.0541,0.1068,,0.5,3
MARAA,AM,-1.8289593,-65.60696942,Biomassa,0.0517,0.0491,0.1068,,0.75,4
MARABA,PA,-5.36166139,-49.13903472,H2 Verde,0.2324,0.1442,0.1825,0.3998,0.875,1
MARABA,PA,-5.36166139,-49.13903472,Solar,0.2071,0.0811,0.1825,0.3998,0.875,2
MARABA,PA,-5.36166139,-49.13903472,Eolica,0.2071,0.0811,0.1825,0.3998,0.875,2
MARABA,PA,-5.36166139,-49.13903472,Biometano,0.1521,0.2432,0.1825,,0.5,3
MARABA,PA,-5.36166139,-49.13903472,Biomassa,0.1449,0.2253,0.1825,,0.75,4
MARACAI,SP,-22.57108967,-50.64415455,H2 Verde,0.401,0.3347,0.1247,0.7655,0.875,1
MARACAI,SP,-22.57108967,-50.64415455,Eolica,0.3602,0.2329,0.1247,0.7655,0.875,2
MARACAI,SP,-22.57108967,-50.64415455,Solar,0.3601,0.2326,0.1247,0.7655,0.875,3
MARACAI,SP,-22.57108967,-50.64415455,Biometano,0.3149,0.6937,0.1247,,0.5,4
MARACAI,SP,-22.57108967,-50.64415455,Biomassa,0.2638,0.566,0.1247,,0.75,5
MARACAJU,MS,-21.778254015,-55.271168044999996,Eolica,0.1672,0.0909,0.1866,0.2495,0.875,1
MARACAJU,MS,-21.778254015,-55.271168044999996,Solar,0.1666,0.0894,0.1866,0.2495,0.875,2
MARACAJU,MS,-21.778254015,-55.271168044999996,Biometano,0.1605,0.2613,0.1866,,0.5,3
MARACAJU,MS,-21.778254015,-55.271168044999996,H2 Verde,0.1472,0.0408,0.1866,0.2495,0.875,4
MARACAJU,MS,-21.778254015,-55.271168044999996,Biomassa,0.1072,0.1279,0.1866,,0.75,5
MARACANAU,CE,-3.22025749,-32.17052210166667,Biometano,0.194,0.3514,0.1779,0.0004,0.625,1
MARACANAU,CE,-3.22025749,-32.17052210166667,H2 Verde,0.1619,0.1348,0.1779,0.1821,1.0,2
MARACANAU,CE,-3.22025749,-32.17052210166667,Solar,0.1606,0.1315,0.1779,0.1821,1.0,3
MARACANAU,CE,-3.22025749,-32.17052210166667,Eolica,0.1569,0.1223,0.1779,0.1821,1.0,4
MARACANAU,CE,-3.22025749,-32.17052210166667,Biomassa,0.1506,0.2427,0.1779,0.0004,0.875,5
MARAPOAMA,SP,-21.19320283,-49.13722129,H2 Verde,0.4214,0.3336,0.1944,0.7655,0.875,1
MARAPOAMA,SP,-21.19320283,-49.13722129,Solar,0.3806,0.2315,0.1944,0.7655,0.875,2
MARAPOAMA,SP,-21.19320283,-49.13722129,Eolica,0.3806,0.2315,0.1944,0.7655,0.875,2
MARAPOAMA,SP,-21.19320283,-49.13722129,Biometano,0.3358,0.6937,0.1944,,0.5,3
MARAPOAMA,SP,-21.19320283,-49.13722129,Biomassa,0.2843,0.5648,0.1944,,0.75,4
MARAU,RS,-28.422221264999997,-52.1932758125,Biometano,0.4116,0.8829,0.1947,0.0003,0.625,1
MARAU,RS,-28.422221264999997,-52.1932758125,Solar,0.3802,0.5391,0.1947,0.3539,1.0,2
MARAU,RS,-28.422221264999997,-52.1932758125,H2 Verde,0.3247,0.4005,0.1947,0.3539,1.0,3
MARAU,RS,-28.422221264999997,-52.1932758125,Eolica,0.2823,0.2944,0.1947,0.3539,1.0,4
MARAU,RS,-28.422221264999997,-52.1932758125,Biomassa,0.2385,0.45,0.1947,0.0003,0.875,5
MARAVILHA,SC,-27.16375,-51.32944444,Biometano,0.2262,0.4144,0.2014,0.0001,0.625,1
MARAVILHA,SC,-27.16375,-51.32944444,Solar,0.2016,0.2117,0.2014,0.1884,1.0,2
MARAVILHA,SC,-27.16375,-51.32944444,H2 Verde,0.194,0.1926,0.2014,0.1884,1.0,3
MARAVILHA,SC,-27.16375,-51.32944444,Eolica,0.1723,0.1383,0.2014,0.1884,1.0,4
MARAVILHA,SC,-27.16375,-51.32944444,Biomassa,0.1633,0.2572,0.2014,0.0001,0.875,5
MARCO,CE,-3.12766667,-40.12588889,H2 Verde,0.2807,0.4537,0.1487,0.1819,1.0,1
MARCO,CE,-3.12766667,-40.12588889,Solar,0.2794,0.4505,0.1487,0.1819,1.0,2
MARCO,CE,-3.12766667,-40.12588889,Biometano,0.1852,0.3514,0.1487,0.0002,0.625,3
MARCO,CE,-3.12766667,-40.12588889,Eolica,0.1461,0.1172,0.1487,0.1819,1.0,4
MARCO,CE,-3.12766667,-40.12588889,Biomassa,0.1397,0.2375,0.1487,0.0002,0.875,5
MARCOLANDIA,PI,-7.4675294828571435,-40.73332679857143,Solar,0.2774,0.4475,0.1595,0.1685,1.0,1
MARCOLANDIA,PI,-7.4675294828571435,-40.73332679857143,H2 Verde,0.2515,0.3828,0.1595,0.1685,1.0,2
MARCOLANDIA,PI,-7.4675294828571435,-40.73332679857143,Biometano,0.1831,0.3243,0.1595,0.0183,0.625,3
MARCOLANDIA,PI,-7.4675294828571435,-40.73332679857143,Eolica,0.1441,0.1142,0.1595,0.1685,1.0,4
MARCOLANDIA,PI,-7.4675294828571435,-40.73332679857143,Biomassa,0.1164,0.1576,0.1595,0.0183,0.875,5
MARECHAL CANDIDO RONDON,PR,-18.38935244,-40.5620837275,Biometano,0.2718,0.5405,0.185,0.0004,0.625,1
MARECHAL CANDIDO RONDON,PR,-18.38935244,-40.5620837275,Solar,0.2518,0.3355,0.185,0.2071,1.0,2
MARECHAL CANDIDO RONDON,PR,-18.38935244,-40.5620837275,H2 Verde,0.2201,0.2563,0.185,0.2071,1.0,3
MARECHAL CANDIDO RONDON,PR,-18.38935244,-40.5620837275,Eolica,0.1898,0.1805,0.185,0.2071,1.0,4
MARECHAL CANDIDO RONDON,PR,-18.38935244,-40.5620837275,Biomassa,0.1682,0.2814,0.185,0.0004,0.875,5
MARECHAL DEODORO,AL,-9.705282323333334,-35.86806835666667,Biometano,0.1025,0.0991,0.2096,,0.5,1
MARECHAL DEODORO,AL,-9.705282323333334,-35.86806835666667,Solar,0.1015,0.0333,0.2096,0.0842,0.875,2
MARECHAL DEODORO,AL,-9.705282323333334,-35.86806835666667,Eolica,0.1015,0.0333,0.2096,0.0842,0.875,2
MARECHAL DEODORO,AL,-9.705282323333334,-35.86806835666667,H2 Verde,0.0975,0.0235,0.2096,0.0842,0.875,3
MARECHAL DEODORO,AL,-9.705282323333334,-35.86806835666667,Biomassa,0.0855,0.0565,0.2096,,0.75,4
MARECHAL THAUMATURGO,AC,-9.001694445,-72.51820444500001,Solar,0.0892,0.0595,0.1845,0.0336,1.0,1
MARECHAL THAUMATURGO,AC,-9.001694445,-72.51820444500001,H2 Verde,0.0874,0.0549,0.1845,0.0336,1.0,2
MARECHAL THAUMATURGO,AC,-9.001694445,-72.51820444500001,Eolica,0.0679,0.0061,0.1845,0.0336,1.0,3
MARECHAL THAUMATURGO,AC,-9.001694445,-72.51820444500001,Biometano,0.0626,0.018,0.1845,0.0001,0.625,4
MARECHAL THAUMATURGO,AC,-9.001694445,-72.51820444500001,Biomassa,0.0584,0.0076,0.1845,0.0001,0.875,5
MAREMA,SC,0.0,0.0,Solar,0.2087,0.1381,0.1348,0.3768,0.875,1
MAREMA,SC,0.0,0.0,Eolica,0.2087,0.1381,0.1348,0.3768,0.875,1
MAREMA,SC,0.0,0.0,Biometano,0.2062,0.4144,0.1348,,0.5,2
MAREMA,SC,0.0,0.0,H2 Verde,0.2011,0.119,0.1348,0.3768,0.875,3
MAREMA,SC,0.0,0.0,Biomassa,0.1433,0.2571,0.1348,,0.75,4
MARIA DA FE,MG,-22.34916667,-45.37722222,Solar,0.4581,0.6667,0.1379,0.5,1.0,1
MARIA DA FE,MG,-22.34916667,-45.37722222,Biometano,0.4414,1.0,0.1379,0.0,0.625,2
MARIA DA FE,MG,-22.34916667,-45.37722222,H2 Verde,0.4082,0.5421,0.1379,0.5,1.0,3
MARIA DA FE,MG,-22.34916667,-45.37722222,Eolica,0.3247,0.3333,0.1379,0.5,1.0,4
MARIA DA FE,MG,-22.34916667,-45.37722222,Biomassa,0.2582,0.5421,0.1379,0.0,0.875,5
MARIANA,MG,-20.407719104999998,-43.242599854999995,Solar,0.4687,0.6671,0.1722,0.5007,1.0,1
MARIANA,MG,-20.407719104999998,-43.242599854999995,Biometano,0.4521,1.0,0.1722,0.0014,0.625,2
MARIANA,MG,-20.407719104999998,-43.242599854999995,H2 Verde,0.4189,0.5425,0.1722,0.5007,1.0,3
MARIANA,MG,-20.407719104999998,-43.242599854999995,Eolica,0.3354,0.3338,0.1722,0.5007,1.0,4
MARIANA,MG,-20.407719104999998,-43.242599854999995,Biomassa,0.2691,0.5425,0.1722,0.0014,0.875,5
MARILANDIA DO SUL,PR,-23.85527778,-51.37611111,Solar,0.307,0.5135,0.1318,0.207,1.0,1
MARILANDIA DO SUL,PR,-23.85527778,-51.37611111,H2 Verde,0.2753,0.4343,0.1318,0.207,1.0,2
MARILANDIA DO SUL,PR,-23.85527778,-51.37611111,Biometano,0.2558,0.5405,0.1318,0.0001,0.625,3
MARILANDIA DO SUL,PR,-23.85527778,-51.37611111,Eolica,0.1737,0.1802,0.1318,0.207,1.0,4
MARILANDIA DO SUL,PR,-23.85527778,-51.37611111,Biomassa,0.152,0.2811,0.1318,0.0001,0.875,5
MARILIA,SP,-19.73928462111111,-44.39733119888889,Biometano,0.3288,0.6937,0.1712,0.0,0.625,1
MARILIA,SP,-19.73928462111111,-44.39733119888889,H2 Verde,0.3017,0.3389,0.1712,0.3828,1.0,2
MARILIA,SP,-19.73928462111111,-44.39733119888889,Biomassa,0.2773,0.5649,0.1712,0.0,0.875,3
MARILIA,SP,-19.73928462111111,-44.39733119888889,Solar,0.2609,0.2368,0.1712,0.3828,1.0,4
MARILIA,SP,-19.73928462111111,-44.39733119888889,Eolica,0.2588,0.2315,0.1712,0.3828,1.0,5
MARINGA,PR,-19.15677354909091,-42.519142506363636,Biometano,0.2746,0.5405,0.1945,0.0003,0.625,1
MARINGA,PR,-19.15677354909091,-42.519142506363636,Solar,0.2096,0.2228,0.1945,0.207,1.0,2
MARINGA,PR,-19.15677354909091,-42.519142506363636,Eolica,0.1928,0.1809,0.1945,0.207,1.0,3
MARINGA,PR,-19.15677354909091,-42.519142506363636,H2 Verde,0.1779,0.1435,0.1945,0.207,1.0,4
MARINGA,PR,-19.15677354909091,-42.519142506363636,Biomassa,0.1711,0.2818,0.1945,0.0003,0.875,5
MARITUBA,PA,-1.39695833,-48.3369,H2 Verde,0.2224,0.1442,0.1492,0.3998,0.875,1
MARITUBA,PA,-1.39695833,-48.3369,Solar,0.1972,0.0811,0.1492,0.3998,0.875,2
MARITUBA,PA,-1.39695833,-48.3369,Eolica,0.1972,0.0811,0.1492,0.3998,0.875,2
MARITUBA,PA,-1.39695833,-48.3369,Biometano,0.1421,0.2432,0.1492,,0.5,3
MARITUBA,PA,-1.39695833,-48.3369,Biomassa,0.1349,0.2253,0.1492,,0.75,4
MARMELEIRO,PR,-26.123961429999998,-52.998848513333336,Solar,0.3193,0.5137,0.1721,0.2072,1.0,1
MARMELEIRO,PR,-26.123961429999998,-52.998848513333336,H2 Verde,0.2876,0.4345,0.1721,0.2072,1.0,2
MARMELEIRO,PR,-26.123961429999998,-52.998848513333336,Biometano,0.268,0.5405,0.1721,0.0006,0.625,3
MARMELEIRO,PR,-26.123961429999998,-52.998848513333336,Eolica,0.1859,0.1804,0.1721,0.2072,1.0,4
MARMELEIRO,PR,-26.123961429999998,-52.998848513333336,Biomassa,0.1643,0.2813,0.1721,0.0006,0.875,5
MARTINHO CAMPOS,MG,-19.36769435,-45.26982094,Solar,0.4826,0.3333,0.1643,1.0,0.875,1
MARTINHO CAMPOS,MG,-19.36769435,-45.26982094,Eolica,0.4826,0.3333,0.1643,1.0,0.875,1
MARTINHO CAMPOS,MG,-19.36769435,-45.26982094,Biometano,0.4493,1.0,0.1643,,0.5,2
MARTINHO CAMPOS,MG,-19.36769435,-45.26982094,H2 Verde,0.4328,0.2087,0.1643,1.0,0.875,3
MARTINHO CAMPOS,MG,-19.36769435,-45.26982094,Biomassa,0.2661,0.5421,0.1643,,0.75,4
MARTINOPOLE,CE,-3.0601805549999996,-40.735611115,Biometano,0.1863,0.3514,0.1525,0.0,0.625,1
MARTINOPOLE,CE,-3.0601805549999996,-40.735611115,Eolica,0.1489,0.1216,0.1525,0.1819,1.0,2
MARTINOPOLE,CE,-3.0601805549999996,-40.735611115,H2 Verde,0.1484,0.1204,0.1525,0.1819,1.0,3
MARTINOPOLE,CE,-3.0601805549999996,-40.735611115,Solar,0.1471,0.1171,0.1525,0.1819,1.0,4
MARTINOPOLE,CE,-3.0601805549999996,-40.735611115,Biomassa,0.1407,0.2375,0.1525,0.0,0.875,5
MARTINOPOLIS,SP,-22.198776379999998,-51.0997451,Biometano,0.3209,0.6937,0.1446,0.0001,0.625,1
MARTINOPOLIS,SP,-22.198776379999998,-51.0997451,H2 Verde,0.3189,0.4016,0.1446,0.3828,1.0,2
MARTINOPOLIS,SP,-22.198776379999998,-51.0997451,Solar,0.278,0.2995,0.1446,0.3828,1.0,3
MARTINOPOLIS,SP,-22.198776379999998,-51.0997451,Biomassa,0.2693,0.5647,0.1446,0.0001,0.875,4
MARTINOPOLIS,SP,-22.198776379999998,-51.0997451,Eolica,0.2507,0.2313,0.1446,0.3828,1.0,5
MASSARANDUBA,SC,-26.60328205,-48.981027275,Solar,0.2696,0.4001,0.1768,0.1884,1.0,1
MASSARANDUBA,SC,-26.60328205,-48.981027275,H2 Verde,0.2619,0.381,0.1768,0.1884,1.0,2
MASSARANDUBA,SC,-26.60328205,-48.981027275,Biometano,0.2188,0.4144,0.1768,0.0,0.625,3
MASSARANDUBA,SC,-26.60328205,-48.981027275,Eolica,0.1648,0.1382,0.1768,0.1884,1.0,4
MASSARANDUBA,SC,-26.60328205,-48.981027275,Biomassa,0.1559,0.2571,0.1768,0.0,0.875,5
MATA DE SAO JOAO,BA,-12.54916667,-38.29722222,Solar,0.3798,0.2103,0.1521,0.8337,0.875,1
MATA DE SAO JOAO,BA,-12.54916667,-38.29722222,Eolica,0.3798,0.2103,0.1521,0.8337,0.875,1
MATA DE SAO JOAO,BA,-12.54916667,-38.29722222,H2 Verde,0.3595,0.1593,0.1521,0.8337,0.875,2
MATA DE SAO JOAO,BA,-12.54916667,-38.29722222,Biometano,0.2979,0.6306,0.1521,,0.5,3
MATA DE SAO JOAO,BA,-12.54916667,-38.29722222,Biomassa,0.1934,0.3695,0.1521,,0.75,4
MATAO,SP,-21.61409957,-48.352878445,H2 Verde,0.4078,0.3338,0.1487,0.7655,0.875,1
MATAO,SP,-21.61409957,-48.352878445,Solar,0.3669,0.2317,0.1487,0.7655,0.875,2
MATAO,SP,-21.61409957,-48.352878445,Eolica,0.3669,0.2317,0.1487,0.7655,0.875,2
MATAO,SP,-21.61409957,-48.352878445,Biometano,0.3221,0.6937,0.1487,,0.5,3
MATAO,SP,-21.61409957,-48.352878445,Biomassa,0.2706,0.565,0.1487,,0.75,4
MATARACA,PB,-6.558372774166666,-34.97535224166666,Solar,0.2172,0.3802,0.1646,0.0524,1.0,1
MATARACA,PB,-6.558372774166666,-34.97535224166666,H2 Verde,0.2058,0.3517,0.1646,0.0524,1.0,2
MATARACA,PB,-6.558372774166666,-34.97535224166666,Biometano,0.1051,0.1351,0.1646,0.0056,0.625,3
MATARACA,PB,-6.558372774166666,-34.97535224166666,Eolica,0.0839,0.0469,0.1646,0.0524,1.0,4
MATARACA,PB,-6.558372774166666,-34.97535224166666,Biomassa,0.0764,0.0634,0.1646,0.0056,0.875,5
MATEIROS,TO,-10.543494445,-46.129415275,Solar,0.2231,0.3694,0.1914,0.0597,1.0,1
MATEIROS,TO,-10.543494445,-46.129415275,H2 Verde,0.2205,0.3628,0.1914,0.0597,1.0,2
MATEIROS,TO,-10.543494445,-46.129415275,Biometano,0.1007,0.1081,0.1914,0.0001,0.625,3
MATEIROS,TO,-10.543494445,-46.129415275,Eolica,0.0898,0.0361,0.1914,0.0597,1.0,4
MATEIROS,TO,-10.543494445,-46.129415275,Biomassa,0.0837,0.0655,0.1914,0.0001,0.875,5
MATELANDIA,PR,-25.20522554,-53.95331294,Biometano,0.2681,0.5405,0.173,,0.5,1
MATELANDIA,PR,-25.20522554,-53.95331294,Solar,0.2482,0.1805,0.173,0.4138,0.875,2
MATELANDIA,PR,-25.20522554,-53.95331294,Eolica,0.2482,0.1805,0.173,0.4138,0.875,2
MATELANDIA,PR,-25.20522554,-53.95331294,H2 Verde,0.2165,0.1013,0.173,0.4138,0.875,3
MATELANDIA,PR,-25.20522554,-53.95331294,Biomassa,0.1645,0.2814,0.173,,0.75,4
MATIAS BARBOSA,MG,-21.84467144,-43.33947619,Solar,0.4619,0.6668,0.1503,0.5002,1.0,1
MATIAS BARBOSA,MG,-21.84467144,-43.33947619,Biometano,0.4452,1.0,0.1503,0.0004,0.625,2
MATIAS BARBOSA,MG,-21.84467144,-43.33947619,H2 Verde,0.412,0.5422,0.1503,0.5002,1.0,3
MATIAS BARBOSA,MG,-21.84467144,-43.33947619,Eolica,0.3285,0.3335,0.1503,0.5002,1.0,4
MATIAS BARBOSA,MG,-21.84467144,-43.33947619,Biomassa,0.2621,0.5422,0.1503,0.0004,0.875,5
MATIAS CARDOSO,MG,-14.826764581785714,-43.61949295642857,Biometano,0.4325,1.0,0.1084,0.0,0.625,1
MATIAS CARDOSO,MG,-14.826764581785714,-43.61949295642857,Eolica,0.3848,0.5058,0.1084,0.5,1.0,2
MATIAS CARDOSO,MG,-14.826764581785714,-43.61949295642857,Solar,0.3159,0.3333,0.1084,0.5,1.0,3
MATIAS CARDOSO,MG,-14.826764581785714,-43.61949295642857,H2 Verde,0.266,0.2087,0.1084,0.5,1.0,4
MATIAS CARDOSO,MG,-14.826764581785714,-43.61949295642857,Biomassa,0.2494,0.5421,0.1084,0.0,0.875,5
MATINHOS,PR,-25.80361111,-48.545556,Solar,0.3313,0.5135,0.2126,0.2069,1.0,1
MATINHOS,PR,-25.80361111,-48.545556,H2 Verde,0.2996,0.4343,0.2126,0.2069,1.0,2
MATINHOS,PR,-25.80361111,-48.545556,Biometano,0.28,0.5405,0.2126,0.0,0.625,3
MATINHOS,PR,-25.80361111,-48.545556,Eolica,0.1979,0.1802,0.2126,0.2069,1.0,4
MATINHOS,PR,-25.80361111,-48.545556,Biomassa,0.1762,0.2811,0.2126,0.0,0.875,5
MATO VERDE,MG,-15.340949167,-42.89470389,Biometano,0.4372,1.0,0.1241,0.0,0.625,1
MATO VERDE,MG,-15.340949167,-42.89470389,Eolica,0.3355,0.3707,0.1241,0.5,1.0,2
MATO VERDE,MG,-15.340949167,-42.89470389,Solar,0.3206,0.3333,0.1241,0.5,1.0,3
MATO VERDE,MG,-15.340949167,-42.89470389,H2 Verde,0.2707,0.2087,0.1241,0.5,1.0,4
MATO VERDE,MG,-15.340949167,-42.89470389,Biomassa,0.2541,0.5421,0.1241,0.0,0.875,5
MATOS COSTA,SC,-26.457177185,-51.12154588,Solar,0.2843,0.4718,0.1299,0.1888,1.0,1
MATOS COSTA,SC,-26.457177185,-51.12154588,H2 Verde,0.2767,0.4526,0.1299,0.1888,1.0,2
MATOS COSTA,SC,-26.457177185,-51.12154588,Biometano,0.205,0.4144,0.1299,0.0009,0.625,3
MATOS COSTA,SC,-26.457177185,-51.12154588,Eolica,0.151,0.1384,0.1299,0.1888,1.0,4
MATOS COSTA,SC,-26.457177185,-51.12154588,Biomassa,0.1422,0.2574,0.1299,0.0009,0.875,5
MATOZINHOS,MG,-19.552405122499998,-44.07805027,Solar,0.4828,0.3334,0.1648,1.0,0.875,1
MATOZINHOS,MG,-19.552405122499998,-44.07805027,Eolica,0.4828,0.3334,0.1648,1.0,0.875,1
MATOZINHOS,MG,-19.552405122499998,-44.07805027,Biometano,0.4495,1.0,0.1648,,0.5,2
MATOZINHOS,MG,-19.552405122499998,-44.07805027,H2 Verde,0.433,0.2088,0.1648,1.0,0.875,3
MATOZINHOS,MG,-19.552405122499998,-44.07805027,Biomassa,0.2663,0.5422,0.1648,,0.75,4
MATRIZ DE CAMARAGIBE,AL,-9.08527778,-35.57055556,Solar,0.1996,0.3664,0.1346,0.0421,1.0,1
MATRIZ DE CAMARAGIBE,AL,-9.08527778,-35.57055556,H2 Verde,0.1956,0.3565,0.1346,0.0421,1.0,2
MATRIZ DE CAMARAGIBE,AL,-9.08527778,-35.57055556,Biometano,0.08,0.0991,0.1346,0.0001,0.625,3
MATRIZ DE CAMARAGIBE,AL,-9.08527778,-35.57055556,Eolica,0.0662,0.0331,0.1346,0.0421,1.0,4
MATRIZ DE CAMARAGIBE,AL,-9.08527778,-35.57055556,Biomassa,0.0629,0.0562,0.1346,0.0001,0.875,5
MAUA,SP,-19.723638768333334,-38.716711365,Biometano,0.325,0.6937,0.1584,0.0,0.625,1
MAUA,SP,-19.723638768333334,-38.716711365,H2 Verde,0.2982,0.3397,0.1584,0.3828,1.0,2
MAUA,SP,-19.723638768333334,-38.716711365,Biomassa,0.2737,0.5655,0.1584,0.0,0.875,3
MAUA,SP,-19.723638768333334,-38.716711365,Eolica,0.2576,0.2381,0.1584,0.3828,1.0,4
MAUA,SP,-19.723638768333334,-38.716711365,Solar,0.2574,0.2375,0.1584,0.3828,1.0,5
MAUES,AM,-3.424136964,-57.83968659,H2 Verde,0.0907,0.0325,0.1795,0.0797,1.0,1
MAUES,AM,-3.424136964,-57.83968659,Solar,0.0856,0.0195,0.1795,0.0797,1.0,2
MAUES,AM,-3.424136964,-57.83968659,Eolica,0.0853,0.0189,0.1795,0.0797,1.0,3
MAUES,AM,-3.424136964,-57.83968659,Biometano,0.0755,0.0541,0.1795,0.0,0.625,4
MAUES,AM,-3.424136964,-57.83968659,Biomassa,0.0738,0.0499,0.1795,0.0,0.875,5
MAURITI,CE,-7.3772250011111105,-38.79799197555556,H2 Verde,0.2855,0.4621,0.1408,0.1945,1.0,1
MAURITI,CE,-7.3772250011111105,-38.79799197555556,Solar,0.2842,0.4589,0.1408,0.1945,1.0,2
MAURITI,CE,-7.3772250011111105,-38.79799197555556,Biometano,0.1904,0.3514,0.1408,0.0253,0.625,3
MAURITI,CE,-7.3772250011111105,-38.79799197555556,Eolica,0.1525,0.1298,0.1408,0.1945,1.0,4
MAURITI,CE,-7.3772250011111105,-38.79799197555556,Biomassa,0.1482,0.2459,0.1408,0.0253,0.875,5
MAXIMILIANO DE ALMEIDA,RS,-27.648281945,-51.743283335,Solar,0.3863,0.6277,0.097,0.3538,1.0,1
MAXIMILIANO DE ALMEIDA,RS,-27.648281945,-51.743283335,Biometano,0.3823,0.8829,0.097,0.0001,0.625,2
MAXIMILIANO DE ALMEIDA,RS,-27.648281945,-51.743283335,H2 Verde,0.3308,0.489,0.097,0.3538,1.0,3
MAXIMILIANO DE ALMEIDA,RS,-27.648281945,-51.743283335,Eolica,0.2532,0.2949,0.097,0.3538,1.0,4
MAXIMILIANO DE ALMEIDA,RS,-27.648281945,-51.743283335,Biomassa,0.2091,0.4499,0.097,0.0001,0.875,5
MEDEIROS NETO,RJ,-17.45693889,-40.14275278,H2 Verde,0.106,0.1103,,0.2064,0.5,1
MEDEIROS NETO,RJ,-17.45693889,-40.14275278,Eolica,0.0901,0.0705,,0.2064,0.5,2
MEDEIROS NETO,RJ,-17.45693889,-40.14275278,Solar,0.0884,0.0661,,0.2064,0.5,3
MEDEIROS NETO,RJ,-17.45693889,-40.14275278,Biometano,0.0793,0.1982,,,0.125,4
MEDEIROS NETO,RJ,-17.45693889,-40.14275278,Biomassa,0.0705,0.1763,,,0.375,5
MEDIANEIRA,PR,0.0,0.0,Solar,0.3296,0.5136,0.2069,0.207,1.0,1
MEDIANEIRA,PR,0.0,0.0,H2 Verde,0.2979,0.4343,0.2069,0.207,1.0,2
MEDIANEIRA,PR,0.0,0.0,Biometano,0.2783,0.5405,0.2069,0.0002,0.625,3
MEDIANEIRA,PR,0.0,0.0,Eolica,0.1963,0.1802,0.2069,0.207,1.0,4
MEDIANEIRA,PR,0.0,0.0,Biomassa,0.1746,0.2812,0.2069,0.0002,0.875,5
MELEIRO,SC,-28.84489861,-49.61997888,Solar,0.2093,0.1381,0.1369,0.3768,0.875,1
MELEIRO,SC,-28.84489861,-49.61997888,Eolica,0.2093,0.1381,0.1369,0.3768,0.875,1
MELEIRO,SC,-28.84489861,-49.61997888,Biometano,0.2068,0.4144,0.1369,,0.5,2
MELEIRO,SC,-28.84489861,-49.61997888,H2 Verde,0.2017,0.119,0.1369,0.3768,0.875,3
MELEIRO,SC,-28.84489861,-49.61997888,Biomassa,0.1439,0.2571,0.1369,,0.75,4
MELGACO,PA,-1.783067663406998,-50.62103416768876,H2 Verde,0.3013,0.4776,0.1677,0.2,1.0,1
MELGACO,PA,-1.783067663406998,-50.62103416768876,Solar,0.2761,0.4144,0.1677,0.2,1.0,2
MELGACO,PA,-1.783067663406998,-50.62103416768876,Biometano,0.1476,0.2432,0.1677,0.0001,0.625,3
MELGACO,PA,-1.783067663406998,-50.62103416768876,Eolica,0.1427,0.0811,0.1677,0.2,1.0,4
MELGACO,PA,-1.783067663406998,-50.62103416768876,Biomassa,0.1405,0.2253,0.1677,0.0001,0.875,5
MENDONCA,SP,-21.152412499999997,-49.611640275,H2 Verde,0.4268,0.3352,0.2102,0.7655,0.875,1
MENDONCA,SP,-21.152412499999997,-49.611640275,Eolica,0.3868,0.2353,0.2102,0.7655,0.875,2
MENDONCA,SP,-21.152412499999997,-49.611640275,Solar,0.3859,0.2331,0.2102,0.7655,0.875,3
MENDONCA,SP,-21.152412499999997,-49.611640275,Biometano,0.3405,0.6937,0.2102,,0.5,4
MENDONCA,SP,-21.152412499999997,-49.611640275,Biomassa,0.2896,0.5664,0.2102,,0.75,5
MERIDIANO,SP,-20.35411,-50.18183194,H2 Verde,0.4183,0.336,0.1808,0.7655,0.875,1
MERIDIANO,SP,-20.35411,-50.18183194,Solar,0.3775,0.2339,0.1808,0.7655,0.875,2
MERIDIANO,SP,-20.35411,-50.18183194,Eolica,0.3775,0.2339,0.1808,0.7655,0.875,2
MERIDIANO,SP,-20.35411,-50.18183194,Biometano,0.3317,0.6937,0.1808,,0.5,3
MERIDIANO,SP,-20.35411,-50.18183194,Biomassa,0.2811,0.5672,0.1808,,0.75,4
MIGUEL CALMON,BA,-11.291352275,-40.823434565,Biometano,0.2873,0.6306,0.1169,0.0,0.625,1
MIGUEL CALMON,BA,-11.291352275,-40.823434565,Eolica,0.247,0.2171,0.1169,0.4168,1.0,2
MIGUEL CALMON,BA,-11.291352275,-40.823434565,Solar,0.2442,0.2102,0.1169,0.4168,1.0,3
MIGUEL CALMON,BA,-11.291352275,-40.823434565,H2 Verde,0.2238,0.1593,0.1169,0.4168,1.0,4
MIGUEL CALMON,BA,-11.291352275,-40.823434565,Biomassa,0.1829,0.3695,0.1169,0.0,0.875,5
MIGUEL PEREIRA,RJ,-22.53694682,-43.564411375,H2 Verde,0.2385,0.401,0.1571,0.1033,1.0,1
MIGUEL PEREIRA,RJ,-22.53694682,-43.564411375,Solar,0.2208,0.3568,0.1571,0.1033,1.0,2
MIGUEL PEREIRA,RJ,-22.53694682,-43.564411375,Biometano,0.1265,0.1982,0.1571,0.0002,0.625,3
MIGUEL PEREIRA,RJ,-22.53694682,-43.564411375,Biomassa,0.1178,0.1764,0.1571,0.0002,0.875,4
MIGUEL PEREIRA,RJ,-22.53694682,-43.564411375,Eolica,0.1046,0.0662,0.1571,0.1033,1.0,5
MILAGRES,CE,-7.4233513900000005,-38.874341665,H2 Verde,0.2745,0.4554,0.1233,0.1845,1.0,1
MILAGRES,CE,-7.4233513900000005,-38.874341665,Solar,0.2732,0.4522,0.1233,0.1845,1.0,2
MILAGRES,CE,-7.4233513900000005,-38.874341665,Biometano,0.1791,0.3514,0.1233,0.0052,0.625,3
MILAGRES,CE,-7.4233513900000005,-38.874341665,Eolica,0.1399,0.1189,0.1233,0.1845,1.0,4
MILAGRES,CE,-7.4233513900000005,-38.874341665,Biomassa,0.1343,0.2392,0.1233,0.0052,0.875,5
MIMOSO DO SUL,ES,-21.19861111,-41.37638889,H2 Verde,0.2075,0.3843,0.1234,0.056,1.0,1
MIMOSO DO SUL,ES,-21.19861111,-41.37638889,Solar,0.197,0.3579,0.1234,0.056,1.0,2
MIMOSO DO SUL,ES,-21.19861111,-41.37638889,Biomassa,0.0675,0.075,0.1234,0.0017,0.875,3
MIMOSO DO SUL,ES,-21.19861111,-41.37638889,Biometano,0.0664,0.0721,0.1234,0.0017,0.625,4
MIMOSO DO SUL,ES,-21.19861111,-41.37638889,Eolica,0.0636,0.0246,0.1234,0.056,1.0,5
MINAS DO LEAO,RS,-30.15078494,-52.0260286,Eolica,0.37,0.2949,0.1329,0.7074,0.875,1
MINAS DO LEAO,RS,-30.15078494,-52.0260286,Solar,0.3699,0.2945,0.1329,0.7074,0.875,2
MINAS DO LEAO,RS,-30.15078494,-52.0260286,H2 Verde,0.3144,0.1559,0.1329,0.7074,0.875,3
MINAS DO LEAO,RS,-30.15078494,-52.0260286,Biometano,0.2265,0.4665,0.1329,,0.75,4
MINAS DO LEAO,RS,-30.15078494,-52.0260286,Biomassa,0.2199,0.4502,0.1329,,0.75,5
MINEIROS,GO,-17.5409927,-52.793089066666674,Biometano,0.1829,0.2973,0.2128,0.0003,0.625,1
MINEIROS,GO,-17.5409927,-52.793089066666674,Solar,0.151,0.1145,0.2128,0.1379,1.0,2
MINEIROS,GO,-17.5409927,-52.793089066666674,H2 Verde,0.146,0.102,0.2128,0.1379,1.0,3
MINEIROS,GO,-17.5409927,-52.793089066666674,Eolica,0.1458,0.1014,0.2128,0.1379,1.0,4
MINEIROS,GO,-17.5409927,-52.793089066666674,Biomassa,0.1391,0.188,0.2128,0.0003,0.875,5
MINEIROS DO TIETE,SP,-22.40924722,-48.44721944,H2 Verde,0.4174,0.6667,0.1195,0.3828,1.0,1
MINEIROS DO TIETE,SP,-22.40924722,-48.44721944,Solar,0.3765,0.5646,0.1195,0.3828,1.0,2
MINEIROS DO TIETE,SP,-22.40924722,-48.44721944,Biometano,0.3133,0.6937,0.1195,0.0,0.625,3
MINEIROS DO TIETE,SP,-22.40924722,-48.44721944,Biomassa,0.2617,0.5646,0.1195,0.0,0.875,4
MINEIROS DO TIETE,SP,-22.40924722,-48.44721944,Eolica,0.2432,0.2312,0.1195,0.3828,1.0,5
MIRACATU,SP,-24.08132336,-47.47732805,H2 Verde,0.4166,0.6688,0.111,0.386,1.0,1
MIRACATU,SP,-24.08132336,-47.47732805,Solar,0.3758,0.5667,0.111,0.386,1.0,2
MIRACATU,SP,-24.08132336,-47.47732805,Biometano,0.3127,0.6937,0.111,0.0064,0.625,3
MIRACATU,SP,-24.08132336,-47.47732805,Biomassa,0.2619,0.5667,0.111,0.0064,0.875,4
MIRACATU,SP,-24.08132336,-47.47732805,Eolica,0.2424,0.2334,0.111,0.386,1.0,5
MIRACEMA DO TOCANTINS,TO,-9.648962529999999,-48.454892099999995,Solar,0.2215,0.3963,0.1101,0.0999,1.0,1
MIRACEMA DO TOCANTINS,TO,-9.648962529999999,-48.454892099999995,H2 Verde,0.2189,0.3897,0.1101,0.0999,1.0,2
MIRACEMA DO TOCANTINS,TO,-9.648962529999999,-48.454892099999995,Biometano,0.1005,0.1081,0.1101,0.0806,0.625,3
MIRACEMA DO TOCANTINS,TO,-9.648962529999999,-48.454892099999995,Biomassa,0.0942,0.0924,0.1101,0.0806,0.875,4
MIRACEMA DO TOCANTINS,TO,-9.648962529999999,-48.454892099999995,Eolica,0.0882,0.0629,0.1101,0.0999,1.0,5
MIRADOURO,MG,-20.835694445,-42.359305555,Solar,0.4477,0.6667,0.1033,0.5001,1.0,1
MIRADOURO,MG,-20.835694445,-42.359305555,Biometano,0.431,1.0,0.1033,0.0002,0.625,2
MIRADOURO,MG,-20.835694445,-42.359305555,H2 Verde,0.3979,0.5421,0.1033,0.5001,1.0,3
MIRADOURO,MG,-20.835694445,-42.359305555,Eolica,0.3144,0.3334,0.1033,0.5001,1.0,4
MIRADOURO,MG,-20.835694445,-42.359305555,Biomassa,0.2479,0.5421,0.1033,0.0002,0.875,5
MIRAI,MG,-21.172438836666668,-42.592755696666664,Biometano,0.4402,1.0,0.134,0.0001,0.625,1
MIRAI,MG,-21.172438836666668,-42.592755696666664,Solar,0.4041,0.5348,0.134,0.5001,1.0,2
MIRAI,MG,-21.172438836666668,-42.592755696666664,H2 Verde,0.3543,0.4102,0.134,0.5001,1.0,3
MIRAI,MG,-21.172438836666668,-42.592755696666664,Eolica,0.3236,0.3334,0.134,0.5001,1.0,4
MIRAI,MG,-21.172438836666668,-42.592755696666664,Biomassa,0.2571,0.5421,0.134,0.0001,0.875,5
MIRANDA DO NORTE,MA,-3.5661887,-44.55871817,H2 Verde,0.1443,0.0935,0.1319,0.2244,0.875,1
MIRANDA DO NORTE,MA,-3.5661887,-44.55871817,Solar,0.1349,0.0699,0.1319,0.2244,0.875,2
MIRANDA DO NORTE,MA,-3.5661887,-44.55871817,Eolica,0.1349,0.0699,0.1319,0.2244,0.875,2
MIRANDA DO NORTE,MA,-3.5661887,-44.55871817,Biometano,0.1116,0.1802,0.1319,,0.5,3
MIRANDA DO NORTE,MA,-3.5661887,-44.55871817,Biomassa,0.101,0.1536,0.1319,,0.75,4
MIRANDOPOLIS,SP,-21.193634590000002,-51.19915562,H2 Verde,0.4059,0.3336,0.1425,0.7655,0.875,1
MIRANDOPOLIS,SP,-21.193634590000002,-51.19915562,Solar,0.365,0.2315,0.1425,0.7655,0.875,2
MIRANDOPOLIS,SP,-21.193634590000002,-51.19915562,Eolica,0.365,0.2315,0.1425,0.7655,0.875,2
MIRANDOPOLIS,SP,-21.193634590000002,-51.19915562,Biometano,0.3202,0.6937,0.1425,,0.5,3
MIRANDOPOLIS,SP,-21.193634590000002,-51.19915562,Biomassa,0.2687,0.5648,0.1425,,0.75,4
MIRANTE DO PARANAPANEMA,SP,-22.12020967,-51.75683455,H2 Verde,0.4002,0.3366,0.1198,0.7655,0.875,1
MIRANTE DO PARANAPANEMA,SP,-22.12020967,-51.75683455,Solar,0.3594,0.2345,0.1198,0.7655,0.875,2
MIRANTE DO PARANAPANEMA,SP,-22.12020967,-51.75683455,Eolica,0.3594,0.2345,0.1198,0.7655,0.875,2
MIRANTE DO PARANAPANEMA,SP,-22.12020967,-51.75683455,Biometano,0.3134,0.6937,0.1198,,0.5,3
MIRANTE DO PARANAPANEMA,SP,-22.12020967,-51.75683455,Biomassa,0.2631,0.5678,0.1198,,0.75,4
MIRASSOL D'OESTE,MT,-15.7044,-58.1253,Solar,0.1708,0.0634,0.152,0.3327,0.875,1
MIRASSOL D'OESTE,MT,-15.7044,-58.1253,Eolica,0.1708,0.0634,0.152,0.3327,0.875,1
MIRASSOL D'OESTE,MT,-15.7044,-58.1253,H2 Verde,0.1566,0.028,0.152,0.3327,0.875,2
MIRASSOL D'OESTE,MT,-15.7044,-58.1253,Biometano,0.1213,0.1892,0.152,,0.5,3
MIRASSOL D'OESTE,MT,-15.7044,-58.1253,Biomassa,0.082,0.0911,0.152,,0.75,4
MIRIM DOCE,SC,-27.210379670000002,-50.112168005,Solar,0.2861,0.4715,0.1366,0.1885,1.0,1
MIRIM DOCE,SC,-27.210379670000002,-50.112168005,H2 Verde,0.2785,0.4524,0.1366,0.1885,1.0,2
MIRIM DOCE,SC,-27.210379670000002,-50.112168005,Biometano,0.2068,0.4144,0.1366,0.0002,0.625,3
MIRIM DOCE,SC,-27.210379670000002,-50.112168005,Eolica,0.1528,0.1382,0.1366,0.1885,1.0,4
MIRIM DOCE,SC,-27.210379670000002,-50.112168005,Biomassa,0.1439,0.2572,0.1366,0.0002,0.875,5
MOCOCA,SP,-21.548660695,-47.07246701333333,Biometano,0.3211,0.6937,0.1452,0.0001,0.625,1
MOCOCA,SP,-21.548660695,-47.07246701333333,H2 Verde,0.2954,0.3424,0.1452,0.3828,1.0,2
MOCOCA,SP,-21.548660695,-47.07246701333333,Biomassa,0.2703,0.5667,0.1452,0.0001,0.875,3
MOCOCA,SP,-21.548660695,-47.07246701333333,Solar,0.2545,0.2403,0.1452,0.3828,1.0,4
MOCOCA,SP,-21.548660695,-47.07246701333333,Eolica,0.2518,0.2334,0.1452,0.3828,1.0,5
MODELO,SC,0.0,0.0,Solar,0.2867,0.4715,0.1386,0.1884,1.0,1
MODELO,SC,0.0,0.0,H2 Verde,0.279,0.4523,0.1386,0.1884,1.0,2
MODELO,SC,0.0,0.0,Biometano,0.2073,0.4144,0.1386,0.0001,0.625,3
MODELO,SC,0.0,0.0,Eolica,0.1534,0.1382,0.1386,0.1884,1.0,4
MODELO,SC,0.0,0.0,Biomassa,0.1444,0.2571,0.1386,0.0001,0.875,5
MOGI GUACU,SP,-15.976865071428572,-33.52996925,Biometano,0.3297,0.6937,0.1732,0.0008,0.625,1
MOGI GUACU,SP,-15.976865071428572,-33.52996925,H2 Verde,0.3205,0.384,0.1732,0.3832,1.0,2
MOGI GUACU,SP,-15.976865071428572,-33.52996925,Solar,0.2797,0.2819,0.1732,0.3832,1.0,3
MOGI GUACU,SP,-15.976865071428572,-33.52996925,Biomassa,0.2787,0.5663,0.1732,0.0008,0.875,4
MOGI GUACU,SP,-15.976865071428572,-33.52996925,Eolica,0.2627,0.2396,0.1732,0.3832,1.0,5
MOJI DAS CRUZES,SP,-23.2841171575,-46.4776820225,Biometano,0.2775,0.6937,,0.0002,0.25,1
MOJI DAS CRUZES,SP,-23.2841171575,-46.4776820225,H2 Verde,0.2701,0.388,,0.3829,0.625,2
MOJI DAS CRUZES,SP,-23.2841171575,-46.4776820225,Solar,0.2292,0.2859,,0.3829,0.625,3
MOJI DAS CRUZES,SP,-23.2841171575,-46.4776820225,Biomassa,0.226,0.565,,0.0002,0.5,4
MOJI DAS CRUZES,SP,-23.2841171575,-46.4776820225,Eolica,0.2075,0.2316,,0.3829,0.625,5
MOJI-MIRIM,SP,-22.454594776,-46.918773386000005,H2 Verde,0.3229,0.5202,,0.3828,0.625,1
MOJI-MIRIM,SP,-22.454594776,-46.918773386000005,Solar,0.2821,0.4181,,0.3828,0.625,2
MOJI-MIRIM,SP,-22.454594776,-46.918773386000005,Biometano,0.2775,0.6937,,0.0001,0.25,3
MOJI-MIRIM,SP,-22.454594776,-46.918773386000005,Biomassa,0.2259,0.5646,,0.0001,0.5,4
MOJI-MIRIM,SP,-22.454594776,-46.918773386000005,Eolica,0.2074,0.2313,,0.3828,0.625,5
MONCOES,SP,-20.86324,-50.07932,H2 Verde,0.397,0.3339,0.1125,0.7655,0.875,1
MONCOES,SP,-20.86324,-50.07932,Eolica,0.3562,0.232,0.1125,0.7655,0.875,2
MONCOES,SP,-20.86324,-50.07932,Solar,0.3561,0.2318,0.1125,0.7655,0.875,3
MONCOES,SP,-20.86324,-50.07932,Biometano,0.3112,0.6937,0.1125,,0.5,4
MONCOES,SP,-20.86324,-50.07932,Biomassa,0.2598,0.5652,0.1125,,0.75,5
MONTALVANIA,MG,-14.39899444,-44.35994722,Biometano,0.432,1.0,0.1068,0.0,0.625,1
MONTALVANIA,MG,-14.39899444,-44.35994722,Eolica,0.3166,0.3364,0.1068,0.5,1.0,2
MONTALVANIA,MG,-14.39899444,-44.35994722,Solar,0.3154,0.3333,0.1068,0.5,1.0,3
MONTALVANIA,MG,-14.39899444,-44.35994722,H2 Verde,0.2655,0.2087,0.1068,0.5,1.0,4
MONTALVANIA,MG,-14.39899444,-44.35994722,Biomassa,0.2489,0.5421,0.1068,0.0,0.875,5
MONTANHA,ES,-18.12685694,-40.36342111,H2 Verde,0.0989,0.0504,0.1522,0.1102,0.875,1
MONTANHA,ES,-18.12685694,-40.36342111,Solar,0.0883,0.024,0.1522,0.1102,0.875,2
MONTANHA,ES,-18.12685694,-40.36342111,Eolica,0.0883,0.024,0.1522,0.1102,0.875,2
MONTANHA,ES,-18.12685694,-40.36342111,Biomassa,0.0754,0.0744,0.1522,,0.75,3
MONTANHA,ES,-18.12685694,-40.36342111,Biometano,0.0745,0.0721,0.1522,,0.5,4
MONTE ALEGRE DE MINAS,MG,-18.68833333,-49.00916667,Solar,0.4606,0.6673,0.1447,0.501,1.0,1
MONTE ALEGRE DE MINAS,MG,-18.68833333,-49.00916667,Biometano,0.444,1.0,0.1447,0.0019,0.625,2
MONTE ALEGRE DE MINAS,MG,-18.68833333,-49.00916667,H2 Verde,0.4108,0.5427,0.1447,0.501,1.0,3
MONTE ALEGRE DE MINAS,MG,-18.68833333,-49.00916667,Eolica,0.3273,0.334,0.1447,0.501,1.0,4
MONTE ALEGRE DE MINAS,MG,-18.68833333,-49.00916667,Biomassa,0.2611,0.5427,0.1447,0.0019,0.875,5
MONTE ALEGRE DO PIAUI,PI,-9.44800539404762,-45.08909483071428,Eolica,0.1947,0.2585,0.1449,0.1593,1.0,1
MONTE ALEGRE DO PIAUI,PI,-9.44800539404762,-45.08909483071428,Biometano,0.1732,0.3243,0.1449,0.0,0.625,2
MONTE ALEGRE DO PIAUI,PI,-9.44800539404762,-45.08909483071428,Solar,0.1345,0.1081,0.1449,0.1593,1.0,3
MONTE ALEGRE DO PIAUI,PI,-9.44800539404762,-45.08909483071428,H2 Verde,0.1086,0.0434,0.1449,0.1593,1.0,4
MONTE ALEGRE DO PIAUI,PI,-9.44800539404762,-45.08909483071428,Biomassa,0.1041,0.1515,0.1449,0.0,0.875,5
MONTE ALEGRE DOS CAMPOS,RS,-28.79184163,-50.74647603,Solar,0.4009,0.6285,0.1434,0.355,1.0,1
MONTE ALEGRE DOS CAMPOS,RS,-28.79184163,-50.74647603,Biometano,0.3969,0.8829,0.1434,0.0026,0.625,2
MONTE ALEGRE DOS CAMPOS,RS,-28.79184163,-50.74647603,H2 Verde,0.3454,0.4898,0.1434,0.355,1.0,3
MONTE ALEGRE DOS CAMPOS,RS,-28.79184163,-50.74647603,Eolica,0.2676,0.2952,0.1434,0.355,1.0,4
MONTE ALEGRE DOS CAMPOS,RS,-28.79184163,-50.74647603,Biomassa,0.2241,0.4508,0.1434,0.0026,0.875,5
MONTE APRAZIVEL,SP,-20.771068053333334,-49.75006043,H2 Verde,0.4064,0.3339,0.1439,0.7655,0.875,1
MONTE APRAZIVEL,SP,-20.771068053333334,-49.75006043,Solar,0.3656,0.2318,0.1439,0.7655,0.875,2
MONTE APRAZIVEL,SP,-20.771068053333334,-49.75006043,Eolica,0.3656,0.2318,0.1439,0.7655,0.875,2
MONTE APRAZIVEL,SP,-20.771068053333334,-49.75006043,Biometano,0.3207,0.6937,0.1439,,0.5,3
MONTE APRAZIVEL,SP,-20.771068053333334,-49.75006043,Biomassa,0.2692,0.5651,0.1439,,0.75,4
MONTE BELO,MG,-21.38492484,-46.24766547,Solar,0.4746,0.3338,0.1371,1.0,0.875,1
MONTE BELO,MG,-21.38492484,-46.24766547,Eolica,0.4746,0.3338,0.1371,1.0,0.875,1
MONTE BELO,MG,-21.38492484,-46.24766547,Biometano,0.4411,1.0,0.1371,,0.5,2
MONTE BELO,MG,-21.38492484,-46.24766547,H2 Verde,0.4248,0.2092,0.1371,1.0,0.875,3
MONTE BELO,MG,-21.38492484,-46.24766547,Biomassa,0.2581,0.5425,0.1371,,0.75,4
MONTE CARMELO,MG,-18.733754299999998,-47.49727876666666,Solar,0.4782,0.3334,0.1494,1.0,0.875,1
MONTE CARMELO,MG,-18.733754299999998,-47.49727876666666,Eolica,0.4782,0.3334,0.1494,1.0,0.875,1
MONTE CARMELO,MG,-18.733754299999998,-47.49727876666666,Biometano,0.4448,1.0,0.1494,,0.5,2
MONTE CARMELO,MG,-18.733754299999998,-47.49727876666666,H2 Verde,0.4283,0.2088,0.1494,1.0,0.875,3
MONTE CARMELO,MG,-18.733754299999998,-47.49727876666666,Biomassa,0.2616,0.5421,0.1494,,0.75,4
MONTE DAS GAMELEIRAS,RN,-6.439508735,-35.78088488,H2 Verde,0.2471,0.4088,0.1388,0.1399,1.0,1
MONTE DAS GAMELEIRAS,RN,-6.439508735,-35.78088488,Solar,0.2434,0.3995,0.1388,0.1399,1.0,2
MONTE DAS GAMELEIRAS,RN,-6.439508735,-35.78088488,Biometano,0.1201,0.1892,0.1388,0.0092,0.625,3
MONTE DAS GAMELEIRAS,RN,-6.439508735,-35.78088488,Eolica,0.11,0.0661,0.1388,0.1399,1.0,4
MONTE DAS GAMELEIRAS,RN,-6.439508735,-35.78088488,Biomassa,0.0998,0.1385,0.1388,0.0092,0.875,5
MONTE DO CARMO,TO,-10.6988284,-47.79391384,Solar,0.1949,0.3702,0.0953,0.0609,1.0,1
MONTE DO CARMO,TO,-10.6988284,-47.79391384,H2 Verde,0.1923,0.3637,0.0953,0.0609,1.0,2
MONTE DO CARMO,TO,-10.6988284,-47.79391384,Biometano,0.0726,0.1081,0.0953,0.0026,0.625,3
MONTE DO CARMO,TO,-10.6988284,-47.79391384,Eolica,0.0616,0.0369,0.0953,0.0609,1.0,4
MONTE DO CARMO,TO,-10.6988284,-47.79391384,Biomassa,0.0559,0.0664,0.0953,0.0026,0.875,5
MONTE MOR,SP,0.0,0.0,H2 Verde,0.4452,0.6667,0.2122,0.3828,1.0,1
MONTE MOR,SP,0.0,0.0,Solar,0.4043,0.5646,0.2122,0.3828,1.0,2
MONTE MOR,SP,0.0,0.0,Biometano,0.3411,0.6937,0.2122,0.0,0.625,3
MONTE MOR,SP,0.0,0.0,Biomassa,0.2895,0.5646,0.2122,0.0,0.875,4
MONTE MOR,SP,0.0,0.0,Eolica,0.271,0.2312,0.2122,0.3828,1.0,5
MONTE NEGRO,RO,-10.23041667,-63.23375,H2 Verde,0.206,0.3983,0.0872,0.0684,1.0,1
MONTE NEGRO,RO,-10.23041667,-63.23375,Solar,0.1958,0.3729,0.0872,0.0684,1.0,2
MONTE NEGRO,RO,-10.23041667,-63.23375,Biometano,0.0735,0.1171,0.0872,0.0015,0.625,3
MONTE NEGRO,RO,-10.23041667,-63.23375,Biomassa,0.0682,0.104,0.0872,0.0015,0.875,4
MONTE NEGRO,RO,-10.23041667,-63.23375,Eolica,0.0625,0.0395,0.0872,0.0684,1.0,5
MONTE SANTO DE MINAS,MG,-21.12874184,-47.04093091,Solar,0.4567,0.6667,0.1334,0.5,1.0,1
MONTE SANTO DE MINAS,MG,-21.12874184,-47.04093091,Biometano,0.44,1.0,0.1334,0.0001,0.625,2
MONTE SANTO DE MINAS,MG,-21.12874184,-47.04093091,H2 Verde,0.4069,0.5421,0.1334,0.5,1.0,3
MONTE SANTO DE MINAS,MG,-21.12874184,-47.04093091,Eolica,0.3234,0.3334,0.1334,0.5,1.0,4
MONTE SANTO DE MINAS,MG,-21.12874184,-47.04093091,Biomassa,0.2569,0.5421,0.1334,0.0001,0.875,5
MONTE SANTO DO TOCANTINS,TO,-10.10212077,-48.92331233,Solar,0.102,0.036,0.1727,0.1192,0.875,1
MONTE SANTO DO TOCANTINS,TO,-10.10212077,-48.92331233,Eolica,0.102,0.036,0.1727,0.1192,0.875,1
MONTE SANTO DO TOCANTINS,TO,-10.10212077,-48.92331233,H2 Verde,0.0994,0.0295,0.1727,0.1192,0.875,2
MONTE SANTO DO TOCANTINS,TO,-10.10212077,-48.92331233,Biometano,0.095,0.1081,0.1727,,0.5,3
MONTE SANTO DO TOCANTINS,TO,-10.10212077,-48.92331233,Biomassa,0.078,0.0655,0.1727,,0.75,4
MONTENEGRO,RS,-29.685833295000002,-51.47180555,Solar,0.4055,0.6276,0.1612,0.3537,1.0,1
MONTENEGRO,RS,-29.685833295000002,-51.47180555,Biometano,0.4015,0.8829,0.1612,0.0,0.625,2
MONTENEGRO,RS,-29.685833295000002,-51.47180555,H2 Verde,0.35,0.489,0.1612,0.3537,1.0,3
MONTENEGRO,RS,-29.685833295000002,-51.47180555,Eolica,0.2722,0.2943,0.1612,0.3537,1.0,4
MONTENEGRO,RS,-29.685833295000002,-51.47180555,Biomassa,0.2283,0.4499,0.1612,0.0,0.875,5
MONTES CLAROS,MG,-16.775598192941178,-43.95845184823529,Solar,0.4696,0.6554,0.1878,0.5038,1.0,1
MONTES CLAROS,MG,-16.775598192941178,-43.95845184823529,Biometano,0.4586,1.0,0.1878,0.0076,0.625,2
MONTES CLAROS,MG,-16.775598192941178,-43.95845184823529,H2 Verde,0.4198,0.5308,0.1878,0.5038,1.0,3
MONTES CLAROS,MG,-16.775598192941178,-43.95845184823529,Eolica,0.3493,0.3545,0.1878,0.5038,1.0,4
MONTES CLAROS,MG,-16.775598192941178,-43.95845184823529,Biomassa,0.2765,0.5447,0.1878,0.0076,0.875,5
MONTES CLAROS DE GOIAS,GO,-15.91443611,-51.50776389,Eolica,0.1717,0.102,0.1609,0.2756,0.875,1
MONTES CLAROS DE GOIAS,GO,-15.91443611,-51.50776389,Solar,0.1706,0.0991,0.1609,0.2756,0.875,2
MONTES CLAROS DE GOIAS,GO,-15.91443611,-51.50776389,Biometano,0.1672,0.2973,0.1609,,0.5,3
MONTES CLAROS DE GOIAS,GO,-15.91443611,-51.50776389,H2 Verde,0.1656,0.0866,0.1609,0.2756,0.875,4
MONTES CLAROS DE GOIAS,GO,-15.91443611,-51.50776389,Biomassa,0.1226,0.1857,0.1609,,0.75,5
MORADA NOVA,CE,-5.036186727777778,-38.36830833333333,Biometano,0.1816,0.3514,0.1367,0.0,0.625,1
MORADA NOVA,CE,-5.036186727777778,-38.36830833333333,Eolica,0.1538,0.1455,0.1367,0.1819,1.0,2
MORADA NOVA,CE,-5.036186727777778,-38.36830833333333,H2 Verde,0.1437,0.1204,0.1367,0.1819,1.0,3
MORADA NOVA,CE,-5.036186727777778,-38.36830833333333,Solar,0.1424,0.1171,0.1367,0.1819,1.0,4
MORADA NOVA,CE,-5.036186727777778,-38.36830833333333,Biomassa,0.136,0.2375,0.1367,0.0,0.875,5
MOREIRA SALES,PR,-23.9396111,-53.08800001,Biometano,0.2482,0.5405,0.1067,,0.5,1
MOREIRA SALES,PR,-23.9396111,-53.08800001,Solar,0.2284,0.1806,0.1067,0.4138,0.875,2
MOREIRA SALES,PR,-23.9396111,-53.08800001,Eolica,0.2284,0.1806,0.1067,0.4138,0.875,2
MOREIRA SALES,PR,-23.9396111,-53.08800001,H2 Verde,0.1967,0.1014,0.1067,0.4138,0.875,3
MOREIRA SALES,PR,-23.9396111,-53.08800001,Biomassa,0.1446,0.2816,0.1067,,0.75,4
MORMACO,RS,-28.65585278,-52.70406944,Solar,0.3986,0.6278,0.1376,0.3539,1.0,1
MORMACO,RS,-28.65585278,-52.70406944,Biometano,0.3946,0.8829,0.1376,0.0005,0.625,2
MORMACO,RS,-28.65585278,-52.70406944,H2 Verde,0.3431,0.4891,0.1376,0.3539,1.0,3
MORMACO,RS,-28.65585278,-52.70406944,Eolica,0.2652,0.2944,0.1376,0.3539,1.0,4
MORMACO,RS,-28.65585278,-52.70406944,Biomassa,0.2214,0.4501,0.1376,0.0005,0.875,5
MORRETES,PR,-25.42416667,-48.92111111,Solar,0.3206,0.5137,0.1766,0.2071,1.0,1
MORRETES,PR,-25.42416667,-48.92111111,H2 Verde,0.2889,0.4344,0.1766,0.2071,1.0,2
MORRETES,PR,-25.42416667,-48.92111111,Biometano,0.2693,0.5405,0.1766,0.0004,0.625,3
MORRETES,PR,-25.42416667,-48.92111111,Eolica,0.1873,0.1803,0.1766,0.2071,1.0,4
MORRETES,PR,-25.42416667,-48.92111111,Biomassa,0.1656,0.2812,0.1766,0.0004,0.875,5
MORRINHOS,GO,-17.781806093333334,-49.14020944333333,Solar,0.1809,0.0999,0.1942,0.2756,0.875,1
MORRINHOS,GO,-17.781806093333334,-49.14020944333333,Eolica,0.1809,0.0999,0.1942,0.2756,0.875,1
MORRINHOS,GO,-17.781806093333334,-49.14020944333333,Biometano,0.1772,0.2973,0.1942,,0.5,2
MORRINHOS,GO,-17.781806093333334,-49.14020944333333,H2 Verde,0.1759,0.0874,0.1942,0.2756,0.875,3
MORRINHOS,GO,-17.781806093333334,-49.14020944333333,Biomassa,0.1329,0.1865,0.1942,,0.75,4
MORRO AGUDO,SP,-20.695989230000002,-48.096341210000006,H2 Verde,0.4026,0.3367,0.1275,0.7655,0.875,1
MORRO AGUDO,SP,-20.695989230000002,-48.096341210000006,Solar,0.3617,0.2346,0.1275,0.7655,0.875,2
MORRO AGUDO,SP,-20.695989230000002,-48.096341210000006,Eolica,0.3617,0.2346,0.1275,0.7655,0.875,2
MORRO AGUDO,SP,-20.695989230000002,-48.096341210000006,Biometano,0.3157,0.6937,0.1275,,0.5,3
MORRO AGUDO,SP,-20.695989230000002,-48.096341210000006,Biomassa,0.2654,0.5679,0.1275,,0.75,4
MORRO DA FUMACA,SC,-28.64393411,-49.23319037,Solar,0.2204,0.1383,0.1735,0.3768,0.875,1
MORRO DA FUMACA,SC,-28.64393411,-49.23319037,Eolica,0.2204,0.1383,0.1735,0.3768,0.875,1
MORRO DA FUMACA,SC,-28.64393411,-49.23319037,Biometano,0.2178,0.4144,0.1735,,0.5,2
MORRO DA FUMACA,SC,-28.64393411,-49.23319037,H2 Verde,0.2127,0.1191,0.1735,0.3768,0.875,3
MORRO DA FUMACA,SC,-28.64393411,-49.23319037,Biomassa,0.1549,0.2572,0.1735,,0.75,4
MORRO DO CHAPEU,BA,-11.160771500307693,-41.344217818153844,Solar,0.4402,0.6121,0.1317,0.5197,1.0,1
MORRO DO CHAPEU,BA,-11.160771500307693,-41.344217818153844,H2 Verde,0.4199,0.5612,0.1317,0.5197,1.0,2
MORRO DO CHAPEU,BA,-11.160771500307693,-41.344217818153844,Biometano,0.3535,0.6306,0.1317,0.2057,0.625,3
MORRO DO CHAPEU,BA,-11.160771500307693,-41.344217818153844,Eolica,0.3234,0.3201,0.1317,0.5197,1.0,4
MORRO DO CHAPEU,BA,-11.160771500307693,-41.344217818153844,Biomassa,0.2764,0.438,0.1317,0.2057,0.875,5
MOSSORO,RN,-2.079955048,-14.948782214,H2 Verde,0.2216,0.3382,0.1525,0.1354,1.0,1
MOSSORO,RN,-2.079955048,-14.948782214,Solar,0.2179,0.3288,0.1525,0.1354,1.0,2
MOSSORO,RN,-2.079955048,-14.948782214,Biometano,0.1215,0.1892,0.1525,0.0003,0.625,3
MOSSORO,RN,-2.079955048,-14.948782214,Eolica,0.1116,0.0632,0.1525,0.1354,1.0,4
MOSSORO,RN,-2.079955048,-14.948782214,Biomassa,0.1,0.1356,0.1525,0.0003,0.875,5
MOSTARDAS,RS,-31.07475193,-50.89514418,Biometano,0.3942,0.8829,0.1368,,0.5,1
MOSTARDAS,RS,-31.07475193,-50.89514418,Solar,0.371,0.2943,0.1368,0.7074,0.875,2
MOSTARDAS,RS,-31.07475193,-50.89514418,Eolica,0.371,0.2943,0.1368,0.7074,0.875,2
MOSTARDAS,RS,-31.07475193,-50.89514418,H2 Verde,0.3155,0.1556,0.1368,0.7074,0.875,3
MOSTARDAS,RS,-31.07475193,-50.89514418,Biomassa,0.221,0.4499,0.1368,,0.75,4
MUANA,PA,-1.54083174,-49.25027579,H2 Verde,0.241,0.1444,0.211,0.3998,0.875,1
MUANA,PA,-1.54083174,-49.25027579,Solar,0.2158,0.0813,0.211,0.3998,0.875,2
MUANA,PA,-1.54083174,-49.25027579,Eolica,0.2158,0.0813,0.211,0.3998,0.875,2
MUANA,PA,-1.54083174,-49.25027579,Biometano,0.1606,0.2432,0.211,,0.5,3
MUANA,PA,-1.54083174,-49.25027579,Biomassa,0.1535,0.2255,0.211,,0.75,4
MUCAJAI,RR,2.47977195,-60.91151888,H2 Verde,0.0649,0.0039,0.1892,0.022,0.875,1
MUCAJAI,RR,2.47977195,-60.91151888,Solar,0.0634,0.0,0.1892,0.022,0.875,2
MUCAJAI,RR,2.47977195,-60.91151888,Eolica,0.0634,0.0,0.1892,0.022,0.875,2
MUCAJAI,RR,2.47977195,-60.91151888,Biomassa,0.0583,0.0039,0.1892,,0.75,3
MUCAJAI,RR,2.47977195,-60.91151888,Biometano,0.0568,0.0,0.1892,,0.5,4
MUCURI,MG,-17.89615334,-40.20182371,Solar,0.4182,0.6684,,0.5027,0.625,1
MUCURI,MG,-17.89615334,-40.20182371,Biometano,0.4016,1.0,,0.0053,0.25,2
MUCURI,BA,-18.04246214,-39.91966083,Solar,0.3825,0.2166,0.1524,0.8337,0.875,3
MUCURI,BA,-18.04246214,-39.91966083,Eolica,0.3825,0.2166,0.1524,0.8337,0.875,3
MUCURI,MG,-17.89615334,-40.20182371,H2 Verde,0.3683,0.5438,,0.5027,0.625,4
MUCURI,BA,-18.04246214,-39.91966083,H2 Verde,0.3621,0.1656,0.1524,0.8337,0.875,5
MUCURI,BA,-18.04246214,-39.91966083,Biometano,0.298,0.6306,0.1524,,0.5,6
MUCURI,MG,-17.89615334,-40.20182371,Eolica,0.2848,0.3351,,0.5027,0.625,7
MUCURI,MG,-17.89615334,-40.20182371,Biomassa,0.2191,0.5438,,0.0053,0.5,8
MUCURI,BA,-18.04246214,-39.91966083,Biomassa,0.1961,0.3758,0.1524,,0.75,9
MUITOS CAPOES,RS,-28.60520559,-51.354429806666666,Solar,0.3958,0.6279,0.1278,0.3542,1.0,1
MUITOS CAPOES,RS,-28.60520559,-51.354429806666666,Biometano,0.3918,0.8829,0.1278,0.0009,0.625,2
MUITOS CAPOES,RS,-28.60520559,-51.354429806666666,H2 Verde,0.3403,0.4893,0.1278,0.3542,1.0,3
MUITOS CAPOES,RS,-28.60520559,-51.354429806666666,Eolica,0.2627,0.2953,0.1278,0.3542,1.0,4
MUITOS CAPOES,RS,-28.60520559,-51.354429806666666,Biomassa,0.2187,0.4502,0.1278,0.0009,0.875,5
MULUNGU DO MORRO,BA,-12.010673178571428,-41.4891334,Solar,0.3915,0.5501,0.145,0.4266,1.0,1
MULUNGU DO MORRO,BA,-12.010673178571428,-41.4891334,H2 Verde,0.3711,0.4991,0.145,0.4266,1.0,2
MULUNGU DO MORRO,BA,-12.010673178571428,-41.4891334,Biometano,0.3016,0.6306,0.145,0.0196,0.625,3
MULUNGU DO MORRO,BA,-12.010673178571428,-41.4891334,Eolica,0.2582,0.2167,0.145,0.4266,1.0,4
MULUNGU DO MORRO,BA,-12.010673178571428,-41.4891334,Biomassa,0.1998,0.376,0.145,0.0196,0.875,5
MUNIZ FREIRE,ES,-20.45688002,-41.47934699,H2 Verde,0.2109,0.3845,0.1342,0.0562,1.0,1
MUNIZ FREIRE,ES,-20.45688002,-41.47934699,Solar,0.2004,0.3581,0.1342,0.0562,1.0,2
MUNIZ FREIRE,ES,-20.45688002,-41.47934699,Biomassa,0.071,0.0752,0.1342,0.0022,0.875,3
MUNIZ FREIRE,ES,-20.45688002,-41.47934699,Biometano,0.0697,0.0721,0.1342,0.0022,0.625,4
MUNIZ FREIRE,ES,-20.45688002,-41.47934699,Eolica,0.067,0.0248,0.1342,0.0562,1.0,5
MUQUEM DE SAO FRANCISCO,BA,-12.27869445,-43.32366667,Eolica,0.3349,0.2119,,0.8337,0.5,1
MUQUEM DE SAO FRANCISCO,BA,-12.27869445,-43.32366667,Solar,0.3342,0.2102,,0.8337,0.5,2
MUQUEM DE SAO FRANCISCO,BA,-12.27869445,-43.32366667,H2 Verde,0.3138,0.1593,,0.8337,0.5,3
MUQUEM DE SAO FRANCISCO,BA,-12.27869445,-43.32366667,Biometano,0.2523,0.6306,,,0.125,4
MUQUEM DE SAO FRANCISCO,BA,-12.27869445,-43.32366667,Biomassa,0.1478,0.3695,,,0.375,5
MURIAE,MG,-21.060958478,-42.39754465,Solar,0.4614,0.6653,0.1491,0.5019,1.0,1
MURIAE,MG,-21.060958478,-42.39754465,Biometano,0.4459,1.0,0.1491,0.0038,0.625,2
MURIAE,MG,-21.060958478,-42.39754465,H2 Verde,0.4116,0.5407,0.1491,0.5019,1.0,3
MURIAE,MG,-21.060958478,-42.39754465,Eolica,0.3292,0.3346,0.1491,0.5019,1.0,4
MURIAE,MG,-21.060958478,-42.39754465,Biomassa,0.2632,0.5433,0.1491,0.0038,0.875,5
MURIBECA,SE,-10.42212528,-36.92247056,Solar,0.101,0.012,0.1533,0.1673,0.875,1
MURIBECA,SE,-10.42212528,-36.92247056,Eolica,0.101,0.012,0.1533,0.1673,0.875,1
MURIBECA,SE,-10.42212528,-36.92247056,H2 Verde,0.0962,0.0,0.1533,0.1673,0.875,2
MURIBECA,SE,-10.42212528,-36.92247056,Biometano,0.0604,0.036,0.1533,,0.5,3
MURIBECA,SE,-10.42212528,-36.92247056,Biomassa,0.0508,0.012,0.1533,,0.75,4
MUZAMBINHO,MG,-21.34578813,-46.59176869,Solar,0.4633,0.6667,0.1554,0.5,1.0,1
MUZAMBINHO,MG,-21.34578813,-46.59176869,Biometano,0.4466,1.0,0.1554,0.0001,0.625,2
MUZAMBINHO,MG,-21.34578813,-46.59176869,H2 Verde,0.4135,0.5421,0.1554,0.5,1.0,3
MUZAMBINHO,MG,-21.34578813,-46.59176869,Eolica,0.33,0.3334,0.1554,0.5,1.0,4
MUZAMBINHO,MG,-21.34578813,-46.59176869,Biomassa,0.2635,0.5421,0.1554,0.0001,0.875,5
NAO INFORMADO,SP,-22.94083333,-49.77,H2 Verde,0.3634,0.3344,,0.7655,0.5,1
NAO INFORMADO,SP,-22.94083333,-49.77,Solar,0.3226,0.2323,,0.7655,0.5,2
NAO INFORMADO,SP,-22.94083333,-49.77,Eolica,0.3226,0.2323,,0.7655,0.5,2
NAO INFORMADO,SP,-22.94083333,-49.77,Biometano,0.2775,0.6937,,,0.125,3
NAO INFORMADO,SP,-22.94083333,-49.77,Biomassa,0.2263,0.5656,,,0.375,4
NAO INFORMADO,PI,-7.20062222,-43.20581667,Biometano,0.1297,0.3243,,0.0,0.25,5
NAO INFORMADO,PI,-7.20062222,-43.20581667,Eolica,0.0939,0.1153,,0.1593,0.625,6
NAO INFORMADO,PI,-7.20062222,-43.20581667,Solar,0.091,0.1081,,0.1593,0.625,7
NAO INFORMADO,PI,-7.20062222,-43.20581667,H2 Verde,0.0652,0.0434,,0.1593,0.625,8
NAO INFORMADO,PI,-7.20062222,-43.20581667,Biomassa,0.0606,0.1515,,0.0,0.5,9
NAO-ME-TOQUE,RS,-28.47022779,-52.74652639,Solar,0.4076,0.6277,0.168,0.3538,1.0,1
NAO-ME-TOQUE,RS,-28.47022779,-52.74652639,Biometano,0.4036,0.8829,0.168,0.0002,0.625,2
NAO-ME-TOQUE,RS,-28.47022779,-52.74652639,H2 Verde,0.3522,0.489,0.168,0.3538,1.0,3
NAO-ME-TOQUE,RS,-28.47022779,-52.74652639,Eolica,0.2743,0.2944,0.168,0.3538,1.0,4
NAO-ME-TOQUE,RS,-28.47022779,-52.74652639,Biomassa,0.2305,0.45,0.168,0.0002,0.875,5
NARANDIBA,SP,-22.279407296666665,-52.858158403333334,H2 Verde,0.4279,0.3372,0.2112,0.7655,0.875,1
NARANDIBA,SP,-22.279407296666665,-52.858158403333334,Solar,0.3871,0.2351,0.2112,0.7655,0.875,2
NARANDIBA,SP,-22.279407296666665,-52.858158403333334,Eolica,0.3871,0.2351,0.2112,0.7655,0.875,2
NARANDIBA,SP,-22.279407296666665,-52.858158403333334,Biomassa,0.2907,0.5685,0.2112,,0.75,3
NARANDIBA,SP,-22.279407296666665,-52.858158403333334,Biometano,0.2821,0.5468,0.2112,,0.75,4
NATAL,RN,-5.819158687647058,-35.22628891764706,H2 Verde,0.141,0.1375,0.1513,0.1354,1.0,1
NATAL,RN,-5.819158687647058,-35.22628891764706,Solar,0.1373,0.1282,0.1513,0.1354,1.0,2
NATAL,RN,-5.819158687647058,-35.22628891764706,Biometano,0.1211,0.1892,0.1513,0.0002,0.625,3
NATAL,RN,-5.819158687647058,-35.22628891764706,Eolica,0.1113,0.0634,0.1513,0.1354,1.0,4
NATAL,RN,-5.819158687647058,-35.22628891764706,Biomassa,0.0997,0.1358,0.1513,0.0002,0.875,5
NATIVIDADE,TO,-11.37138889,-47.57555556,Solar,0.2047,0.3694,0.1302,0.0596,1.0,1
NATIVIDADE,TO,-11.37138889,-47.57555556,H2 Verde,0.2021,0.3628,0.1302,0.0596,1.0,2
NATIVIDADE,TO,-11.37138889,-47.57555556,Biometano,0.0823,0.1081,0.1302,0.0,0.625,3
NATIVIDADE,TO,-11.37138889,-47.57555556,Eolica,0.0714,0.0361,0.1302,0.0596,1.0,4
NATIVIDADE,TO,-11.37138889,-47.57555556,Biomassa,0.0653,0.0655,0.1302,0.0,0.875,5
NAVEGANTES,SC,-26.87956562,-48.64989171,Solar,0.2384,0.1382,0.2338,0.3768,0.875,1
NAVEGANTES,SC,-26.87956562,-48.64989171,Eolica,0.2384,0.1382,0.2338,0.3768,0.875,1
NAVEGANTES,SC,-26.87956562,-48.64989171,Biometano,0.2359,0.4144,0.2338,,0.5,2
NAVEGANTES,SC,-26.87956562,-48.64989171,H2 Verde,0.2308,0.119,0.2338,0.3768,0.875,3
NAVEGANTES,SC,-26.87956562,-48.64989171,Biomassa,0.173,0.2571,0.2338,,0.75,4
NAVIRAI,MS,-23.12600967,-54.19243455,Solar,0.158,0.0874,0.1607,0.2495,0.875,1
NAVIRAI,MS,-23.12600967,-54.19243455,Eolica,0.158,0.0874,0.1607,0.2495,0.875,1
NAVIRAI,MS,-23.12600967,-54.19243455,Biometano,0.1527,0.2613,0.1607,,0.5,2
NAVIRAI,MS,-23.12600967,-54.19243455,H2 Verde,0.1386,0.0388,0.1607,0.2495,0.875,3
NAVIRAI,MS,-23.12600967,-54.19243455,Biomassa,0.0986,0.1259,0.1607,,0.75,4
NAZARE DA MATA,PE,-7.78322805,-35.23886,Solar,0.2372,0.4144,0.1368,0.1013,1.0,1
NAZARE DA MATA,PE,-7.78322805,-35.23886,H2 Verde,0.2286,0.3929,0.1368,0.1013,1.0,2
NAZARE DA MATA,PE,-7.78322805,-35.23886,Biometano,0.1384,0.2432,0.1368,0.0001,0.625,3
NAZARE DA MATA,PE,-7.78322805,-35.23886,Eolica,0.1039,0.0811,0.1368,0.1013,1.0,4
NAZARE DA MATA,PE,-7.78322805,-35.23886,Biomassa,0.0973,0.1406,0.1368,0.0001,0.875,5
NAZARIO,GO,-16.59035047,-49.86455253,Solar,0.1665,0.0992,0.1473,0.2756,0.875,1
NAZARIO,GO,-16.59035047,-49.86455253,Eolica,0.1665,0.0992,0.1473,0.2756,0.875,1
NAZARIO,GO,-16.59035047,-49.86455253,Biometano,0.1631,0.2973,0.1473,,0.5,2
NAZARIO,GO,-16.59035047,-49.86455253,H2 Verde,0.1616,0.0868,0.1473,0.2756,0.875,3
NAZARIO,GO,-16.59035047,-49.86455253,Biomassa,0.1185,0.1859,0.1473,,0.75,4
NEOPOLIS,SE,-10.31587806,-36.57671805,Solar,0.0872,0.012,0.1072,0.1673,0.875,1
NEOPOLIS,SE,-10.31587806,-36.57671805,Eolica,0.0872,0.012,0.1072,0.1673,0.875,1
NEOPOLIS,SE,-10.31587806,-36.57671805,H2 Verde,0.0824,0.0,0.1072,0.1673,0.875,2
NEOPOLIS,SE,-10.31587806,-36.57671805,Biometano,0.0466,0.036,0.1072,,0.5,3
NEOPOLIS,SE,-10.31587806,-36.57671805,Biomassa,0.037,0.012,0.1072,,0.75,4
NEPOMUCENO,MG,0.0,0.0,Solar,0.4559,0.6667,0.1308,0.5,1.0,1
NEPOMUCENO,MG,0.0,0.0,Biometano,0.4393,1.0,0.1308,0.0001,0.625,2
NEPOMUCENO,MG,0.0,0.0,H2 Verde,0.4061,0.5421,0.1308,0.5,1.0,3
NEPOMUCENO,MG,0.0,0.0,Eolica,0.3226,0.3334,0.1308,0.5,1.0,4
NEPOMUCENO,MG,0.0,0.0,Biomassa,0.2561,0.5421,0.1308,0.0001,0.875,5
NEROPOLIS,GO,-16.40676859,-49.20953455,Solar,0.1852,0.0992,0.2094,0.2756,0.875,1
NEROPOLIS,GO,-16.40676859,-49.20953455,Eolica,0.1852,0.0992,0.2094,0.2756,0.875,1
NEROPOLIS,GO,-16.40676859,-49.20953455,Biometano,0.1817,0.2973,0.2094,,0.5,2
NEROPOLIS,GO,-16.40676859,-49.20953455,H2 Verde,0.1802,0.0867,0.2094,0.2756,0.875,3
NEROPOLIS,GO,-16.40676859,-49.20953455,Biomassa,0.1372,0.1858,0.2094,,0.75,4
NHAMUNDA,AM,-2.18929485,-56.71437611,H2 Verde,0.109,0.0312,0.1623,0.1593,0.875,1
NHAMUNDA,AM,-2.18929485,-56.71437611,Solar,0.1038,0.0183,0.1623,0.1593,0.875,2
NHAMUNDA,AM,-2.18929485,-56.71437611,Eolica,0.1038,0.0183,0.1623,0.1593,0.875,2
NHAMUNDA,AM,-2.18929485,-56.71437611,Biometano,0.0703,0.0541,0.1623,,0.5,3
NHAMUNDA,AM,-2.18929485,-56.71437611,Biomassa,0.0684,0.0492,0.1623,,0.75,4
NIQUELANDIA,GO,-14.702358125,-48.6686092075,Biometano,0.1458,0.2973,0.0898,0.0,0.625,1
NIQUELANDIA,GO,-14.702358125,-48.6686092075,Eolica,0.1146,0.1158,0.0898,0.1378,1.0,2
NIQUELANDIA,GO,-14.702358125,-48.6686092075,Solar,0.1083,0.1002,0.0898,0.1378,1.0,3
NIQUELANDIA,GO,-14.702358125,-48.6686092075,H2 Verde,0.1033,0.0877,0.0898,0.1378,1.0,4
NIQUELANDIA,GO,-14.702358125,-48.6686092075,Biomassa,0.1016,0.1868,0.0898,0.0,0.875,5
NITEROI,RJ,-22.8896715575,-43.111586185,H2 Verde,0.1598,0.1104,0.1791,0.2064,0.875,1
NITEROI,RJ,-22.8896715575,-43.111586185,Solar,0.1421,0.0662,0.1791,0.2064,0.875,2
NITEROI,RJ,-22.8896715575,-43.111586185,Eolica,0.1421,0.0662,0.1791,0.2064,0.875,2
NITEROI,RJ,-22.8896715575,-43.111586185,Biometano,0.133,0.1982,0.1791,,0.5,3
NITEROI,RJ,-22.8896715575,-43.111586185,Biomassa,0.1243,0.1765,0.1791,,0.75,4
NOBRES,MT,-11.01873861,-42.230178047500004,Solar,0.2524,0.3965,0.146,0.1665,1.0,1
NOBRES,MT,-11.01873861,-42.230178047500004,H2 Verde,0.2382,0.3611,0.146,0.1665,1.0,2
NOBRES,MT,-11.01873861,-42.230178047500004,Biometano,0.1196,0.1892,0.146,0.0004,0.625,3
NOBRES,MT,-11.01873861,-42.230178047500004,Eolica,0.119,0.0632,0.146,0.1665,1.0,4
NOBRES,MT,-11.01873861,-42.230178047500004,Biomassa,0.0802,0.0909,0.146,0.0004,0.875,5
NONOAI,RS,-27.384433751666666,-52.792336516666666,Solar,0.4085,0.628,0.1701,0.3543,1.0,1
NONOAI,RS,-27.384433751666666,-52.792336516666666,Biometano,0.4045,0.8829,0.1701,0.0012,0.625,2
NONOAI,RS,-27.384433751666666,-52.792336516666666,H2 Verde,0.3531,0.4893,0.1701,0.3543,1.0,3
NONOAI,RS,-27.384433751666666,-52.792336516666666,Eolica,0.2752,0.2947,0.1701,0.3543,1.0,4
NONOAI,RS,-27.384433751666666,-52.792336516666666,Biomassa,0.2315,0.4503,0.1701,0.0012,0.875,5
NORMANDIA,RR,3.945740155714286,-59.98794749761905,H2 Verde,0.0843,0.0041,0.2534,0.022,0.875,1
NORMANDIA,RR,3.945740155714286,-59.98794749761905,Solar,0.0827,0.0001,0.2534,0.022,0.875,2
NORMANDIA,RR,3.945740155714286,-59.98794749761905,Eolica,0.0827,0.0001,0.2534,0.022,0.875,2
NORMANDIA,RR,3.945740155714286,-59.98794749761905,Biomassa,0.0777,0.0041,0.2534,,0.75,3
NORMANDIA,RR,3.945740155714286,-59.98794749761905,Biometano,0.076,0.0,0.2534,,0.5,4
NORTELANDIA,MT,-14.368992935,-56.81171353,Solar,0.2442,0.397,0.1176,0.1672,1.0,1
NORTELANDIA,MT,-14.368992935,-56.81171353,H2 Verde,0.23,0.3616,0.1176,0.1672,1.0,2
NORTELANDIA,MT,-14.368992935,-56.81171353,Biometano,0.1115,0.1892,0.1176,0.0017,0.625,3
NORTELANDIA,MT,-14.368992935,-56.81171353,Eolica,0.1109,0.0636,0.1176,0.1672,1.0,4
NORTELANDIA,MT,-14.368992935,-56.81171353,Biomassa,0.0723,0.0913,0.1176,0.0017,0.875,5
NOSSA SENHORA DAS DORES,SE,-10.46812336,-37.18153455,Solar,0.0979,0.0128,0.142,0.1673,0.875,1
NOSSA SENHORA DAS DORES,SE,-10.46812336,-37.18153455,Eolica,0.0979,0.0128,0.142,0.1673,0.875,1
NOSSA SENHORA DAS DORES,SE,-10.46812336,-37.18153455,H2 Verde,0.0931,0.0007,0.142,0.1673,0.875,2
NOSSA SENHORA DAS DORES,SE,-10.46812336,-37.18153455,Biometano,0.057,0.036,0.142,,0.5,3
NOSSA SENHORA DAS DORES,SE,-10.46812336,-37.18153455,Biomassa,0.0477,0.0128,0.142,,0.75,4
NOSSA SENHORA DO SOCORRO,SE,-10.879601222,-37.083778608,Solar,0.112,0.0122,0.1896,0.1673,0.875,1
NOSSA SENHORA DO SOCORRO,SE,-10.879601222,-37.083778608,Eolica,0.112,0.0122,0.1896,0.1673,0.875,1
NOSSA SENHORA DO SOCORRO,SE,-10.879601222,-37.083778608,H2 Verde,0.1072,0.0002,0.1896,0.1673,0.875,2
NOSSA SENHORA DO SOCORRO,SE,-10.879601222,-37.083778608,Biometano,0.0713,0.036,0.1896,,0.5,3
NOSSA SENHORA DO SOCORRO,SE,-10.879601222,-37.083778608,Biomassa,0.0618,0.0122,0.1896,,0.75,4
NOVA ALIANCA,SP,-21.013735,-49.50713806,H2 Verde,0.414,0.3334,0.1699,0.7655,0.875,1
NOVA ALIANCA,SP,-21.013735,-49.50713806,Solar,0.3731,0.2313,0.1699,0.7655,0.875,2
NOVA ALIANCA,SP,-21.013735,-49.50713806,Eolica,0.3731,0.2313,0.1699,0.7655,0.875,2
NOVA ALIANCA,SP,-21.013735,-49.50713806,Biometano,0.3284,0.6937,0.1699,,0.5,3
NOVA ALIANCA,SP,-21.013735,-49.50713806,Biomassa,0.2768,0.5646,0.1699,,0.75,4
NOVA ALVORADA DO SUL,MS,-21.445027166666666,-54.422652019999994,Biometano,0.1678,0.2613,0.2111,0.0,0.625,1
NOVA ALVORADA DO SUL,MS,-21.445027166666666,-54.422652019999994,Solar,0.1372,0.0912,0.2111,0.1248,1.0,2
NOVA ALVORADA DO SUL,MS,-21.445027166666666,-54.422652019999994,Eolica,0.1372,0.0911,0.2111,0.1248,1.0,2
NOVA ALVORADA DO SUL,MS,-21.445027166666666,-54.422652019999994,H2 Verde,0.1178,0.0426,0.2111,0.1248,1.0,3
NOVA ALVORADA DO SUL,MS,-21.445027166666666,-54.422652019999994,Biomassa,0.1151,0.1296,0.2111,0.0,0.875,4
NOVA ANDRADINA,MS,-22.0774472075,-53.405687725,Eolica,0.1618,0.1008,0.1556,0.2495,0.875,1
NOVA ANDRADINA,MS,-22.0774472075,-53.405687725,Solar,0.1565,0.0875,0.1556,0.2495,0.875,2
NOVA ANDRADINA,MS,-22.0774472075,-53.405687725,Biometano,0.1512,0.2613,0.1556,,0.5,3
NOVA ANDRADINA,MS,-22.0774472075,-53.405687725,H2 Verde,0.1371,0.0389,0.1556,0.2495,0.875,4
NOVA ANDRADINA,MS,-22.0774472075,-53.405687725,Biomassa,0.0971,0.126,0.1556,,0.75,5
NOVA AURORA,PR,0.0,0.0,Solar,0.3202,0.5136,0.1754,0.207,1.0,1
NOVA AURORA,PR,0.0,0.0,H2 Verde,0.2885,0.4343,0.1754,0.207,1.0,2
NOVA AURORA,PR,0.0,0.0,Biometano,0.2689,0.5405,0.1754,0.0002,0.625,3
NOVA AURORA,PR,0.0,0.0,Eolica,0.1868,0.1802,0.1754,0.207,1.0,4
NOVA AURORA,PR,0.0,0.0,Biomassa,0.1651,0.2812,0.1754,0.0002,0.875,5
NOVA BANDEIRANTES,MT,-9.84295282,-57.8184758,Solar,0.1783,0.0632,0.1774,0.3327,0.875,1
NOVA BANDEIRANTES,MT,-9.84295282,-57.8184758,Eolica,0.1783,0.0632,0.1774,0.3327,0.875,1
NOVA BANDEIRANTES,MT,-9.84295282,-57.8184758,H2 Verde,0.1641,0.0278,0.1774,0.3327,0.875,2
NOVA BANDEIRANTES,MT,-9.84295282,-57.8184758,Biometano,0.1289,0.1892,0.1774,,0.5,3
NOVA BANDEIRANTES,MT,-9.84295282,-57.8184758,Biomassa,0.0896,0.0908,0.1774,,0.75,4
NOVA BASSANO,RS,-28.72104758,-51.84646815666667,Solar,0.4063,0.629,0.1597,0.3558,1.0,1
NOVA BASSANO,RS,-28.72104758,-51.84646815666667,Biometano,0.4023,0.8829,0.1597,0.0042,0.625,2
NOVA BASSANO,RS,-28.72104758,-51.84646815666667,H2 Verde,0.3508,0.4903,0.1597,0.3558,1.0,3
NOVA BASSANO,RS,-28.72104758,-51.84646815666667,Eolica,0.2729,0.2957,0.1597,0.3558,1.0,4
NOVA BASSANO,RS,-28.72104758,-51.84646815666667,Biomassa,0.2297,0.4513,0.1597,0.0042,0.875,5
NOVA BRASILANDIA D'OESTE,RO,-11.6185486,-62.17280272,H2 Verde,0.2028,0.3979,0.0776,0.0678,1.0,1
NOVA BRASILANDIA D'OESTE,RO,-11.6185486,-62.17280272,Solar,0.1926,0.3725,0.0776,0.0678,1.0,2
NOVA BRASILANDIA D'OESTE,RO,-11.6185486,-62.17280272,Biometano,0.0702,0.1171,0.0776,0.0003,0.625,3
NOVA BRASILANDIA D'OESTE,RO,-11.6185486,-62.17280272,Biomassa,0.0648,0.1036,0.0776,0.0003,0.875,4
NOVA BRASILANDIA D'OESTE,RO,-11.6185486,-62.17280272,Eolica,0.0593,0.0391,0.0776,0.0678,1.0,5
NOVA CAMPINA,SP,-16.13323798,-32.631514970000005,H2 Verde,0.4041,0.3338,0.1366,0.7655,0.875,1
NOVA CAMPINA,SP,-16.13323798,-32.631514970000005,Eolica,0.3638,0.2329,0.1366,0.7655,0.875,2
NOVA CAMPINA,SP,-16.13323798,-32.631514970000005,Solar,0.3633,0.2317,0.1366,0.7655,0.875,3
NOVA CAMPINA,SP,-16.13323798,-32.631514970000005,Biometano,0.3184,0.6937,0.1366,,0.5,4
NOVA CAMPINA,SP,-16.13323798,-32.631514970000005,Biomassa,0.267,0.565,0.1366,,0.75,5
NOVA CANAA DO NORTE,MT,-10.98480528,-55.766005,Solar,0.2549,0.4053,0.1296,0.1797,1.0,1
NOVA CANAA DO NORTE,MT,-10.98480528,-55.766005,H2 Verde,0.2407,0.3699,0.1296,0.1797,1.0,2
NOVA CANAA DO NORTE,MT,-10.98480528,-55.766005,Biometano,0.1225,0.1892,0.1296,0.0267,0.625,3
NOVA CANAA DO NORTE,MT,-10.98480528,-55.766005,Eolica,0.1216,0.0719,0.1296,0.1797,1.0,4
NOVA CANAA DO NORTE,MT,-10.98480528,-55.766005,Biomassa,0.0867,0.0996,0.1296,0.0267,0.875,5
NOVA CANTU,PR,-24.76786111,-52.59405556,Biometano,0.2506,0.5405,0.1145,0.0,0.625,1
NOVA CANTU,PR,-24.76786111,-52.59405556,Eolica,0.1688,0.1809,0.1145,0.2069,1.0,2
NOVA CANTU,PR,-24.76786111,-52.59405556,Solar,0.1685,0.1802,0.1145,0.2069,1.0,3
NOVA CANTU,PR,-24.76786111,-52.59405556,Biomassa,0.1468,0.2811,0.1145,0.0,0.875,4
NOVA CANTU,PR,-24.76786111,-52.59405556,H2 Verde,0.1368,0.1009,0.1145,0.2069,1.0,5
NOVA EUROPA,SP,-21.814985255,-48.624685084999996,Biometano,0.3188,0.6937,0.1376,0.0,0.625,1
NOVA EUROPA,SP,-21.814985255,-48.624685084999996,H2 Verde,0.2921,0.3401,0.1376,0.3828,1.0,2
NOVA EUROPA,SP,-21.814985255,-48.624685084999996,Biomassa,0.2674,0.5652,0.1376,0.0,0.875,3
NOVA EUROPA,SP,-21.814985255,-48.624685084999996,Solar,0.2513,0.238,0.1376,0.3828,1.0,4
NOVA EUROPA,SP,-21.814985255,-48.624685084999996,Eolica,0.2489,0.2319,0.1376,0.3828,1.0,5
NOVA FATIMA,PR,-23.43388889,-50.5525,Solar,0.2995,0.5135,0.1066,0.2069,1.0,1
NOVA FATIMA,PR,-23.43388889,-50.5525,H2 Verde,0.2678,0.4343,0.1066,0.2069,1.0,2
NOVA FATIMA,PR,-23.43388889,-50.5525,Biometano,0.2482,0.5405,0.1066,0.0,0.625,3
NOVA FATIMA,PR,-23.43388889,-50.5525,Eolica,0.1661,0.1802,0.1066,0.2069,1.0,4
NOVA FATIMA,PR,-23.43388889,-50.5525,Biomassa,0.1444,0.2811,0.1066,0.0,0.875,5
NOVA FRIBURGO,RJ,-22.24678195,-42.521815053333334,H2 Verde,0.2551,0.4437,0.1555,0.1033,1.0,1
NOVA FRIBURGO,RJ,-22.24678195,-42.521815053333334,Solar,0.2374,0.3995,0.1555,0.1033,1.0,2
NOVA FRIBURGO,RJ,-22.24678195,-42.521815053333334,Biometano,0.126,0.1982,0.1555,0.0002,0.625,3
NOVA FRIBURGO,RJ,-22.24678195,-42.521815053333334,Biomassa,0.1173,0.1764,0.1555,0.0002,0.875,4
NOVA FRIBURGO,RJ,-22.24678195,-42.521815053333334,Eolica,0.1044,0.0669,0.1555,0.1033,1.0,5
NOVA GRANADA,SP,-20.53000967,-49.30453455,H2 Verde,0.4052,0.3334,0.1407,0.7655,0.875,1
NOVA GRANADA,SP,-20.53000967,-49.30453455,Solar,0.3644,0.2313,0.1407,0.7655,0.875,2
NOVA GRANADA,SP,-20.53000967,-49.30453455,Eolica,0.3644,0.2313,0.1407,0.7655,0.875,2
NOVA GRANADA,SP,-20.53000967,-49.30453455,Biometano,0.3197,0.6937,0.1407,,0.5,3
NOVA GRANADA,SP,-20.53000967,-49.30453455,Biomassa,0.268,0.5646,0.1407,,0.75,4
NOVA HARTZ,RS,-14.811111095,-25.446111095,Solar,0.4056,0.6276,0.1613,0.3537,1.0,1
NOVA HARTZ,RS,-14.811111095,-25.446111095,Biometano,0.4015,0.8829,0.1613,0.0,0.625,2
NOVA HARTZ,RS,-14.811111095,-25.446111095,H2 Verde,0.3501,0.489,0.1613,0.3537,1.0,3
NOVA HARTZ,RS,-14.811111095,-25.446111095,Eolica,0.2722,0.2943,0.1613,0.3537,1.0,4
NOVA HARTZ,RS,-14.811111095,-25.446111095,Biomassa,0.2284,0.4499,0.1613,0.0,0.875,5
NOVA IGUACU,RJ,-22.711240833333335,-43.46368836,H2 Verde,0.1303,0.1231,0.167,0.1032,1.0,1
NOVA IGUACU,RJ,-22.711240833333335,-43.46368836,Biometano,0.1294,0.1982,0.167,0.0001,0.625,2
NOVA IGUACU,RJ,-22.711240833333335,-43.46368836,Biomassa,0.121,0.1771,0.167,0.0001,0.875,3
NOVA IGUACU,RJ,-22.711240833333335,-43.46368836,Solar,0.1126,0.0789,0.167,0.1032,1.0,4
NOVA IGUACU,RJ,-22.711240833333335,-43.46368836,Eolica,0.1078,0.0669,0.167,0.1032,1.0,5
NOVA INDEPENDENCIA,SP,-21.09974416,-51.445173225,H2 Verde,0.4364,0.335,0.2425,0.7655,0.875,1
NOVA INDEPENDENCIA,SP,-21.09974416,-51.445173225,Solar,0.3955,0.2329,0.2425,0.7655,0.875,2
NOVA INDEPENDENCIA,SP,-21.09974416,-51.445173225,Eolica,0.3955,0.2329,0.2425,0.7655,0.875,2
NOVA INDEPENDENCIA,SP,-21.09974416,-51.445173225,Biometano,0.3502,0.6937,0.2425,,0.5,3
NOVA INDEPENDENCIA,SP,-21.09974416,-51.445173225,Biomassa,0.2992,0.5662,0.2425,,0.75,4
NOVA ITABERABA,SC,-26.91722222,-52.85583333,Biometano,0.2114,0.4144,0.152,0.0,0.625,1
NOVA ITABERABA,SC,-26.91722222,-52.85583333,Eolica,0.1581,0.1399,0.152,0.1884,1.0,2
NOVA ITABERABA,SC,-26.91722222,-52.85583333,Solar,0.1574,0.1381,0.152,0.1884,1.0,3
NOVA ITABERABA,SC,-26.91722222,-52.85583333,H2 Verde,0.1497,0.119,0.152,0.1884,1.0,4
NOVA ITABERABA,SC,-26.91722222,-52.85583333,Biomassa,0.1484,0.2571,0.152,0.0,0.875,5
NOVA LACERDA,MT,-14.430731713333335,-59.495196480000004,Solar,0.2652,0.3973,0.1867,0.1677,1.0,1
NOVA LACERDA,MT,-14.430731713333335,-59.495196480000004,H2 Verde,0.2511,0.3619,0.1867,0.1677,1.0,2
NOVA LACERDA,MT,-14.430731713333335,-59.495196480000004,Biometano,0.1325,0.1892,0.1867,0.0027,0.625,3
NOVA LACERDA,MT,-14.430731713333335,-59.495196480000004,Eolica,0.1319,0.064,0.1867,0.1677,1.0,4
NOVA LACERDA,MT,-14.430731713333335,-59.495196480000004,Biomassa,0.0935,0.0916,0.1867,0.0027,0.875,5
NOVA LIMA,MG,-20.091597226666668,-43.891499038333336,Biometano,0.4685,1.0,0.2272,0.0012,0.625,1
NOVA LIMA,MG,-20.091597226666668,-43.891499038333336,Solar,0.4673,0.6223,0.2272,0.5006,1.0,2
NOVA LIMA,MG,-20.091597226666668,-43.891499038333336,H2 Verde,0.4174,0.4977,0.2272,0.5006,1.0,3
NOVA LIMA,MG,-20.091597226666668,-43.891499038333336,Eolica,0.3519,0.3338,0.2272,0.5006,1.0,4
NOVA LIMA,MG,-20.091597226666668,-43.891499038333336,Biomassa,0.2855,0.5425,0.2272,0.0012,0.875,5
NOVA LONDRINA,PR,-22.80010833,-52.98918055,Biometano,0.2566,0.5405,0.1347,,0.5,1
NOVA LONDRINA,PR,-22.80010833,-52.98918055,Solar,0.2367,0.1804,0.1347,0.4138,0.875,2
NOVA LONDRINA,PR,-22.80010833,-52.98918055,Eolica,0.2367,0.1804,0.1347,0.4138,0.875,2
NOVA LONDRINA,PR,-22.80010833,-52.98918055,H2 Verde,0.205,0.1012,0.1347,0.4138,0.875,3
NOVA LONDRINA,PR,-22.80010833,-52.98918055,Biomassa,0.1529,0.2813,0.1347,,0.75,4
NOVA MAMORE,RO,-10.426442755,-64.741896535,H2 Verde,0.0976,0.0666,0.1688,0.0676,1.0,1
NOVA MAMORE,RO,-10.426442755,-64.741896535,Biometano,0.0975,0.1171,0.1688,0.0,0.625,2
NOVA MAMORE,RO,-10.426442755,-64.741896535,Biomassa,0.0921,0.1036,0.1688,0.0,0.875,3
NOVA MAMORE,RO,-10.426442755,-64.741896535,Solar,0.0874,0.0412,0.1688,0.0676,1.0,4
NOVA MAMORE,RO,-10.426442755,-64.741896535,Eolica,0.0866,0.0391,0.1688,0.0676,1.0,5
NOVA MARILANDIA,MT,-14.33293915,-57.61612676,Solar,0.2637,0.3967,0.1833,0.1668,1.0,1
NOVA MARILANDIA,MT,-14.33293915,-57.61612676,H2 Verde,0.2496,0.3613,0.1833,0.1668,1.0,2
NOVA MARILANDIA,MT,-14.33293915,-57.61612676,Biometano,0.1309,0.1892,0.1833,0.0009,0.625,3
NOVA MARILANDIA,MT,-14.33293915,-57.61612676,Eolica,0.1304,0.0634,0.1833,0.1668,1.0,4
NOVA MARILANDIA,MT,-14.33293915,-57.61612676,Biomassa,0.0917,0.091,0.1833,0.0009,0.875,5
NOVA MARINGA,MT,0.0,0.0,Solar,0.2406,0.3964,0.1072,0.1664,1.0,1
NOVA MARINGA,MT,0.0,0.0,H2 Verde,0.2265,0.361,0.1072,0.1664,1.0,2
NOVA MARINGA,MT,0.0,0.0,Biometano,0.1079,0.1892,0.1072,0.0001,0.625,3
NOVA MARINGA,MT,0.0,0.0,Eolica,0.1073,0.0631,0.1072,0.1664,1.0,4
NOVA MARINGA,MT,0.0,0.0,Biomassa,0.0685,0.0908,0.1072,0.0001,0.875,5
NOVA MUTUM,MT,-13.671328553999999,-56.197281832,Solar,0.2088,0.1798,0.2893,0.167,1.0,1
NOVA MUTUM,MT,-13.671328553999999,-56.197281832,H2 Verde,0.1946,0.1444,0.2893,0.167,1.0,2
NOVA MUTUM,MT,-13.671328553999999,-56.197281832,Eolica,0.1634,0.0663,0.2893,0.167,1.0,3
NOVA MUTUM,MT,-13.671328553999999,-56.197281832,Biometano,0.1629,0.1892,0.2893,0.0013,0.625,4
NOVA MUTUM,MT,-13.671328553999999,-56.197281832,Biomassa,0.124,0.092,0.2893,0.0013,0.875,5
NOVA ODESSA,SP,-22.78090161,-47.30658399833334,H2 Verde,0.4198,0.3335,0.1892,0.7655,0.875,1
NOVA ODESSA,SP,-22.78090161,-47.30658399833334,Solar,0.379,0.2314,0.1892,0.7655,0.875,2
NOVA ODESSA,SP,-22.78090161,-47.30658399833334,Eolica,0.379,0.2314,0.1892,0.7655,0.875,2
NOVA ODESSA,SP,-22.78090161,-47.30658399833334,Biometano,0.3342,0.6937,0.1892,,0.5,3
NOVA ODESSA,SP,-22.78090161,-47.30658399833334,Biomassa,0.2826,0.5647,0.1892,,0.75,4
NOVA OLIMPIA,MT,-14.75879801,-57.19577445,Solar,0.1616,0.0643,0.1202,0.3327,0.875,1
NOVA OLIMPIA,MT,-14.75879801,-57.19577445,Eolica,0.1616,0.0643,0.1202,0.3327,0.875,1
NOVA OLIMPIA,MT,-14.75879801,-57.19577445,H2 Verde,0.1474,0.0289,0.1202,0.3327,0.875,2
NOVA OLIMPIA,MT,-14.75879801,-57.19577445,Biometano,0.1117,0.1892,0.1202,,0.5,3
NOVA OLIMPIA,MT,-14.75879801,-57.19577445,Biomassa,0.0728,0.0919,0.1202,,0.75,4
NOVA OLINDA,TO,-7.633315,-48.42480694,Solar,0.0891,0.036,0.1296,0.1192,0.875,1
NOVA OLINDA,TO,-7.633315,-48.42480694,Eolica,0.0891,0.036,0.1296,0.1192,0.875,1
NOVA OLINDA,TO,-7.633315,-48.42480694,H2 Verde,0.0865,0.0295,0.1296,0.1192,0.875,2
NOVA OLINDA,TO,-7.633315,-48.42480694,Biometano,0.0821,0.1081,0.1296,,0.5,3
NOVA OLINDA,TO,-7.633315,-48.42480694,Biomassa,0.0651,0.0655,0.1296,,0.75,4
NOVA OLINDA DO NORTE,AM,-3.88630556,-59.07238889,H2 Verde,0.0921,0.0313,0.106,0.1593,0.875,1
NOVA OLINDA DO NORTE,AM,-3.88630556,-59.07238889,Solar,0.0869,0.0183,0.106,0.1593,0.875,2
NOVA OLINDA DO NORTE,AM,-3.88630556,-59.07238889,Eolica,0.0869,0.0183,0.106,0.1593,0.875,2
NOVA OLINDA DO NORTE,AM,-3.88630556,-59.07238889,Biometano,0.0534,0.0541,0.106,,0.5,3
NOVA OLINDA DO NORTE,AM,-3.88630556,-59.07238889,Biomassa,0.0515,0.0493,0.106,,0.75,4
NOVA PADUA,RS,-29.00529866,-51.3844177,Solar,0.3981,0.6315,0.1256,0.3595,1.0,1
NOVA PADUA,RS,-29.00529866,-51.3844177,Biometano,0.3943,0.8829,0.1256,0.0116,0.625,2
NOVA PADUA,RS,-29.00529866,-51.3844177,H2 Verde,0.3427,0.4928,0.1256,0.3595,1.0,3
NOVA PADUA,RS,-29.00529866,-51.3844177,Eolica,0.2648,0.2981,0.1256,0.3595,1.0,4
NOVA PADUA,RS,-29.00529866,-51.3844177,Biomassa,0.2227,0.4538,0.1256,0.0116,0.875,5
NOVA PALMEIRA,PB,-6.713828541,-36.394753698,Biometano,0.0931,0.1351,0.1303,0.0,0.625,1
NOVA PALMEIRA,PB,-6.713828541,-36.394753698,Eolica,0.0805,0.0663,0.1303,0.0496,1.0,2
NOVA PALMEIRA,PB,-6.713828541,-36.394753698,Solar,0.072,0.045,0.1303,0.0496,1.0,3
NOVA PALMEIRA,PB,-6.713828541,-36.394753698,Biomassa,0.0637,0.0615,0.1303,0.0,0.875,4
NOVA PALMEIRA,PB,-6.713828541,-36.394753698,H2 Verde,0.0605,0.0165,0.1303,0.0496,1.0,5
NOVA PONTE,MG,-19.31395766,-47.711955245,Solar,0.4808,0.6818,0.171,0.5227,1.0,1
NOVA PONTE,MG,-19.31395766,-47.711955245,Biometano,0.4649,1.0,0.171,0.0453,0.625,2
NOVA PONTE,MG,-19.31395766,-47.711955245,H2 Verde,0.431,0.5572,0.171,0.5227,1.0,3
NOVA PONTE,MG,-19.31395766,-47.711955245,Eolica,0.3475,0.3484,0.171,0.5227,1.0,4
NOVA PONTE,MG,-19.31395766,-47.711955245,Biomassa,0.2878,0.5572,0.171,0.0453,0.875,5
NOVA PRATA,RS,-28.714734434999997,-51.491018145,Solar,0.4077,0.6277,0.1683,0.3538,1.0,1
NOVA PRATA,RS,-28.714734434999997,-51.491018145,Biometano,0.4037,0.8829,0.1683,0.0001,0.625,2
NOVA PRATA,RS,-28.714734434999997,-51.491018145,H2 Verde,0.3522,0.489,0.1683,0.3538,1.0,3
NOVA PRATA,RS,-28.714734434999997,-51.491018145,Eolica,0.2744,0.2943,0.1683,0.3538,1.0,4
NOVA PRATA,RS,-28.714734434999997,-51.491018145,Biomassa,0.2305,0.4499,0.1683,0.0001,0.875,5
NOVA ROMA DO SUL,RS,-28.93654917,-51.46532111,Solar,0.4017,0.6285,0.1462,0.355,1.0,1
NOVA ROMA DO SUL,RS,-28.93654917,-51.46532111,Biometano,0.3978,0.8829,0.1462,0.0025,0.625,2
NOVA ROMA DO SUL,RS,-28.93654917,-51.46532111,H2 Verde,0.3462,0.4898,0.1462,0.355,1.0,3
NOVA ROMA DO SUL,RS,-28.93654917,-51.46532111,Eolica,0.2684,0.2951,0.1462,0.355,1.0,4
NOVA ROMA DO SUL,RS,-28.93654917,-51.46532111,Biomassa,0.2249,0.4507,0.1462,0.0025,0.875,5
NOVA SANTA RITA,PI,-8.088028125,-42.05098993,Biometano,0.1688,0.3243,0.1303,0.0,0.625,1
NOVA SANTA RITA,PI,-8.088028125,-42.05098993,Eolica,0.1378,0.1273,0.1303,0.1593,1.0,2
NOVA SANTA RITA,PI,-8.088028125,-42.05098993,Solar,0.1301,0.1081,0.1303,0.1593,1.0,3
NOVA SANTA RITA,PI,-8.088028125,-42.05098993,H2 Verde,0.1042,0.0434,0.1303,0.1593,1.0,4
NOVA SANTA RITA,PI,-8.088028125,-42.05098993,Biomassa,0.0997,0.1515,0.1303,0.0,0.875,5
NOVA TRENTO,SC,-21.855055736,-39.24558598,Solar,0.2957,0.4718,0.1678,0.1888,1.0,1
NOVA TRENTO,SC,-21.855055736,-39.24558598,H2 Verde,0.288,0.4526,0.1678,0.1888,1.0,2
NOVA TRENTO,SC,-21.855055736,-39.24558598,Biometano,0.2164,0.4144,0.1678,0.0009,0.625,3
NOVA TRENTO,SC,-21.855055736,-39.24558598,Eolica,0.1625,0.1388,0.1678,0.1888,1.0,4
NOVA TRENTO,SC,-21.855055736,-39.24558598,Biomassa,0.1536,0.2574,0.1678,0.0009,0.875,5
NOVA UBIRATA,MT,-13.09805555,-54.8175,Solar,0.2677,0.3966,0.197,0.1666,1.0,1
NOVA UBIRATA,MT,-13.09805555,-54.8175,H2 Verde,0.2536,0.3612,0.197,0.1666,1.0,2
NOVA UBIRATA,MT,-13.09805555,-54.8175,Biometano,0.135,0.1892,0.197,0.0006,0.625,3
NOVA UBIRATA,MT,-13.09805555,-54.8175,Eolica,0.1344,0.0633,0.197,0.1666,1.0,4
NOVA UBIRATA,MT,-13.09805555,-54.8175,Biomassa,0.0957,0.0909,0.197,0.0006,0.875,5
NOVA VENEZA,GO,-16.37702081,-49.29750169,Solar,0.2672,0.4326,0.176,0.138,1.0,1
NOVA VENEZA,GO,-16.37702081,-49.29750169,H2 Verde,0.2622,0.4201,0.176,0.138,1.0,2
NOVA VENEZA,GO,-16.37702081,-49.29750169,Biometano,0.1718,0.2973,0.176,0.0004,0.625,3
NOVA VENEZA,GO,-16.37702081,-49.29750169,Eolica,0.1339,0.0992,0.176,0.138,1.0,4
NOVA VENEZA,GO,-16.37702081,-49.29750169,Biomassa,0.1272,0.1859,0.176,0.0004,0.875,5
NOVO AIRAO,AM,-2.141029076,-61.166079086,H2 Verde,0.0834,0.0326,0.1548,0.0797,1.0,1
NOVO AIRAO,AM,-2.141029076,-61.166079086,Solar,0.0782,0.0197,0.1548,0.0797,1.0,2
NOVO AIRAO,AM,-2.141029076,-61.166079086,Eolica,0.0777,0.0183,0.1548,0.0797,1.0,3
NOVO AIRAO,AM,-2.141029076,-61.166079086,Biometano,0.0681,0.0541,0.1548,0.0,0.625,4
NOVO AIRAO,AM,-2.141029076,-61.166079086,Biomassa,0.0662,0.0493,0.1548,0.0,0.875,5
NOVO AIRAO,RR,-1.33916667,-61.58111111,H2 Verde,0.0082,0.0039,,0.022,0.5,6
NOVO AIRAO,RR,-1.33916667,-61.58111111,Solar,0.0066,0.0,,0.022,0.5,7
NOVO AIRAO,RR,-1.33916667,-61.58111111,Eolica,0.0066,0.0,,0.022,0.5,7
NOVO AIRAO,RR,-1.33916667,-61.58111111,Biomassa,0.0016,0.0039,,,0.375,8
NOVO AIRAO,RR,-1.33916667,-61.58111111,Biometano,0.0,0.0,,,0.125,9
NOVO ARIPUANA,AM,-5.117453815,-60.372244555,H2 Verde,0.1097,0.0315,0.1645,0.1593,0.875,1
NOVO ARIPUANA,AM,-5.117453815,-60.372244555,Solar,0.1045,0.0185,0.1645,0.1593,0.875,2
NOVO ARIPUANA,AM,-5.117453815,-60.372244555,Eolica,0.1045,0.0185,0.1645,0.1593,0.875,2
NOVO ARIPUANA,AM,-5.117453815,-60.372244555,Biometano,0.071,0.0541,0.1645,,0.5,3
NOVO ARIPUANA,AM,-5.117453815,-60.372244555,Biomassa,0.0691,0.0495,0.1645,,0.75,4
NOVO BARREIRO,RS,-27.88388889,-53.13527778,Solar,0.4038,0.6276,0.1553,0.3537,1.0,1
NOVO BARREIRO,RS,-27.88388889,-53.13527778,Biometano,0.3998,0.8829,0.1553,0.0,0.625,2
NOVO BARREIRO,RS,-27.88388889,-53.13527778,H2 Verde,0.3483,0.489,0.1553,0.3537,1.0,3
NOVO BARREIRO,RS,-27.88388889,-53.13527778,Eolica,0.2704,0.2943,0.1553,0.3537,1.0,4
NOVO BARREIRO,RS,-27.88388889,-53.13527778,Biomassa,0.2266,0.4499,0.1553,0.0,0.875,5
NOVO HAMBURGO,RS,-29.687552136666667,-51.12631520666667,Biometano,0.3937,0.8829,0.1351,0.0,0.625,1
NOVO HAMBURGO,RS,-29.687552136666667,-51.12631520666667,Solar,0.2665,0.2995,0.1351,0.3537,1.0,2
NOVO HAMBURGO,RS,-29.687552136666667,-51.12631520666667,Eolica,0.2644,0.2944,0.1351,0.3537,1.0,3
NOVO HAMBURGO,RS,-29.687552136666667,-51.12631520666667,Biomassa,0.2205,0.45,0.1351,0.0,0.875,4
NOVO HAMBURGO,RS,-29.687552136666667,-51.12631520666667,H2 Verde,0.211,0.1609,0.1351,0.3537,1.0,5
NOVO HORIZONTE,SP,-21.501549166666667,-49.20188518333333,H2 Verde,0.4092,0.3359,0.1505,0.7655,0.875,1
NOVO HORIZONTE,BA,-12.797160004999999,-42.052318472500005,Solar,0.3903,0.5485,0.1455,0.4242,1.0,2
NOVO HORIZONTE,BA,-12.797160004999999,-42.052318472500005,H2 Verde,0.3699,0.4975,0.1455,0.4242,1.0,3
NOVO HORIZONTE,SP,-21.501549166666667,-49.20188518333333,Eolica,0.3692,0.236,0.1505,0.7655,0.875,4
NOVO HORIZONTE,SP,-21.501549166666667,-49.20188518333333,Solar,0.3683,0.2338,0.1505,0.7655,0.875,5
NOVO HORIZONTE,SP,-21.501549166666667,-49.20188518333333,Biometano,0.3226,0.6937,0.1505,,0.5,6
NOVO HORIZONTE,BA,-12.797160004999999,-42.052318472500005,Biometano,0.3003,0.6306,0.1455,0.0148,0.625,7
NOVO HORIZONTE,SP,-21.501549166666667,-49.20188518333333,Biomassa,0.272,0.5671,0.1505,,0.75,8
NOVO HORIZONTE,BA,-12.797160004999999,-42.052318472500005,Eolica,0.257,0.2151,0.1455,0.4242,1.0,9
NOVO HORIZONTE,BA,-12.797160004999999,-42.052318472500005,Biomassa,0.1978,0.3744,0.1455,0.0148,0.875,10
NOVO MUNDO,MT,-9.687177345,-55.33522424,Eolica,0.1081,0.0647,0.1076,0.1663,1.0,1
NOVO MUNDO,MT,-9.687177345,-55.33522424,Biometano,0.108,0.1892,0.1076,0.0,0.625,2
NOVO MUNDO,MT,-9.687177345,-55.33522424,Solar,0.1074,0.0631,0.1076,0.1663,1.0,3
NOVO MUNDO,MT,-9.687177345,-55.33522424,H2 Verde,0.0932,0.0277,0.1076,0.1663,1.0,4
NOVO MUNDO,MT,-9.687177345,-55.33522424,Biomassa,0.0686,0.0907,0.1076,0.0,0.875,5
NOVO PROGRESSO,PA,-8.957771436666667,-54.93877149333334,H2 Verde,0.3161,0.4788,0.2134,0.2018,1.0,1
NOVO PROGRESSO,PA,-8.957771436666667,-54.93877149333334,Solar,0.2908,0.4157,0.2134,0.2018,1.0,2
NOVO PROGRESSO,PA,-8.957771436666667,-54.93877149333334,Biometano,0.1624,0.2432,0.2134,0.0037,0.625,3
NOVO PROGRESSO,PA,-8.957771436666667,-54.93877149333334,Eolica,0.1575,0.0823,0.2134,0.2018,1.0,4
NOVO PROGRESSO,PA,-8.957771436666667,-54.93877149333334,Biomassa,0.1558,0.2265,0.2134,0.0037,0.875,5
NOVO SAO JOAQUIM,MT,-12.82842530142857,-45.65576475142858,Solar,0.2602,0.3966,0.1716,0.1667,1.0,1
NOVO SAO JOAQUIM,MT,-12.82842530142857,-45.65576475142858,H2 Verde,0.246,0.3612,0.1716,0.1667,1.0,2
NOVO SAO JOAQUIM,MT,-12.82842530142857,-45.65576475142858,Biometano,0.1274,0.1892,0.1716,0.0007,0.625,3
NOVO SAO JOAQUIM,MT,-12.82842530142857,-45.65576475142858,Eolica,0.1268,0.0633,0.1716,0.1667,1.0,4
NOVO SAO JOAQUIM,MT,-12.82842530142857,-45.65576475142858,Biomassa,0.0881,0.091,0.1716,0.0007,0.875,5
NOVO TIRADENTES,RS,-27.56111111,-53.18666667,Solar,0.3938,0.6276,0.122,0.3537,1.0,1
NOVO TIRADENTES,RS,-27.56111111,-53.18666667,Biometano,0.3897,0.8829,0.122,0.0,0.625,2
NOVO TIRADENTES,RS,-27.56111111,-53.18666667,H2 Verde,0.3383,0.489,0.122,0.3537,1.0,3
NOVO TIRADENTES,RS,-27.56111111,-53.18666667,Eolica,0.2604,0.2943,0.122,0.3537,1.0,4
NOVO TIRADENTES,RS,-27.56111111,-53.18666667,Biomassa,0.2166,0.4499,0.122,0.0,0.875,5
NUPORANGA,SP,-20.66686929,-47.65398253,H2 Verde,0.4292,0.667,0.1582,0.3832,1.0,1
NUPORANGA,SP,-20.66686929,-47.65398253,Solar,0.3884,0.5649,0.1582,0.3832,1.0,2
NUPORANGA,SP,-20.66686929,-47.65398253,Biometano,0.3252,0.6937,0.1582,0.001,0.625,3
NUPORANGA,SP,-20.66686929,-47.65398253,Biomassa,0.2737,0.5649,0.1582,0.001,0.875,4
NUPORANGA,SP,-20.66686929,-47.65398253,Eolica,0.255,0.2316,0.1582,0.3832,1.0,5
OBIDOS,PA,-1.8718803033333333,-55.51618696,H2 Verde,0.2241,0.2952,0.1534,0.1999,1.0,1
OBIDOS,PA,-1.8718803033333333,-55.51618696,Solar,0.1988,0.2321,0.1534,0.1999,1.0,2
OBIDOS,PA,-1.8718803033333333,-55.51618696,Biometano,0.1433,0.2432,0.1534,0.0,0.625,3
OBIDOS,PA,-1.8718803033333333,-55.51618696,Eolica,0.1384,0.0811,0.1534,0.1999,1.0,4
OBIDOS,PA,-1.8718803033333333,-55.51618696,Biomassa,0.1362,0.2253,0.1534,0.0,0.875,5
OEIRAS DO PARA,PA,-2.00250287,-49.86222416,H2 Verde,0.232,0.1444,0.1811,0.3998,0.875,1
OEIRAS DO PARA,PA,-2.00250287,-49.86222416,Solar,0.2068,0.0812,0.1811,0.3998,0.875,2
OEIRAS DO PARA,PA,-2.00250287,-49.86222416,Eolica,0.2068,0.0812,0.1811,0.3998,0.875,2
OEIRAS DO PARA,PA,-2.00250287,-49.86222416,Biometano,0.1516,0.2432,0.1811,,0.5,3
OEIRAS DO PARA,PA,-2.00250287,-49.86222416,Biomassa,0.1445,0.2254,0.1811,,0.75,4
OIAPOQUE,AP,3.83329665,-51.83494717999999,Solar,0.0945,0.0608,0.2134,0.0207,1.0,1
OIAPOQUE,AP,3.83329665,-51.83494717999999,H2 Verde,0.0942,0.0599,0.2134,0.0207,1.0,2
OIAPOQUE,AP,3.83329665,-51.83494717999999,Eolica,0.0731,0.0073,0.2134,0.0207,1.0,3
OIAPOQUE,AP,3.83329665,-51.83494717999999,Biometano,0.0713,0.018,0.2134,0.0004,0.625,4
OIAPOQUE,AP,3.83329665,-51.83494717999999,Biomassa,0.0689,0.0119,0.2134,0.0004,0.875,5
OLHOS-D'AGUA,MG,-17.561991666666668,-43.71887013833333,Biometano,0.4428,1.0,0.1426,0.0,0.625,1
OLHOS-D'AGUA,MG,-17.561991666666668,-43.71887013833333,Eolica,0.3406,0.3695,0.1426,0.5,1.0,2
OLHOS-D'AGUA,MG,-17.561991666666668,-43.71887013833333,Solar,0.3261,0.3333,0.1426,0.5,1.0,3
OLHOS-D'AGUA,MG,-17.561991666666668,-43.71887013833333,H2 Verde,0.2763,0.2087,0.1426,0.5,1.0,4
OLHOS-D'AGUA,MG,-17.561991666666668,-43.71887013833333,Biomassa,0.2596,0.5421,0.1426,0.0,0.875,5
OLIMPIA,SP,-20.688469445,-49.11086486,H2 Verde,0.4133,0.336,0.164,0.7655,0.875,1
OLIMPIA,SP,-20.688469445,-49.11086486,Solar,0.3724,0.2339,0.164,0.7655,0.875,2
OLIMPIA,SP,-20.688469445,-49.11086486,Eolica,0.3724,0.2339,0.164,0.7655,0.875,2
OLIMPIA,SP,-20.688469445,-49.11086486,Biometano,0.3267,0.6937,0.164,,0.5,3
OLIMPIA,SP,-20.688469445,-49.11086486,Biomassa,0.2761,0.5672,0.164,,0.75,4
OLIVEIRA,MG,-20.729097545,-44.770424840000004,Biometano,0.4412,1.0,0.1372,0.0003,0.625,1
OLIVEIRA,MG,-20.729097545,-44.770424840000004,Solar,0.432,0.6019,0.1372,0.5001,1.0,2
OLIVEIRA,MG,-20.729097545,-44.770424840000004,H2 Verde,0.3821,0.4773,0.1372,0.5001,1.0,3
OLIVEIRA,MG,-20.729097545,-44.770424840000004,Eolica,0.3246,0.3334,0.1372,0.5001,1.0,4
OLIVEIRA,MG,-20.729097545,-44.770424840000004,Biomassa,0.2581,0.5422,0.1372,0.0003,0.875,5
OLIVEIRA DOS BREJINHOS,BA,-12.32073958375,-42.62128819375,Solar,0.3913,0.5558,0.1278,0.4353,1.0,1
OLIVEIRA DOS BREJINHOS,BA,-12.32073958375,-42.62128819375,H2 Verde,0.3709,0.5049,0.1278,0.4353,1.0,2
OLIVEIRA DOS BREJINHOS,BA,-12.32073958375,-42.62128819375,Biometano,0.3017,0.6306,0.1278,0.0369,0.625,3
OLIVEIRA DOS BREJINHOS,BA,-12.32073958375,-42.62128819375,Eolica,0.2579,0.2225,0.1278,0.4353,1.0,4
OLIVEIRA DOS BREJINHOS,BA,-12.32073958375,-42.62128819375,Biomassa,0.2021,0.3818,0.1278,0.0369,0.875,5
ONDA VERDE,SP,-20.59804967,-49.19000455,H2 Verde,0.4201,0.3336,0.1899,0.7655,0.875,1
ONDA VERDE,SP,-20.59804967,-49.19000455,Solar,0.3792,0.2315,0.1899,0.7655,0.875,2
ONDA VERDE,SP,-20.59804967,-49.19000455,Eolica,0.3792,0.2315,0.1899,0.7655,0.875,2
ONDA VERDE,SP,-20.59804967,-49.19000455,Biometano,0.3345,0.6937,0.1899,,0.5,3
ONDA VERDE,SP,-20.59804967,-49.19000455,Biomassa,0.2829,0.5649,0.1899,,0.75,4
ORINDIUVA,SP,-20.20183,-49.35565,H2 Verde,0.4098,0.336,0.1525,0.7655,0.875,1
ORINDIUVA,SP,-20.20183,-49.35565,Solar,0.369,0.2339,0.1525,0.7655,0.875,2
ORINDIUVA,SP,-20.20183,-49.35565,Eolica,0.369,0.2339,0.1525,0.7655,0.875,2
ORINDIUVA,SP,-20.20183,-49.35565,Biometano,0.3232,0.6937,0.1525,,0.5,3
ORINDIUVA,SP,-20.20183,-49.35565,Biomassa,0.2726,0.5672,0.1525,,0.75,4
ORIXIMINA,PA,-1.76317248,-55.86071151666667,H2 Verde,0.2266,0.146,0.1609,0.3998,0.875,1
ORIXIMINA,PA,-1.76317248,-55.86071151666667,Solar,0.2014,0.0829,0.1609,0.3998,0.875,2
ORIXIMINA,PA,-1.76317248,-55.86071151666667,Eolica,0.2014,0.0829,0.1609,0.3998,0.875,2
ORIXIMINA,PA,-1.76317248,-55.86071151666667,Biometano,0.1456,0.2432,0.1609,,0.5,3
ORIXIMINA,PA,-1.76317248,-55.86071151666667,Biomassa,0.1391,0.2271,0.1609,,0.75,4
ORTIGUEIRA,PR,-24.183337686666665,-50.730671773333334,Biometano,0.2701,0.5405,0.1472,0.0323,0.625,1
ORTIGUEIRA,PR,-24.183337686666665,-50.730671773333334,Solar,0.2514,0.3509,0.1472,0.223,1.0,2
ORTIGUEIRA,PR,-24.183337686666665,-50.730671773333334,H2 Verde,0.2197,0.2717,0.1472,0.223,1.0,3
ORTIGUEIRA,PR,-24.183337686666665,-50.730671773333334,Eolica,0.193,0.2047,0.1472,0.223,1.0,4
ORTIGUEIRA,PR,-24.183337686666665,-50.730671773333334,Biomassa,0.1761,0.3056,0.1472,0.0323,0.875,5
OSASCO,SP,-23.52976688111111,-46.77865632222222,H2 Verde,0.4291,0.3336,0.2202,0.7655,0.875,1
OSASCO,SP,-23.52976688111111,-46.77865632222222,Solar,0.3883,0.2315,0.2202,0.7655,0.875,2
OSASCO,SP,-23.52976688111111,-46.77865632222222,Eolica,0.3883,0.2315,0.2202,0.7655,0.875,2
OSASCO,SP,-23.52976688111111,-46.77865632222222,Biometano,0.3435,0.6937,0.2202,,0.5,3
OSASCO,SP,-23.52976688111111,-46.77865632222222,Biomassa,0.292,0.5648,0.2202,,0.75,4
OSORIO,RS,-29.97200006916667,-50.3228642,Solar,0.4181,0.637,0.1765,0.3678,1.0,1
OSORIO,RS,-29.97200006916667,-50.3228642,Biometano,0.4146,0.8829,0.1765,0.0282,0.625,2
OSORIO,RS,-29.97200006916667,-50.3228642,H2 Verde,0.3626,0.4984,0.1765,0.3678,1.0,3
OSORIO,RS,-29.97200006916667,-50.3228642,Eolica,0.2868,0.3087,0.1765,0.3678,1.0,4
OSORIO,RS,-29.97200006916667,-50.3228642,Biomassa,0.2452,0.4593,0.1765,0.0282,0.875,5
OSVALDO CRUZ,SP,-21.77737497,-50.88740561,H2 Verde,0.4054,0.3335,0.1412,0.7655,0.875,1
OSVALDO CRUZ,SP,-21.77737497,-50.88740561,Solar,0.3646,0.2314,0.1412,0.7655,0.875,2
OSVALDO CRUZ,SP,-21.77737497,-50.88740561,Eolica,0.3646,0.2314,0.1412,0.7655,0.875,2
OSVALDO CRUZ,SP,-21.77737497,-50.88740561,Biometano,0.3198,0.6937,0.1412,,0.5,3
OSVALDO CRUZ,SP,-21.77737497,-50.88740561,Biomassa,0.2683,0.5648,0.1412,,0.75,4
OTACILIO COSTA,SC,-27.51049059,-50.10109055,Solar,0.2144,0.1391,0.1524,0.3768,0.875,1
OTACILIO COSTA,SC,-27.51049059,-50.10109055,Eolica,0.2144,0.1391,0.1524,0.3768,0.875,1
OTACILIO COSTA,SC,-27.51049059,-50.10109055,Biometano,0.2115,0.4144,0.1524,,0.5,2
OTACILIO COSTA,SC,-27.51049059,-50.10109055,H2 Verde,0.2067,0.12,0.1524,0.3768,0.875,3
OTACILIO COSTA,SC,-27.51049059,-50.10109055,Biomassa,0.149,0.2581,0.1524,,0.75,4
OURICURI,PE,-7.9561244349999996,-40.316466930000004,Solar,0.2414,0.4157,0.147,0.1032,1.0,1
OURICURI,PE,-7.9561244349999996,-40.316466930000004,H2 Verde,0.2327,0.3942,0.147,0.1032,1.0,2
OURICURI,PE,-7.9561244349999996,-40.316466930000004,Biometano,0.1426,0.2432,0.147,0.004,0.625,3
OURICURI,PE,-7.9561244349999996,-40.316466930000004,Eolica,0.1104,0.0884,0.147,0.1032,1.0,4
OURICURI,PE,-7.9561244349999996,-40.316466930000004,Biomassa,0.1021,0.1419,0.147,0.004,0.875,5
OURINHOS,SP,-18.398179388,-39.870771556,H2 Verde,0.3853,0.5667,0.1439,0.3849,1.0,1
OURINHOS,SP,-18.398179388,-39.870771556,Solar,0.3445,0.4646,0.1439,0.3849,1.0,2
OURINHOS,SP,-18.398179388,-39.870771556,Biometano,0.3219,0.6937,0.1439,0.0042,0.625,3
OURINHOS,SP,-18.398179388,-39.870771556,Biomassa,0.271,0.5666,0.1439,0.0042,0.875,4
OURINHOS,SP,-18.398179388,-39.870771556,Eolica,0.2519,0.2332,0.1439,0.3849,1.0,5
OURO,SC,-27.35093889,-51.64692222,Biometano,0.2032,0.4144,0.1249,0.0,0.625,1
OURO,SC,-27.35093889,-51.64692222,Eolica,0.1498,0.1394,0.1249,0.1884,1.0,2
OURO,SC,-27.35093889,-51.64692222,Solar,0.1492,0.1381,0.1249,0.1884,1.0,3
OURO,SC,-27.35093889,-51.64692222,H2 Verde,0.1416,0.119,0.1249,0.1884,1.0,4
OURO,SC,-27.35093889,-51.64692222,Biomassa,0.1403,0.2571,0.1249,0.0,0.875,5
OURO BRANCO,MG,-20.5246084,-43.67546915,Solar,0.4836,0.3364,0.1636,1.0,0.875,1
OURO BRANCO,MG,-20.5246084,-43.67546915,Eolica,0.4836,0.3364,0.1636,1.0,0.875,1
OURO BRANCO,MG,-20.5246084,-43.67546915,Biometano,0.4491,1.0,0.1636,,0.5,2
OURO BRANCO,MG,-20.5246084,-43.67546915,H2 Verde,0.4338,0.2118,0.1636,1.0,0.875,3
OURO BRANCO,MG,-20.5246084,-43.67546915,Biomassa,0.2671,0.5451,0.1636,,0.75,4
OURO FINO,MG,-22.28352389,-46.38008111,Solar,0.4761,0.3333,0.1425,1.0,0.875,1
OURO FINO,MG,-22.28352389,-46.38008111,Eolica,0.4761,0.3333,0.1425,1.0,0.875,1
OURO FINO,MG,-22.28352389,-46.38008111,Biometano,0.4427,1.0,0.1425,,0.5,2
OURO FINO,MG,-22.28352389,-46.38008111,H2 Verde,0.4262,0.2087,0.1425,1.0,0.875,3
OURO FINO,MG,-22.28352389,-46.38008111,Biomassa,0.2596,0.5421,0.1425,,0.75,4
OURO PRETO,MG,-20.47727223,-43.44662222,Solar,0.464,0.6668,0.1575,0.5002,1.0,1
OURO PRETO,MG,-20.47727223,-43.44662222,Biometano,0.4473,1.0,0.1575,0.0003,0.625,2
OURO PRETO,MG,-20.47727223,-43.44662222,H2 Verde,0.4142,0.5422,0.1575,0.5002,1.0,3
OURO PRETO,MG,-20.47727223,-43.44662222,Eolica,0.3307,0.3334,0.1575,0.5002,1.0,4
OURO PRETO,MG,-20.47727223,-43.44662222,Biomassa,0.2642,0.5422,0.1575,0.0003,0.875,5
OURO VERDE,SC,-26.751944445,-52.304861110000004,Solar,0.2831,0.4715,0.1266,0.1884,1.0,1
OURO VERDE,SC,-26.751944445,-52.304861110000004,H2 Verde,0.2754,0.4523,0.1266,0.1884,1.0,2
OURO VERDE,SC,-26.751944445,-52.304861110000004,Biometano,0.2038,0.4144,0.1266,0.0001,0.625,3
OURO VERDE,SC,-26.751944445,-52.304861110000004,Eolica,0.1498,0.1382,0.1266,0.1884,1.0,4
OURO VERDE,SC,-26.751944445,-52.304861110000004,Biomassa,0.1408,0.2571,0.1266,0.0001,0.875,5
OURO VERDE DO OESTE,PR,-24.73305556,-53.89277778,Solar,0.3224,0.5139,0.182,0.2075,1.0,1
OURO VERDE DO OESTE,PR,-24.73305556,-53.89277778,H2 Verde,0.2907,0.4347,0.182,0.2075,1.0,2
OURO VERDE DO OESTE,PR,-24.73305556,-53.89277778,Biometano,0.2712,0.5405,0.182,0.0012,0.625,3
OURO VERDE DO OESTE,PR,-24.73305556,-53.89277778,Eolica,0.1891,0.1806,0.182,0.2075,1.0,4
OURO VERDE DO OESTE,PR,-24.73305556,-53.89277778,Biomassa,0.1676,0.2815,0.182,0.0012,0.875,5
OUROESTE,SP,-19.88260553625,-50.44933456625,H2 Verde,0.4345,0.6513,0.1893,0.3907,1.0,1
OUROESTE,SP,-19.88260553625,-50.44933456625,Solar,0.3937,0.5492,0.1893,0.3907,1.0,2
OUROESTE,SP,-19.88260553625,-50.44933456625,Biometano,0.339,0.6937,0.1893,0.0158,0.625,3
OUROESTE,SP,-19.88260553625,-50.44933456625,Biomassa,0.2896,0.5702,0.1893,0.0158,0.875,4
OUROESTE,SP,-19.88260553625,-50.44933456625,Eolica,0.2687,0.2369,0.1893,0.3907,1.0,5
OUROLANDIA,BA,-9.768326283636362,-37.4806162769697,Solar,0.4017,0.5509,0.1766,0.4279,1.0,1
OUROLANDIA,BA,-9.768326283636362,-37.4806162769697,H2 Verde,0.3813,0.5,0.1766,0.4279,1.0,2
OUROLANDIA,BA,-9.768326283636362,-37.4806162769697,Biometano,0.3118,0.6306,0.1766,0.022,0.625,3
OUROLANDIA,BA,-9.768326283636362,-37.4806162769697,Eolica,0.3004,0.2976,0.1766,0.4279,1.0,4
OUROLANDIA,BA,-9.768326283636362,-37.4806162769697,Biomassa,0.2103,0.3768,0.1766,0.022,0.875,5
PACARAIMA,RR,4.295089498888888,-61.01319524722222,H2 Verde,0.1082,0.0385,0.2982,0.0111,1.0,1
PACARAIMA,RR,4.295089498888888,-61.01319524722222,Solar,0.1066,0.0345,0.2982,0.0111,1.0,2
PACARAIMA,RR,4.295089498888888,-61.01319524722222,Eolica,0.0929,0.0003,0.2982,0.0111,1.0,3
PACARAIMA,RR,4.295089498888888,-61.01319524722222,Biomassa,0.0912,0.0042,0.2982,0.0001,0.875,4
PACARAIMA,RR,4.295089498888888,-61.01319524722222,Biometano,0.0895,0.0,0.2982,0.0001,0.625,5
PACATUBA,CE,-3.89478889,-38.60228055,H2 Verde,0.2092,0.1204,0.173,0.3637,0.875,1
PACATUBA,CE,-3.89478889,-38.60228055,Solar,0.2079,0.1172,0.173,0.3637,0.875,2
PACATUBA,CE,-3.89478889,-38.60228055,Eolica,0.2079,0.1172,0.173,0.3637,0.875,2
PACATUBA,CE,-3.89478889,-38.60228055,Biometano,0.1924,0.3514,0.173,,0.5,3
PACATUBA,CE,-3.89478889,-38.60228055,Biomassa,0.1469,0.2375,0.173,,0.75,4
PADRE BERNARDO,GO,-15.593935714285715,-48.519295237142856,Biometano,0.1785,0.2973,0.1985,0.0,0.625,1
PADRE BERNARDO,GO,-15.593935714285715,-48.519295237142856,Eolica,0.151,0.1252,0.1985,0.1378,1.0,2
PADRE BERNARDO,GO,-15.593935714285715,-48.519295237142856,Solar,0.1405,0.0991,0.1985,0.1378,1.0,3
PADRE BERNARDO,GO,-15.593935714285715,-48.519295237142856,H2 Verde,0.1355,0.0866,0.1985,0.1378,1.0,4
PADRE BERNARDO,GO,-15.593935714285715,-48.519295237142856,Biomassa,0.1338,0.1857,0.1985,0.0,0.875,5
PALESTINA,SP,-20.31065667,-49.58983055,H2 Verde,0.4072,0.3338,0.1468,0.7655,0.875,1
PALESTINA,SP,-20.31065667,-49.58983055,Eolica,0.3671,0.2335,0.1468,0.7655,0.875,2
PALESTINA,SP,-20.31065667,-49.58983055,Solar,0.3664,0.2317,0.1468,0.7655,0.875,3
PALESTINA,SP,-20.31065667,-49.58983055,Biometano,0.3215,0.6937,0.1468,,0.5,4
PALESTINA,SP,-20.31065667,-49.58983055,Biomassa,0.27,0.565,0.1468,,0.75,5
PALMA SOLA,SC,-26.456387149999998,-53.403114275,Solar,0.2847,0.4715,0.132,0.1885,1.0,1
PALMA SOLA,SC,-26.456387149999998,-53.403114275,H2 Verde,0.2771,0.4524,0.132,0.1885,1.0,2
PALMA SOLA,SC,-26.456387149999998,-53.403114275,Biometano,0.2054,0.4144,0.132,0.0002,0.625,3
PALMA SOLA,SC,-26.456387149999998,-53.403114275,Eolica,0.1514,0.1382,0.132,0.1885,1.0,4
PALMA SOLA,SC,-26.456387149999998,-53.403114275,Biomassa,0.1425,0.2572,0.132,0.0002,0.875,5
PALMARES,PE,-8.6925,-35.60583333,Biometano,0.1323,0.2432,0.1168,,0.5,1
PALMARES,PE,-8.6925,-35.60583333,Solar,0.1282,0.0812,0.1168,0.2024,0.875,2
PALMARES,PE,-8.6925,-35.60583333,Eolica,0.1282,0.0812,0.1168,0.2024,0.875,2
PALMARES,PE,-8.6925,-35.60583333,H2 Verde,0.1196,0.0597,0.1168,0.2024,0.875,3
PALMARES,PE,-8.6925,-35.60583333,Biomassa,0.0913,0.1407,0.1168,,0.75,4
PALMARES DO SUL,RS,-30.378227585,-50.36086166875,Solar,0.415,0.6329,0.1778,0.3616,1.0,1
PALMARES DO SUL,RS,-30.378227585,-50.36086166875,Biometano,0.4112,0.8829,0.1778,0.0158,0.625,2
PALMARES DO SUL,RS,-30.378227585,-50.36086166875,H2 Verde,0.3595,0.4942,0.1778,0.3616,1.0,3
PALMARES DO SUL,RS,-30.378227585,-50.36086166875,Eolica,0.2816,0.2996,0.1778,0.3616,1.0,4
PALMARES DO SUL,RS,-30.378227585,-50.36086166875,Biomassa,0.2401,0.4552,0.1778,0.0158,0.875,5
PALMAS,PR,-26.506352790000005,-51.69102632,Solar,0.3183,0.5136,0.1691,0.2071,1.0,1
PALMAS,PR,-26.506352790000005,-51.69102632,H2 Verde,0.2866,0.4344,0.1691,0.2071,1.0,2
PALMAS,PR,-26.506352790000005,-51.69102632,Biometano,0.267,0.5405,0.1691,0.0004,0.625,3
PALMAS,PR,-26.506352790000005,-51.69102632,Eolica,0.185,0.1803,0.1691,0.2071,1.0,4
PALMAS,PR,-26.506352790000005,-51.69102632,Biomassa,0.1633,0.2812,0.1691,0.0004,0.875,5
PALMAS,TO,-10.221674895000001,-48.311604493,Solar,0.117,0.0362,0.2226,0.1192,0.875,6
PALMAS,TO,-10.221674895000001,-48.311604493,Eolica,0.117,0.0362,0.2226,0.1192,0.875,6
PALMAS,TO,-10.221674895000001,-48.311604493,H2 Verde,0.1144,0.0296,0.2226,0.1192,0.875,7
PALMAS,TO,-10.221674895000001,-48.311604493,Biometano,0.11,0.1081,0.2226,,0.5,8
PALMAS,TO,-10.221674895000001,-48.311604493,Biomassa,0.093,0.0656,0.2226,,0.75,9
PALMEIRA,PR,-25.70019189,-49.1002225,Solar,0.3131,0.5135,0.152,0.2069,1.0,1
PALMEIRA,PR,-25.70019189,-49.1002225,H2 Verde,0.2814,0.4343,0.152,0.2069,1.0,2
PALMEIRA,PR,-25.70019189,-49.1002225,Biometano,0.2618,0.5405,0.152,0.0,0.625,3
PALMEIRA,PR,-25.70019189,-49.1002225,Eolica,0.1797,0.1802,0.152,0.2069,1.0,4
PALMEIRA,PR,-25.70019189,-49.1002225,Biomassa,0.158,0.2811,0.152,0.0,0.875,5
PALMEIRA DAS MISSOES,RS,-27.84725667,-53.37946167,Biometano,0.3922,0.8829,0.1302,,0.5,1
PALMEIRA DAS MISSOES,RS,-27.84725667,-53.37946167,Solar,0.369,0.2943,0.1302,0.7074,0.875,2
PALMEIRA DAS MISSOES,RS,-27.84725667,-53.37946167,Eolica,0.369,0.2943,0.1302,0.7074,0.875,2
PALMEIRA DAS MISSOES,RS,-27.84725667,-53.37946167,H2 Verde,0.3135,0.1556,0.1302,0.7074,0.875,3
PALMEIRA DAS MISSOES,RS,-27.84725667,-53.37946167,Biomassa,0.219,0.4499,0.1302,,0.75,4
PALMEIRAS DE GOIAS,GO,-16.772928445,-49.921470055,Biometano,0.1846,0.2973,0.2188,0.0,0.625,1
PALMEIRAS DE GOIAS,GO,-16.772928445,-49.921470055,Eolica,0.1499,0.1073,0.2188,0.1378,1.0,2
PALMEIRAS DE GOIAS,GO,-16.772928445,-49.921470055,Solar,0.1487,0.1043,0.2188,0.1378,1.0,3
PALMEIRAS DE GOIAS,GO,-16.772928445,-49.921470055,H2 Verde,0.1437,0.0918,0.2188,0.1378,1.0,4
PALMEIRAS DE GOIAS,GO,-16.772928445,-49.921470055,Biomassa,0.142,0.1909,0.2188,0.0,0.875,5
PALMITAL,SP,-22.762117045,-50.20858602,H2 Verde,0.3984,0.3334,0.118,0.7655,0.875,1
PALMITAL,SP,-22.762117045,-50.20858602,Solar,0.3576,0.2313,0.118,0.7655,0.875,2
PALMITAL,SP,-22.762117045,-50.20858602,Eolica,0.3576,0.2313,0.118,0.7655,0.875,2
PALMITAL,SP,-22.762117045,-50.20858602,Biometano,0.3129,0.6937,0.118,,0.5,3
PALMITAL,SP,-22.762117045,-50.20858602,Biomassa,0.2612,0.5646,0.118,,0.75,4
PALOTINA,PR,-24.23671694,-53.70384861,Biometano,0.2733,0.5405,0.1903,,0.5,1
PALOTINA,PR,-24.23671694,-53.70384861,Solar,0.2533,0.1802,0.1903,0.4138,0.875,2
PALOTINA,PR,-24.23671694,-53.70384861,Eolica,0.2533,0.1802,0.1903,0.4138,0.875,2
PALOTINA,PR,-24.23671694,-53.70384861,H2 Verde,0.2216,0.1009,0.1903,0.4138,0.875,3
PALOTINA,PR,-24.23671694,-53.70384861,Biomassa,0.1695,0.2811,0.1903,,0.75,4
PANAMBI,RS,-14.1986273,-26.729256885,Solar,0.4094,0.6277,0.1739,0.3538,1.0,1
PANAMBI,RS,-14.1986273,-26.729256885,Biometano,0.4054,0.8829,0.1739,0.0001,0.625,2
PANAMBI,RS,-14.1986273,-26.729256885,H2 Verde,0.3539,0.489,0.1739,0.3538,1.0,3
PANAMBI,RS,-14.1986273,-26.729256885,Eolica,0.276,0.2943,0.1739,0.3538,1.0,4
PANAMBI,RS,-14.1986273,-26.729256885,Biomassa,0.2322,0.4499,0.1739,0.0001,0.875,5
PARA DE MINAS,MG,-19.8481885,-44.62700354375,Biometano,0.4534,1.0,0.1779,0.0001,0.625,1
PARA DE MINAS,MG,-19.8481885,-44.62700354375,Solar,0.3518,0.3711,0.1779,0.5001,1.0,2
PARA DE MINAS,MG,-19.8481885,-44.62700354375,Eolica,0.3369,0.3337,0.1779,0.5001,1.0,3
PARA DE MINAS,MG,-19.8481885,-44.62700354375,H2 Verde,0.302,0.2465,0.1779,0.5001,1.0,4
PARA DE MINAS,MG,-19.8481885,-44.62700354375,Biomassa,0.2704,0.5425,0.1779,0.0001,0.875,5
PARACAMBI,RJ,-22.67105423,-43.75560797,H2 Verde,0.2404,0.4443,0.1045,0.1043,1.0,1
PARACAMBI,RJ,-22.67105423,-43.75560797,Solar,0.2227,0.4001,0.1045,0.1043,1.0,2
PARACAMBI,RJ,-22.67105423,-43.75560797,Biometano,0.1113,0.1982,0.1045,0.0022,0.625,3
PARACAMBI,RJ,-22.67105423,-43.75560797,Biomassa,0.1029,0.1771,0.1045,0.0022,0.875,4
PARACAMBI,RJ,-22.67105423,-43.75560797,Eolica,0.0894,0.0668,0.1045,0.1043,1.0,5
PARACATU,MG,-17.20573228102564,-46.89370004435897,Solar,0.4989,0.7006,0.1684,0.5603,1.0,1
PARACATU,MG,-17.20573228102564,-46.89370004435897,Biometano,0.4867,1.0,0.1684,0.1206,0.625,2
PARACATU,MG,-17.20573228102564,-46.89370004435897,H2 Verde,0.449,0.576,0.1684,0.5603,1.0,3
PARACATU,MG,-17.20573228102564,-46.89370004435897,Eolica,0.3684,0.3744,0.1684,0.5603,1.0,4
PARACATU,MG,-17.20573228102564,-46.89370004435897,Biomassa,0.32,0.5831,0.1684,0.1206,0.875,5
PARACURU,CE,-3.434109045,-38.973667685,H2 Verde,0.2937,0.4557,0.1865,0.1848,1.0,1
PARACURU,CE,-3.434109045,-38.973667685,Solar,0.2924,0.4524,0.1865,0.1848,1.0,2
PARACURU,CE,-3.434109045,-38.973667685,Biometano,0.1983,0.3514,0.1865,0.006,0.625,3
PARACURU,CE,-3.434109045,-38.973667685,Eolica,0.159,0.1191,0.1865,0.1848,1.0,4
PARACURU,CE,-3.434109045,-38.973667685,Biomassa,0.1535,0.2395,0.1865,0.006,0.875,5
PARAGOMINAS,PA,-3.142630463333333,-47.76063624666667,H2 Verde,0.1717,0.1584,0.1612,0.1999,1.0,1
PARAGOMINAS,PA,-3.142630463333333,-47.76063624666667,Solar,0.1465,0.0953,0.1612,0.1999,1.0,2
PARAGOMINAS,PA,-3.142630463333333,-47.76063624666667,Biometano,0.1457,0.2432,0.1612,0.0001,0.625,3
PARAGOMINAS,PA,-3.142630463333333,-47.76063624666667,Eolica,0.141,0.0817,0.1612,0.1999,1.0,4
PARAGOMINAS,PA,-3.142630463333333,-47.76063624666667,Biomassa,0.1388,0.2259,0.1612,0.0001,0.875,5
PARAGUACU PAULISTA,SP,-22.5857746175,-49.8416897525,H2 Verde,0.4034,0.3354,0.1319,0.7655,0.875,1
PARAGUACU PAULISTA,SP,-22.5857746175,-49.8416897525,Eolica,0.3634,0.2355,0.1319,0.7655,0.875,2
PARAGUACU PAULISTA,SP,-22.5857746175,-49.8416897525,Solar,0.3626,0.2333,0.1319,0.7655,0.875,3
PARAGUACU PAULISTA,SP,-22.5857746175,-49.8416897525,Biometano,0.2665,0.5674,0.1319,,0.75,4
PARAGUACU PAULISTA,SP,-22.5857746175,-49.8416897525,Biomassa,0.2662,0.5666,0.1319,,0.75,5
PARAIBA DO SUL,RJ,-22.25874513,-43.17134306,H2 Verde,0.2516,0.4438,0.1434,0.1035,1.0,1
PARAIBA DO SUL,RJ,-22.25874513,-43.17134306,Solar,0.2339,0.3996,0.1434,0.1035,1.0,2
PARAIBA DO SUL,RJ,-22.25874513,-43.17134306,Biometano,0.1225,0.1982,0.1434,0.0007,0.625,3
PARAIBA DO SUL,RJ,-22.25874513,-43.17134306,Biomassa,0.1138,0.1766,0.1434,0.0007,0.875,4
PARAIBA DO SUL,RJ,-22.25874513,-43.17134306,Eolica,0.1006,0.0663,0.1434,0.1035,1.0,5
PARAIBUNA,SP,-23.41,-45.600556,H2 Verde,0.4261,0.6692,0.1415,0.3866,1.0,1
PARAIBUNA,SP,-23.41,-45.600556,Solar,0.3853,0.5671,0.1415,0.3866,1.0,2
PARAIBUNA,SP,-23.41,-45.600556,Biometano,0.3222,0.6937,0.1415,0.0077,0.625,3
PARAIBUNA,SP,-23.41,-45.600556,Biomassa,0.2716,0.5671,0.1415,0.0077,0.875,4
PARAIBUNA,SP,-23.41,-45.600556,Eolica,0.2519,0.2338,0.1415,0.3866,1.0,5
PARAIPABA,CE,0.0,0.0,Biometano,0.1878,0.3514,0.1576,0.0,0.625,1
PARAIPABA,CE,0.0,0.0,Eolica,0.1535,0.1291,0.1576,0.1819,1.0,2
PARAIPABA,CE,0.0,0.0,H2 Verde,0.15,0.1204,0.1576,0.1819,1.0,3
PARAIPABA,CE,0.0,0.0,Solar,0.1487,0.1171,0.1576,0.1819,1.0,4
PARAIPABA,CE,0.0,0.0,Biomassa,0.1423,0.2375,0.1576,0.0,0.875,5
PARAISO,SP,-21.123588554999998,-49.221220105,H2 Verde,0.4071,0.3344,0.1457,0.7655,0.875,1
PARAISO,SP,-21.123588554999998,-49.221220105,Solar,0.3663,0.2323,0.1457,0.7655,0.875,2
PARAISO,SP,-21.123588554999998,-49.221220105,Eolica,0.3663,0.2323,0.1457,0.7655,0.875,2
PARAISO,SP,-21.123588554999998,-49.221220105,Biometano,0.3212,0.6937,0.1457,,0.5,3
PARAISO,SC,-26.69584192,-53.654168545000005,Solar,0.2898,0.4717,0.1483,0.1887,1.0,4
PARAISO,SC,-26.69584192,-53.654168545000005,H2 Verde,0.2821,0.4525,0.1483,0.1887,1.0,5
PARAISO,SP,-21.123588554999998,-49.221220105,Biomassa,0.27,0.5656,0.1457,,0.75,6
PARAISO,SC,-26.69584192,-53.654168545000005,Biometano,0.2105,0.4144,0.1483,0.0007,0.625,7
PARAISO,SC,-26.69584192,-53.654168545000005,Eolica,0.1565,0.1384,0.1483,0.1887,1.0,8
PARAISO,SC,-26.69584192,-53.654168545000005,Biomassa,0.1476,0.2573,0.1483,0.0007,0.875,9
PARAISO DAS AGUAS,MS,-19.3055679,-52.87969753,Solar,0.2622,0.4211,0.1867,0.1257,1.0,1
PARAISO DAS AGUAS,MS,-19.3055679,-52.87969753,H2 Verde,0.2427,0.3725,0.1867,0.1257,1.0,2
PARAISO DAS AGUAS,MS,-19.3055679,-52.87969753,Biometano,0.1611,0.2613,0.1867,0.002,0.625,3
PARAISO DAS AGUAS,MS,-19.3055679,-52.87969753,Eolica,0.1479,0.1355,0.1867,0.1257,1.0,4
PARAISO DAS AGUAS,MS,-19.3055679,-52.87969753,Biomassa,0.1071,0.1262,0.1867,0.002,0.875,5
PARAISO DO TOCANTINS,TO,-10.16694707,-48.87610711,Solar,0.1046,0.036,0.1812,0.1192,0.875,1
PARAISO DO TOCANTINS,TO,-10.16694707,-48.87610711,Eolica,0.1046,0.036,0.1812,0.1192,0.875,1
PARAISO DO TOCANTINS,TO,-10.16694707,-48.87610711,H2 Verde,0.1019,0.0295,0.1812,0.1192,0.875,2
PARAISO DO TOCANTINS,TO,-10.16694707,-48.87610711,Biometano,0.0976,0.1081,0.1812,,0.5,3
PARAISO DO TOCANTINS,TO,-10.16694707,-48.87610711,Biomassa,0.0806,0.0655,0.1812,,0.75,4
PARANA,TO,-12.80843539,-48.23817967,Solar,0.2144,0.3766,0.1422,0.0704,1.0,1
PARANA,TO,-12.80843539,-48.23817967,H2 Verde,0.2118,0.37,0.1422,0.0704,1.0,2
PARANA,TO,-12.80843539,-48.23817967,Biometano,0.0924,0.1081,0.1422,0.0216,0.625,3
PARANA,TO,-12.80843539,-48.23817967,Eolica,0.0811,0.0432,0.1422,0.0704,1.0,4
PARANA,TO,-12.80843539,-48.23817967,Biomassa,0.0782,0.0727,0.1422,0.0216,0.875,5
PARANACITY,PR,-22.87555556,-52.18083333,Biometano,0.2521,0.5405,0.1195,,0.5,1
PARANACITY,PR,-22.87555556,-52.18083333,Solar,0.2325,0.1812,0.1195,0.4138,0.875,2
PARANACITY,PR,-22.87555556,-52.18083333,Eolica,0.2325,0.1812,0.1195,0.4138,0.875,2
PARANACITY,PR,-22.87555556,-52.18083333,H2 Verde,0.2008,0.102,0.1195,0.4138,0.875,3
PARANACITY,PR,-22.87555556,-52.18083333,Biomassa,0.1487,0.2822,0.1195,,0.75,4
PARANAGUA,PR,-25.5367994,-48.572367635000006,Biometano,0.2631,0.5405,0.1563,,0.5,1
PARANAGUA,PR,-25.5367994,-48.572367635000006,Solar,0.2432,0.1804,0.1563,0.4138,0.875,2
PARANAGUA,PR,-25.5367994,-48.572367635000006,Eolica,0.2432,0.1804,0.1563,0.4138,0.875,2
PARANAGUA,PR,-25.5367994,-48.572367635000006,H2 Verde,0.2115,0.1011,0.1563,0.4138,0.875,3
PARANAGUA,PR,-25.5367994,-48.572367635000006,Biomassa,0.1594,0.2813,0.1563,,0.75,4
PARANAIBA,MS,-19.687802147692306,-51.420568485,Biometano,0.1476,0.2613,0.1435,0.0,0.625,1
PARANAIBA,MS,-19.687802147692306,-51.420568485,Eolica,0.1442,0.1593,0.1435,0.1247,1.0,2
PARANAIBA,MS,-19.687802147692306,-51.420568485,Solar,0.1159,0.0886,0.1435,0.1247,1.0,3
PARANAIBA,MS,-19.687802147692306,-51.420568485,H2 Verde,0.0965,0.04,0.1435,0.1247,1.0,4
PARANAIBA,MS,-19.687802147692306,-51.420568485,Biomassa,0.0939,0.127,0.1435,0.0,0.875,5
PARANAPOEMA,PR,-22.61705556,-51.99680556,Biometano,0.2457,0.5405,0.0984,0.0,0.625,1
PARANAPOEMA,PR,-22.61705556,-51.99680556,Eolica,0.1639,0.1807,0.0984,0.2069,1.0,2
PARANAPOEMA,PR,-22.61705556,-51.99680556,Solar,0.1637,0.1802,0.0984,0.2069,1.0,3
PARANAPOEMA,PR,-22.61705556,-51.99680556,Biomassa,0.142,0.2811,0.0984,0.0,0.875,4
PARANAPOEMA,PR,-22.61705556,-51.99680556,H2 Verde,0.132,0.1009,0.0984,0.2069,1.0,5
PARANATAMA,PE,-8.89753805111111,-36.746388072222224,Solar,0.2523,0.4216,0.1669,0.112,1.0,1
PARANATAMA,PE,-8.89753805111111,-36.746388072222224,H2 Verde,0.2437,0.4,0.1669,0.112,1.0,2
PARANATAMA,PE,-8.89753805111111,-36.746388072222224,Biometano,0.1538,0.2432,0.1669,0.0215,0.625,3
PARANATAMA,PE,-8.89753805111111,-36.746388072222224,Eolica,0.119,0.0883,0.1669,0.112,1.0,4
PARANATAMA,PE,-8.89753805111111,-36.746388072222224,Biomassa,0.1157,0.1478,0.1669,0.0215,0.875,5
PARANATINGA,MT,-14.064416071666665,-54.241528214999995,Solar,0.2333,0.2939,0.2192,0.1665,1.0,1
PARANATINGA,MT,-14.064416071666665,-54.241528214999995,H2 Verde,0.2191,0.2585,0.2192,0.1665,1.0,2
PARANATINGA,MT,-14.064416071666665,-54.241528214999995,Biometano,0.1416,0.1892,0.2192,0.0004,0.625,3
PARANATINGA,MT,-14.064416071666665,-54.241528214999995,Eolica,0.141,0.0633,0.2192,0.1665,1.0,4
PARANATINGA,MT,-14.064416071666665,-54.241528214999995,Biomassa,0.1023,0.0909,0.2192,0.0004,0.875,5
PARANAVAI,PR,0.0,0.0,Solar,0.319,0.5135,0.1716,0.2069,1.0,1
PARANAVAI,PR,0.0,0.0,H2 Verde,0.2873,0.4343,0.1716,0.2069,1.0,2
PARANAVAI,PR,0.0,0.0,Biometano,0.2677,0.5405,0.1716,0.0,0.625,3
PARANAVAI,PR,0.0,0.0,Eolica,0.1856,0.1802,0.1716,0.2069,1.0,4
PARANAVAI,PR,0.0,0.0,Biomassa,0.1639,0.2811,0.1716,0.0,0.875,5
PARAOPEBA,MG,-19.17861111,-44.50609011,Solar,0.4797,0.3333,0.1547,1.0,0.875,1
PARAOPEBA,MG,-19.17861111,-44.50609011,Eolica,0.4797,0.3333,0.1547,1.0,0.875,1
PARAOPEBA,MG,-19.17861111,-44.50609011,Biometano,0.4464,1.0,0.1547,,0.5,2
PARAOPEBA,MG,-19.17861111,-44.50609011,H2 Verde,0.4299,0.2087,0.1547,1.0,0.875,3
PARAOPEBA,MG,-19.17861111,-44.50609011,Biomassa,0.2632,0.5421,0.1547,,0.75,4
PARAPUA,SP,-21.91459057,-50.86549965,H2 Verde,0.4024,0.3335,0.131,0.7655,0.875,1
PARAPUA,SP,-21.91459057,-50.86549965,Solar,0.3615,0.2314,0.131,0.7655,0.875,2
PARAPUA,SP,-21.91459057,-50.86549965,Eolica,0.3615,0.2314,0.131,0.7655,0.875,2
PARAPUA,SP,-21.91459057,-50.86549965,Biometano,0.3168,0.6937,0.131,,0.5,3
PARAPUA,SP,-21.91459057,-50.86549965,Biomassa,0.2652,0.5647,0.131,,0.75,4
PARATINGA,BA,-12.798575556,-43.11028111,Biometano,0.2917,0.6306,0.1314,0.0,0.625,1
PARATINGA,BA,-12.798575556,-43.11028111,Eolica,0.2553,0.227,0.1314,0.4168,1.0,2
PARATINGA,BA,-12.798575556,-43.11028111,Solar,0.2485,0.2102,0.1314,0.4168,1.0,3
PARATINGA,BA,-12.798575556,-43.11028111,H2 Verde,0.2282,0.1593,0.1314,0.4168,1.0,4
PARATINGA,BA,-12.798575556,-43.11028111,Biomassa,0.1872,0.3695,0.1314,0.0,0.875,5
PARAUAPEBAS,PA,-6.07273,-49.90078111,H2 Verde,0.2671,0.1443,0.2981,0.3998,0.875,1
PARAUAPEBAS,PA,-6.07273,-49.90078111,Solar,0.2418,0.0811,0.2981,0.3998,0.875,2
PARAUAPEBAS,PA,-6.07273,-49.90078111,Eolica,0.2418,0.0811,0.2981,0.3998,0.875,2
PARAUAPEBAS,PA,-6.07273,-49.90078111,Biometano,0.1867,0.2432,0.2981,,0.5,3
PARAUAPEBAS,PA,-6.07273,-49.90078111,Biomassa,0.1796,0.2253,0.2981,,0.75,4
PARAUNA,GO,-17.33041666,-50.49572222,Solar,0.1627,0.1005,0.1328,0.2756,0.875,1
PARAUNA,GO,-17.33041666,-50.49572222,Eolica,0.1627,0.1005,0.1328,0.2756,0.875,1
PARAUNA,GO,-17.33041666,-50.49572222,Biometano,0.1587,0.2973,0.1328,,0.5,2
PARAUNA,GO,-17.33041666,-50.49572222,H2 Verde,0.1577,0.088,0.1328,0.2756,0.875,3
PARAUNA,GO,-17.33041666,-50.49572222,Biomassa,0.1147,0.1871,0.1328,,0.75,4
PARAZINHO,RN,-5.27544565,-35.90649480318182,H2 Verde,0.2601,0.4244,0.1381,0.1632,1.0,1
PARAZINHO,RN,-5.27544565,-35.90649480318182,Solar,0.2564,0.415,0.1381,0.1632,1.0,2
PARAZINHO,RN,-5.27544565,-35.90649480318182,Biometano,0.1339,0.1892,0.1381,0.0559,0.625,3
PARAZINHO,RN,-5.27544565,-35.90649480318182,Eolica,0.1231,0.0817,0.1381,0.1632,1.0,4
PARAZINHO,RN,-5.27544565,-35.90649480318182,Biomassa,0.1198,0.1541,0.1381,0.0559,0.875,5
PARELHAS,RN,-6.761740804444445,-36.66726707555555,H2 Verde,0.2539,0.4123,0.1517,0.1451,1.0,1
PARELHAS,RN,-6.761740804444445,-36.66726707555555,Solar,0.2502,0.4029,0.1517,0.1451,1.0,2
PARELHAS,RN,-6.761740804444445,-36.66726707555555,Biometano,0.1271,0.1892,0.1517,0.0196,0.625,3
PARELHAS,RN,-6.761740804444445,-36.66726707555555,Eolica,0.1169,0.0696,0.1517,0.1451,1.0,4
PARELHAS,RN,-6.761740804444445,-36.66726707555555,Biomassa,0.1082,0.142,0.1517,0.0196,0.875,5
PARINTINS,AM,-1.6912817616666667,-37.96782739,H2 Verde,0.0744,0.0319,0.1258,0.0797,1.0,1
PARINTINS,AM,-1.6912817616666667,-37.96782739,Eolica,0.0694,0.0195,0.1258,0.0797,1.0,2
PARINTINS,AM,-1.6912817616666667,-37.96782739,Solar,0.0692,0.019,0.1258,0.0797,1.0,3
PARINTINS,AM,-1.6912817616666667,-37.96782739,Biometano,0.0594,0.0541,0.1258,0.0,0.625,4
PARINTINS,AM,-1.6912817616666667,-37.96782739,Biomassa,0.0577,0.05,0.1258,0.0,0.875,5
PARIPIRANGA,BA,-10.59490222,-37.93040218,Biometano,0.2904,0.6306,0.1271,0.0,0.625,1
PARIPIRANGA,BA,-10.59490222,-37.93040218,Eolica,0.2485,0.2133,0.1271,0.4168,1.0,2
PARIPIRANGA,BA,-10.59490222,-37.93040218,Solar,0.2473,0.2102,0.1271,0.4168,1.0,3
PARIPIRANGA,BA,-10.59490222,-37.93040218,H2 Verde,0.2269,0.1593,0.1271,0.4168,1.0,4
PARIPIRANGA,BA,-10.59490222,-37.93040218,Biomassa,0.1859,0.3695,0.1271,0.0,0.875,5
PARNAGUA,PI,-10.69272778,-44.678480555,Biometano,0.1696,0.3243,0.1329,0.0,0.625,1
PARNAGUA,PI,-10.69272778,-44.678480555,Eolica,0.1336,0.115,0.1329,0.1593,1.0,2
PARNAGUA,PI,-10.69272778,-44.678480555,Solar,0.1309,0.1081,0.1329,0.1593,1.0,3
PARNAGUA,PI,-10.69272778,-44.678480555,H2 Verde,0.105,0.0434,0.1329,0.1593,1.0,4
PARNAGUA,PI,-10.69272778,-44.678480555,Biomassa,0.1005,0.1515,0.1329,0.0,0.875,5
PARNAIBA,PI,-2.8570733225,-41.744937873333335,Solar,0.2779,0.4435,0.1702,0.1646,1.0,1
PARNAIBA,PI,-2.8570733225,-41.744937873333335,H2 Verde,0.252,0.3788,0.1702,0.1646,1.0,2
PARNAIBA,PI,-2.8570733225,-41.744937873333335,Biometano,0.184,0.3243,0.1702,0.0107,0.625,3
PARNAIBA,PI,-2.8570733225,-41.744937873333335,Eolica,0.1494,0.1223,0.1702,0.1646,1.0,4
PARNAIBA,PI,-2.8570733225,-41.744937873333335,Biomassa,0.1163,0.1551,0.1702,0.0107,0.875,5
PARNAMIRIM,RN,-4.5359672515384615,-27.113109416153844,H2 Verde,0.1974,0.2388,0.204,0.1355,1.0,1
PARNAMIRIM,RN,-4.5359672515384615,-27.113109416153844,Solar,0.1936,0.2295,0.204,0.1355,1.0,2
PARNAMIRIM,RN,-4.5359672515384615,-27.113109416153844,Biometano,0.137,0.1892,0.204,0.0005,0.625,3
PARNAMIRIM,RN,-4.5359672515384615,-27.113109416153844,Eolica,0.1272,0.0634,0.204,0.1355,1.0,4
PARNAMIRIM,RN,-4.5359672515384615,-27.113109416153844,Biomassa,0.1156,0.1358,0.204,0.0005,0.875,5
PASSA QUATRO,MG,-22.38139058333333,-44.942684740000004,Biometano,0.4409,1.0,0.1363,0.0001,0.625,1
PASSA QUATRO,MG,-22.38139058333333,-44.942684740000004,Solar,0.3863,0.4885,0.1363,0.5,1.0,2
PASSA QUATRO,MG,-22.38139058333333,-44.942684740000004,H2 Verde,0.3365,0.3639,0.1363,0.5,1.0,3
PASSA QUATRO,MG,-22.38139058333333,-44.942684740000004,Eolica,0.3243,0.3334,0.1363,0.5,1.0,4
PASSA QUATRO,MG,-22.38139058333333,-44.942684740000004,Biomassa,0.2578,0.5421,0.1363,0.0001,0.875,5
PASSA TEMPO,MG,-20.55375,-44.55027778,Solar,0.4606,0.667,0.1458,0.5004,1.0,1
PASSA TEMPO,MG,-20.55375,-44.55027778,Biometano,0.444,1.0,0.1458,0.0009,0.625,2
PASSA TEMPO,MG,-20.55375,-44.55027778,H2 Verde,0.4108,0.5424,0.1458,0.5004,1.0,3
PASSA TEMPO,MG,-20.55375,-44.55027778,Eolica,0.3273,0.3336,0.1458,0.5004,1.0,4
PASSA TEMPO,MG,-20.55375,-44.55027778,Biomassa,0.2609,0.5424,0.1458,0.0009,0.875,5
PASSA-VINTE,MG,-22.18035945,-44.27777722,Solar,0.4167,0.6667,,0.5001,0.625,1
PASSA-VINTE,MG,-22.18035945,-44.27777722,Biometano,0.4001,1.0,,0.0002,0.25,2
PASSA-VINTE,MG,-22.18035945,-44.27777722,H2 Verde,0.3669,0.5421,,0.5001,0.625,3
PASSA-VINTE,MG,-22.18035945,-44.27777722,Eolica,0.2834,0.3334,,0.5001,0.625,4
PASSA-VINTE,MG,-22.18035945,-44.27777722,Biomassa,0.2169,0.5421,,0.0002,0.5,5
PASSO FUNDO,RS,-28.263437425,-52.394319769999996,Biometano,0.4059,0.8829,0.1758,,0.5,1
PASSO FUNDO,RS,-28.263437425,-52.394319769999996,Solar,0.3827,0.2944,0.1758,0.7074,0.875,2
PASSO FUNDO,RS,-28.263437425,-52.394319769999996,Eolica,0.3827,0.2944,0.1758,0.7074,0.875,2
PASSO FUNDO,RS,-28.263437425,-52.394319769999996,H2 Verde,0.3272,0.1557,0.1758,0.7074,0.875,3
PASSO FUNDO,RS,-28.263437425,-52.394319769999996,Biomassa,0.2327,0.45,0.1758,,0.75,4
PASSOS,MG,-20.73952376571429,-46.64357226285714,Biometano,0.4467,1.0,0.1545,0.0013,0.625,1
PASSOS,MG,-20.73952376571429,-46.64357226285714,Solar,0.3966,0.5,0.1545,0.5007,1.0,2
PASSOS,MG,-20.73952376571429,-46.64357226285714,H2 Verde,0.3467,0.3754,0.1545,0.5007,1.0,3
PASSOS,MG,-20.73952376571429,-46.64357226285714,Eolica,0.3302,0.3342,0.1545,0.5007,1.0,4
PASSOS,MG,-20.73952376571429,-46.64357226285714,Biomassa,0.2639,0.5429,0.1545,0.0013,0.875,5
PASSOS MAIA,SC,-26.725894485999998,-52.02853949599999,Solar,0.2802,0.4727,0.1135,0.1902,1.0,1
PASSOS MAIA,SC,-26.725894485999998,-52.02853949599999,H2 Verde,0.2725,0.4535,0.1135,0.1902,1.0,2
PASSOS MAIA,SC,-26.725894485999998,-52.02853949599999,Biometano,0.2009,0.4144,0.1135,0.0036,0.625,3
PASSOS MAIA,SC,-26.725894485999998,-52.02853949599999,Eolica,0.1468,0.1393,0.1135,0.1902,1.0,4
PASSOS MAIA,SC,-26.725894485999998,-52.02853949599999,Biomassa,0.1384,0.2583,0.1135,0.0036,0.875,5
PATO BRANCO,PR,-26.24653333,-52.70111111,Biometano,0.277,0.5405,0.2025,,0.5,1
PATO BRANCO,PR,-26.24653333,-52.70111111,Solar,0.257,0.1803,0.2025,0.4138,0.875,2
PATO BRANCO,PR,-26.24653333,-52.70111111,Eolica,0.257,0.1803,0.2025,0.4138,0.875,2
PATO BRANCO,PR,-26.24653333,-52.70111111,H2 Verde,0.2253,0.101,0.2025,0.4138,0.875,3
PATO BRANCO,PR,-26.24653333,-52.70111111,Biomassa,0.1732,0.2812,0.2025,,0.75,4
PATOS,PB,-7.02821081,-37.28153611,Solar,0.2103,0.3784,0.1467,0.0496,1.0,1
PATOS,PB,-7.02821081,-37.28153611,H2 Verde,0.1988,0.3498,0.1467,0.0496,1.0,2
PATOS,PB,-7.02821081,-37.28153611,Biometano,0.0981,0.1351,0.1467,0.0,0.625,3
PATOS,PB,-7.02821081,-37.28153611,Eolica,0.0769,0.0451,0.1467,0.0496,1.0,4
PATOS,PB,-7.02821081,-37.28153611,Biomassa,0.0686,0.0615,0.1467,0.0,0.875,5
PATOS DE MINAS,MG,-18.58993515777778,-46.51657989333333,Solar,0.4869,0.3335,0.1785,1.0,0.875,1
PATOS DE MINAS,MG,-18.58993515777778,-46.51657989333333,Eolica,0.4869,0.3335,0.1785,1.0,0.875,1
PATOS DE MINAS,MG,-18.58993515777778,-46.51657989333333,Biometano,0.4536,1.0,0.1785,,0.5,2
PATOS DE MINAS,MG,-18.58993515777778,-46.51657989333333,H2 Verde,0.4371,0.2089,0.1785,1.0,0.875,3
PATOS DE MINAS,MG,-18.58993515777778,-46.51657989333333,Biomassa,0.2704,0.5422,0.1785,,0.75,4
PATROCINIO,MG,-18.933629842222224,-46.980938215555554,Biometano,0.4488,1.0,0.1627,0.0,0.625,1
PATROCINIO,MG,-18.933629842222224,-46.980938215555554,Solar,0.348,0.3729,0.1627,0.5,1.0,2
PATROCINIO,MG,-18.933629842222224,-46.980938215555554,Eolica,0.3322,0.3334,0.1627,0.5,1.0,3
PATROCINIO,MG,-18.933629842222224,-46.980938215555554,H2 Verde,0.2981,0.2483,0.1627,0.5,1.0,4
PATROCINIO,MG,-18.933629842222224,-46.980938215555554,Biomassa,0.2657,0.5421,0.1627,0.0,0.875,5
PATROCINIO DO MURIAE,MG,-21.15484456,-42.21301898,Solar,0.4785,0.3333,0.1505,1.0,0.875,1
PATROCINIO DO MURIAE,MG,-21.15484456,-42.21301898,Eolica,0.4785,0.3333,0.1505,1.0,0.875,1
PATROCINIO DO MURIAE,MG,-21.15484456,-42.21301898,Biometano,0.4451,1.0,0.1505,,0.5,2
PATROCINIO DO MURIAE,MG,-21.15484456,-42.21301898,H2 Verde,0.4286,0.2087,0.1505,1.0,0.875,3
PATROCINIO DO MURIAE,MG,-21.15484456,-42.21301898,Biomassa,0.262,0.5421,0.1505,,0.75,4
PATROCINIO PAULISTA,SP,-20.739567366666666,-47.33704064666667,Biometano,0.3274,0.6937,0.1659,0.0004,0.625,1
PATROCINIO PAULISTA,SP,-20.739567366666666,-47.33704064666667,H2 Verde,0.31,0.3632,0.1659,0.383,1.0,2
PATROCINIO PAULISTA,SP,-20.739567366666666,-47.33704064666667,Biomassa,0.2764,0.5663,0.1659,0.0004,0.875,3
PATROCINIO PAULISTA,SP,-20.739567366666666,-47.33704064666667,Solar,0.2691,0.2611,0.1659,0.383,1.0,4
PATROCINIO PAULISTA,SP,-20.739567366666666,-47.33704064666667,Eolica,0.2579,0.233,0.1659,0.383,1.0,5
PATY DO ALFERES,RJ,-22.29388889,-43.41805556,H2 Verde,0.2586,0.4436,0.1673,0.1033,1.0,1
PATY DO ALFERES,RJ,-22.29388889,-43.41805556,Solar,0.2409,0.3994,0.1673,0.1033,1.0,2
PATY DO ALFERES,RJ,-22.29388889,-43.41805556,Biometano,0.1295,0.1982,0.1673,0.0001,0.625,3
PATY DO ALFERES,RJ,-22.29388889,-43.41805556,Biomassa,0.1208,0.1764,0.1673,0.0001,0.875,4
PATY DO ALFERES,RJ,-22.29388889,-43.41805556,Eolica,0.1076,0.0661,0.1673,0.1033,1.0,5
PAUINI,AM,-7.71559029,-66.99410287,H2 Verde,0.1065,0.0312,0.154,0.1593,0.875,1
PAUINI,AM,-7.71559029,-66.99410287,Solar,0.1013,0.0182,0.154,0.1593,0.875,2
PAUINI,AM,-7.71559029,-66.99410287,Eolica,0.1013,0.0182,0.154,0.1593,0.875,2
PAUINI,AM,-7.71559029,-66.99410287,Biometano,0.0678,0.0541,0.154,,0.5,3
PAUINI,AM,-7.71559029,-66.99410287,Biomassa,0.0659,0.0492,0.154,,0.75,4
PAULICEIA,SP,-21.30927611,-51.84714,H2 Verde,0.422,0.3343,0.1955,0.7655,0.875,1
PAULICEIA,SP,-21.30927611,-51.84714,Solar,0.3812,0.2322,0.1955,0.7655,0.875,2
PAULICEIA,SP,-21.30927611,-51.84714,Eolica,0.3812,0.2322,0.1955,0.7655,0.875,2
PAULICEIA,SP,-21.30927611,-51.84714,Biometano,0.3361,0.6937,0.1955,,0.5,3
PAULICEIA,SP,-21.30927611,-51.84714,Biomassa,0.2849,0.5656,0.1955,,0.75,4
PAULINIA,SP,-20.227464488888888,-41.90573583888889,H2 Verde,0.3224,0.338,0.2413,0.3828,1.0,1
PAULINIA,SP,-20.227464488888888,-41.90573583888889,Biometano,0.3026,0.5755,0.2413,0.0,0.875,2
PAULINIA,SP,-20.227464488888888,-41.90573583888889,Biomassa,0.3001,0.5692,0.2413,0.0,0.875,3
PAULINIA,SP,-20.227464488888888,-41.90573583888889,Eolica,0.2829,0.2393,0.2413,0.3828,1.0,4
PAULINIA,SP,-20.227464488888888,-41.90573583888889,Solar,0.2816,0.2359,0.2413,0.3828,1.0,5
PAULINO NEVES,MA,-2.701854559,-42.578551723,H2 Verde,0.2592,0.4231,0.1786,0.1213,1.0,1
PAULINO NEVES,MA,-2.701854559,-42.578551723,Solar,0.2498,0.3995,0.1786,0.1213,1.0,2
PAULINO NEVES,MA,-2.701854559,-42.578551723,Biometano,0.1311,0.1802,0.1786,0.0182,0.625,3
PAULINO NEVES,MA,-2.701854559,-42.578551723,Eolica,0.1203,0.0759,0.1786,0.1213,1.0,4
PAULINO NEVES,MA,-2.701854559,-42.578551723,Biomassa,0.119,0.1499,0.1786,0.0182,0.875,5
PAULISTA,PE,-7.940794163333333,-34.871060226666664,Biometano,0.152,0.2432,0.1824,,0.5,1
PAULISTA,PE,-7.940794163333333,-34.871060226666664,Solar,0.1479,0.0811,0.1824,0.2024,0.875,2
PAULISTA,PE,-7.940794163333333,-34.871060226666664,Eolica,0.1479,0.0811,0.1824,0.2024,0.875,2
PAULISTA,PE,-7.940794163333333,-34.871060226666664,H2 Verde,0.1392,0.0596,0.1824,0.2024,0.875,3
PAULISTA,PE,-7.940794163333333,-34.871060226666664,Biomassa,0.111,0.1406,0.1824,,0.75,4
PEABIRU,PR,-23.99530501,-52.23238902,Solar,0.3072,0.5136,0.1322,0.2071,1.0,1
PEABIRU,PR,-23.99530501,-52.23238902,H2 Verde,0.2755,0.4344,0.1322,0.2071,1.0,2
PEABIRU,PR,-23.99530501,-52.23238902,Biometano,0.256,0.5405,0.1322,0.0004,0.625,3
PEABIRU,PR,-23.99530501,-52.23238902,Eolica,0.1739,0.1803,0.1322,0.2071,1.0,4
PEABIRU,PR,-23.99530501,-52.23238902,Biomassa,0.1522,0.2812,0.1322,0.0004,0.875,5
PEDRA,PE,-8.82748442,-36.75920084,Solar,0.2424,0.4157,0.1508,0.1031,1.0,1
PEDRA,PE,-8.82748442,-36.75920084,H2 Verde,0.2338,0.3941,0.1508,0.1031,1.0,2
PEDRA,PE,-8.82748442,-36.75920084,Biometano,0.1437,0.2432,0.1508,0.0038,0.625,3
PEDRA,PE,-8.82748442,-36.75920084,Eolica,0.1091,0.0823,0.1508,0.1031,1.0,4
PEDRA,PE,-8.82748442,-36.75920084,Biomassa,0.1031,0.1419,0.1508,0.0038,0.875,5
PEDRA AZUL,MG,-15.89032128,-41.0510361,Solar,0.4765,0.3334,0.1438,1.0,0.875,1
PEDRA AZUL,MG,-15.89032128,-41.0510361,Eolica,0.4765,0.3334,0.1438,1.0,0.875,1
PEDRA AZUL,MG,-15.89032128,-41.0510361,Biometano,0.4431,1.0,0.1438,,0.5,2
PEDRA AZUL,MG,-15.89032128,-41.0510361,H2 Verde,0.4267,0.2088,0.1438,1.0,0.875,3
PEDRA AZUL,MG,-15.89032128,-41.0510361,Biomassa,0.26,0.5422,0.1438,,0.75,4
PEDRA DO INDAIA,MG,-20.27605811,-45.14919693,Solar,0.4624,0.6667,0.1523,0.5,1.0,1
PEDRA DO INDAIA,MG,-20.27605811,-45.14919693,Biometano,0.4457,1.0,0.1523,0.0001,0.625,2
PEDRA DO INDAIA,MG,-20.27605811,-45.14919693,H2 Verde,0.4125,0.5421,0.1523,0.5,1.0,3
PEDRA DO INDAIA,MG,-20.27605811,-45.14919693,Eolica,0.329,0.3334,0.1523,0.5,1.0,4
PEDRA DO INDAIA,MG,-20.27605811,-45.14919693,Biomassa,0.2625,0.5421,0.1523,0.0001,0.875,5
PEDRA GRANDE,RN,-5.099322822,-35.86017923333334,H2 Verde,0.2532,0.4141,0.1441,0.1479,1.0,1
PEDRA GRANDE,RN,-5.099322822,-35.86017923333334,Solar,0.2495,0.4048,0.1441,0.1479,1.0,2
PEDRA GRANDE,RN,-5.099322822,-35.86017923333334,Biometano,0.1265,0.1892,0.1441,0.0252,0.625,3
PEDRA GRANDE,RN,-5.099322822,-35.86017923333334,Eolica,0.1177,0.0752,0.1441,0.1479,1.0,4
PEDRA GRANDE,RN,-5.099322822,-35.86017923333334,Biomassa,0.1083,0.1439,0.1441,0.0252,0.875,5
PEDRA LAVRADA,PB,-6.757572745,-36.386360296,Biometano,0.0911,0.1351,0.1236,0.0,0.625,1
PEDRA LAVRADA,PB,-6.757572745,-36.386360296,Eolica,0.0779,0.0649,0.1236,0.0496,1.0,2
PEDRA LAVRADA,PB,-6.757572745,-36.386360296,Solar,0.07,0.045,0.1236,0.0496,1.0,3
PEDRA LAVRADA,PB,-6.757572745,-36.386360296,Biomassa,0.0617,0.0615,0.1236,0.0,0.875,4
PEDRA LAVRADA,PB,-6.757572745,-36.386360296,H2 Verde,0.0586,0.0165,0.1236,0.0496,1.0,5
PEDRA PRETA,MT,-16.658316815,-54.61334901,Solar,0.2617,0.3972,0.1755,0.1675,1.0,1
PEDRA PRETA,MT,-16.658316815,-54.61334901,H2 Verde,0.2476,0.3618,0.1755,0.1675,1.0,2
PEDRA PRETA,RN,-5.522672475999999,-36.085375158666665,H2 Verde,0.2402,0.4066,0.122,0.1366,1.0,3
PEDRA PRETA,RN,-5.522672475999999,-36.085375158666665,Solar,0.2365,0.3973,0.122,0.1366,1.0,4
PEDRA PRETA,MT,-16.658316815,-54.61334901,Biometano,0.129,0.1892,0.1755,0.0023,0.625,5
PEDRA PRETA,MT,-16.658316815,-54.61334901,Eolica,0.1284,0.0638,0.1755,0.1675,1.0,6
PEDRA PRETA,RN,-5.522672475999999,-36.085375158666665,Eolica,0.1162,0.0965,0.122,0.1366,1.0,7
PEDRA PRETA,RN,-5.522672475999999,-36.085375158666665,Biometano,0.113,0.1892,0.122,0.0026,0.625,8
PEDRA PRETA,RN,-5.522672475999999,-36.085375158666665,Biomassa,0.0919,0.1363,0.122,0.0026,0.875,9
PEDRA PRETA,MT,-16.658316815,-54.61334901,Biomassa,0.0899,0.0915,0.1755,0.0023,0.875,10
PEDRANOPOLIS,SP,-20.195369443333334,-50.04121296333333,H2 Verde,0.4314,0.6693,0.1589,0.3868,1.0,1
PEDRANOPOLIS,SP,-20.195369443333334,-50.04121296333333,Solar,0.3906,0.5672,0.1589,0.3868,1.0,2
PEDRANOPOLIS,SP,-20.195369443333334,-50.04121296333333,Biometano,0.3276,0.6937,0.1589,0.008,0.625,3
PEDRANOPOLIS,SP,-20.195369443333334,-50.04121296333333,Biomassa,0.277,0.5672,0.1589,0.008,0.875,4
PEDRANOPOLIS,SP,-20.195369443333334,-50.04121296333333,Eolica,0.2573,0.2339,0.1589,0.3868,1.0,5
PEDRAS DE FOGO,PB,-7.35327785,-35.02966974,Biometano,0.1019,0.1351,0.1593,,0.5,1
PEDRAS DE FOGO,PB,-7.35327785,-35.02966974,Solar,0.0959,0.0459,0.1593,0.0992,0.875,2
PEDRAS DE FOGO,PB,-7.35327785,-35.02966974,Eolica,0.0959,0.0459,0.1593,0.0992,0.875,2
PEDRAS DE FOGO,PB,-7.35327785,-35.02966974,H2 Verde,0.0845,0.0174,0.1593,0.0992,0.875,3
PEDRAS DE FOGO,PB,-7.35327785,-35.02966974,Biomassa,0.0728,0.0624,0.1593,,0.75,4
PEDRAS GRANDES,SC,-28.47102671,-49.19430286,Solar,0.2774,0.4436,0.1447,0.1884,1.0,1
PEDRAS GRANDES,SC,-28.47102671,-49.19430286,H2 Verde,0.2697,0.4244,0.1447,0.1884,1.0,2
PEDRAS GRANDES,SC,-28.47102671,-49.19430286,Biometano,0.2092,0.4144,0.1447,0.0,0.625,3
PEDRAS GRANDES,SC,-28.47102671,-49.19430286,Eolica,0.1552,0.1382,0.1447,0.1884,1.0,4
PEDRAS GRANDES,SC,-28.47102671,-49.19430286,Biomassa,0.1463,0.2571,0.1447,0.0,0.875,5
PEDREIRA,SP,-22.76780959,-46.904321759999995,H2 Verde,0.4188,0.6485,0.1481,0.3833,1.0,1
PEDREIRA,SP,-22.76780959,-46.904321759999995,Solar,0.378,0.5464,0.1481,0.3833,1.0,2
PEDREIRA,SP,-22.76780959,-46.904321759999995,Biometano,0.3222,0.6937,0.1481,0.001,0.625,3
PEDREIRA,SP,-22.76780959,-46.904321759999995,Biomassa,0.2707,0.5649,0.1481,0.001,0.875,4
PEDREIRA,SP,-22.76780959,-46.904321759999995,Eolica,0.2521,0.2316,0.1481,0.3833,1.0,5
PEDRO AFONSO,TO,-9.19801513,-48.14333793,Solar,0.1076,0.0384,0.1883,0.1192,0.875,1
PEDRO AFONSO,TO,-9.19801513,-48.14333793,Eolica,0.1076,0.0384,0.1883,0.1192,0.875,1
PEDRO AFONSO,TO,-9.19801513,-48.14333793,H2 Verde,0.105,0.0318,0.1883,0.1192,0.875,2
PEDRO AFONSO,TO,-9.19801513,-48.14333793,Biometano,0.0997,0.1081,0.1883,,0.5,3
PEDRO AFONSO,TO,-9.19801513,-48.14333793,Biomassa,0.0836,0.0679,0.1883,,0.75,4
PEDRO AVELINO,RN,-5.536422314782609,-36.24262895565217,H2 Verde,0.2474,0.4222,0.1019,0.16,1.0,1
PEDRO AVELINO,RN,-5.536422314782609,-36.24262895565217,Solar,0.2437,0.4129,0.1019,0.16,1.0,2
PEDRO AVELINO,RN,-5.536422314782609,-36.24262895565217,Eolica,0.1211,0.1063,0.1019,0.16,1.0,3
PEDRO AVELINO,RN,-5.536422314782609,-36.24262895565217,Biometano,0.1211,0.1892,0.1019,0.0494,0.625,3
PEDRO AVELINO,RN,-5.536422314782609,-36.24262895565217,Biomassa,0.1062,0.1519,0.1019,0.0494,0.875,4
PEDRO LEOPOLDO,MG,-19.628472225000003,-44.027777779999994,Solar,0.4801,0.3334,0.1556,1.0,0.875,1
PEDRO LEOPOLDO,MG,-19.628472225000003,-44.027777779999994,Eolica,0.4801,0.3334,0.1556,1.0,0.875,1
PEDRO LEOPOLDO,MG,-19.628472225000003,-44.027777779999994,Biometano,0.4467,1.0,0.1556,,0.5,2
PEDRO LEOPOLDO,MG,-19.628472225000003,-44.027777779999994,H2 Verde,0.4302,0.2088,0.1556,1.0,0.875,3
PEDRO LEOPOLDO,MG,-19.628472225000003,-44.027777779999994,Biomassa,0.2635,0.5421,0.1556,,0.75,4
PEIXE,TO,-12.23546655,-48.38636694,Solar,0.2112,0.3841,0.1099,0.0818,1.0,1
PEIXE,TO,-12.23546655,-48.38636694,H2 Verde,0.2085,0.3776,0.1099,0.0818,1.0,2
PEIXE,TO,-12.23546655,-48.38636694,Biometano,0.0895,0.1081,0.1099,0.0443,0.625,3
PEIXE,TO,-12.23546655,-48.38636694,Biomassa,0.0784,0.0803,0.1099,0.0443,0.875,4
PEIXE,TO,-12.23546655,-48.38636694,Eolica,0.0778,0.0508,0.1099,0.0818,1.0,5
PELOTAS,RS,-18.645026727058823,-30.78734512294118,Biometano,0.3977,0.8829,0.1483,0.0001,0.625,1
PELOTAS,RS,-18.645026727058823,-30.78734512294118,Solar,0.3052,0.3866,0.1483,0.3537,1.0,2
PELOTAS,RS,-18.645026727058823,-30.78734512294118,Eolica,0.2684,0.2944,0.1483,0.3537,1.0,3
PELOTAS,RS,-18.645026727058823,-30.78734512294118,H2 Verde,0.2498,0.2479,0.1483,0.3537,1.0,4
PELOTAS,RS,-18.645026727058823,-30.78734512294118,Biomassa,0.2245,0.45,0.1483,0.0001,0.875,5
PENAPOLIS,SP,-21.46171861,-50.098582085000004,Biometano,0.3233,0.6937,0.1529,0.0,0.625,1
PENAPOLIS,SP,-21.46171861,-50.098582085000004,H2 Verde,0.3155,0.387,0.1529,0.3828,1.0,2
PENAPOLIS,SP,-21.46171861,-50.098582085000004,Solar,0.2747,0.2849,0.1529,0.3828,1.0,3
PENAPOLIS,SP,-21.46171861,-50.098582085000004,Biomassa,0.2717,0.5646,0.1529,0.0,0.875,4
PENAPOLIS,SP,-21.46171861,-50.098582085000004,Eolica,0.2532,0.2313,0.1529,0.3828,1.0,5
PENDENCIAS,RN,-5.26399169,-36.71959439,H2 Verde,0.2373,0.4058,0.1145,0.1354,1.0,1
PENDENCIAS,RN,-5.26399169,-36.71959439,Solar,0.2336,0.3965,0.1145,0.1354,1.0,2
PENDENCIAS,RN,-5.26399169,-36.71959439,Biometano,0.1101,0.1892,0.1145,0.0003,0.625,3
PENDENCIAS,RN,-5.26399169,-36.71959439,Eolica,0.1002,0.0632,0.1145,0.1354,1.0,4
PENDENCIAS,RN,-5.26399169,-36.71959439,Biomassa,0.0887,0.1355,0.1145,0.0003,0.875,5
PENEDO,AL,-10.290583335,-36.514250000000004,Biometano,0.0788,0.0991,0.1306,0.0,0.625,1
PENEDO,AL,-10.290583335,-36.514250000000004,Solar,0.0772,0.0635,0.1306,0.0421,1.0,2
PENEDO,AL,-10.290583335,-36.514250000000004,H2 Verde,0.0733,0.0536,0.1306,0.0421,1.0,3
PENEDO,AL,-10.290583335,-36.514250000000004,Eolica,0.0651,0.0332,0.1306,0.0421,1.0,4
PENEDO,AL,-10.290583335,-36.514250000000004,Biomassa,0.0617,0.0563,0.1306,0.0,0.875,5
PERDIZES,MG,-19.408338084999997,-47.343370144999994,Solar,0.4651,0.6503,0.183,0.5001,1.0,1
PERDIZES,MG,-19.408338084999997,-47.343370144999994,Biometano,0.455,1.0,0.183,0.0003,0.625,2
PERDIZES,MG,-19.408338084999997,-47.343370144999994,H2 Verde,0.4152,0.5257,0.183,0.5001,1.0,3
PERDIZES,MG,-19.408338084999997,-47.343370144999994,Eolica,0.3383,0.3334,0.183,0.5001,1.0,4
PERDIZES,MG,-19.408338084999997,-47.343370144999994,Biomassa,0.2719,0.5422,0.183,0.0003,0.875,5
PEREIRA BARRETO,SP,-20.607547654285717,-51.25912816142857,H2 Verde,0.4039,0.6191,0.1291,0.3918,1.0,1
PEREIRA BARRETO,SP,-20.607547654285717,-51.25912816142857,Solar,0.3631,0.517,0.1291,0.3918,1.0,2
PEREIRA BARRETO,SP,-20.607547654285717,-51.25912816142857,Biometano,0.3216,0.6937,0.1291,0.0181,0.625,3
PEREIRA BARRETO,SP,-20.607547654285717,-51.25912816142857,Biomassa,0.2729,0.5718,0.1291,0.0181,0.875,4
PEREIRA BARRETO,SP,-20.607547654285717,-51.25912816142857,Eolica,0.2517,0.2384,0.1291,0.3918,1.0,5
PERITIBA,SC,-27.30361111,-51.90361111,Solar,0.2863,0.4715,0.1373,0.1884,1.0,1
PERITIBA,SC,-27.30361111,-51.90361111,H2 Verde,0.2786,0.4523,0.1373,0.1884,1.0,2
PERITIBA,SC,-27.30361111,-51.90361111,Biometano,0.207,0.4144,0.1373,0.0001,0.625,3
PERITIBA,SC,-27.30361111,-51.90361111,Eolica,0.153,0.1382,0.1373,0.1884,1.0,4
PERITIBA,SC,-27.30361111,-51.90361111,Biomassa,0.1441,0.2571,0.1373,0.0001,0.875,5
PEROBAL,PR,-23.90916666,-53.47242222,Biometano,0.2754,0.5405,0.1973,,0.5,1
PEROBAL,PR,-23.90916666,-53.47242222,Solar,0.2554,0.1803,0.1973,0.4138,0.875,2
PEROBAL,PR,-23.90916666,-53.47242222,Eolica,0.2554,0.1803,0.1973,0.4138,0.875,2
PEROBAL,PR,-23.90916666,-53.47242222,H2 Verde,0.2237,0.101,0.1973,0.4138,0.875,3
PEROBAL,PR,-23.90916666,-53.47242222,Biomassa,0.1717,0.2812,0.1973,,0.75,4
PEROLANDIA,GO,-17.52016266,-52.03963455,Solar,0.1648,0.1015,0.1384,0.2756,0.875,1
PEROLANDIA,GO,-17.52016266,-52.03963455,Eolica,0.1648,0.1015,0.1384,0.2756,0.875,1
PEROLANDIA,GO,-17.52016266,-52.03963455,Biometano,0.1604,0.2973,0.1384,,0.5,2
PEROLANDIA,GO,-17.52016266,-52.03963455,H2 Verde,0.1598,0.089,0.1384,0.2756,0.875,3
PEROLANDIA,GO,-17.52016266,-52.03963455,Biomassa,0.1168,0.1881,0.1384,,0.75,4
PETROLANDIA,SC,-13.79826389,-24.870055555,Solar,0.2933,0.4715,0.1603,0.1885,1.0,1
PETROLANDIA,SC,-13.79826389,-24.870055555,H2 Verde,0.2856,0.4524,0.1603,0.1885,1.0,2
PETROLANDIA,SC,-13.79826389,-24.870055555,Biometano,0.2139,0.4144,0.1603,0.0002,0.625,3
PETROLANDIA,SC,-13.79826389,-24.870055555,Eolica,0.1599,0.1382,0.1603,0.1885,1.0,4
PETROLANDIA,SC,-13.79826389,-24.870055555,Biomassa,0.151,0.2572,0.1603,0.0002,0.875,5
PETROLINA,PE,-9.39359083,-40.494249445,Biometano,0.1638,0.2432,0.2218,,0.5,1
PETROLINA,PE,-9.39359083,-40.494249445,Solar,0.1613,0.0851,0.2218,0.2024,0.875,2
PETROLINA,PE,-9.39359083,-40.494249445,Eolica,0.1613,0.0851,0.2218,0.2024,0.875,2
PETROLINA,PE,-9.39359083,-40.494249445,H2 Verde,0.1527,0.0636,0.2218,0.2024,0.875,3
PETROLINA,PE,-9.39359083,-40.494249445,Biomassa,0.1244,0.1446,0.2218,,0.75,4
PETROPOLIS,RJ,-22.41995374,-43.144600376666666,H2 Verde,0.1677,0.2402,0.1356,0.1032,1.0,1
PETROPOLIS,RJ,-22.41995374,-43.144600376666666,Solar,0.1501,0.196,0.1356,0.1032,1.0,2
PETROPOLIS,RJ,-22.41995374,-43.144600376666666,Biometano,0.12,0.1982,0.1356,0.0001,0.625,3
PETROPOLIS,RJ,-22.41995374,-43.144600376666666,Biomassa,0.1113,0.1764,0.1356,0.0001,0.875,4
PETROPOLIS,RJ,-22.41995374,-43.144600376666666,Eolica,0.0981,0.0661,0.1356,0.1032,1.0,5
PIATA,BA,-13.09702454,-41.8507338,Solar,0.3916,0.5435,0.1638,0.4168,1.0,1
PIATA,BA,-13.09702454,-41.8507338,H2 Verde,0.3712,0.4926,0.1638,0.4168,1.0,2
PIATA,BA,-13.09702454,-41.8507338,Biometano,0.3014,0.6306,0.1638,0.0,0.625,3
PIATA,BA,-13.09702454,-41.8507338,Eolica,0.2583,0.2102,0.1638,0.4168,1.0,4
PIATA,BA,-13.09702454,-41.8507338,Biomassa,0.1969,0.3695,0.1638,0.0,0.875,5
PIAU,MG,-21.48916667,-43.40222222,Solar,0.457,0.6672,0.133,0.5008,1.0,1
PIAU,MG,-21.48916667,-43.40222222,Biometano,0.4404,1.0,0.133,0.0016,0.625,2
PIAU,MG,-21.48916667,-43.40222222,H2 Verde,0.4072,0.5426,0.133,0.5008,1.0,3
PIAU,MG,-21.48916667,-43.40222222,Eolica,0.3237,0.3339,0.133,0.5008,1.0,4
PIAU,MG,-21.48916667,-43.40222222,Biomassa,0.2574,0.5426,0.133,0.0016,0.875,5
PICUI,PB,-6.022041251818181,-33.04491155181818,Solar,0.208,0.3784,0.1393,0.0496,1.0,1
PICUI,PB,-6.022041251818181,-33.04491155181818,H2 Verde,0.1966,0.3498,0.1393,0.0496,1.0,2
PICUI,PB,-6.022041251818181,-33.04491155181818,Biometano,0.0958,0.1351,0.1393,0.0,0.625,3
PICUI,PB,-6.022041251818181,-33.04491155181818,Eolica,0.0854,0.0718,0.1393,0.0496,1.0,4
PICUI,PB,-6.022041251818181,-33.04491155181818,Biomassa,0.0664,0.0615,0.1393,0.0,0.875,5
PIEDADE,SP,-23.92373204,-47.377649989999995,H2 Verde,0.4244,0.6667,0.1429,0.3828,1.0,1
PIEDADE,SP,-23.92373204,-47.377649989999995,Solar,0.3835,0.5646,0.1429,0.3828,1.0,2
PIEDADE,SP,-23.92373204,-47.377649989999995,Biometano,0.3204,0.6937,0.1429,0.0,0.625,3
PIEDADE,SP,-23.92373204,-47.377649989999995,Biomassa,0.2687,0.5646,0.1429,0.0,0.875,4
PIEDADE,SP,-23.92373204,-47.377649989999995,Eolica,0.2502,0.2312,0.1429,0.3828,1.0,5
PILAR DO SUL,SP,-23.830586423333333,-47.66252226333333,H2 Verde,0.4265,0.6668,0.1495,0.383,1.0,1
PILAR DO SUL,SP,-23.830586423333333,-47.66252226333333,Solar,0.3856,0.5647,0.1495,0.383,1.0,2
PILAR DO SUL,SP,-23.830586423333333,-47.66252226333333,Biometano,0.3225,0.6937,0.1495,0.0005,0.625,3
PILAR DO SUL,SP,-23.830586423333333,-47.66252226333333,Biomassa,0.2709,0.5647,0.1495,0.0005,0.875,4
PILAR DO SUL,SP,-23.830586423333333,-47.66252226333333,Eolica,0.2523,0.2314,0.1495,0.383,1.0,5
PIMENTA BUENO,RO,-11.89295168,-61.078356465,H2 Verde,0.2109,0.3625,0.1476,0.072,1.0,1
PIMENTA BUENO,RO,-11.89295168,-61.078356465,Solar,0.2007,0.3371,0.1476,0.072,1.0,2
PIMENTA BUENO,RO,-11.89295168,-61.078356465,Biometano,0.0938,0.1171,0.1476,0.0088,0.625,3
PIMENTA BUENO,RO,-11.89295168,-61.078356465,Biomassa,0.0897,0.1068,0.1476,0.0088,0.875,4
PIMENTA BUENO,RO,-11.89295168,-61.078356465,Eolica,0.0837,0.0446,0.1476,0.072,1.0,5
PIMENTEIRAS DO OESTE,RO,-12.57412121,-61.49030303,H2 Verde,0.2152,0.3979,0.119,0.0678,1.0,1
PIMENTEIRAS DO OESTE,RO,-12.57412121,-61.49030303,Solar,0.205,0.3725,0.119,0.0678,1.0,2
PIMENTEIRAS DO OESTE,RO,-12.57412121,-61.49030303,Biometano,0.0826,0.1171,0.119,0.0003,0.625,3
PIMENTEIRAS DO OESTE,RO,-12.57412121,-61.49030303,Biomassa,0.0772,0.1036,0.119,0.0003,0.875,4
PIMENTEIRAS DO OESTE,RO,-12.57412121,-61.49030303,Eolica,0.0717,0.0392,0.119,0.0678,1.0,5
PINDAI,BA,-14.388746661363637,-42.628665525,Solar,0.3876,0.5538,0.1212,0.4323,1.0,1
PINDAI,BA,-14.388746661363637,-42.628665525,H2 Verde,0.3672,0.5029,0.1212,0.4323,1.0,2
PINDAI,BA,-14.388746661363637,-42.628665525,Biometano,0.2979,0.6306,0.1212,0.0309,0.625,3
PINDAI,BA,-14.388746661363637,-42.628665525,Eolica,0.2542,0.2205,0.1212,0.4323,1.0,4
PINDAI,BA,-14.388746661363637,-42.628665525,Biomassa,0.1975,0.3798,0.1212,0.0309,0.875,5
PINDAMONHANGABA,SP,-22.880782507142857,-45.45102984,H2 Verde,0.3758,0.5198,0.1767,0.383,1.0,1
PINDAMONHANGABA,SP,-22.880782507142857,-45.45102984,Solar,0.335,0.4177,0.1767,0.383,1.0,2
PINDAMONHANGABA,SP,-22.880782507142857,-45.45102984,Biometano,0.3306,0.6937,0.1767,0.0005,0.625,3
PINDAMONHANGABA,SP,-22.880782507142857,-45.45102984,Biomassa,0.2791,0.5648,0.1767,0.0005,0.875,4
PINDAMONHANGABA,SP,-22.880782507142857,-45.45102984,Eolica,0.2605,0.2315,0.1767,0.383,1.0,5
PINDORETAMA,CE,-4.04305556,-38.29694444,H2 Verde,0.2962,0.4538,0.2003,0.1821,1.0,1
PINDORETAMA,CE,-4.04305556,-38.29694444,Solar,0.2949,0.4506,0.2003,0.1821,1.0,2
PINDORETAMA,CE,-4.04305556,-38.29694444,Biometano,0.2007,0.3514,0.2003,0.0004,0.625,3
PINDORETAMA,CE,-4.04305556,-38.29694444,Eolica,0.1616,0.1173,0.2003,0.1821,1.0,4
PINDORETAMA,CE,-4.04305556,-38.29694444,Biomassa,0.1552,0.2376,0.2003,0.0004,0.875,5
PINHAL GRANDE,RS,-29.26071944,-53.23588333,Solar,0.3986,0.6425,0.0963,0.3759,1.0,1
PINHAL GRANDE,RS,-29.26071944,-53.23588333,Biometano,0.3954,0.8829,0.0963,0.0445,0.625,2
PINHAL GRANDE,RS,-29.26071944,-53.23588333,H2 Verde,0.3432,0.5038,0.0963,0.3759,1.0,3
PINHAL GRANDE,RS,-29.26071944,-53.23588333,Eolica,0.2653,0.3091,0.0963,0.3759,1.0,4
PINHAL GRANDE,RS,-29.26071944,-53.23588333,Biomassa,0.2281,0.4647,0.0963,0.0445,0.875,5
PINHALAO,PR,-23.77834074,-50.04221879,Solar,0.3129,0.5135,0.1512,0.207,1.0,1
PINHALAO,PR,-23.77834074,-50.04221879,H2 Verde,0.2812,0.4343,0.1512,0.207,1.0,2
PINHALAO,PR,-23.77834074,-50.04221879,Biometano,0.2616,0.5405,0.1512,0.0001,0.625,3
PINHALAO,PR,-23.77834074,-50.04221879,Eolica,0.1795,0.1802,0.1512,0.207,1.0,4
PINHALAO,PR,-23.77834074,-50.04221879,Biomassa,0.1578,0.2811,0.1512,0.0001,0.875,5
PINHAO,PR,-25.683421296666666,-51.929879629999995,Solar,0.3082,0.5136,0.1356,0.207,1.0,1
PINHAO,PR,-25.683421296666666,-51.929879629999995,H2 Verde,0.2765,0.4343,0.1356,0.207,1.0,2
PINHAO,PR,-25.683421296666666,-51.929879629999995,Biometano,0.257,0.5405,0.1356,0.0003,0.625,3
PINHAO,PR,-25.683421296666666,-51.929879629999995,Eolica,0.1749,0.1803,0.1356,0.207,1.0,4
PINHAO,PR,-25.683421296666666,-51.929879629999995,Biomassa,0.1532,0.2812,0.1356,0.0003,0.875,5
PINHEIRO MACHADO,RS,-31.5803762325,-53.510379289999996,Biometano,0.3844,0.8829,0.1043,0.0,0.625,1
PINHEIRO MACHADO,RS,-31.5803762325,-53.510379289999996,Eolica,0.2586,0.3031,0.1043,0.3537,1.0,2
PINHEIRO MACHADO,RS,-31.5803762325,-53.510379289999996,Solar,0.2551,0.2943,0.1043,0.3537,1.0,3
PINHEIRO MACHADO,RS,-31.5803762325,-53.510379289999996,Biomassa,0.2112,0.4499,0.1043,0.0,0.875,4
PINHEIRO MACHADO,RS,-31.5803762325,-53.510379289999996,H2 Verde,0.1996,0.1556,0.1043,0.3537,1.0,5
PINHEIRO PRETO,SC,-27.04924997,-51.23305368,Solar,0.2943,0.4715,0.1639,0.1884,1.0,1
PINHEIRO PRETO,SC,-27.04924997,-51.23305368,H2 Verde,0.2866,0.4523,0.1639,0.1884,1.0,2
PINHEIRO PRETO,SC,-27.04924997,-51.23305368,Biometano,0.215,0.4144,0.1639,0.0001,0.625,3
PINHEIRO PRETO,SC,-27.04924997,-51.23305368,Eolica,0.161,0.1382,0.1639,0.1884,1.0,4
PINHEIRO PRETO,SC,-27.04924997,-51.23305368,Biomassa,0.1521,0.2571,0.1639,0.0001,0.875,5
PINTOPOLIS,MG,-16.0953083325,-45.6099402775,Biometano,0.4397,1.0,0.1325,0.0,0.625,1
PINTOPOLIS,MG,-16.0953083325,-45.6099402775,Eolica,0.3262,0.3412,0.1325,0.5,1.0,2
PINTOPOLIS,MG,-16.0953083325,-45.6099402775,Solar,0.3231,0.3333,0.1325,0.5,1.0,3
PINTOPOLIS,MG,-16.0953083325,-45.6099402775,H2 Verde,0.2732,0.2087,0.1325,0.5,1.0,4
PINTOPOLIS,MG,-16.0953083325,-45.6099402775,Biomassa,0.2566,0.5421,0.1325,0.0,0.875,5
PIRACAIA,SP,0.0,0.0,H2 Verde,0.4256,0.6667,0.147,0.3828,1.0,1
PIRACAIA,SP,0.0,0.0,Solar,0.3848,0.5646,0.147,0.3828,1.0,2
PIRACAIA,SP,0.0,0.0,Biometano,0.3216,0.6937,0.147,0.0,0.625,3
PIRACAIA,SP,0.0,0.0,Biomassa,0.2699,0.5646,0.147,0.0,0.875,4
PIRACAIA,SP,0.0,0.0,Eolica,0.2514,0.2312,0.147,0.3828,1.0,5
PIRACANJUBA,GO,-17.38821667,-49.21722222,Solar,0.2591,0.4326,0.1491,0.138,1.0,1
PIRACANJUBA,GO,-17.38821667,-49.21722222,H2 Verde,0.2542,0.4201,0.1491,0.138,1.0,2
PIRACANJUBA,GO,-17.38821667,-49.21722222,Biometano,0.1638,0.2973,0.1491,0.0004,0.625,3
PIRACANJUBA,GO,-17.38821667,-49.21722222,Eolica,0.1258,0.0992,0.1491,0.138,1.0,4
PIRACANJUBA,GO,-17.38821667,-49.21722222,Biomassa,0.1192,0.1859,0.1491,0.0004,0.875,5
PIRACICABA,SP,-21.28733698625,-44.6603968525,H2 Verde,0.3167,0.3528,0.2022,0.383,1.0,1
PIRACICABA,SP,-21.28733698625,-44.6603968525,Biomassa,0.2878,0.5675,0.2022,0.0004,0.875,2
PIRACICABA,SP,-21.28733698625,-44.6603968525,Solar,0.2758,0.2507,0.2022,0.383,1.0,3
PIRACICABA,SP,-21.28733698625,-44.6603968525,Eolica,0.2692,0.2341,0.2022,0.383,1.0,4
PIRACICABA,SP,-21.28733698625,-44.6603968525,Biometano,0.2681,0.5183,0.2022,0.0004,0.875,5
PIRAI,RJ,-22.679827558,-43.870155018000005,H2 Verde,0.2686,0.4601,0.1506,0.1312,1.0,1
PIRAI,RJ,-22.679827558,-43.870155018000005,Solar,0.2509,0.4159,0.1506,0.1312,1.0,2
PIRAI,RJ,-22.679827558,-43.870155018000005,Biometano,0.1412,0.1982,0.1506,0.0559,0.625,3
PIRAI,RJ,-22.679827558,-43.870155018000005,Biomassa,0.14,0.1951,0.1506,0.0559,0.875,4
PIRAI,RJ,-22.679827558,-43.870155018000005,Eolica,0.1184,0.0848,0.1506,0.1312,1.0,5
PIRAI DO SUL,PR,-24.532358,-49.941331,Biometano,0.2584,0.5405,0.1405,,0.5,1
PIRAI DO SUL,PR,-24.532358,-49.941331,Solar,0.2385,0.1804,0.1405,0.4138,0.875,2
PIRAI DO SUL,PR,-24.532358,-49.941331,Eolica,0.2385,0.1804,0.1405,0.4138,0.875,2
PIRAI DO SUL,PR,-24.532358,-49.941331,H2 Verde,0.2068,0.1012,0.1405,0.4138,0.875,3
PIRAI DO SUL,PR,-24.532358,-49.941331,Biomassa,0.1547,0.2814,0.1405,,0.75,4
PIRAJU,SP,-23.17096537,-49.382218595,H2 Verde,0.428,0.6697,0.1466,0.3873,1.0,1
PIRAJU,SP,-23.17096537,-49.382218595,Solar,0.3872,0.5676,0.1466,0.3873,1.0,2
PIRAJU,SP,-23.17096537,-49.382218595,Biometano,0.3242,0.6937,0.1466,0.009,0.625,3
PIRAJU,SP,-23.17096537,-49.382218595,Biomassa,0.2737,0.5676,0.1466,0.009,0.875,4
PIRAJU,SP,-23.17096537,-49.382218595,Eolica,0.2539,0.2342,0.1466,0.3873,1.0,5
PIRAJUBA,MG,-19.95935386,-48.69663805,Solar,0.4888,0.3359,0.1815,1.0,0.875,1
PIRAJUBA,MG,-19.95935386,-48.69663805,Eolica,0.4888,0.3359,0.1815,1.0,0.875,1
PIRAJUBA,MG,-19.95935386,-48.69663805,Biometano,0.4544,1.0,0.1815,,0.5,2
PIRAJUBA,MG,-19.95935386,-48.69663805,H2 Verde,0.439,0.2113,0.1815,1.0,0.875,3
PIRAJUBA,MG,-19.95935386,-48.69663805,Biomassa,0.2723,0.5446,0.1815,,0.75,4
PIRANGI,SP,-21.09963194,-48.66984194,H2 Verde,0.4061,0.3334,0.1434,0.7655,0.875,1
PIRANGI,SP,-21.09963194,-48.66984194,Solar,0.3652,0.2313,0.1434,0.7655,0.875,2
PIRANGI,SP,-21.09963194,-48.66984194,Eolica,0.3652,0.2313,0.1434,0.7655,0.875,2
PIRANGI,SP,-21.09963194,-48.66984194,Biometano,0.3205,0.6937,0.1434,,0.5,3
PIRANGI,SP,-21.09963194,-48.66984194,Biomassa,0.2689,0.5647,0.1434,,0.75,4
PIRANGUCU,MG,-22.60083336,-45.54748278,Solar,0.4692,0.6669,0.1746,0.5003,1.0,1
PIRANGUCU,MG,-22.60083336,-45.54748278,Biometano,0.4526,1.0,0.1746,0.0006,0.625,2
PIRANGUCU,MG,-22.60083336,-45.54748278,H2 Verde,0.4194,0.5423,0.1746,0.5003,1.0,3
PIRANGUCU,MG,-22.60083336,-45.54748278,Eolica,0.3359,0.3335,0.1746,0.5003,1.0,4
PIRANGUCU,MG,-22.60083336,-45.54748278,Biomassa,0.2695,0.5423,0.1746,0.0006,0.875,5
PIRANHAS,GO,-16.59156518,-51.80620284,Solar,0.2589,0.433,0.1473,0.1386,1.0,1
PIRANHAS,GO,-16.59156518,-51.80620284,H2 Verde,0.254,0.4205,0.1473,0.1386,1.0,2
PIRANHAS,SE,-9.61958018,-37.7925598,Solar,0.2429,0.439,,0.2242,0.625,3
PIRANHAS,SE,-9.61958018,-37.7925598,H2 Verde,0.238,0.427,,0.2242,0.625,4
PIRANHAS,GO,-16.59156518,-51.80620284,Biometano,0.1636,0.2973,0.1473,0.0016,0.625,5
PIRANHAS,SE,-9.61958018,-37.7925598,Biomassa,0.1266,0.1057,,0.281,0.5,6
PIRANHAS,GO,-16.59156518,-51.80620284,Eolica,0.1256,0.0996,0.1473,0.1386,1.0,7
PIRANHAS,GO,-16.59156518,-51.80620284,Biomassa,0.1192,0.1863,0.1473,0.0016,0.875,8
PIRANHAS,SE,-9.61958018,-37.7925598,Eolica,0.1095,0.1057,,0.2242,0.625,9
PIRANHAS,SE,-9.61958018,-37.7925598,Biometano,0.0987,0.036,,0.281,0.25,10
PIRAPORA,MG,-17.369890035294116,-44.887712044705886,Solar,0.4823,0.6908,0.15,0.5366,1.0,1
PIRAPORA,MG,-17.369890035294116,-44.887712044705886,Biometano,0.467,1.0,0.15,0.0732,0.625,2
PIRAPORA,MG,-17.369890035294116,-44.887712044705886,H2 Verde,0.4325,0.5662,0.15,0.5366,1.0,3
PIRAPORA,MG,-17.369890035294116,-44.887712044705886,Eolica,0.3592,0.383,0.15,0.5366,1.0,4
PIRAPORA,MG,-17.369890035294116,-44.887712044705886,Biomassa,0.2936,0.5665,0.15,0.0732,0.875,5
PIRAPORA DO BOM JESUS,SP,-23.387213135,-47.012298465,H2 Verde,0.4359,0.6681,0.1773,0.3849,1.0,1
PIRAPORA DO BOM JESUS,SP,-23.387213135,-47.012298465,Solar,0.395,0.566,0.1773,0.3849,1.0,2
PIRAPORA DO BOM JESUS,SP,-23.387213135,-47.012298465,Biometano,0.3319,0.6937,0.1773,0.0042,0.625,3
PIRAPORA DO BOM JESUS,SP,-23.387213135,-47.012298465,Biomassa,0.2808,0.566,0.1773,0.0042,0.875,4
PIRAPORA DO BOM JESUS,SP,-23.387213135,-47.012298465,Eolica,0.2617,0.2326,0.1773,0.3849,1.0,5
PIRAPOZINHO,SP,-22.24111111,-51.42611111,H2 Verde,0.4064,0.3333,0.1447,0.7655,0.875,1
PIRAPOZINHO,SP,-22.24111111,-51.42611111,Solar,0.3656,0.2312,0.1447,0.7655,0.875,2
PIRAPOZINHO,SP,-22.24111111,-51.42611111,Eolica,0.3656,0.2312,0.1447,0.7655,0.875,2
PIRAPOZINHO,SP,-22.24111111,-51.42611111,Biometano,0.3209,0.6937,0.1447,,0.5,3
PIRAPOZINHO,SP,-22.24111111,-51.42611111,Biomassa,0.2692,0.5646,0.1447,,0.75,4
PIRASSUNUNGA,SP,-21.948596774285715,-47.396262525714285,Biometano,0.3234,0.6937,0.1526,0.0006,0.625,1
PIRASSUNUNGA,SP,-21.948596774285715,-47.396262525714285,H2 Verde,0.3012,0.3513,0.1526,0.3831,1.0,2
PIRASSUNUNGA,SP,-21.948596774285715,-47.396262525714285,Biomassa,0.2741,0.5704,0.1526,0.0006,0.875,3
PIRASSUNUNGA,SP,-21.948596774285715,-47.396262525714285,Solar,0.2604,0.2492,0.1526,0.3831,1.0,4
PIRASSUNUNGA,SP,-21.948596774285715,-47.396262525714285,Eolica,0.2555,0.2371,0.1526,0.3831,1.0,5
PIRATINI,RS,-31.41267667,-53.07386755,Biometano,0.3849,0.8829,0.1059,,0.5,1
PIRATINI,RS,-31.41267667,-53.07386755,Solar,0.3618,0.2946,0.1059,0.7074,0.875,2
PIRATINI,RS,-31.41267667,-53.07386755,Eolica,0.3618,0.2946,0.1059,0.7074,0.875,2
PIRATINI,RS,-31.41267667,-53.07386755,H2 Verde,0.3063,0.1559,0.1059,0.7074,0.875,3
PIRATINI,RS,-31.41267667,-53.07386755,Biomassa,0.2118,0.4502,0.1059,,0.75,4
PIRATUBA,SC,-27.471398025,-51.776081065,Solar,0.3293,0.5052,0.1851,0.239,1.0,1
PIRATUBA,SC,-27.471398025,-51.776081065,H2 Verde,0.3216,0.486,0.1851,0.239,1.0,2
PIRATUBA,SC,-27.471398025,-51.776081065,Biometano,0.2517,0.4144,0.1851,0.1013,0.625,3
PIRATUBA,SC,-27.471398025,-51.776081065,Biomassa,0.2023,0.2909,0.1851,0.1013,0.875,4
PIRATUBA,SC,-27.471398025,-51.776081065,Eolica,0.196,0.1719,0.1851,0.239,1.0,5
PIRENOPOLIS,GO,-15.85334195,-48.96252693,Solar,0.175,0.0991,0.1758,0.2756,0.875,1
PIRENOPOLIS,GO,-15.85334195,-48.96252693,Eolica,0.175,0.0991,0.1758,0.2756,0.875,1
PIRENOPOLIS,GO,-15.85334195,-48.96252693,Biometano,0.1716,0.2973,0.1758,,0.5,2
PIRENOPOLIS,GO,-15.85334195,-48.96252693,H2 Verde,0.1701,0.0867,0.1758,0.2756,0.875,3
PIRENOPOLIS,GO,-15.85334195,-48.96252693,Biomassa,0.127,0.1858,0.1758,,0.75,4
PIRIPIRI,PI,-4.1733017672727275,-41.49008409272727,Biometano,0.176,0.3243,0.1541,0.0,0.625,1
PIRIPIRI,PI,-4.1733017672727275,-41.49008409272727,Eolica,0.1518,0.1444,0.1541,0.1593,1.0,2
PIRIPIRI,PI,-4.1733017672727275,-41.49008409272727,Solar,0.1373,0.1081,0.1541,0.1593,1.0,3
PIRIPIRI,PI,-4.1733017672727275,-41.49008409272727,H2 Verde,0.1114,0.0434,0.1541,0.1593,1.0,4
PIRIPIRI,PI,-4.1733017672727275,-41.49008409272727,Biomassa,0.1068,0.1515,0.1541,0.0,0.875,5
PITANGA,PR,-12.36554514,-26.0043475,Biometano,0.2598,0.5405,0.1453,0.0001,0.625,1
PITANGA,PR,-12.36554514,-26.0043475,Solar,0.1852,0.1988,0.1453,0.2069,1.0,2
PITANGA,PR,-12.36554514,-26.0043475,Eolica,0.1779,0.1805,0.1453,0.2069,1.0,3
PITANGA,PR,-12.36554514,-26.0043475,Biomassa,0.1562,0.2814,0.1453,0.0001,0.875,4
PITANGA,PR,-12.36554514,-26.0043475,H2 Verde,0.1535,0.1196,0.1453,0.2069,1.0,5
PITANGUEIRAS,SP,-17.48865174166667,-40.221177571666665,H2 Verde,0.4032,0.339,0.1265,0.7655,0.875,1
PITANGUEIRAS,SP,-17.48865174166667,-40.221177571666665,Solar,0.3623,0.2369,0.1265,0.7655,0.875,2
PITANGUEIRAS,SP,-17.48865174166667,-40.221177571666665,Eolica,0.3623,0.2369,0.1265,0.7655,0.875,2
PITANGUEIRAS,SP,-17.48865174166667,-40.221177571666665,Biometano,0.3154,0.6937,0.1265,,0.5,3
PITANGUEIRAS,SP,-17.48865174166667,-40.221177571666665,Biomassa,0.266,0.5702,0.1265,,0.75,4
PITANGUI,MG,-19.6923894,-44.91620369,Solar,0.4788,0.3336,0.1513,1.0,0.875,1
PITANGUI,MG,-19.6923894,-44.91620369,Eolica,0.4788,0.3336,0.1513,1.0,0.875,1
PITANGUI,MG,-19.6923894,-44.91620369,Biometano,0.4454,1.0,0.1513,,0.5,2
PITANGUI,MG,-19.6923894,-44.91620369,H2 Verde,0.429,0.209,0.1513,1.0,0.875,3
PITANGUI,MG,-19.6923894,-44.91620369,Biomassa,0.2623,0.5423,0.1513,,0.75,4
PLANALTINA,GO,-15.17777778,-47.74222222,Solar,0.184,0.0991,0.2056,0.2756,0.875,1
PLANALTINA,GO,-15.17777778,-47.74222222,Eolica,0.184,0.0991,0.2056,0.2756,0.875,1
PLANALTINA,GO,-15.17777778,-47.74222222,Biometano,0.1806,0.2973,0.2056,,0.5,2
PLANALTINA,GO,-15.17777778,-47.74222222,H2 Verde,0.179,0.0867,0.2056,0.2756,0.875,3
PLANALTINA,GO,-15.17777778,-47.74222222,Biomassa,0.136,0.1858,0.2056,,0.75,4
PLANALTO,SP,-21.03051751,-49.924147669999996,H2 Verde,0.4029,0.3336,0.1328,0.7655,0.875,1
PLANALTO,SP,-21.03051751,-49.924147669999996,Eolica,0.3636,0.2353,0.1328,0.7655,0.875,2
PLANALTO,SP,-21.03051751,-49.924147669999996,Solar,0.3621,0.2315,0.1328,0.7655,0.875,3
PLANALTO,SP,-21.03051751,-49.924147669999996,Biometano,0.3173,0.6937,0.1328,,0.5,4
PLANALTO,SP,-21.03051751,-49.924147669999996,Biomassa,0.2658,0.5649,0.1328,,0.75,5
PLANURA,MG,-20.124167,-48.571944,Solar,0.4713,0.6761,0.1554,0.5142,1.0,1
PLANURA,MG,-20.124167,-48.571944,Biometano,0.4551,1.0,0.1554,0.0284,0.625,2
PLANURA,MG,-20.124167,-48.571944,H2 Verde,0.4215,0.5515,0.1554,0.5142,1.0,3
PLANURA,MG,-20.124167,-48.571944,Eolica,0.338,0.3428,0.1554,0.5142,1.0,4
PLANURA,MG,-20.124167,-48.571944,Biomassa,0.2758,0.5515,0.1554,0.0284,0.875,5
PLATINA,SP,-22.66365,-50.21668,H2 Verde,0.4,0.3334,0.1232,0.7655,0.875,1
PLATINA,SP,-22.66365,-50.21668,Solar,0.3591,0.2313,0.1232,0.7655,0.875,2
PLATINA,SP,-22.66365,-50.21668,Eolica,0.3591,0.2313,0.1232,0.7655,0.875,2
PLATINA,SP,-22.66365,-50.21668,Biometano,0.3144,0.6937,0.1232,,0.5,3
PLATINA,SP,-22.66365,-50.21668,Biomassa,0.2628,0.5646,0.1232,,0.75,4
POCAO,PE,-8.182458,-36.744318745,Solar,0.2354,0.4165,0.125,0.1044,1.0,1
POCAO,PE,-8.182458,-36.744318745,H2 Verde,0.2268,0.395,0.125,0.1044,1.0,2
POCAO,PE,-8.182458,-36.744318745,Biometano,0.1367,0.2432,0.125,0.0064,0.625,3
POCAO,PE,-8.182458,-36.744318745,Eolica,0.1021,0.0832,0.125,0.1044,1.0,4
POCAO,PE,-8.182458,-36.744318745,Biomassa,0.0965,0.1427,0.125,0.0064,0.875,5
POCINHOS,PB,-7.0362075125,-35.9702556075,Biometano,0.0973,0.1351,0.1442,0.0,0.625,1
POCINHOS,PB,-7.0362075125,-35.9702556075,Eolica,0.0799,0.0543,0.1442,0.0496,1.0,2
POCINHOS,PB,-7.0362075125,-35.9702556075,Solar,0.0762,0.045,0.1442,0.0496,1.0,3
POCINHOS,PB,-7.0362075125,-35.9702556075,Biomassa,0.0679,0.0615,0.1442,0.0,0.875,4
POCINHOS,PB,-7.0362075125,-35.9702556075,H2 Verde,0.0647,0.0165,0.1442,0.0496,1.0,5
POCO FUNDO,MG,-21.80673056,-46.13504639,Solar,0.4607,0.6676,0.1442,0.5013,1.0,1
POCO FUNDO,MG,-21.80673056,-46.13504639,Biometano,0.4441,1.0,0.1442,0.0027,0.625,2
POCO FUNDO,MG,-21.80673056,-46.13504639,H2 Verde,0.4108,0.543,0.1442,0.5013,1.0,3
POCO FUNDO,MG,-21.80673056,-46.13504639,Eolica,0.3274,0.3342,0.1442,0.5013,1.0,4
POCO FUNDO,MG,-21.80673056,-46.13504639,Biomassa,0.2612,0.543,0.1442,0.0027,0.875,5
POCOS DE CALDAS,MG,-21.782359732499998,-46.58448329083333,Solar,0.4548,0.6384,0.1634,0.5015,1.0,1
POCOS DE CALDAS,MG,-21.782359732499998,-46.58448329083333,Biometano,0.4499,1.0,0.1634,0.0031,0.625,2
POCOS DE CALDAS,MG,-21.782359732499998,-46.58448329083333,H2 Verde,0.405,0.5138,0.1634,0.5015,1.0,3
POCOS DE CALDAS,MG,-21.782359732499998,-46.58448329083333,Eolica,0.3333,0.3345,0.1634,0.5015,1.0,4
POCOS DE CALDAS,MG,-21.782359732499998,-46.58448329083333,Biomassa,0.2672,0.5432,0.1634,0.0031,0.875,5
POMBAL,PB,-6.8586257,-37.89166833,Solar,0.209,0.3792,0.1404,0.0508,1.0,1
POMBAL,PB,-6.8586257,-37.89166833,H2 Verde,0.1976,0.3506,0.1404,0.0508,1.0,2
POMBAL,PB,-6.8586257,-37.89166833,Biometano,0.0969,0.1351,0.1404,0.0024,0.625,3
POMBAL,PB,-6.8586257,-37.89166833,Eolica,0.0757,0.0458,0.1404,0.0508,1.0,4
POMBAL,PB,-6.8586257,-37.89166833,Biomassa,0.0678,0.0623,0.1404,0.0024,0.875,5
POMBOS,PE,-8.17499992,-35.38888887,Solar,0.2422,0.4146,0.1531,0.1014,1.0,1
POMBOS,PE,-8.17499992,-35.38888887,H2 Verde,0.2336,0.393,0.1531,0.1014,1.0,2
POMBOS,PE,-8.17499992,-35.38888887,Biometano,0.1434,0.2432,0.1531,0.0004,0.625,3
POMBOS,PE,-8.17499992,-35.38888887,Eolica,0.1089,0.0812,0.1531,0.1014,1.0,4
POMBOS,PE,-8.17499992,-35.38888887,Biomassa,0.1024,0.1408,0.1531,0.0004,0.875,5
POMERODE,SC,-21.421289922,-39.328916834,Biometano,0.2237,0.4144,0.193,0.0001,0.625,1
POMERODE,SC,-21.421289922,-39.328916834,Solar,0.1988,0.2111,0.193,0.1884,1.0,2
POMERODE,SC,-21.421289922,-39.328916834,H2 Verde,0.1912,0.1919,0.193,0.1884,1.0,3
POMERODE,SC,-21.421289922,-39.328916834,Eolica,0.1697,0.1382,0.193,0.1884,1.0,4
POMERODE,SC,-21.421289922,-39.328916834,Biomassa,0.1608,0.2572,0.193,0.0001,0.875,5
POMPEIA,SP,-22.10614611,-50.17602806,H2 Verde,0.4054,0.3334,0.1413,0.7655,0.875,1
POMPEIA,SP,-22.10614611,-50.17602806,Solar,0.3646,0.2313,0.1413,0.7655,0.875,2
POMPEIA,SP,-22.10614611,-50.17602806,Eolica,0.3646,0.2313,0.1413,0.7655,0.875,2
POMPEIA,SP,-22.10614611,-50.17602806,Biometano,0.3199,0.6937,0.1413,,0.5,3
POMPEIA,SP,-22.10614611,-50.17602806,Biomassa,0.2683,0.5647,0.1413,,0.75,4
POMPEU,MG,-19.251694,-44.984972,Solar,0.4803,0.3349,0.1547,1.0,0.875,1
POMPEU,MG,-19.251694,-44.984972,Eolica,0.4803,0.3349,0.1547,1.0,0.875,1
POMPEU,MG,-19.251694,-44.984972,Biometano,0.4464,1.0,0.1547,,0.5,2
POMPEU,MG,-19.251694,-44.984972,H2 Verde,0.4305,0.2103,0.1547,1.0,0.875,3
POMPEU,MG,-19.251694,-44.984972,Biomassa,0.2638,0.5436,0.1547,,0.75,4
PONTA GROSSA,PR,-25.08641667,-50.11555242199999,Biometano,0.2737,0.5405,0.1912,0.0003,0.625,1
PONTA GROSSA,PR,-25.08641667,-50.11555242199999,Solar,0.2565,0.3427,0.1912,0.2071,1.0,2
PONTA GROSSA,PR,-25.08641667,-50.11555242199999,H2 Verde,0.2248,0.2634,0.1912,0.2071,1.0,3
PONTA GROSSA,PR,-25.08641667,-50.11555242199999,Eolica,0.1916,0.1804,0.1912,0.2071,1.0,4
PONTA GROSSA,PR,-25.08641667,-50.11555242199999,Biomassa,0.17,0.2813,0.1912,0.0003,0.875,5
PONTA PORA,MS,-22.4272244575,-55.435169665000004,Biometano,0.1597,0.2613,0.1839,0.0001,0.625,1
PONTA PORA,MS,-22.4272244575,-55.435169665000004,Solar,0.1356,0.1074,0.1839,0.1248,1.0,2
PONTA PORA,MS,-22.4272244575,-55.435169665000004,Eolica,0.1277,0.0877,0.1839,0.1248,1.0,3
PONTA PORA,MS,-22.4272244575,-55.435169665000004,H2 Verde,0.1161,0.0588,0.1839,0.1248,1.0,4
PONTA PORA,MS,-22.4272244575,-55.435169665000004,Biomassa,0.1057,0.1262,0.1839,0.0001,0.875,5
PONTAL,SP,-20.984684786666666,-48.03352606000001,H2 Verde,0.4013,0.3381,0.1214,0.7655,0.875,1
PONTAL,SP,-20.984684786666666,-48.03352606000001,Solar,0.3605,0.236,0.1214,0.7655,0.875,2
PONTAL,SP,-20.984684786666666,-48.03352606000001,Eolica,0.3605,0.236,0.1214,0.7655,0.875,2
PONTAL,SP,-20.984684786666666,-48.03352606000001,Biometano,0.3139,0.6937,0.1214,,0.5,3
PONTAL,SP,-20.984684786666666,-48.03352606000001,Biomassa,0.2642,0.5693,0.1214,,0.75,4
PONTE ALTA DO BOM JESUS,TO,-11.953101495,-46.345898213750004,Solar,0.2014,0.3697,0.1184,0.0601,1.0,1
PONTE ALTA DO BOM JESUS,TO,-11.953101495,-46.345898213750004,H2 Verde,0.1988,0.3631,0.1184,0.0601,1.0,2
PONTE ALTA DO BOM JESUS,TO,-11.953101495,-46.345898213750004,Biometano,0.0791,0.1081,0.1184,0.001,0.625,3
PONTE ALTA DO BOM JESUS,TO,-11.953101495,-46.345898213750004,Eolica,0.0683,0.0368,0.1184,0.0601,1.0,4
PONTE ALTA DO BOM JESUS,TO,-11.953101495,-46.345898213750004,Biomassa,0.0622,0.0658,0.1184,0.001,0.875,5
PONTE ALTA DO NORTE,SC,-27.14019095,-50.46996434,Solar,0.284,0.4715,0.1297,0.1884,1.0,1
PONTE ALTA DO NORTE,SC,-27.14019095,-50.46996434,H2 Verde,0.2764,0.4523,0.1297,0.1884,1.0,2
PONTE ALTA DO NORTE,SC,-27.14019095,-50.46996434,Biometano,0.2047,0.4144,0.1297,0.0001,0.625,3
PONTE ALTA DO NORTE,SC,-27.14019095,-50.46996434,Eolica,0.1507,0.1382,0.1297,0.1884,1.0,4
PONTE ALTA DO NORTE,SC,-27.14019095,-50.46996434,Biomassa,0.1418,0.2571,0.1297,0.0001,0.875,5
PONTE NOVA,MG,-20.403531775,-42.96332415,Solar,0.4591,0.6668,0.1411,0.5001,1.0,1
PONTE NOVA,MG,-20.403531775,-42.96332415,Biometano,0.4424,1.0,0.1411,0.0003,0.625,2
PONTE NOVA,MG,-20.403531775,-42.96332415,H2 Verde,0.4092,0.5421,0.1411,0.5001,1.0,3
PONTE NOVA,MG,-20.403531775,-42.96332415,Eolica,0.3266,0.3356,0.1411,0.5001,1.0,4
PONTE NOVA,MG,-20.403531775,-42.96332415,Biomassa,0.2593,0.5421,0.1411,0.0003,0.875,5
PONTE SERRADA,SC,-26.870702573333332,-51.97832900666666,Solar,0.2837,0.4715,0.1284,0.1885,1.0,1
PONTE SERRADA,SC,-26.870702573333332,-51.97832900666666,H2 Verde,0.276,0.4524,0.1284,0.1885,1.0,2
PONTE SERRADA,SC,-26.870702573333332,-51.97832900666666,Biometano,0.2043,0.4144,0.1284,0.0002,0.625,3
PONTE SERRADA,SC,-26.870702573333332,-51.97832900666666,Eolica,0.1507,0.1391,0.1284,0.1885,1.0,4
PONTE SERRADA,SC,-26.870702573333332,-51.97832900666666,Biomassa,0.1414,0.2572,0.1284,0.0002,0.875,5
PONTES E LACERDA,MT,-15.0916954,-59.02904062333334,Solar,0.2712,0.4004,0.1978,0.1723,1.0,1
PONTES E LACERDA,MT,-15.0916954,-59.02904062333334,H2 Verde,0.257,0.365,0.1978,0.1723,1.0,2
PONTES E LACERDA,MT,-15.0916954,-59.02904062333334,Biometano,0.1386,0.1892,0.1978,0.0119,0.625,3
PONTES E LACERDA,MT,-15.0916954,-59.02904062333334,Eolica,0.1384,0.0685,0.1978,0.1723,1.0,4
PONTES E LACERDA,MT,-15.0916954,-59.02904062333334,Biomassa,0.1008,0.0947,0.1978,0.0119,0.875,5
PONTES GESTAL,SP,-20.11378297,-49.76029594,H2 Verde,0.4002,0.3337,0.1235,0.7655,0.875,1
PONTES GESTAL,SP,-20.11378297,-49.76029594,Solar,0.3593,0.2316,0.1235,0.7655,0.875,2
PONTES GESTAL,SP,-20.11378297,-49.76029594,Eolica,0.3593,0.2316,0.1235,0.7655,0.875,2
PONTES GESTAL,SP,-20.11378297,-49.76029594,Biometano,0.3145,0.6937,0.1235,,0.5,3
PONTES GESTAL,SP,-20.11378297,-49.76029594,Biomassa,0.263,0.5649,0.1235,,0.75,4
PORTAO,RS,-14.845138905,-25.61625,Solar,0.4063,0.6277,0.1637,0.3538,1.0,1
PORTAO,RS,-14.845138905,-25.61625,Biometano,0.4023,0.8829,0.1637,0.0001,0.625,2
PORTAO,RS,-14.845138905,-25.61625,H2 Verde,0.3508,0.489,0.1637,0.3538,1.0,3
PORTAO,RS,-14.845138905,-25.61625,Eolica,0.273,0.2943,0.1637,0.3538,1.0,4
PORTAO,RS,-14.845138905,-25.61625,Biomassa,0.2291,0.4499,0.1637,0.0001,0.875,5
PORTEL,PA,-2.1724020618395237,-50.88367901796601,H2 Verde,0.3068,0.4777,0.1854,0.2002,1.0,1
PORTEL,PA,-2.1724020618395237,-50.88367901796601,Solar,0.2815,0.4146,0.1854,0.2002,1.0,2
PORTEL,PA,-2.1724020618395237,-50.88367901796601,Biometano,0.1531,0.2432,0.1854,0.0005,0.625,3
PORTEL,PA,-2.1724020618395237,-50.88367901796601,Eolica,0.1482,0.0813,0.1854,0.2002,1.0,4
PORTEL,PA,-2.1724020618395237,-50.88367901796601,Biomassa,0.146,0.2255,0.1854,0.0005,0.875,5
PORTO ALEGRE,RS,-30.02231208409091,-51.203213477272726,Biometano,0.4112,0.8829,0.1934,0.0,0.625,1
PORTO ALEGRE,RS,-30.02231208409091,-51.203213477272726,Solar,0.2837,0.2988,0.1934,0.3537,1.0,2
PORTO ALEGRE,RS,-30.02231208409091,-51.203213477272726,Eolica,0.2822,0.2951,0.1934,0.3537,1.0,3
PORTO ALEGRE,RS,-30.02231208409091,-51.203213477272726,Biomassa,0.2383,0.4507,0.1934,0.0,0.875,4
PORTO ALEGRE,RS,-30.02231208409091,-51.203213477272726,H2 Verde,0.2282,0.1601,0.1934,0.3537,1.0,5
PORTO ALEGRE DO NORTE,MT,-10.87797147,-51.63299291,Solar,0.1755,0.0631,0.1683,0.3327,0.875,1
PORTO ALEGRE DO NORTE,MT,-10.87797147,-51.63299291,Eolica,0.1755,0.0631,0.1683,0.3327,0.875,1
PORTO ALEGRE DO NORTE,MT,-10.87797147,-51.63299291,H2 Verde,0.1614,0.0277,0.1683,0.3327,0.875,2
PORTO ALEGRE DO NORTE,MT,-10.87797147,-51.63299291,Biometano,0.1262,0.1892,0.1683,,0.5,3
PORTO ALEGRE DO NORTE,MT,-10.87797147,-51.63299291,Biomassa,0.0868,0.0908,0.1683,,0.75,4
PORTO CALVO,AL,-9.05244806,-35.39833389,Biometano,0.0759,0.0991,0.1209,,0.5,1
PORTO CALVO,AL,-9.05244806,-35.39833389,Solar,0.0748,0.0332,0.1209,0.0842,0.875,2
PORTO CALVO,AL,-9.05244806,-35.39833389,Eolica,0.0748,0.0332,0.1209,0.0842,0.875,2
PORTO CALVO,AL,-9.05244806,-35.39833389,H2 Verde,0.0708,0.0233,0.1209,0.0842,0.875,3
PORTO CALVO,AL,-9.05244806,-35.39833389,Biomassa,0.0588,0.0563,0.1209,,0.75,4
PORTO DE MOZ,PA,-1.9818558352534967,-52.7025926925,H2 Verde,0.1999,0.2116,0.184,0.2,1.0,1
PORTO DE MOZ,PA,-1.9818558352534967,-52.7025926925,Solar,0.1746,0.1485,0.184,0.2,1.0,2
PORTO DE MOZ,PA,-1.9818558352534967,-52.7025926925,Biometano,0.1526,0.2432,0.184,0.0002,0.625,3
PORTO DE MOZ,PA,-1.9818558352534967,-52.7025926925,Eolica,0.1478,0.0814,0.184,0.2,1.0,4
PORTO DE MOZ,PA,-1.9818558352534967,-52.7025926925,Biomassa,0.1455,0.2256,0.184,0.0002,0.875,5
PORTO DOS GAUCHOS,MT,-12.00590583,-56.324305554999995,Solar,0.2521,0.3964,0.1455,0.1664,1.0,1
PORTO DOS GAUCHOS,MT,-12.00590583,-56.324305554999995,H2 Verde,0.238,0.361,0.1455,0.1664,1.0,2
PORTO DOS GAUCHOS,MT,-12.00590583,-56.324305554999995,Biometano,0.1194,0.1892,0.1455,0.0001,0.625,3
PORTO DOS GAUCHOS,MT,-12.00590583,-56.324305554999995,Eolica,0.1188,0.0631,0.1455,0.1664,1.0,4
PORTO DOS GAUCHOS,MT,-12.00590583,-56.324305554999995,Biomassa,0.08,0.0908,0.1455,0.0001,0.875,5
PORTO ESPERIDIAO,MT,-15.85961129,-58.468715865,Solar,0.1602,0.0631,0.1174,0.3327,0.875,1
PORTO ESPERIDIAO,MT,-15.85961129,-58.468715865,Eolica,0.1602,0.0631,0.1174,0.3327,0.875,1
PORTO ESPERIDIAO,MT,-15.85961129,-58.468715865,H2 Verde,0.1461,0.0277,0.1174,0.3327,0.875,2
PORTO ESPERIDIAO,MT,-15.85961129,-58.468715865,Biometano,0.1109,0.1892,0.1174,,0.5,3
PORTO ESPERIDIAO,MT,-15.85961129,-58.468715865,Biomassa,0.0715,0.0908,0.1174,,0.75,4
PORTO FELIZ,SP,-23.21210416,-47.57555169,H2 Verde,0.4162,0.3336,0.177,0.7655,0.875,1
PORTO FELIZ,SP,-23.21210416,-47.57555169,Solar,0.3753,0.2315,0.177,0.7655,0.875,2
PORTO FELIZ,SP,-23.21210416,-47.57555169,Eolica,0.3753,0.2315,0.177,0.7655,0.875,2
PORTO FELIZ,SP,-23.21210416,-47.57555169,Biometano,0.3306,0.6937,0.177,,0.5,3
PORTO FELIZ,SP,-23.21210416,-47.57555169,Biomassa,0.279,0.5648,0.177,,0.75,4
PORTO FERREIRA,SP,-21.883977055,-47.48832283,H2 Verde,0.4067,0.3335,0.1454,0.7655,0.875,1
PORTO FERREIRA,SP,-21.883977055,-47.48832283,Solar,0.3658,0.2314,0.1454,0.7655,0.875,2
PORTO FERREIRA,SP,-21.883977055,-47.48832283,Eolica,0.3658,0.2314,0.1454,0.7655,0.875,2
PORTO FERREIRA,SP,-21.883977055,-47.48832283,Biometano,0.3211,0.6937,0.1454,,0.5,3
PORTO FERREIRA,SP,-21.883977055,-47.48832283,Biomassa,0.2695,0.5647,0.1454,,0.75,4
PORTO NACIONAL,TO,-10.60711019,-48.37341185,Solar,0.1132,0.0364,0.2097,0.1192,0.875,1
PORTO NACIONAL,TO,-10.60711019,-48.37341185,Eolica,0.1132,0.0364,0.2097,0.1192,0.875,1
PORTO NACIONAL,TO,-10.60711019,-48.37341185,H2 Verde,0.1106,0.0298,0.2097,0.1192,0.875,2
PORTO NACIONAL,TO,-10.60711019,-48.37341185,Biometano,0.1062,0.1081,0.2097,,0.5,3
PORTO NACIONAL,TO,-10.60711019,-48.37341185,Biomassa,0.0893,0.0658,0.2097,,0.75,4
PORTO REAL,RJ,-11.20986111,-22.14513889,Biometano,0.1368,0.1982,0.1917,0.0,0.625,1
PORTO REAL,RJ,-11.20986111,-22.14513889,H2 Verde,0.1326,0.1103,0.1917,0.1032,1.0,2
PORTO REAL,RJ,-11.20986111,-22.14513889,Biomassa,0.1281,0.1764,0.1917,0.0,0.875,3
PORTO REAL,RJ,-11.20986111,-22.14513889,Eolica,0.1153,0.0671,0.1917,0.1032,1.0,4
PORTO REAL,RJ,-11.20986111,-22.14513889,Solar,0.1149,0.0661,0.1917,0.1032,1.0,5
PORTO UNIAO,SC,-26.391089033999997,-50.984604548,Solar,0.2855,0.4716,0.1343,0.1886,1.0,1
PORTO UNIAO,SC,-26.391089033999997,-50.984604548,H2 Verde,0.2779,0.4525,0.1343,0.1886,1.0,2
PORTO UNIAO,SC,-26.391089033999997,-50.984604548,Biometano,0.2062,0.4144,0.1343,0.0005,0.625,3
PORTO UNIAO,SC,-26.391089033999997,-50.984604548,Eolica,0.1522,0.1383,0.1343,0.1886,1.0,4
PORTO UNIAO,SC,-26.391089033999997,-50.984604548,Biomassa,0.1433,0.2573,0.1343,0.0005,0.875,5
PORTO VELHO,RO,-7.581453024736843,-55.56605993210526,H2 Verde,0.42,0.6158,0.1765,0.4025,1.0,1
PORTO VELHO,RO,-7.581453024736843,-55.56605993210526,Solar,0.4099,0.5904,0.1765,0.4025,1.0,2
PORTO VELHO,RO,-7.581453024736843,-55.56605993210526,Biomassa,0.3896,0.3393,0.1765,0.6697,0.875,3
PORTO VELHO,RO,-7.581453024736843,-55.56605993210526,Biometano,0.3007,0.1171,0.1765,0.6697,0.625,4
PORTO VELHO,RO,-7.581453024736843,-55.56605993210526,Eolica,0.2836,0.2748,0.1765,0.4025,1.0,5
PORTO VERA CRUZ,RS,-29.71138889,-52.42971627,Solar,0.3852,0.6276,0.0935,0.3537,1.0,1
PORTO VERA CRUZ,RS,-29.71138889,-52.42971627,Biometano,0.3812,0.8829,0.0935,0.0,0.625,2
PORTO VERA CRUZ,RS,-29.71138889,-52.42971627,H2 Verde,0.3297,0.4889,0.0935,0.3537,1.0,3
PORTO VERA CRUZ,RS,-29.71138889,-52.42971627,Eolica,0.2519,0.2943,0.0935,0.3537,1.0,4
PORTO VERA CRUZ,RS,-29.71138889,-52.42971627,Biomassa,0.208,0.4499,0.0935,0.0,0.875,5
PORTO VITORIA,PR,-26.24801069,-51.28058158,Solar,0.2994,0.5135,0.1064,0.207,1.0,1
PORTO VITORIA,PR,-26.24801069,-51.28058158,H2 Verde,0.2677,0.4343,0.1064,0.207,1.0,2
PORTO VITORIA,PR,-26.24801069,-51.28058158,Biometano,0.2482,0.5405,0.1064,0.0001,0.625,3
PORTO VITORIA,PR,-26.24801069,-51.28058158,Eolica,0.1661,0.1802,0.1064,0.207,1.0,4
PORTO VITORIA,PR,-26.24801069,-51.28058158,Biomassa,0.1444,0.2811,0.1064,0.0001,0.875,5
PORTO WALTER,AC,-8.26333333,-72.74138889,Solar,0.0759,0.0061,0.1775,0.0671,0.875,1
PORTO WALTER,AC,-8.26333333,-72.74138889,Eolica,0.0759,0.0061,0.1775,0.0671,0.875,1
PORTO WALTER,AC,-8.26333333,-72.74138889,H2 Verde,0.074,0.0015,0.1775,0.0671,0.875,2
PORTO WALTER,AC,-8.26333333,-72.74138889,Biometano,0.0605,0.018,0.1775,,0.5,3
PORTO WALTER,AC,-8.26333333,-72.74138889,Biomassa,0.0563,0.0075,0.1775,,0.75,4
POTIRAGUA,BA,-15.59245611,-39.87565999,Solar,0.3768,0.2102,0.1421,0.8337,0.875,1
POTIRAGUA,BA,-15.59245611,-39.87565999,Eolica,0.3768,0.2102,0.1421,0.8337,0.875,1
POTIRAGUA,BA,-15.59245611,-39.87565999,H2 Verde,0.3564,0.1593,0.1421,0.8337,0.875,2
POTIRAGUA,BA,-15.59245611,-39.87565999,Biometano,0.2949,0.6306,0.1421,,0.5,3
POTIRAGUA,BA,-15.59245611,-39.87565999,Biomassa,0.1904,0.3695,0.1421,,0.75,4
POTIRENDABA,SP,-21.074067385,-49.339738249999996,H2 Verde,0.4186,0.3345,0.1838,0.7655,0.875,1
POTIRENDABA,SP,-21.074067385,-49.339738249999996,Solar,0.3778,0.2324,0.1838,0.7655,0.875,2
POTIRENDABA,SP,-21.074067385,-49.339738249999996,Eolica,0.3778,0.2324,0.1838,0.7655,0.875,2
POTIRENDABA,SP,-21.074067385,-49.339738249999996,Biometano,0.3326,0.6937,0.1838,,0.5,3
POTIRENDABA,SP,-21.074067385,-49.339738249999996,Biomassa,0.2814,0.5658,0.1838,,0.75,4
POUSO ALEGRE,MG,-19.063538845714284,-39.36956582714286,Biometano,0.4555,1.0,0.1848,0.0002,0.625,1
POUSO ALEGRE,MG,-19.063538845714284,-39.36956582714286,Solar,0.3731,0.419,0.1848,0.5001,1.0,2
POUSO ALEGRE,MG,-19.063538845714284,-39.36956582714286,Eolica,0.3389,0.3336,0.1848,0.5001,1.0,3
POUSO ALEGRE,MG,-19.063538845714284,-39.36956582714286,H2 Verde,0.3232,0.2944,0.1848,0.5001,1.0,4
POUSO ALEGRE,MG,-19.063538845714284,-39.36956582714286,Biomassa,0.2724,0.5423,0.1848,0.0002,0.875,5
POUSO REDONDO,SC,-27.25108611,-49.95565194,Solar,0.2208,0.1381,0.1749,0.3768,0.875,1
POUSO REDONDO,SC,-27.25108611,-49.95565194,Eolica,0.2208,0.1381,0.1749,0.3768,0.875,1
POUSO REDONDO,SC,-27.25108611,-49.95565194,Biometano,0.2182,0.4144,0.1749,,0.5,2
POUSO REDONDO,SC,-27.25108611,-49.95565194,H2 Verde,0.2131,0.119,0.1749,0.3768,0.875,3
POUSO REDONDO,SC,-27.25108611,-49.95565194,Biomassa,0.1553,0.2571,0.1749,,0.75,4
POXOREO,MT,-15.609960945000001,-54.39696735,Solar,0.2087,0.3967,,0.1667,0.625,1
POXOREO,MT,-15.609960945000001,-54.39696735,H2 Verde,0.1945,0.3613,,0.1667,0.625,2
POXOREO,MT,-15.609960945000001,-54.39696735,Biometano,0.0759,0.1892,,0.0008,0.25,3
POXOREO,MT,-15.609960945000001,-54.39696735,Eolica,0.0754,0.0633,,0.1667,0.625,4
POXOREO,MT,-15.609960945000001,-54.39696735,Biomassa,0.0367,0.091,,0.0008,0.5,5
PRADOPOLIS,SP,-21.339529867499998,-48.0935040775,Biometano,0.3175,0.6937,0.1335,0.0,0.625,1
PRADOPOLIS,SP,-21.339529867499998,-48.0935040775,H2 Verde,0.29,0.3379,0.1335,0.3828,1.0,2
PRADOPOLIS,SP,-21.339529867499998,-48.0935040775,Biomassa,0.2677,0.5691,0.1335,0.0,0.875,3
PRADOPOLIS,SP,-21.339529867499998,-48.0935040775,Solar,0.2492,0.2358,0.1335,0.3828,1.0,4
PRADOPOLIS,SP,-21.339529867499998,-48.0935040775,Eolica,0.2492,0.2357,0.1335,0.3828,1.0,4
PRAIA GRANDE,SP,-24.01772222,-46.4555,H2 Verde,0.4305,0.3333,0.2251,0.7655,0.875,1
PRAIA GRANDE,SP,-24.01772222,-46.4555,Solar,0.3897,0.2312,0.2251,0.7655,0.875,2
PRAIA GRANDE,SP,-24.01772222,-46.4555,Eolica,0.3897,0.2312,0.2251,0.7655,0.875,2
PRAIA GRANDE,SP,-24.01772222,-46.4555,Biometano,0.345,0.6937,0.2251,,0.5,3
PRAIA GRANDE,SP,-24.01772222,-46.4555,Biomassa,0.2934,0.5646,0.2251,,0.75,4
PRAINHA,PA,-2.123046234521531,-53.45422727528708,H2 Verde,0.1836,0.1684,0.1875,0.1999,1.0,1
PRAINHA,PA,-2.123046234521531,-53.45422727528708,Solar,0.1584,0.1053,0.1875,0.1999,1.0,2
PRAINHA,PA,-2.123046234521531,-53.45422727528708,Biometano,0.1536,0.2432,0.1875,0.0,0.625,3
PRAINHA,PA,-2.123046234521531,-53.45422727528708,Eolica,0.1487,0.0813,0.1875,0.1999,1.0,4
PRAINHA,PA,-2.123046234521531,-53.45422727528708,Biomassa,0.1465,0.2255,0.1875,0.0,0.875,5
PRATA,MG,-19.29862078,-48.927979,Solar,0.482,0.3333,0.1624,1.0,0.875,1
PRATA,MG,-19.29862078,-48.927979,Eolica,0.482,0.3333,0.1624,1.0,0.875,1
PRATA,MG,-19.29862078,-48.927979,Biometano,0.4487,1.0,0.1624,,0.5,2
PRATA,MG,-19.29862078,-48.927979,H2 Verde,0.4322,0.2087,0.1624,1.0,0.875,3
PRATA,MG,-19.29862078,-48.927979,Biomassa,0.2655,0.5421,0.1624,,0.75,4
PRESIDENTE ALVES,SP,-22.05632484,-49.32094528,H2 Verde,0.398,0.3334,0.1165,0.7655,0.875,1
PRESIDENTE ALVES,SP,-22.05632484,-49.32094528,Solar,0.3571,0.2313,0.1165,0.7655,0.875,2
PRESIDENTE ALVES,SP,-22.05632484,-49.32094528,Eolica,0.3571,0.2313,0.1165,0.7655,0.875,2
PRESIDENTE ALVES,SP,-22.05632484,-49.32094528,Biometano,0.3124,0.6937,0.1165,,0.5,3
PRESIDENTE ALVES,SP,-22.05632484,-49.32094528,Biomassa,0.2608,0.5646,0.1165,,0.75,4
PRESIDENTE FIGUEIREDO,AM,-1.31607542,-59.770784230000004,H2 Verde,0.2249,0.3666,0.1688,0.0919,1.0,1
PRESIDENTE FIGUEIREDO,AM,-1.31607542,-59.770784230000004,Solar,0.2197,0.3537,0.1688,0.0919,1.0,2
PRESIDENTE FIGUEIREDO,AM,-1.31607542,-59.770784230000004,Eolica,0.0887,0.0263,0.1688,0.0919,1.0,3
PRESIDENTE FIGUEIREDO,AM,-1.31607542,-59.770784230000004,Biomassa,0.0809,0.0573,0.1688,0.0244,0.875,4
PRESIDENTE FIGUEIREDO,AM,-1.31607542,-59.770784230000004,Biometano,0.0796,0.0541,0.1688,0.0244,0.625,5
PRESIDENTE JUSCELINO,MG,-18.68161111,-44.10145,Biometano,0.4319,1.0,0.1064,0.0,0.625,1
PRESIDENTE JUSCELINO,MG,-18.68161111,-44.10145,Eolica,0.3167,0.3369,0.1064,0.5,1.0,2
PRESIDENTE JUSCELINO,MG,-18.68161111,-44.10145,Solar,0.3153,0.3333,0.1064,0.5,1.0,3
PRESIDENTE JUSCELINO,MG,-18.68161111,-44.10145,H2 Verde,0.2654,0.2087,0.1064,0.5,1.0,4
PRESIDENTE JUSCELINO,MG,-18.68161111,-44.10145,Biomassa,0.2487,0.5421,0.1064,0.0,0.875,5
PRESIDENTE NEREU,SC,-27.28194444,-49.37555556,Solar,0.2868,0.4715,0.1388,0.1884,1.0,1
PRESIDENTE NEREU,SC,-27.28194444,-49.37555556,H2 Verde,0.2791,0.4523,0.1388,0.1884,1.0,2
PRESIDENTE NEREU,SC,-27.28194444,-49.37555556,Biometano,0.2074,0.4144,0.1388,0.0001,0.625,3
PRESIDENTE NEREU,SC,-27.28194444,-49.37555556,Eolica,0.1534,0.1382,0.1388,0.1884,1.0,4
PRESIDENTE NEREU,SC,-27.28194444,-49.37555556,Biomassa,0.1445,0.2571,0.1388,0.0001,0.875,5
PRESIDENTE PRUDENTE,SP,-21.995833285,-51.324791655,H2 Verde,0.4139,0.3342,0.1684,0.7655,0.875,1
PRESIDENTE PRUDENTE,SP,-21.995833285,-51.324791655,Solar,0.373,0.2321,0.1684,0.7655,0.875,2
PRESIDENTE PRUDENTE,SP,-21.995833285,-51.324791655,Eolica,0.373,0.2321,0.1684,0.7655,0.875,2
PRESIDENTE PRUDENTE,SP,-21.995833285,-51.324791655,Biometano,0.328,0.6937,0.1684,,0.5,3
PRESIDENTE PRUDENTE,SP,-21.995833285,-51.324791655,Biomassa,0.2767,0.5654,0.1684,,0.75,4
PRIMAVERA,PE,-8.351384645,-35.37537108,Biometano,0.1409,0.2432,0.1453,0.0001,0.625,1
PRIMAVERA,PE,-8.351384645,-35.37537108,Solar,0.1173,0.1084,0.1453,0.1012,1.0,2
PRIMAVERA,PE,-8.351384645,-35.37537108,H2 Verde,0.1087,0.0868,0.1453,0.1012,1.0,3
PRIMAVERA,PE,-8.351384645,-35.37537108,Eolica,0.1065,0.0814,0.1453,0.1012,1.0,4
PRIMAVERA,PE,-8.351384645,-35.37537108,Biomassa,0.1,0.1409,0.1453,0.0001,0.875,5
PRIMAVERA DO LESTE,MT,-12.766382293333335,-45.17408491166666,Solar,0.1578,0.0671,0.2702,0.1663,1.0,1
PRIMAVERA DO LESTE,MT,-12.766382293333335,-45.17408491166666,Eolica,0.1575,0.0663,0.2702,0.1663,1.0,2
PRIMAVERA DO LESTE,MT,-12.766382293333335,-45.17408491166666,Biometano,0.1567,0.1892,0.2702,0.0,0.625,3
PRIMAVERA DO LESTE,MT,-12.766382293333335,-45.17408491166666,H2 Verde,0.1436,0.0317,0.2702,0.1663,1.0,4
PRIMAVERA DO LESTE,MT,-12.766382293333335,-45.17408491166666,Biomassa,0.1178,0.0918,0.2702,0.0,0.875,5
PRINCESA,SC,-26.42193056,-53.58982778,Solar,0.2917,0.4715,0.1553,0.1884,1.0,1
PRINCESA,SC,-26.42193056,-53.58982778,H2 Verde,0.284,0.4523,0.1553,0.1884,1.0,2
PRINCESA,SC,-26.42193056,-53.58982778,Biometano,0.2124,0.4144,0.1553,0.0,0.625,3
PRINCESA,SC,-26.42193056,-53.58982778,Eolica,0.1584,0.1381,0.1553,0.1884,1.0,4
PRINCESA,SC,-26.42193056,-53.58982778,Biomassa,0.1494,0.2571,0.1553,0.0,0.875,5
PROMISSAO,SP,-21.559841048000003,-49.862347985999996,H2 Verde,0.4052,0.3376,0.1349,0.7655,0.875,1
PROMISSAO,SP,-21.559841048000003,-49.862347985999996,Solar,0.3643,0.2355,0.1349,0.7655,0.875,2
PROMISSAO,SP,-21.559841048000003,-49.862347985999996,Eolica,0.3643,0.2355,0.1349,0.7655,0.875,2
PROMISSAO,SP,-21.559841048000003,-49.862347985999996,Biometano,0.318,0.6937,0.1349,,0.5,3
PROMISSAO,SP,-21.559841048000003,-49.862347985999996,Biomassa,0.268,0.5688,0.1349,,0.75,4
PRUDENTE DE MORAIS,MG,-19.46738079,-44.15820236,Solar,0.4885,0.3334,0.1837,1.0,0.875,1
PRUDENTE DE MORAIS,MG,-19.46738079,-44.15820236,Eolica,0.4885,0.3334,0.1837,1.0,0.875,1
PRUDENTE DE MORAIS,MG,-19.46738079,-44.15820236,Biometano,0.4551,1.0,0.1837,,0.5,2
PRUDENTE DE MORAIS,MG,-19.46738079,-44.15820236,H2 Verde,0.4386,0.2088,0.1837,1.0,0.875,3
PRUDENTE DE MORAIS,MG,-19.46738079,-44.15820236,Biomassa,0.272,0.5421,0.1837,,0.75,4
PRUDENTOPOLIS,PR,-25.047548453333334,-51.11231616,Solar,0.3117,0.5152,0.1425,0.2095,1.0,1
PRUDENTOPOLIS,PR,-25.047548453333334,-51.11231616,H2 Verde,0.28,0.436,0.1425,0.2095,1.0,2
PRUDENTOPOLIS,PR,-25.047548453333334,-51.11231616,Biometano,0.2605,0.5405,0.1425,0.0051,0.625,3
PRUDENTOPOLIS,PR,-25.047548453333334,-51.11231616,Eolica,0.1786,0.1824,0.1425,0.2095,1.0,4
PRUDENTOPOLIS,PR,-25.047548453333334,-51.11231616,Biomassa,0.1574,0.2828,0.1425,0.0051,0.875,5
PUREZA,RN,-5.353275795,-35.61593370111111,Eolica,0.1302,0.101,0.164,0.1353,1.0,1
PUREZA,RN,-5.353275795,-35.61593370111111,Biometano,0.1249,0.1892,0.164,0.0,0.625,2
PUREZA,RN,-5.353275795,-35.61593370111111,H2 Verde,0.1188,0.0724,0.164,0.1353,1.0,3
PUREZA,RN,-5.353275795,-35.61593370111111,Solar,0.115,0.0631,0.164,0.1353,1.0,4
PUREZA,RN,-5.353275795,-35.61593370111111,Biomassa,0.1034,0.1355,0.164,0.0,0.875,5
PUTINGA,RS,-29.06603491,-52.21411851,Solar,0.3894,0.628,0.1064,0.3543,1.0,1
PUTINGA,RS,-29.06603491,-52.21411851,Biometano,0.3854,0.8829,0.1064,0.0012,0.625,2
PUTINGA,RS,-29.06603491,-52.21411851,H2 Verde,0.334,0.4893,0.1064,0.3543,1.0,3
PUTINGA,RS,-29.06603491,-52.21411851,Eolica,0.2561,0.2947,0.1064,0.3543,1.0,4
PUTINGA,RS,-29.06603491,-52.21411851,Biomassa,0.2124,0.4503,0.1064,0.0012,0.875,5
QUADRA,SP,-23.301575,-48.052685,H2 Verde,0.408,0.3333,0.1501,0.7655,0.875,1
QUADRA,SP,-23.301575,-48.052685,Solar,0.3672,0.2312,0.1501,0.7655,0.875,2
QUADRA,SP,-23.301575,-48.052685,Eolica,0.3672,0.2312,0.1501,0.7655,0.875,2
QUADRA,SP,-23.301575,-48.052685,Biometano,0.3225,0.6937,0.1501,,0.5,3
QUADRA,SP,-23.301575,-48.052685,Biomassa,0.2709,0.5646,0.1501,,0.75,4
QUARAI,RS,-30.093751726,-56.211191744,Biometano,0.396,0.8829,0.1429,0.0,0.625,1
QUARAI,RS,-30.093751726,-56.211191744,Eolica,0.2737,0.3118,0.1429,0.3537,1.0,2
QUARAI,RS,-30.093751726,-56.211191744,Solar,0.2667,0.2943,0.1429,0.3537,1.0,3
QUARAI,RS,-30.093751726,-56.211191744,Biomassa,0.2228,0.4499,0.1429,0.0,0.875,4
QUARAI,RS,-30.093751726,-56.211191744,H2 Verde,0.2112,0.1556,0.1429,0.3537,1.0,5
QUATA,SP,-22.24911111,-50.6525,H2 Verde,0.407,0.335,0.1446,0.7655,0.875,1
QUATA,SP,-22.24911111,-50.6525,Solar,0.3662,0.2329,0.1446,0.7655,0.875,2
QUATA,SP,-22.24911111,-50.6525,Eolica,0.3662,0.2329,0.1446,0.7655,0.875,2
QUATA,SP,-22.24911111,-50.6525,Biometano,0.3208,0.6937,0.1446,,0.5,3
QUATA,SP,-22.24911111,-50.6525,Biomassa,0.2699,0.5662,0.1446,,0.75,4
QUEDAS DO IGUACU,PR,-25.53756844,-53.00896732,Solar,0.3371,0.5462,0.1396,0.256,1.0,1
QUEDAS DO IGUACU,PR,-25.53756844,-53.00896732,H2 Verde,0.3054,0.467,0.1396,0.256,1.0,2
QUEDAS DO IGUACU,PR,-25.53756844,-53.00896732,Biometano,0.2875,0.5405,0.1396,0.0981,0.625,3
QUEDAS DO IGUACU,PR,-25.53756844,-53.00896732,Eolica,0.2038,0.2129,0.1396,0.256,1.0,4
QUEDAS DO IGUACU,PR,-25.53756844,-53.00896732,Biomassa,0.1968,0.3138,0.1396,0.0981,0.875,5
QUEIMADA NOVA,PI,-8.610197703,-41.445467936,Solar,0.2739,0.4493,0.143,0.1711,1.0,1
QUEIMADA NOVA,PI,-8.610197703,-41.445467936,H2 Verde,0.248,0.3846,0.143,0.1711,1.0,2
QUEIMADA NOVA,PI,-8.610197703,-41.445467936,Biometano,0.1797,0.3243,0.143,0.0235,0.625,3
QUEIMADA NOVA,PI,-8.610197703,-41.445467936,Eolica,0.1416,0.1184,0.143,0.1711,1.0,4
QUEIMADA NOVA,PI,-8.610197703,-41.445467936,Biomassa,0.1137,0.1593,0.143,0.0235,0.875,5
QUEIMADOS,RJ,-22.74119144,-43.62056431,H2 Verde,0.1502,0.1103,0.1471,0.2064,0.875,1
QUEIMADOS,RJ,-22.74119144,-43.62056431,Solar,0.1325,0.0661,0.1471,0.2064,0.875,2
QUEIMADOS,RJ,-22.74119144,-43.62056431,Eolica,0.1325,0.0661,0.1471,0.2064,0.875,2
QUEIMADOS,RJ,-22.74119144,-43.62056431,Biometano,0.1234,0.1982,0.1471,,0.5,3
QUEIMADOS,RJ,-22.74119144,-43.62056431,Biomassa,0.1147,0.1764,0.1471,,0.75,4
QUEIROZ,SP,-21.85030967,-50.24723455,H2 Verde,0.4162,0.3347,0.1757,0.7655,0.875,1
QUEIROZ,SP,-21.85030967,-50.24723455,Solar,0.3754,0.2326,0.1757,0.7655,0.875,2
QUEIROZ,SP,-21.85030967,-50.24723455,Eolica,0.3754,0.2326,0.1757,0.7655,0.875,2
QUEIROZ,SP,-21.85030967,-50.24723455,Biometano,0.3302,0.6937,0.1757,,0.5,3
QUEIROZ,SP,-21.85030967,-50.24723455,Biomassa,0.2791,0.5659,0.1757,,0.75,4
QUERENCIA,MT,0.0,0.0,Eolica,0.2248,0.0666,0.3278,0.3327,0.875,1
QUERENCIA,MT,0.0,0.0,Solar,0.2234,0.0631,0.3278,0.3327,0.875,2
QUERENCIA,MT,0.0,0.0,H2 Verde,0.2092,0.0277,0.3278,0.3327,0.875,3
QUERENCIA,MT,0.0,0.0,Biometano,0.174,0.1892,0.3278,,0.5,4
QUERENCIA,MT,0.0,0.0,Biomassa,0.1346,0.0907,0.3278,,0.75,5
QUEVEDOS,RS,-14.72445,-27.046125,Solar,0.3926,0.6279,0.1171,0.3542,1.0,1
QUEVEDOS,RS,-14.72445,-27.046125,Biometano,0.3886,0.8829,0.1171,0.0009,0.625,2
QUEVEDOS,RS,-14.72445,-27.046125,H2 Verde,0.3371,0.4892,0.1171,0.3542,1.0,3
QUEVEDOS,RS,-14.72445,-27.046125,Eolica,0.2592,0.2946,0.1171,0.3542,1.0,4
QUEVEDOS,RS,-14.72445,-27.046125,Biomassa,0.2155,0.4502,0.1171,0.0009,0.875,5
QUILOMBO,SC,-26.65222222,-52.6125,Solar,0.2919,0.4715,0.156,0.1884,1.0,1
QUILOMBO,SC,-26.65222222,-52.6125,H2 Verde,0.2843,0.4523,0.156,0.1884,1.0,2
QUILOMBO,SC,-26.65222222,-52.6125,Biometano,0.2126,0.4144,0.156,0.0001,0.625,3
QUILOMBO,SC,-26.65222222,-52.6125,Eolica,0.1586,0.1382,0.156,0.1884,1.0,4
QUILOMBO,SC,-26.65222222,-52.6125,Biomassa,0.1497,0.2571,0.156,0.0001,0.875,5
QUIRINOPOLIS,GO,-18.505249206666665,-50.43753972333334,Solar,0.1748,0.104,0.1686,0.2756,0.875,1
QUIRINOPOLIS,GO,-18.505249206666665,-50.43753972333334,Eolica,0.1748,0.104,0.1686,0.2756,0.875,1
QUIRINOPOLIS,GO,-18.505249206666665,-50.43753972333334,H2 Verde,0.1698,0.0915,0.1686,0.2756,0.875,2
QUIRINOPOLIS,GO,-18.505249206666665,-50.43753972333334,Biometano,0.1695,0.2973,0.1686,,0.5,3
QUIRINOPOLIS,GO,-18.505249206666665,-50.43753972333334,Biomassa,0.1268,0.1906,0.1686,,0.75,4
QUIXADA,CE,-3.3249870366666663,-25.91985185333333,H2 Verde,0.2813,0.4537,0.1507,0.1819,1.0,1
QUIXADA,CE,-3.3249870366666663,-25.91985185333333,Solar,0.28,0.4505,0.1507,0.1819,1.0,2
QUIXADA,CE,-3.3249870366666663,-25.91985185333333,Biometano,0.1858,0.3514,0.1507,0.0,0.625,3
QUIXADA,CE,-3.3249870366666663,-25.91985185333333,Eolica,0.1505,0.1269,0.1507,0.1819,1.0,4
QUIXADA,CE,-3.3249870366666663,-25.91985185333333,Biomassa,0.1402,0.2375,0.1507,0.0,0.875,5
QUIXERE,CE,-5.044748837999999,-37.787830834,H2 Verde,0.277,0.4441,0.1435,0.1877,1.0,1
QUIXERE,CE,-5.044748837999999,-37.787830834,Solar,0.2757,0.4408,0.1435,0.1877,1.0,2
QUIXERE,CE,-5.044748837999999,-37.787830834,Biometano,0.1871,0.3514,0.1435,0.0117,0.625,3
QUIXERE,CE,-5.044748837999999,-37.787830834,Eolica,0.1478,0.1212,0.1435,0.1877,1.0,4
QUIXERE,CE,-5.044748837999999,-37.787830834,Biomassa,0.1432,0.2415,0.1435,0.0117,0.875,5
RAFARD,SP,-22.99734967,-47.52019455,H2 Verde,0.4079,0.3348,0.1477,0.7655,0.875,1
RAFARD,SP,-22.99734967,-47.52019455,Solar,0.367,0.2327,0.1477,0.7655,0.875,2
RAFARD,SP,-22.99734967,-47.52019455,Eolica,0.367,0.2327,0.1477,0.7655,0.875,2
RAFARD,SP,-22.99734967,-47.52019455,Biometano,0.3218,0.6937,0.1477,,0.5,3
RAFARD,SP,-22.99734967,-47.52019455,Biomassa,0.2707,0.566,0.1477,,0.75,4
RANCHARIA,SP,-21.95167443,-50.92912507,H2 Verde,0.4225,0.6667,0.1364,0.3829,1.0,1
RANCHARIA,SP,-21.95167443,-50.92912507,Solar,0.3817,0.5646,0.1364,0.3829,1.0,2
RANCHARIA,SP,-21.95167443,-50.92912507,Biometano,0.3185,0.6937,0.1364,0.0002,0.625,3
RANCHARIA,SP,-21.95167443,-50.92912507,Biomassa,0.2669,0.5646,0.1364,0.0002,0.875,4
RANCHARIA,SP,-21.95167443,-50.92912507,Eolica,0.2483,0.2313,0.1364,0.3829,1.0,5
RAUL SOARES,MG,-20.1033762475,-42.418441135,Solar,0.4573,0.6674,0.1334,0.5011,1.0,1
RAUL SOARES,MG,-20.1033762475,-42.418441135,Biometano,0.4407,1.0,0.1334,0.0022,0.625,2
RAUL SOARES,MG,-20.1033762475,-42.418441135,H2 Verde,0.4075,0.5428,0.1334,0.5011,1.0,3
RAUL SOARES,MG,-20.1033762475,-42.418441135,Eolica,0.3242,0.3345,0.1334,0.5011,1.0,4
RAUL SOARES,MG,-20.1033762475,-42.418441135,Biomassa,0.2578,0.5428,0.1334,0.0022,0.875,5
RECIFE,PE,-6.669326733043477,-28.834010277826085,Biometano,0.1553,0.2432,0.1931,0.0002,0.625,1
RECIFE,PE,-6.669326733043477,-28.834010277826085,Solar,0.1304,0.1053,0.1931,0.1013,1.0,2
RECIFE,PE,-6.669326733043477,-28.834010277826085,H2 Verde,0.1218,0.0838,0.1931,0.1013,1.0,3
RECIFE,PE,-6.669326733043477,-28.834010277826085,Eolica,0.121,0.0818,0.1931,0.1013,1.0,4
RECIFE,PE,-6.669326733043477,-28.834010277826085,Biomassa,0.1145,0.1413,0.1931,0.0002,0.875,5
RECREIO,MG,-21.45014185,-42.40463836,Solar,0.4639,0.6678,0.1543,0.5017,1.0,1
RECREIO,MG,-21.45014185,-42.40463836,Biometano,0.4473,1.0,0.1543,0.0035,0.625,2
RECREIO,MG,-21.45014185,-42.40463836,H2 Verde,0.4141,0.5432,0.1543,0.5017,1.0,3
RECREIO,MG,-21.45014185,-42.40463836,Eolica,0.3306,0.3345,0.1543,0.5017,1.0,4
RECREIO,MG,-21.45014185,-42.40463836,Biomassa,0.2646,0.5432,0.1543,0.0035,0.875,5
REDENCAO,PA,0.0,0.0,H2 Verde,0.3028,0.4775,0.1726,0.1999,1.0,1
REDENCAO,PA,0.0,0.0,Solar,0.2775,0.4144,0.1726,0.1999,1.0,2
REDENCAO,PA,0.0,0.0,Biometano,0.1491,0.2432,0.1726,0.0,0.625,3
REDENCAO,PA,0.0,0.0,Eolica,0.1442,0.0811,0.1726,0.1999,1.0,4
REDENCAO,PA,0.0,0.0,Biomassa,0.1419,0.2253,0.1726,0.0,0.875,5
REDUTO,MG,-20.27680207,-41.96356798,Solar,0.4715,0.6667,0.1826,0.5,1.0,1
REDUTO,MG,-20.27680207,-41.96356798,Biometano,0.4548,1.0,0.1826,0.0,0.625,2
REDUTO,MG,-20.27680207,-41.96356798,H2 Verde,0.4216,0.5421,0.1826,0.5,1.0,3
REDUTO,MG,-20.27680207,-41.96356798,Eolica,0.3381,0.3333,0.1826,0.5,1.0,4
REDUTO,MG,-20.27680207,-41.96356798,Biomassa,0.2716,0.5421,0.1826,0.0,0.875,5
REGENTE FEIJO,SP,-11.15454998,-25.61049995,H2 Verde,0.3262,0.4086,0.1598,0.3828,1.0,1
REGENTE FEIJO,SP,-11.15454998,-25.61049995,Biometano,0.3254,0.6937,0.1598,0.0,0.625,2
REGENTE FEIJO,SP,-11.15454998,-25.61049995,Solar,0.2854,0.3065,0.1598,0.3828,1.0,3
REGENTE FEIJO,SP,-11.15454998,-25.61049995,Biomassa,0.2738,0.5646,0.1598,0.0,0.875,4
REGENTE FEIJO,SP,-11.15454998,-25.61049995,Eolica,0.2553,0.2313,0.1598,0.3828,1.0,5
REGISTRO,SP,-24.47583333,-47.82833333,H2 Verde,0.4125,0.3334,0.1649,0.7655,0.875,1
REGISTRO,SP,-24.47583333,-47.82833333,Solar,0.3716,0.2313,0.1649,0.7655,0.875,2
REGISTRO,SP,-24.47583333,-47.82833333,Eolica,0.3716,0.2313,0.1649,0.7655,0.875,2
REGISTRO,SP,-24.47583333,-47.82833333,Biometano,0.3269,0.6937,0.1649,,0.5,3
REGISTRO,SP,-24.47583333,-47.82833333,Biomassa,0.2753,0.5646,0.1649,,0.75,4
RESERVA DO CABACAL,MT,-14.83868888,-58.62180833,Biometano,0.1022,0.1892,0.0883,0.0,0.625,1
RESERVA DO CABACAL,MT,-14.83868888,-58.62180833,Eolica,0.1019,0.0638,0.0883,0.1663,1.0,2
RESERVA DO CABACAL,MT,-14.83868888,-58.62180833,Solar,0.1016,0.0631,0.0883,0.1663,1.0,3
RESERVA DO CABACAL,MT,-14.83868888,-58.62180833,H2 Verde,0.0875,0.0277,0.0883,0.1663,1.0,4
RESERVA DO CABACAL,MT,-14.83868888,-58.62180833,Biomassa,0.0628,0.0907,0.0883,0.0,0.875,5
RESERVA DO IGUACU,PR,-25.76580251,-52.08843502,Solar,0.3005,0.5137,0.1096,0.2072,1.0,1
RESERVA DO IGUACU,PR,-25.76580251,-52.08843502,H2 Verde,0.2688,0.4345,0.1096,0.2072,1.0,2
RESERVA DO IGUACU,PR,-25.76580251,-52.08843502,Biometano,0.2493,0.5405,0.1096,0.0006,0.625,3
RESERVA DO IGUACU,PR,-25.76580251,-52.08843502,Eolica,0.1672,0.1804,0.1096,0.2072,1.0,4
RESERVA DO IGUACU,PR,-25.76580251,-52.08843502,Biomassa,0.1456,0.2813,0.1096,0.0006,0.875,5
RIACHO DAS ALMAS,PE,-8.14576111,-35.88139722,Biometano,0.1442,0.2432,0.1565,0.0,0.625,1
RIACHO DAS ALMAS,PE,-8.14576111,-35.88139722,Eolica,0.1106,0.0831,0.1565,0.1012,1.0,2
RIACHO DAS ALMAS,PE,-8.14576111,-35.88139722,Solar,0.1097,0.0811,0.1565,0.1012,1.0,3
RIACHO DAS ALMAS,PE,-8.14576111,-35.88139722,Biomassa,0.1032,0.1406,0.1565,0.0,0.875,4
RIACHO DAS ALMAS,PE,-8.14576111,-35.88139722,H2 Verde,0.1011,0.0595,0.1565,0.1012,1.0,5
RIACHO DE SANTANA,BA,-13.544285454,-42.843077629999996,Solar,0.3787,0.5441,0.1192,0.4177,1.0,1
RIACHO DE SANTANA,BA,-13.544285454,-42.843077629999996,H2 Verde,0.3583,0.4932,0.1192,0.4177,1.0,2
RIACHO DE SANTANA,BA,-13.544285454,-42.843077629999996,Biometano,0.2885,0.6306,0.1192,0.0017,0.625,3
RIACHO DE SANTANA,BA,-13.544285454,-42.843077629999996,Eolica,0.2499,0.222,0.1192,0.4177,1.0,4
RIACHO DE SANTANA,BA,-13.544285454,-42.843077629999996,Biomassa,0.1843,0.37,0.1192,0.0017,0.875,5
RIACHUELO,BA,-11.095506945,-42.410695829999995,Biometano,0.2523,0.6306,,0.0,0.25,1
RIACHUELO,RN,-5.80123161,-35.914028785,H2 Verde,0.2506,0.4095,0.1485,0.1409,1.0,2
RIACHUELO,RN,-5.80123161,-35.914028785,Solar,0.2469,0.4001,0.1485,0.1409,1.0,3
RIACHUELO,BA,-11.095506945,-42.410695829999995,Eolica,0.2121,0.2177,,0.4168,0.625,4
RIACHUELO,BA,-11.095506945,-42.410695829999995,Solar,0.2091,0.2102,,0.4168,0.625,5
RIACHUELO,BA,-11.095506945,-42.410695829999995,H2 Verde,0.1888,0.1593,,0.4168,0.625,6
RIACHUELO,BA,-11.095506945,-42.410695829999995,Biomassa,0.1478,0.3695,,0.0,0.5,7
RIACHUELO,RN,-5.80123161,-35.914028785,Biometano,0.1236,0.1892,0.1485,0.0112,0.625,8
RIACHUELO,RN,-5.80123161,-35.914028785,Eolica,0.1135,0.0668,0.1485,0.1409,1.0,9
RIACHUELO,RN,-5.80123161,-35.914028785,Biomassa,0.1036,0.1392,0.1485,0.0112,0.875,10
RIANAPOLIS,GO,-7.758244775,-24.742610285,Solar,0.245,0.4325,0.1022,0.1379,1.0,1
RIANAPOLIS,GO,-7.758244775,-24.742610285,H2 Verde,0.2401,0.4201,0.1022,0.1379,1.0,2
RIANAPOLIS,GO,-7.758244775,-24.742610285,Biometano,0.1497,0.2973,0.1022,0.0003,0.625,3
RIANAPOLIS,GO,-7.758244775,-24.742610285,Eolica,0.1117,0.0992,0.1022,0.1379,1.0,4
RIANAPOLIS,GO,-7.758244775,-24.742610285,Biomassa,0.1051,0.1858,0.1022,0.0003,0.875,5
RIBAS DO RIO PARDO,MS,-20.789033335,-53.54167986,Biometano,0.1545,0.2613,0.164,0.0027,0.625,1
RIBAS DO RIO PARDO,MS,-20.789033335,-53.54167986,Solar,0.1365,0.1238,0.164,0.1261,1.0,2
RIBAS DO RIO PARDO,MS,-20.789033335,-53.54167986,Eolica,0.1268,0.0995,0.164,0.1261,1.0,3
RIBAS DO RIO PARDO,MS,-20.789033335,-53.54167986,H2 Verde,0.1171,0.0752,0.164,0.1261,1.0,4
RIBAS DO RIO PARDO,MS,-20.789033335,-53.54167986,Biomassa,0.1052,0.1379,0.164,0.0027,0.875,5
RIBEIRA,SP,-24.59722222,-49.135,H2 Verde,0.4174,0.6668,0.1192,0.3829,1.0,1
RIBEIRA,SP,-24.59722222,-49.135,Solar,0.3765,0.5647,0.1192,0.3829,1.0,2
RIBEIRA,SP,-24.59722222,-49.135,Biometano,0.3134,0.6937,0.1192,0.0004,0.625,3
RIBEIRA,SP,-24.59722222,-49.135,Biomassa,0.2617,0.5647,0.1192,0.0004,0.875,4
RIBEIRA,SP,-24.59722222,-49.135,Eolica,0.2432,0.2313,0.1192,0.3829,1.0,5
RIBEIRA DO PIAUI,PI,-8.202175478181818,-42.55757516954546,Solar,0.2669,0.4477,0.1242,0.1686,1.0,1
RIBEIRA DO PIAUI,PI,-8.202175478181818,-42.55757516954546,H2 Verde,0.241,0.3829,0.1242,0.1686,1.0,2
RIBEIRA DO PIAUI,PI,-8.202175478181818,-42.55757516954546,Biometano,0.1726,0.3243,0.1242,0.0187,0.625,3
RIBEIRA DO PIAUI,PI,-8.202175478181818,-42.55757516954546,Eolica,0.1529,0.1626,0.1242,0.1686,1.0,4
RIBEIRA DO PIAUI,PI,-8.202175478181818,-42.55757516954546,Biomassa,0.106,0.1577,0.1242,0.0187,0.875,5
RIBEIRAO BRANCO,SP,-24.16861111,-48.7125,H2 Verde,0.4243,0.6667,0.1424,0.3828,1.0,1
RIBEIRAO BRANCO,SP,-24.16861111,-48.7125,Solar,0.3834,0.5646,0.1424,0.3828,1.0,2
RIBEIRAO BRANCO,SP,-24.16861111,-48.7125,Biometano,0.3203,0.6937,0.1424,0.0002,0.625,3
RIBEIRAO BRANCO,SP,-24.16861111,-48.7125,Biomassa,0.2686,0.5646,0.1424,0.0002,0.875,4
RIBEIRAO BRANCO,SP,-24.16861111,-48.7125,Eolica,0.2501,0.2313,0.1424,0.3828,1.0,5
RIBEIRAO DAS NEVES,MG,-19.800822263333334,-44.06813494666667,Solar,0.486,0.3334,0.1754,1.0,0.875,1
RIBEIRAO DAS NEVES,MG,-19.800822263333334,-44.06813494666667,Eolica,0.486,0.3334,0.1754,1.0,0.875,1
RIBEIRAO DAS NEVES,MG,-19.800822263333334,-44.06813494666667,Biometano,0.4526,1.0,0.1754,,0.5,2
RIBEIRAO DAS NEVES,MG,-19.800822263333334,-44.06813494666667,H2 Verde,0.4361,0.2088,0.1754,1.0,0.875,3
RIBEIRAO DAS NEVES,MG,-19.800822263333334,-44.06813494666667,Biomassa,0.2695,0.5422,0.1754,,0.75,4
RIBEIRAO PRETO,SP,-21.162057646666668,-47.80569558916667,H2 Verde,0.4265,0.3339,0.2109,0.7655,0.875,1
RIBEIRAO PRETO,SP,-21.162057646666668,-47.80569558916667,Solar,0.3856,0.2318,0.2109,0.7655,0.875,2
RIBEIRAO PRETO,SP,-21.162057646666668,-47.80569558916667,Eolica,0.3856,0.2318,0.2109,0.7655,0.875,2
RIBEIRAO PRETO,SP,-21.162057646666668,-47.80569558916667,Biometano,0.3407,0.6937,0.2109,,0.5,3
RIBEIRAO PRETO,SP,-21.162057646666668,-47.80569558916667,Biomassa,0.2893,0.5652,0.2109,,0.75,4
RIBEIRO GONCALVES,PI,-7.652541330909091,-45.185121460909095,Solar,0.2708,0.4569,0.1108,0.1826,1.0,1
RIBEIRO GONCALVES,PI,-7.652541330909091,-45.185121460909095,H2 Verde,0.2449,0.3922,0.1108,0.1826,1.0,2
RIBEIRO GONCALVES,PI,-7.652541330909091,-45.185121460909095,Biometano,0.1769,0.3243,0.1108,0.0465,0.625,3
RIBEIRO GONCALVES,PI,-7.652541330909091,-45.185121460909095,Eolica,0.1383,0.1258,0.1108,0.1826,1.0,4
RIBEIRO GONCALVES,PI,-7.652541330909091,-45.185121460909095,Biomassa,0.114,0.167,0.1108,0.0465,0.875,5
RIO BRANCO,AC,-9.95967899,-67.82951204071428,Solar,0.0744,0.0063,0.1725,0.0671,0.875,1
RIO BRANCO,AC,-9.95967899,-67.82951204071428,Eolica,0.0744,0.0063,0.1725,0.0671,0.875,1
RIO BRANCO,AC,-9.95967899,-67.82951204071428,H2 Verde,0.0726,0.0017,0.1725,0.0671,0.875,2
RIO BRANCO,AC,-9.95967899,-67.82951204071428,Biometano,0.059,0.018,0.1725,,0.5,3
RIO BRANCO,AC,-9.95967899,-67.82951204071428,Biomassa,0.0548,0.0077,0.1725,,0.75,4
RIO BRANCO DO IVAI,PR,-24.30348323,-51.34742901,Biometano,0.2556,0.5405,0.1312,0.0,0.625,1
RIO BRANCO DO IVAI,PR,-24.30348323,-51.34742901,Eolica,0.174,0.1813,0.1312,0.2069,1.0,2
RIO BRANCO DO IVAI,PR,-24.30348323,-51.34742901,Solar,0.1735,0.1802,0.1312,0.2069,1.0,3
RIO BRANCO DO IVAI,PR,-24.30348323,-51.34742901,Biomassa,0.1518,0.2811,0.1312,0.0,0.875,4
RIO BRANCO DO IVAI,PR,-24.30348323,-51.34742901,H2 Verde,0.1418,0.1009,0.1312,0.2069,1.0,5
RIO BRANCO DO SUL,PR,-25.15190372,-49.41284586,Solar,0.3248,0.5136,0.1911,0.207,1.0,1
RIO BRANCO DO SUL,PR,-25.15190372,-49.41284586,H2 Verde,0.2931,0.4343,0.1911,0.207,1.0,2
RIO BRANCO DO SUL,PR,-25.15190372,-49.41284586,Biometano,0.2736,0.5405,0.1911,0.0001,0.625,3
RIO BRANCO DO SUL,PR,-25.15190372,-49.41284586,Eolica,0.1915,0.1802,0.1911,0.207,1.0,4
RIO BRANCO DO SUL,PR,-25.15190372,-49.41284586,Biomassa,0.1698,0.2812,0.1911,0.0001,0.875,5
RIO BRILHANTE,MS,-21.63630415888889,-54.19428106,Biometano,0.1619,0.2613,0.1913,0.0,0.625,1
RIO BRILHANTE,MS,-21.63630415888889,-54.19428106,Eolica,0.1393,0.1112,0.1913,0.1248,1.0,2
RIO BRILHANTE,MS,-21.63630415888889,-54.19428106,Solar,0.1334,0.0964,0.1913,0.1248,1.0,3
RIO BRILHANTE,MS,-21.63630415888889,-54.19428106,H2 Verde,0.1139,0.0478,0.1913,0.1248,1.0,4
RIO BRILHANTE,MS,-21.63630415888889,-54.19428106,Biomassa,0.1112,0.1346,0.1913,0.0,0.875,5
RIO CASCA,MG,-20.27679722,-42.65151944,Solar,0.45,0.6668,0.1107,0.5001,1.0,1
RIO CASCA,MG,-20.27679722,-42.65151944,Biometano,0.4333,1.0,0.1107,0.0003,0.625,2
RIO CASCA,MG,-20.27679722,-42.65151944,H2 Verde,0.4001,0.5422,0.1107,0.5001,1.0,3
RIO CASCA,MG,-20.27679722,-42.65151944,Eolica,0.3166,0.3334,0.1107,0.5001,1.0,4
RIO CASCA,MG,-20.27679722,-42.65151944,Biomassa,0.2502,0.5422,0.1107,0.0003,0.875,5
RIO CLARO,SP,-22.4244410825,-47.567895764999996,H2 Verde,0.36,0.4874,0.1675,0.3828,1.0,1
RIO CLARO,SP,-22.4244410825,-47.567895764999996,Biometano,0.3278,0.6937,0.1675,0.0002,0.625,2
RIO CLARO,SP,-22.4244410825,-47.567895764999996,Solar,0.3192,0.3853,0.1675,0.3828,1.0,3
RIO CLARO,SP,-22.4244410825,-47.567895764999996,Biomassa,0.2762,0.5647,0.1675,0.0002,0.875,4
RIO CLARO,SP,-22.4244410825,-47.567895764999996,Eolica,0.2576,0.2313,0.1675,0.3828,1.0,5
RIO CLARO,RJ,-22.784883335,-44.22640278,H2 Verde,0.2497,0.4439,0.1366,0.1037,1.0,6
RIO CLARO,RJ,-22.784883335,-44.22640278,Solar,0.232,0.3997,0.1366,0.1037,1.0,7
RIO CLARO,RJ,-22.784883335,-44.22640278,Biometano,0.1206,0.1982,0.1366,0.001,0.625,8
RIO CLARO,RJ,-22.784883335,-44.22640278,Biomassa,0.112,0.1767,0.1366,0.001,0.875,9
RIO CLARO,RJ,-22.784883335,-44.22640278,Eolica,0.0989,0.0671,0.1366,0.1037,1.0,10
RIO DA CONCEICAO,TO,-11.39980278,-46.88812778,Biometano,0.0867,0.1081,0.1448,0.0,0.625,1
RIO DA CONCEICAO,TO,-11.39980278,-46.88812778,Eolica,0.0759,0.0364,0.1448,0.0596,1.0,2
RIO DA CONCEICAO,TO,-11.39980278,-46.88812778,Solar,0.0758,0.036,0.1448,0.0596,1.0,3
RIO DA CONCEICAO,TO,-11.39980278,-46.88812778,H2 Verde,0.0731,0.0295,0.1448,0.0596,1.0,4
RIO DA CONCEICAO,TO,-11.39980278,-46.88812778,Biomassa,0.0697,0.0655,0.1448,0.0,0.875,5
RIO DAS ANTAS,SC,-26.90607487,-51.08315727,Solar,0.2878,0.4715,0.1423,0.1884,1.0,1
RIO DAS ANTAS,SC,-26.90607487,-51.08315727,H2 Verde,0.2801,0.4523,0.1423,0.1884,1.0,2
RIO DAS ANTAS,SC,-26.90607487,-51.08315727,Biometano,0.2085,0.4144,0.1423,0.0,0.625,3
RIO DAS ANTAS,SC,-26.90607487,-51.08315727,Eolica,0.1545,0.1381,0.1423,0.1884,1.0,4
RIO DAS ANTAS,SC,-26.90607487,-51.08315727,Biomassa,0.1456,0.2571,0.1423,0.0,0.875,5
RIO DAS OSTRAS,RJ,-22.51222219,-41.95388889,H2 Verde,0.2825,0.4436,0.247,0.1032,1.0,1
RIO DAS OSTRAS,RJ,-22.51222219,-41.95388889,Solar,0.2648,0.3994,0.247,0.1032,1.0,2
RIO DAS OSTRAS,RJ,-22.51222219,-41.95388889,Biometano,0.1534,0.1982,0.247,0.0,0.625,3
RIO DAS OSTRAS,RJ,-22.51222219,-41.95388889,Biomassa,0.1446,0.1763,0.247,0.0,0.875,4
RIO DAS OSTRAS,RJ,-22.51222219,-41.95388889,Eolica,0.1315,0.0661,0.247,0.1032,1.0,5
RIO DAS PEDRAS,SP,-22.80763889,-47.614583335,H2 Verde,0.4092,0.3336,0.1538,0.7655,0.875,1
RIO DAS PEDRAS,SP,-22.80763889,-47.614583335,Solar,0.3684,0.2315,0.1538,0.7655,0.875,2
RIO DAS PEDRAS,SP,-22.80763889,-47.614583335,Eolica,0.3684,0.2315,0.1538,0.7655,0.875,2
RIO DAS PEDRAS,SP,-22.80763889,-47.614583335,Biometano,0.3236,0.6937,0.1538,,0.5,3
RIO DAS PEDRAS,SP,-22.80763889,-47.614583335,Biomassa,0.2721,0.5648,0.1538,,0.75,4
RIO DE CONTAS,BA,0.0,0.0,Biometano,0.2929,0.6306,0.1355,0.0,0.625,1
RIO DE CONTAS,BA,0.0,0.0,Eolica,0.2541,0.221,0.1355,0.4168,1.0,2
RIO DE CONTAS,BA,0.0,0.0,Solar,0.2498,0.2102,0.1355,0.4168,1.0,3
RIO DE CONTAS,BA,0.0,0.0,H2 Verde,0.2294,0.1593,0.1355,0.4168,1.0,4
RIO DE CONTAS,BA,0.0,0.0,Biomassa,0.1884,0.3695,0.1355,0.0,0.875,5
RIO DE JANEIRO,RJ,-22.367801835813953,-42.33605257686047,H2 Verde,0.2233,0.1453,0.4471,0.1033,1.0,1
RIO DE JANEIRO,RJ,-22.367801835813953,-42.33605257686047,Biomassa,0.2185,0.2109,0.4471,0.0002,0.875,2
RIO DE JANEIRO,RJ,-22.367801835813953,-42.33605257686047,Biometano,0.2135,0.1982,0.4471,0.0002,0.625,3
RIO DE JANEIRO,RJ,-22.367801835813953,-42.33605257686047,Solar,0.2056,0.1011,0.4471,0.1033,1.0,4
RIO DE JANEIRO,RJ,-22.367801835813953,-42.33605257686047,Eolica,0.2055,0.1011,0.4471,0.1033,1.0,5
RIO DO CAMPO,SC,-26.956234424999998,-50.158731044999996,Solar,0.2894,0.4715,0.1475,0.1885,1.0,1
RIO DO CAMPO,SC,-26.956234424999998,-50.158731044999996,H2 Verde,0.2817,0.4524,0.1475,0.1885,1.0,2
RIO DO CAMPO,SC,-26.956234424999998,-50.158731044999996,Biometano,0.2101,0.4144,0.1475,0.0002,0.625,3
RIO DO CAMPO,SC,-26.956234424999998,-50.158731044999996,Eolica,0.1561,0.1382,0.1475,0.1885,1.0,4
RIO DO CAMPO,SC,-26.956234424999998,-50.158731044999996,Biomassa,0.1472,0.2572,0.1475,0.0002,0.875,5
RIO DO FOGO,RN,-5.30693366,-35.38435271,H2 Verde,0.2482,0.408,0.1445,0.1387,1.0,1
RIO DO FOGO,RN,-5.30693366,-35.38435271,Solar,0.2445,0.3987,0.1445,0.1387,1.0,2
RIO DO FOGO,RN,-5.30693366,-35.38435271,Biometano,0.1211,0.1892,0.1445,0.0069,0.625,3
RIO DO FOGO,RN,-5.30693366,-35.38435271,Eolica,0.1111,0.0654,0.1445,0.1387,1.0,4
RIO DO FOGO,RN,-5.30693366,-35.38435271,Biomassa,0.1005,0.1377,0.1445,0.0069,0.875,5
RIO DO SUL,SC,-9.060555563333333,-16.532407406666668,Solar,0.3003,0.4715,0.1839,0.1884,1.0,1
RIO DO SUL,SC,-9.060555563333333,-16.532407406666668,H2 Verde,0.2926,0.4523,0.1839,0.1884,1.0,2
RIO DO SUL,SC,-9.060555563333333,-16.532407406666668,Biometano,0.221,0.4144,0.1839,0.0001,0.625,3
RIO DO SUL,SC,-9.060555563333333,-16.532407406666668,Eolica,0.167,0.1382,0.1839,0.1884,1.0,4
RIO DO SUL,SC,-9.060555563333333,-16.532407406666668,Biomassa,0.158,0.2571,0.1839,0.0001,0.875,5
RIO DOCE,MG,-20.20742219,-42.85499938,Solar,0.4618,0.6708,0.1388,0.5062,1.0,1
RIO DOCE,MG,-20.20742219,-42.85499938,Biometano,0.4454,1.0,0.1388,0.0124,0.625,2
RIO DOCE,MG,-20.20742219,-42.85499938,H2 Verde,0.412,0.5462,0.1388,0.5062,1.0,3
RIO DOCE,MG,-20.20742219,-42.85499938,Eolica,0.3285,0.3375,0.1388,0.5062,1.0,4
RIO DOCE,MG,-20.20742219,-42.85499938,Biomassa,0.2638,0.5462,0.1388,0.0124,0.875,5
RIO DOS CEDROS,SC,-26.6762016725,-49.32510632,Solar,0.2908,0.471,0.1514,0.1898,1.0,1
RIO DOS CEDROS,SC,-26.6762016725,-49.32510632,H2 Verde,0.2831,0.4518,0.1514,0.1898,1.0,2
RIO DOS CEDROS,SC,-26.6762016725,-49.32510632,Biometano,0.2121,0.4144,0.1514,0.0029,0.625,3
RIO DOS CEDROS,SC,-26.6762016725,-49.32510632,Eolica,0.1587,0.1409,0.1514,0.1898,1.0,4
RIO DOS CEDROS,SC,-26.6762016725,-49.32510632,Biomassa,0.1495,0.2581,0.1514,0.0029,0.875,5
RIO FORMOSO,PE,-8.645131495000001,-35.240033940000004,Solar,0.1384,0.1861,0.1119,0.1015,1.0,1
RIO FORMOSO,PE,-8.645131495000001,-35.240033940000004,Biometano,0.131,0.2432,0.1119,0.0005,0.625,2
RIO FORMOSO,PE,-8.645131495000001,-35.240033940000004,H2 Verde,0.1298,0.1645,0.1119,0.1015,1.0,3
RIO FORMOSO,PE,-8.645131495000001,-35.240033940000004,Eolica,0.0967,0.0816,0.1119,0.1015,1.0,4
RIO FORMOSO,PE,-8.645131495000001,-35.240033940000004,Biomassa,0.0902,0.1412,0.1119,0.0005,0.875,5
RIO FORTUNA,SC,-22.473741425999997,-39.314390248,Solar,0.2935,0.4722,0.1591,0.1895,1.0,1
RIO FORTUNA,SC,-22.473741425999997,-39.314390248,H2 Verde,0.2858,0.4531,0.1591,0.1895,1.0,2
RIO FORTUNA,SC,-22.473741425999997,-39.314390248,Biometano,0.2142,0.4144,0.1591,0.0023,0.625,3
RIO FORTUNA,SC,-22.473741425999997,-39.314390248,Eolica,0.1602,0.1389,0.1591,0.1895,1.0,4
RIO FORTUNA,SC,-22.473741425999997,-39.314390248,Biomassa,0.1516,0.2579,0.1591,0.0023,0.875,5
RIO GRANDE,RS,-31.909793738,-52.273827522000005,Solar,0.4029,0.6311,0.14,0.3614,1.0,1
RIO GRANDE,RS,-31.909793738,-52.273827522000005,Biometano,0.3998,0.8829,0.14,0.0154,0.625,2
RIO GRANDE,RS,-31.909793738,-52.273827522000005,H2 Verde,0.3474,0.4924,0.14,0.3614,1.0,3
RIO GRANDE,RS,-31.909793738,-52.273827522000005,Eolica,0.2702,0.2994,0.14,0.3614,1.0,4
RIO GRANDE,RS,-31.909793738,-52.273827522000005,Biomassa,0.2286,0.455,0.14,0.0154,0.875,5
RIO LARGO,AL,-9.489051244999999,-35.850655415,Biometano,0.1037,0.0991,0.2135,0.0001,0.625,1
RIO LARGO,AL,-9.489051244999999,-35.850655415,Solar,0.1007,0.0601,0.2135,0.0421,1.0,2
RIO LARGO,AL,-9.489051244999999,-35.850655415,H2 Verde,0.0968,0.0502,0.2135,0.0421,1.0,3
RIO LARGO,AL,-9.489051244999999,-35.850655415,Eolica,0.09,0.0334,0.2135,0.0421,1.0,4
RIO LARGO,AL,-9.489051244999999,-35.850655415,Biomassa,0.0867,0.0565,0.2135,0.0001,0.875,5
RIO NEGRINHO,SC,-26.363663029999998,-49.572277983999996,Biometano,0.2063,0.4144,0.1349,0.0002,0.625,1
RIO NEGRINHO,SC,-26.363663029999998,-49.572277983999996,Solar,0.1876,0.2265,0.1349,0.1885,1.0,2
RIO NEGRINHO,SC,-26.363663029999998,-49.572277983999996,H2 Verde,0.18,0.2074,0.1349,0.1885,1.0,3
RIO NEGRINHO,SC,-26.363663029999998,-49.572277983999996,Eolica,0.1524,0.1384,0.1349,0.1885,1.0,4
RIO NEGRINHO,SC,-26.363663029999998,-49.572277983999996,Biomassa,0.1435,0.2574,0.1349,0.0002,0.875,5
RIO NEGRO,PR,-26.10040806,-49.797685,Biometano,0.2578,0.5405,0.1385,,0.5,1
RIO NEGRO,PR,-26.10040806,-49.797685,Solar,0.2378,0.1802,0.1385,0.4138,0.875,2
RIO NEGRO,PR,-26.10040806,-49.797685,Eolica,0.2378,0.1802,0.1385,0.4138,0.875,2
RIO NEGRO,PR,-26.10040806,-49.797685,H2 Verde,0.2061,0.101,0.1385,0.4138,0.875,3
RIO NEGRO,PR,-26.10040806,-49.797685,Biomassa,0.154,0.2811,0.1385,,0.75,4
RIO NOVO DO SUL,ES,-20.77358998,-40.98751668,H2 Verde,0.2095,0.3838,0.1314,0.0552,1.0,1
RIO NOVO DO SUL,ES,-20.77358998,-40.98751668,Solar,0.1989,0.3574,0.1314,0.0552,1.0,2
RIO NOVO DO SUL,ES,-20.77358998,-40.98751668,Biomassa,0.0693,0.0745,0.1314,0.0001,0.875,3
RIO NOVO DO SUL,ES,-20.77358998,-40.98751668,Biometano,0.0683,0.0721,0.1314,0.0001,0.625,4
RIO NOVO DO SUL,ES,-20.77358998,-40.98751668,Eolica,0.0656,0.0241,0.1314,0.0552,1.0,5
RIO POMBA,MG,-21.2993535,-43.20857571,Solar,0.4595,0.6668,0.1424,0.5002,1.0,1
RIO POMBA,MG,-21.2993535,-43.20857571,Biometano,0.4428,1.0,0.1424,0.0004,0.625,2
RIO POMBA,MG,-21.2993535,-43.20857571,H2 Verde,0.4096,0.5422,0.1424,0.5002,1.0,3
RIO POMBA,MG,-21.2993535,-43.20857571,Eolica,0.3262,0.3335,0.1424,0.5002,1.0,4
RIO POMBA,MG,-21.2993535,-43.20857571,Biomassa,0.2597,0.5422,0.1424,0.0004,0.875,5
RIO PRETO,MG,-22.03339237,-43.78258769,Solar,0.4558,0.667,0.1297,0.5005,1.0,1
RIO PRETO,MG,-22.03339237,-43.78258769,Biometano,0.4392,1.0,0.1297,0.0009,0.625,2
RIO PRETO,MG,-22.03339237,-43.78258769,H2 Verde,0.406,0.5424,0.1297,0.5005,1.0,3
RIO PRETO,MG,-22.03339237,-43.78258769,Eolica,0.3225,0.3336,0.1297,0.5005,1.0,4
RIO PRETO,MG,-22.03339237,-43.78258769,Biomassa,0.2561,0.5424,0.1297,0.0009,0.875,5
RIO PRETO DA EVA,AM,-2.69500966,-59.69053455,H2 Verde,0.0992,0.0312,0.1298,0.1593,0.875,1
RIO PRETO DA EVA,AM,-2.69500966,-59.69053455,Solar,0.094,0.0183,0.1298,0.1593,0.875,2
RIO PRETO DA EVA,AM,-2.69500966,-59.69053455,Eolica,0.094,0.0183,0.1298,0.1593,0.875,2
RIO PRETO DA EVA,AM,-2.69500966,-59.69053455,Biometano,0.0606,0.0541,0.1298,,0.5,3
RIO PRETO DA EVA,AM,-2.69500966,-59.69053455,Biomassa,0.0586,0.0493,0.1298,,0.75,4
RIO VERDE,GO,-15.730579460000001,-45.29994924222222,Solar,0.2727,0.4158,0.2142,0.1402,1.0,1
RIO VERDE,GO,-15.730579460000001,-45.29994924222222,H2 Verde,0.2677,0.4034,0.2142,0.1402,1.0,2
RIO VERDE,GO,-15.730579460000001,-45.29994924222222,Biometano,0.1846,0.2973,0.2142,0.0048,0.625,3
RIO VERDE,GO,-15.730579460000001,-45.29994924222222,Eolica,0.1474,0.1026,0.2142,0.1402,1.0,4
RIO VERDE,GO,-15.730579460000001,-45.29994924222222,Biomassa,0.1407,0.1874,0.2142,0.0048,0.875,5
RODEIO,SC,0.0,0.0,Solar,0.2982,0.4715,0.1771,0.1884,1.0,1
RODEIO,SC,0.0,0.0,H2 Verde,0.2906,0.4523,0.1771,0.1884,1.0,2
RODEIO,SC,0.0,0.0,Biometano,0.2189,0.4144,0.1771,0.0,0.625,3
RODEIO,SC,0.0,0.0,Eolica,0.1649,0.1382,0.1771,0.1884,1.0,4
RODEIO,SC,0.0,0.0,Biomassa,0.156,0.2571,0.1771,0.0,0.875,5
RODEIO BONITO,RS,-27.47519439,-53.1895,Solar,0.4096,0.6276,0.1747,0.3537,1.0,1
RODEIO BONITO,RS,-27.47519439,-53.1895,Biometano,0.4056,0.8829,0.1747,0.0001,0.625,2
RODEIO BONITO,RS,-27.47519439,-53.1895,H2 Verde,0.3541,0.489,0.1747,0.3537,1.0,3
RODEIO BONITO,RS,-27.47519439,-53.1895,Eolica,0.2763,0.2943,0.1747,0.3537,1.0,4
RODEIO BONITO,RS,-27.47519439,-53.1895,Biomassa,0.2324,0.4499,0.1747,0.0001,0.875,5
RODELAS,BA,-9.018771913333334,-38.60482685222222,Biometano,0.3125,0.6306,0.2007,0.0,0.625,1
RODELAS,BA,-9.018771913333334,-38.60482685222222,Eolica,0.2828,0.2438,0.2007,0.4168,1.0,2
RODELAS,BA,-9.018771913333334,-38.60482685222222,Solar,0.2694,0.2102,0.2007,0.4168,1.0,3
RODELAS,BA,-9.018771913333334,-38.60482685222222,H2 Verde,0.249,0.1593,0.2007,0.4168,1.0,4
RODELAS,BA,-9.018771913333334,-38.60482685222222,Biomassa,0.208,0.3695,0.2007,0.0,0.875,5
ROLANDIA,PR,-11.65152778,-25.69402778,Solar,0.3261,0.5135,0.1954,0.2069,1.0,1
ROLANDIA,PR,-11.65152778,-25.69402778,H2 Verde,0.2944,0.4343,0.1954,0.2069,1.0,2
ROLANDIA,PR,-11.65152778,-25.69402778,Biometano,0.2748,0.5405,0.1954,0.0,0.625,3
ROLANDIA,PR,-11.65152778,-25.69402778,Eolica,0.1928,0.1802,0.1954,0.2069,1.0,4
ROLANDIA,PR,-11.65152778,-25.69402778,Biomassa,0.1711,0.2811,0.1954,0.0,0.875,5
ROLIM DE MOURA,RO,-11.72357364,-61.74882503,H2 Verde,0.1164,0.0645,0.1667,0.1353,0.875,1
ROLIM DE MOURA,RO,-11.72357364,-61.74882503,Solar,0.1062,0.0391,0.1667,0.1353,0.875,2
ROLIM DE MOURA,RO,-11.72357364,-61.74882503,Eolica,0.1062,0.0391,0.1667,0.1353,0.875,2
ROLIM DE MOURA,RO,-11.72357364,-61.74882503,Biometano,0.0968,0.1171,0.1667,,0.5,3
ROLIM DE MOURA,RO,-11.72357364,-61.74882503,Biomassa,0.0914,0.1035,0.1667,,0.75,4
ROMELANDIA,SC,-26.68361944,-53.27920833,Solar,0.2745,0.4716,0.0976,0.1886,1.0,1
ROMELANDIA,SC,-26.68361944,-53.27920833,H2 Verde,0.2668,0.4525,0.0976,0.1886,1.0,2
ROMELANDIA,SC,-26.68361944,-53.27920833,Biometano,0.1952,0.4144,0.0976,0.0005,0.625,3
ROMELANDIA,SC,-26.68361944,-53.27920833,Eolica,0.1412,0.1383,0.0976,0.1886,1.0,4
ROMELANDIA,SC,-26.68361944,-53.27920833,Biomassa,0.1323,0.2573,0.0976,0.0005,0.875,5
RONDON,PR,-23.37083709,-52.70887682,Biometano,0.2583,0.5405,0.1403,,0.5,1
RONDON,PR,-23.37083709,-52.70887682,Solar,0.2384,0.1805,0.1403,0.4138,0.875,2
RONDON,PR,-23.37083709,-52.70887682,Eolica,0.2384,0.1805,0.1403,0.4138,0.875,2
RONDON,PR,-23.37083709,-52.70887682,H2 Verde,0.2067,0.1012,0.1403,0.4138,0.875,3
RONDON,PR,-23.37083709,-52.70887682,Biomassa,0.1547,0.2814,0.1403,,0.75,4
RONDONOPOLIS,MT,-16.54879377,-54.667430366,Solar,0.2658,0.3834,0.2073,0.1675,1.0,1
RONDONOPOLIS,MT,-16.54879377,-54.667430366,H2 Verde,0.2516,0.348,0.2073,0.1675,1.0,2
RONDONOPOLIS,MT,-16.54879377,-54.667430366,Biometano,0.1386,0.1892,0.2073,0.0024,0.625,3
RONDONOPOLIS,MT,-16.54879377,-54.667430366,Eolica,0.138,0.0639,0.2073,0.1675,1.0,4
RONDONOPOLIS,MT,-16.54879377,-54.667430366,Biomassa,0.0995,0.0916,0.2073,0.0024,0.875,5
ROQUE GONZALES,RS,-28.14207672,-55.06582011,Solar,0.3914,0.6277,0.114,0.3537,1.0,1
ROQUE GONZALES,RS,-28.14207672,-55.06582011,Biometano,0.3874,0.8829,0.114,0.0001,0.625,2
ROQUE GONZALES,RS,-28.14207672,-55.06582011,H2 Verde,0.3359,0.489,0.114,0.3537,1.0,3
ROQUE GONZALES,RS,-28.14207672,-55.06582011,Eolica,0.258,0.2943,0.114,0.3537,1.0,4
ROQUE GONZALES,RS,-28.14207672,-55.06582011,Biomassa,0.2142,0.4499,0.114,0.0001,0.875,5
RORAINOPOLIS,RR,-0.030097463571428562,-60.91133971214286,H2 Verde,0.0727,0.0044,0.2145,0.022,0.875,1
RORAINOPOLIS,RR,-0.030097463571428562,-60.91133971214286,Solar,0.0711,0.0005,0.2145,0.022,0.875,2
RORAINOPOLIS,RR,-0.030097463571428562,-60.91133971214286,Eolica,0.0711,0.0005,0.2145,0.022,0.875,2
RORAINOPOLIS,RR,-0.030097463571428562,-60.91133971214286,Biomassa,0.0661,0.0044,0.2145,,0.75,3
RORAINOPOLIS,RR,-0.030097463571428562,-60.91133971214286,Biometano,0.0643,0.0,0.2145,,0.5,4
ROSARIO DA LIMEIRA,MG,-21.0139851,-42.46070949,Solar,0.4661,0.6667,0.1648,0.5001,1.0,1
ROSARIO DA LIMEIRA,MG,-21.0139851,-42.46070949,Biometano,0.4495,1.0,0.1648,0.0001,0.625,2
ROSARIO DA LIMEIRA,MG,-21.0139851,-42.46070949,H2 Verde,0.4163,0.5421,0.1648,0.5001,1.0,3
ROSARIO DA LIMEIRA,MG,-21.0139851,-42.46070949,Eolica,0.3328,0.3334,0.1648,0.5001,1.0,4
ROSARIO DA LIMEIRA,MG,-21.0139851,-42.46070949,Biomassa,0.2663,0.5421,0.1648,0.0001,0.875,5
ROSARIO OESTE,MT,-14.62861111,-55.79861111,Solar,0.2402,0.3964,0.1057,0.1663,1.0,1
ROSARIO OESTE,MT,-14.62861111,-55.79861111,H2 Verde,0.226,0.361,0.1057,0.1663,1.0,2
ROSARIO OESTE,MT,-14.62861111,-55.79861111,Biometano,0.1074,0.1892,0.1057,0.0,0.625,3
ROSARIO OESTE,MT,-14.62861111,-55.79861111,Eolica,0.1068,0.0631,0.1057,0.1663,1.0,4
ROSARIO OESTE,MT,-14.62861111,-55.79861111,Biomassa,0.068,0.0907,0.1057,0.0,0.875,5
ROSEIRA,SP,-22.89160244,-45.33693736,H2 Verde,0.4135,0.3334,0.1682,0.7655,0.875,1
ROSEIRA,SP,-22.89160244,-45.33693736,Solar,0.3726,0.2313,0.1682,0.7655,0.875,2
ROSEIRA,SP,-22.89160244,-45.33693736,Eolica,0.3726,0.2313,0.1682,0.7655,0.875,2
ROSEIRA,SP,-22.89160244,-45.33693736,Biometano,0.3279,0.6937,0.1682,,0.5,3
ROSEIRA,SP,-22.89160244,-45.33693736,Biomassa,0.2763,0.5646,0.1682,,0.75,4
RUBIATABA,GO,-15.17540966,-49.74883455,Solar,0.1676,0.1003,0.1493,0.2756,0.875,1
RUBIATABA,GO,-15.17540966,-49.74883455,Eolica,0.1676,0.1003,0.1493,0.2756,0.875,1
RUBIATABA,GO,-15.17540966,-49.74883455,Biometano,0.1637,0.2973,0.1493,,0.5,2
RUBIATABA,GO,-15.17540966,-49.74883455,H2 Verde,0.1626,0.0878,0.1493,0.2756,0.875,3
RUBIATABA,GO,-15.17540966,-49.74883455,Biomassa,0.1196,0.1869,0.1493,,0.75,4
RUSSAS,CE,-4.883582102857143,-37.992167738571425,Biometano,0.185,0.3514,0.1483,0.0,0.625,1
RUSSAS,CE,-4.883582102857143,-37.992167738571425,Eolica,0.1635,0.1612,0.1483,0.1819,1.0,2
RUSSAS,CE,-4.883582102857143,-37.992167738571425,H2 Verde,0.1472,0.1204,0.1483,0.1819,1.0,3
RUSSAS,CE,-4.883582102857143,-37.992167738571425,Solar,0.1459,0.1171,0.1483,0.1819,1.0,4
RUSSAS,CE,-4.883582102857143,-37.992167738571425,Biomassa,0.1395,0.2375,0.1483,0.0,0.875,5
RUY BARBOSA,RN,-5.87064007,-35.951364909999995,H2 Verde,0.2383,0.4093,0.108,0.1407,1.0,1
RUY BARBOSA,RN,-5.87064007,-35.951364909999995,Solar,0.2346,0.4,0.108,0.1407,1.0,2
RUY BARBOSA,RN,-5.87064007,-35.951364909999995,Biometano,0.1113,0.1892,0.108,0.0108,0.625,3
RUY BARBOSA,RN,-5.87064007,-35.951364909999995,Eolica,0.1013,0.0667,0.108,0.1407,1.0,4
RUY BARBOSA,RN,-5.87064007,-35.951364909999995,Biomassa,0.0913,0.1391,0.108,0.0108,0.875,5
SABARA,MG,-19.845388506666666,-43.81656491333333,Biometano,0.4445,1.0,0.1481,0.0002,0.625,1
SABARA,MG,-19.845388506666666,-43.81656491333333,Solar,0.3576,0.4079,0.1481,0.5001,1.0,2
SABARA,MG,-19.845388506666666,-43.81656491333333,Eolica,0.3279,0.3336,0.1481,0.5001,1.0,3
SABARA,MG,-19.845388506666666,-43.81656491333333,H2 Verde,0.3078,0.2833,0.1481,0.5001,1.0,4
SABARA,MG,-19.845388506666666,-43.81656491333333,Biomassa,0.2614,0.5423,0.1481,0.0002,0.875,5
SACRAMENTO,MG,-19.823604473333333,-47.476239,Solar,0.4581,0.6445,0.1665,0.5011,1.0,1
SACRAMENTO,MG,-19.823604473333333,-47.476239,Biometano,0.4506,1.0,0.1665,0.0022,0.625,2
SACRAMENTO,SP,-20.086795175,-47.356842665,H2 Verde,0.4186,0.7103,,0.4483,0.625,3
SACRAMENTO,MG,-19.823604473333333,-47.476239,H2 Verde,0.4082,0.5199,0.1665,0.5011,1.0,4
SACRAMENTO,SP,-20.086795175,-47.356842665,Solar,0.3778,0.6082,,0.4483,0.625,5
SACRAMENTO,MG,-19.823604473333333,-47.476239,Eolica,0.3339,0.3341,0.1665,0.5011,1.0,6
SACRAMENTO,SP,-20.086795175,-47.356842665,Biometano,0.3168,0.6937,,0.131,0.25,7
SACRAMENTO,SP,-20.086795175,-47.356842665,Biomassa,0.2826,0.6082,,0.131,0.5,8
SACRAMENTO,MG,-19.823604473333333,-47.476239,Biomassa,0.2677,0.5428,0.1665,0.0022,0.875,9
SACRAMENTO,SP,-20.086795175,-47.356842665,Eolica,0.2444,0.2749,,0.4483,0.625,10
SALESOPOLIS,SP,-23.56333333,-45.83638889,H2 Verde,0.4206,0.6667,0.1304,0.3828,1.0,1
SALESOPOLIS,SP,-23.56333333,-45.83638889,Solar,0.3798,0.5646,0.1304,0.3828,1.0,2
SALESOPOLIS,SP,-23.56333333,-45.83638889,Biometano,0.3166,0.6937,0.1304,0.0001,0.625,3
SALESOPOLIS,SP,-23.56333333,-45.83638889,Biomassa,0.265,0.5646,0.1304,0.0001,0.875,4
SALESOPOLIS,SP,-23.56333333,-45.83638889,Eolica,0.2465,0.2313,0.1304,0.3828,1.0,5
SALETE,SC,-26.97600967,-49.99053455,Solar,0.2107,0.1382,0.1412,0.3768,0.875,1
SALETE,SC,-26.97600967,-49.99053455,Eolica,0.2107,0.1382,0.1412,0.3768,0.875,1
SALETE,SC,-26.97600967,-49.99053455,Biometano,0.2081,0.4144,0.1412,,0.5,2
SALETE,SC,-26.97600967,-49.99053455,H2 Verde,0.203,0.1191,0.1412,0.3768,0.875,3
SALETE,SC,-26.97600967,-49.99053455,Biomassa,0.1452,0.2572,0.1412,,0.75,4
SALGUEIRO,PE,-8.024375,-39.324750005,Solar,0.2468,0.4162,0.1639,0.1039,1.0,1
SALGUEIRO,PE,-8.024375,-39.324750005,H2 Verde,0.2382,0.3946,0.1639,0.1039,1.0,2
SALGUEIRO,PE,-8.024375,-39.324750005,Biometano,0.1481,0.2432,0.1639,0.0053,0.625,3
SALGUEIRO,PE,-8.024375,-39.324750005,Eolica,0.1135,0.0829,0.1639,0.1039,1.0,4
SALGUEIRO,PE,-8.024375,-39.324750005,Biomassa,0.1077,0.1424,0.1639,0.0053,0.875,5
SALINAS,MG,0.0,0.0,Solar,0.4602,0.6667,0.145,0.5,1.0,1
SALINAS,MG,0.0,0.0,Biometano,0.4435,1.0,0.145,0.0,0.625,2
SALINAS,MG,0.0,0.0,H2 Verde,0.4103,0.5421,0.145,0.5,1.0,3
SALINAS,MG,0.0,0.0,Eolica,0.3268,0.3333,0.145,0.5,1.0,4
SALINAS,MG,0.0,0.0,Biomassa,0.2603,0.5421,0.145,0.0,0.875,5
SALINOPOLIS,PA,-0.61860502,-47.35055523,H2 Verde,0.233,0.1442,0.1845,0.3998,0.875,1
SALINOPOLIS,PA,-0.61860502,-47.35055523,Solar,0.2077,0.0811,0.1845,0.3998,0.875,2
SALINOPOLIS,PA,-0.61860502,-47.35055523,Eolica,0.2077,0.0811,0.1845,0.3998,0.875,2
SALINOPOLIS,PA,-0.61860502,-47.35055523,Biometano,0.1527,0.2432,0.1845,,0.5,3
SALINOPOLIS,PA,-0.61860502,-47.35055523,Biomassa,0.1455,0.2253,0.1845,,0.75,4
SALOA,PE,-8.98378694,-36.7880856,Solar,0.2306,0.4156,0.1116,0.103,1.0,1
SALOA,PE,-8.98378694,-36.7880856,H2 Verde,0.222,0.3941,0.1116,0.103,1.0,2
SALOA,PE,-8.98378694,-36.7880856,Biometano,0.1319,0.2432,0.1116,0.0036,0.625,3
SALOA,PE,-8.98378694,-36.7880856,Eolica,0.0973,0.0823,0.1116,0.103,1.0,4
SALOA,PE,-8.98378694,-36.7880856,Biomassa,0.0913,0.1418,0.1116,0.0036,0.875,5
SALTO,SP,-23.2024024725,-47.2871354225,H2 Verde,0.4311,0.635,0.2066,0.3839,1.0,1
SALTO,SP,-23.2024024725,-47.2871354225,Solar,0.3903,0.5329,0.2066,0.3839,1.0,2
SALTO,SP,-23.2024024725,-47.2871354225,Biometano,0.3401,0.6937,0.2066,0.0022,0.625,3
SALTO,SP,-23.2024024725,-47.2871354225,Biomassa,0.2888,0.5654,0.2066,0.0022,0.875,4
SALTO,SP,-23.2024024725,-47.2871354225,Eolica,0.27,0.232,0.2066,0.3839,1.0,5
SALTO DA DIVISA,MG,-18.222748595,-42.538655410000004,Solar,0.4657,0.3335,0.1077,1.0,0.875,1
SALTO DA DIVISA,MG,-18.222748595,-42.538655410000004,Eolica,0.4657,0.3335,0.1077,1.0,0.875,1
SALTO DA DIVISA,MG,-18.222748595,-42.538655410000004,Biometano,0.4323,1.0,0.1077,,0.5,2
SALTO DA DIVISA,MG,-18.222748595,-42.538655410000004,H2 Verde,0.4159,0.2089,0.1077,1.0,0.875,3
SALTO DA DIVISA,MG,-18.222748595,-42.538655410000004,Biomassa,0.2492,0.5422,0.1077,,0.75,4
SALTO DO JACUI,RS,-29.04488895,-53.19904932,Solar,0.3954,0.6376,0.0989,0.3687,1.0,1
SALTO DO JACUI,RS,-29.04488895,-53.19904932,Biometano,0.3918,0.8829,0.0989,0.03,0.625,2
SALTO DO JACUI,RS,-29.04488895,-53.19904932,H2 Verde,0.3399,0.499,0.0989,0.3687,1.0,3
SALTO DO JACUI,RS,-29.04488895,-53.19904932,Eolica,0.262,0.3043,0.0989,0.3687,1.0,4
SALTO DO JACUI,RS,-29.04488895,-53.19904932,Biomassa,0.2227,0.4599,0.0989,0.03,0.875,5
SALVADOR,BA,-11.3909484112,-33.8274187816,Biometano,0.3141,0.6306,0.2058,0.0005,0.625,1
SALVADOR,BA,-11.3909484112,-33.8274187816,Solar,0.2869,0.25,0.2058,0.4171,1.0,2
SALVADOR,BA,-11.3909484112,-33.8274187816,Eolica,0.2716,0.2117,0.2058,0.4171,1.0,3
SALVADOR,BA,-11.3909484112,-33.8274187816,H2 Verde,0.2665,0.1991,0.2058,0.4171,1.0,4
SALVADOR,BA,-11.3909484112,-33.8274187816,Biomassa,0.2103,0.371,0.2058,0.0005,0.875,5
SALVADOR DAS MISSOES,RS,-28.15005159,-54.82020511,Solar,0.404,0.6259,0.1562,0.356,1.0,1
SALVADOR DAS MISSOES,RS,-28.15005159,-54.82020511,Biometano,0.4014,0.8829,0.1562,0.0045,0.625,2
SALVADOR DAS MISSOES,RS,-28.15005159,-54.82020511,H2 Verde,0.3485,0.4872,0.1562,0.356,1.0,3
SALVADOR DAS MISSOES,RS,-28.15005159,-54.82020511,Eolica,0.272,0.2958,0.1562,0.356,1.0,4
SALVADOR DAS MISSOES,RS,-28.15005159,-54.82020511,Biomassa,0.2288,0.4514,0.1562,0.0045,0.875,5
SANDOVALINA,SP,-22.544978275,-51.909558865,H2 Verde,0.4218,0.6498,0.1334,0.4061,1.0,1
SANDOVALINA,SP,-22.544978275,-51.909558865,Solar,0.3809,0.5477,0.1334,0.4061,1.0,2
SANDOVALINA,SP,-22.544978275,-51.909558865,Biometano,0.3315,0.6937,0.1334,0.0467,0.625,3
SANDOVALINA,SP,-22.544978275,-51.909558865,Biomassa,0.2868,0.5819,0.1334,0.0467,0.875,4
SANDOVALINA,SP,-22.544978275,-51.909558865,Eolica,0.2613,0.2486,0.1334,0.4061,1.0,5
SANTA ALBERTINA,SP,-20.03781682,-50.671095699999995,H2 Verde,0.413,0.3341,0.1655,0.7655,0.875,1
SANTA ALBERTINA,SP,-20.03781682,-50.671095699999995,Eolica,0.3736,0.2357,0.1655,0.7655,0.875,2
SANTA ALBERTINA,SP,-20.03781682,-50.671095699999995,Solar,0.3721,0.232,0.1655,0.7655,0.875,3
SANTA ALBERTINA,SP,-20.03781682,-50.671095699999995,Biometano,0.3271,0.6937,0.1655,,0.5,4
SANTA ALBERTINA,SP,-20.03781682,-50.671095699999995,Biomassa,0.2758,0.5653,0.1655,,0.75,5
SANTA BARBARA D'OESTE,SP,-22.754690221666667,-47.401367825,H2 Verde,0.4081,0.3336,0.1501,0.7655,0.875,1
SANTA BARBARA D'OESTE,SP,-22.754690221666667,-47.401367825,Solar,0.3673,0.2315,0.1501,0.7655,0.875,2
SANTA BARBARA D'OESTE,SP,-22.754690221666667,-47.401367825,Eolica,0.3673,0.2315,0.1501,0.7655,0.875,2
SANTA BARBARA D'OESTE,SP,-22.754690221666667,-47.401367825,Biometano,0.3225,0.6937,0.1501,,0.5,3
SANTA BARBARA D'OESTE,SP,-22.754690221666667,-47.401367825,Biomassa,0.2709,0.5648,0.1501,,0.75,4
SANTA BARBARA DO MONTE VERDE,MG,-22.02851389,-43.748105,Solar,0.4658,0.6668,0.1635,0.5001,1.0,1
SANTA BARBARA DO MONTE VERDE,MG,-22.02851389,-43.748105,Biometano,0.4491,1.0,0.1635,0.0003,0.625,2
SANTA BARBARA DO MONTE VERDE,MG,-22.02851389,-43.748105,H2 Verde,0.416,0.5422,0.1635,0.5001,1.0,3
SANTA BARBARA DO MONTE VERDE,MG,-22.02851389,-43.748105,Eolica,0.3325,0.3334,0.1635,0.5001,1.0,4
SANTA BARBARA DO MONTE VERDE,MG,-22.02851389,-43.748105,Biomassa,0.266,0.5422,0.1635,0.0003,0.875,5
SANTA CECILIA,SC,-21.472973806,-40.388455828,Solar,0.2856,0.4717,0.1342,0.1887,1.0,1
SANTA CECILIA,SC,-21.472973806,-40.388455828,H2 Verde,0.2779,0.4525,0.1342,0.1887,1.0,2
SANTA CECILIA,SC,-21.472973806,-40.388455828,Biometano,0.2062,0.4144,0.1342,0.0007,0.625,3
SANTA CECILIA,SC,-21.472973806,-40.388455828,Eolica,0.1522,0.1384,0.1342,0.1887,1.0,4
SANTA CECILIA,SC,-21.472973806,-40.388455828,Biomassa,0.1434,0.2573,0.1342,0.0007,0.875,5
SANTA CRUZ,RN,-6.06513333,-36.01942229,Biometano,0.1203,0.1892,0.1489,0.0,0.625,1
SANTA CRUZ,RN,-6.06513333,-36.01942229,H2 Verde,0.1142,0.0724,0.1489,0.1353,1.0,2
SANTA CRUZ,RN,-6.06513333,-36.01942229,Eolica,0.1123,0.0677,0.1489,0.1353,1.0,3
SANTA CRUZ,RN,-6.06513333,-36.01942229,Solar,0.1105,0.0631,0.1489,0.1353,1.0,4
SANTA CRUZ,RN,-6.06513333,-36.01942229,Biomassa,0.0988,0.1355,0.1489,0.0,0.875,5
SANTA CRUZ DAS PALMEIRAS,SP,-21.82747807,-47.24949879,H2 Verde,0.4016,0.3334,0.1288,0.7655,0.875,1
SANTA CRUZ DAS PALMEIRAS,SP,-21.82747807,-47.24949879,Solar,0.3608,0.2313,0.1288,0.7655,0.875,2
SANTA CRUZ DAS PALMEIRAS,SP,-21.82747807,-47.24949879,Eolica,0.3608,0.2313,0.1288,0.7655,0.875,2
SANTA CRUZ DAS PALMEIRAS,SP,-21.82747807,-47.24949879,Biometano,0.3161,0.6937,0.1288,,0.5,3
SANTA CRUZ DAS PALMEIRAS,SP,-21.82747807,-47.24949879,Biomassa,0.2645,0.5646,0.1288,,0.75,4
SANTA CRUZ DO ARARI,PA,-0.71848205,-49.18068195,H2 Verde,0.2118,0.1443,0.1139,0.3998,0.875,1
SANTA CRUZ DO ARARI,PA,-0.71848205,-49.18068195,Solar,0.1866,0.0811,0.1139,0.3998,0.875,2
SANTA CRUZ DO ARARI,PA,-0.71848205,-49.18068195,Eolica,0.1866,0.0811,0.1139,0.3998,0.875,2
SANTA CRUZ DO ARARI,PA,-0.71848205,-49.18068195,Biometano,0.1315,0.2432,0.1139,,0.5,3
SANTA CRUZ DO ARARI,PA,-0.71848205,-49.18068195,Biomassa,0.1243,0.2253,0.1139,,0.75,4
SANTA CRUZ DO CAPIBARIBE,PE,-7.94666667,-36.22583333,Solar,0.247,0.4144,0.1697,0.1012,1.0,1
SANTA CRUZ DO CAPIBARIBE,PE,-7.94666667,-36.22583333,H2 Verde,0.2384,0.3929,0.1697,0.1012,1.0,2
SANTA CRUZ DO CAPIBARIBE,PE,-7.94666667,-36.22583333,Biometano,0.1482,0.2432,0.1697,0.0,0.625,3
SANTA CRUZ DO CAPIBARIBE,PE,-7.94666667,-36.22583333,Eolica,0.1137,0.0811,0.1697,0.1012,1.0,4
SANTA CRUZ DO CAPIBARIBE,PE,-7.94666667,-36.22583333,Biomassa,0.1072,0.1406,0.1697,0.0,0.875,5
SANTA CRUZ DO RIO PARDO,SP,-22.90572306,-49.62460889,H2 Verde,0.4091,0.3334,0.1538,0.7655,0.875,1
SANTA CRUZ DO RIO PARDO,SP,-22.90572306,-49.62460889,Solar,0.3683,0.2313,0.1538,0.7655,0.875,2
SANTA CRUZ DO RIO PARDO,SP,-22.90572306,-49.62460889,Eolica,0.3683,0.2313,0.1538,0.7655,0.875,2
SANTA CRUZ DO RIO PARDO,SP,-22.90572306,-49.62460889,Biometano,0.3236,0.6937,0.1538,,0.5,3
SANTA CRUZ DO RIO PARDO,SP,-22.90572306,-49.62460889,Biomassa,0.272,0.5646,0.1538,,0.75,4
SANTA CRUZ DO SUL,RS,-29.732519729999996,-52.428109836666664,Biometano,0.4057,0.8829,0.1749,0.0001,0.625,1
SANTA CRUZ DO SUL,RS,-29.732519729999996,-52.428109836666664,Solar,0.3804,0.5546,0.1749,0.3537,1.0,2
SANTA CRUZ DO SUL,RS,-29.732519729999996,-52.428109836666664,H2 Verde,0.325,0.4159,0.1749,0.3537,1.0,3
SANTA CRUZ DO SUL,RS,-29.732519729999996,-52.428109836666664,Eolica,0.2763,0.2943,0.1749,0.3537,1.0,4
SANTA CRUZ DO SUL,RS,-29.732519729999996,-52.428109836666664,Biomassa,0.2325,0.4499,0.1749,0.0001,0.875,5
SANTA FE DO SUL,SP,-20.19277778,-50.90944444,H2 Verde,0.4364,0.6667,0.1831,0.3828,1.0,1
SANTA FE DO SUL,SP,-20.19277778,-50.90944444,Solar,0.3956,0.5646,0.1831,0.3828,1.0,2
SANTA FE DO SUL,SP,-20.19277778,-50.90944444,Biometano,0.3324,0.6937,0.1831,0.0,0.625,3
SANTA FE DO SUL,SP,-20.19277778,-50.90944444,Biomassa,0.2808,0.5646,0.1831,0.0,0.875,4
SANTA FE DO SUL,SP,-20.19277778,-50.90944444,Eolica,0.2622,0.2312,0.1831,0.3828,1.0,5
SANTA GERTRUDES,SP,-22.450254835000003,-47.53443394,H2 Verde,0.4114,0.3335,0.1611,0.7655,0.875,1
SANTA GERTRUDES,SP,-22.450254835000003,-47.53443394,Solar,0.3705,0.2314,0.1611,0.7655,0.875,2
SANTA GERTRUDES,SP,-22.450254835000003,-47.53443394,Eolica,0.3705,0.2314,0.1611,0.7655,0.875,2
SANTA GERTRUDES,SP,-22.450254835000003,-47.53443394,Biometano,0.3258,0.6937,0.1611,,0.5,3
SANTA GERTRUDES,SP,-22.450254835000003,-47.53443394,Biomassa,0.2742,0.5648,0.1611,,0.75,4
SANTA HELENA,PR,0.0,0.0,Solar,0.3155,0.5136,0.1598,0.2071,1.0,1
SANTA HELENA,PR,0.0,0.0,H2 Verde,0.2838,0.4344,0.1598,0.2071,1.0,2
SANTA HELENA,PR,0.0,0.0,Biometano,0.2643,0.5405,0.1598,0.0003,0.625,3
SANTA HELENA,PR,0.0,0.0,Eolica,0.1822,0.1803,0.1598,0.2071,1.0,4
SANTA HELENA,PR,0.0,0.0,Biomassa,0.1605,0.2812,0.1598,0.0003,0.875,5
SANTA HELENA DE GOIAS,GO,-17.824742,-50.542153973333335,Solar,0.2013,0.2845,0.1525,0.1391,1.0,1
SANTA HELENA DE GOIAS,GO,-17.824742,-50.542153973333335,H2 Verde,0.1963,0.2721,0.1525,0.1391,1.0,2
SANTA HELENA DE GOIAS,GO,-17.824742,-50.542153973333335,Biometano,0.1655,0.2973,0.1525,0.0027,0.625,3
SANTA HELENA DE GOIAS,GO,-17.824742,-50.542153973333335,Eolica,0.1278,0.1007,0.1525,0.1391,1.0,4
SANTA HELENA DE GOIAS,GO,-17.824742,-50.542153973333335,Biomassa,0.1215,0.1874,0.1525,0.0027,0.875,5
SANTA ISABEL DO RIO NEGRO,AM,-0.42055556,-65.03527778,H2 Verde,0.0827,0.031,0.075,0.1593,0.875,1
SANTA ISABEL DO RIO NEGRO,AM,-0.42055556,-65.03527778,Eolica,0.0777,0.0184,0.075,0.1593,0.875,2
SANTA ISABEL DO RIO NEGRO,AM,-0.42055556,-65.03527778,Solar,0.0775,0.018,0.075,0.1593,0.875,3
SANTA ISABEL DO RIO NEGRO,AM,-0.42055556,-65.03527778,Biometano,0.0441,0.0541,0.075,,0.5,4
SANTA ISABEL DO RIO NEGRO,AM,-0.42055556,-65.03527778,Biomassa,0.0421,0.049,0.075,,0.75,5
SANTA JULIANA,MG,-19.30230967,-47.46403455,Solar,0.501,0.3358,0.2223,1.0,0.875,1
SANTA JULIANA,MG,-19.30230967,-47.46403455,Eolica,0.501,0.3358,0.2223,1.0,0.875,1
SANTA JULIANA,MG,-19.30230967,-47.46403455,Biometano,0.4667,1.0,0.2223,,0.5,2
SANTA JULIANA,MG,-19.30230967,-47.46403455,H2 Verde,0.4511,0.2112,0.2223,1.0,0.875,3
SANTA JULIANA,MG,-19.30230967,-47.46403455,Biomassa,0.2845,0.5445,0.2223,,0.75,4
SANTA LEOPOLDINA,ES,-20.08315133,-40.57701158,H2 Verde,0.2176,0.3848,0.1557,0.0567,1.0,1
SANTA LEOPOLDINA,ES,-20.08315133,-40.57701158,Solar,0.2071,0.3584,0.1557,0.0567,1.0,2
SANTA LEOPOLDINA,ES,-20.08315133,-40.57701158,Biomassa,0.0778,0.0755,0.1557,0.0031,0.875,3
SANTA LEOPOLDINA,ES,-20.08315133,-40.57701158,Biometano,0.0765,0.0721,0.1557,0.0031,0.625,4
SANTA LEOPOLDINA,ES,-20.08315133,-40.57701158,Eolica,0.0737,0.0251,0.1557,0.0567,1.0,5
SANTA LUZIA,MG,-19.76761695,-43.85000694,Solar,0.483,0.3333,0.1654,1.0,0.875,1
SANTA LUZIA,MG,-19.76761695,-43.85000694,Eolica,0.483,0.3333,0.1654,1.0,0.875,1
SANTA LUZIA,MG,-19.76761695,-43.85000694,Biometano,0.4496,1.0,0.1654,,0.5,2
SANTA LUZIA,MG,-19.76761695,-43.85000694,H2 Verde,0.4331,0.2087,0.1654,1.0,0.875,3
SANTA LUZIA,MG,-19.76761695,-43.85000694,Biomassa,0.2665,0.5421,0.1654,,0.75,4
SANTA LUZIA,PB,-6.926244836296297,-36.91726170111111,Solar,0.2284,0.4015,0.1415,0.0843,1.0,5
SANTA LUZIA,PB,-6.926244836296297,-36.91726170111111,H2 Verde,0.2169,0.3729,0.1415,0.0843,1.0,6
SANTA LUZIA,PB,-6.926244836296297,-36.91726170111111,Biometano,0.1173,0.1351,0.1415,0.0694,0.625,7
SANTA LUZIA,PB,-6.926244836296297,-36.91726170111111,Eolica,0.107,0.098,0.1415,0.0843,1.0,8
SANTA LUZIA,PB,-6.926244836296297,-36.91726170111111,Biomassa,0.0971,0.0847,0.1415,0.0694,0.875,9
SANTA MARIA,RS,-23.785692504,-43.061862223000006,Biometano,0.4008,0.8829,0.1586,0.0003,0.625,1
SANTA MARIA,RS,-23.785692504,-43.061862223000006,Solar,0.3431,0.4734,0.1586,0.3539,1.0,2
SANTA MARIA,RS,-23.785692504,-43.061862223000006,H2 Verde,0.2876,0.3347,0.1586,0.3539,1.0,3
SANTA MARIA,RS,-23.785692504,-43.061862223000006,Eolica,0.2715,0.2945,0.1586,0.3539,1.0,4
SANTA MARIA,RS,-23.785692504,-43.061862223000006,Biomassa,0.2277,0.4501,0.1586,0.0003,0.875,5
SANTA MARIA,RN,-17.74190969,-44.773760275,H2 Verde,0.1526,0.0724,0.1416,0.2705,0.875,6
SANTA MARIA,RN,-17.74190969,-44.773760275,Solar,0.1489,0.0631,0.1416,0.2705,0.875,7
SANTA MARIA,RN,-17.74190969,-44.773760275,Eolica,0.1489,0.0631,0.1416,0.2705,0.875,7
SANTA MARIA,RN,-17.74190969,-44.773760275,Biometano,0.1182,0.1892,0.1416,,0.5,8
SANTA MARIA,RN,-17.74190969,-44.773760275,Biomassa,0.0967,0.1355,0.1416,,0.75,9
SANTA MARIA DE ITABIRA,MG,-19.434810669999997,-43.152767125,Biometano,0.4408,1.0,0.1357,0.0002,0.625,1
SANTA MARIA DE ITABIRA,MG,-19.434810669999997,-43.152767125,Solar,0.4401,0.6234,0.1357,0.5001,1.0,2
SANTA MARIA DE ITABIRA,MG,-19.434810669999997,-43.152767125,H2 Verde,0.3903,0.4988,0.1357,0.5001,1.0,3
SANTA MARIA DE ITABIRA,MG,-19.434810669999997,-43.152767125,Eolica,0.3241,0.3334,0.1357,0.5001,1.0,4
SANTA MARIA DE ITABIRA,MG,-19.434810669999997,-43.152767125,Biomassa,0.2576,0.5421,0.1357,0.0002,0.875,5
SANTA MARIA DE JETIBA,ES,-20.06007495,-40.6425863,H2 Verde,0.2273,0.3844,0.1892,0.0561,1.0,1
SANTA MARIA DE JETIBA,ES,-20.06007495,-40.6425863,Solar,0.2168,0.358,0.1892,0.0561,1.0,2
SANTA MARIA DE JETIBA,ES,-20.06007495,-40.6425863,Biomassa,0.0874,0.0751,0.1892,0.002,0.875,3
SANTA MARIA DE JETIBA,ES,-20.06007495,-40.6425863,Biometano,0.0862,0.0721,0.1892,0.002,0.625,4
SANTA MARIA DE JETIBA,ES,-20.06007495,-40.6425863,Eolica,0.0835,0.0247,0.1892,0.0561,1.0,5
SANTA MARIA DO HERVAL,RS,-29.50102325,-51.00248197,Solar,0.4017,0.6277,0.1484,0.3538,1.0,1
SANTA MARIA DO HERVAL,RS,-29.50102325,-51.00248197,Biometano,0.3977,0.8829,0.1484,0.0001,0.625,2
SANTA MARIA DO HERVAL,RS,-29.50102325,-51.00248197,H2 Verde,0.3463,0.489,0.1484,0.3538,1.0,3
SANTA MARIA DO HERVAL,RS,-29.50102325,-51.00248197,Eolica,0.2684,0.2943,0.1484,0.3538,1.0,4
SANTA MARIA DO HERVAL,RS,-29.50102325,-51.00248197,Biomassa,0.2245,0.4499,0.1484,0.0001,0.875,5
SANTA MARIA MADALENA,RJ,-21.9362708875,-42.053219685,H2 Verde,0.2496,0.4444,0.1351,0.1044,1.0,1
SANTA MARIA MADALENA,RJ,-21.9362708875,-42.053219685,Solar,0.2319,0.4002,0.1351,0.1044,1.0,2
SANTA MARIA MADALENA,RJ,-21.9362708875,-42.053219685,Biometano,0.1205,0.1982,0.1351,0.0023,0.625,3
SANTA MARIA MADALENA,RJ,-21.9362708875,-42.053219685,Biomassa,0.1121,0.1771,0.1351,0.0023,0.875,4
SANTA MARIA MADALENA,RJ,-21.9362708875,-42.053219685,Eolica,0.099,0.0679,0.1351,0.1044,1.0,5
SANTA RITA,PB,-7.0280567000000005,-35.04681338666666,Biometano,0.1091,0.1351,0.1835,,0.5,1
SANTA RITA,PB,-7.0280567000000005,-35.04681338666666,Solar,0.1033,0.0463,0.1835,0.0992,0.875,2
SANTA RITA,PB,-7.0280567000000005,-35.04681338666666,Eolica,0.1033,0.0463,0.1835,0.0992,0.875,2
SANTA RITA,PB,-7.0280567000000005,-35.04681338666666,H2 Verde,0.0919,0.0178,0.1835,0.0992,0.875,3
SANTA RITA,PB,-7.0280567000000005,-35.04681338666666,Biomassa,0.0802,0.0628,0.1835,,0.75,4
SANTA RITA DE CASSIA,BA,-10.691424494545455,-44.382469949090904,Eolica,0.3022,0.3324,0.1472,0.4168,1.0,1
SANTA RITA DE CASSIA,BA,-10.691424494545455,-44.382469949090904,Biometano,0.2964,0.6306,0.1472,0.0,0.625,2
SANTA RITA DE CASSIA,BA,-10.691424494545455,-44.382469949090904,Solar,0.2533,0.2102,0.1472,0.4168,1.0,3
SANTA RITA DE CASSIA,BA,-10.691424494545455,-44.382469949090904,H2 Verde,0.2329,0.1593,0.1472,0.4168,1.0,4
SANTA RITA DE CASSIA,BA,-10.691424494545455,-44.382469949090904,Biomassa,0.192,0.3695,0.1472,0.0,0.875,5
SANTA RITA DE JACUTINGA,MG,-22.15958734,-44.10392639,Solar,0.4542,0.6668,0.1245,0.5003,1.0,1
SANTA RITA DE JACUTINGA,MG,-22.15958734,-44.10392639,Biometano,0.4375,1.0,0.1245,0.0005,0.625,2
SANTA RITA DE JACUTINGA,MG,-22.15958734,-44.10392639,H2 Verde,0.4043,0.5422,0.1245,0.5003,1.0,3
SANTA RITA DE JACUTINGA,MG,-22.15958734,-44.10392639,Eolica,0.3208,0.3335,0.1245,0.5003,1.0,4
SANTA RITA DE JACUTINGA,MG,-22.15958734,-44.10392639,Biomassa,0.2544,0.5422,0.1245,0.0005,0.875,5
SANTA RITA DO PARDO,MS,-21.56640411,-52.78415145,Solar,0.2443,0.4204,0.1289,0.1248,1.0,1
SANTA RITA DO PARDO,MS,-21.56640411,-52.78415145,H2 Verde,0.2248,0.3718,0.1289,0.1248,1.0,2
SANTA RITA DO PARDO,MS,-21.56640411,-52.78415145,Biometano,0.1432,0.2613,0.1289,0.0,0.625,3
SANTA RITA DO PARDO,MS,-21.56640411,-52.78415145,Eolica,0.1109,0.0871,0.1289,0.1248,1.0,4
SANTA RITA DO PARDO,MS,-21.56640411,-52.78415145,Biomassa,0.0889,0.1256,0.1289,0.0,0.875,5
SANTA RITA DO PASSA QUATRO,SP,-21.732430475,-47.52590629,Biometano,0.314,0.6937,0.1217,0.0001,0.625,1
SANTA RITA DO PASSA QUATRO,SP,-21.732430475,-47.52590629,H2 Verde,0.3094,0.3951,0.1217,0.3828,1.0,2
SANTA RITA DO PASSA QUATRO,SP,-21.732430475,-47.52590629,Solar,0.2686,0.293,0.1217,0.3828,1.0,3
SANTA RITA DO PASSA QUATRO,SP,-21.732430475,-47.52590629,Biomassa,0.2625,0.5648,0.1217,0.0001,0.875,4
SANTA RITA DO PASSA QUATRO,SP,-21.732430475,-47.52590629,Eolica,0.2439,0.2315,0.1217,0.3828,1.0,5
SANTA RITA DO SAPUCAI,MG,-22.24861111,-45.70398806,Solar,0.4806,0.3333,0.1574,1.0,0.875,1
SANTA RITA DO SAPUCAI,MG,-22.24861111,-45.70398806,Eolica,0.4806,0.3333,0.1574,1.0,0.875,1
SANTA RITA DO SAPUCAI,MG,-22.24861111,-45.70398806,Biometano,0.4472,1.0,0.1574,,0.5,2
SANTA RITA DO SAPUCAI,MG,-22.24861111,-45.70398806,H2 Verde,0.4307,0.2087,0.1574,1.0,0.875,3
SANTA RITA DO SAPUCAI,MG,-22.24861111,-45.70398806,Biomassa,0.2641,0.5421,0.1574,,0.75,4
SANTA ROSA,RS,-27.825624091999998,-54.442664709999995,Biometano,0.4043,0.8829,0.1698,0.0007,0.625,1
SANTA ROSA,RS,-27.825624091999998,-54.442664709999995,Solar,0.3651,0.5198,0.1698,0.354,1.0,2
SANTA ROSA,RS,-27.825624091999998,-54.442664709999995,H2 Verde,0.3096,0.3812,0.1698,0.354,1.0,3
SANTA ROSA,RS,-27.825624091999998,-54.442664709999995,Eolica,0.275,0.2946,0.1698,0.354,1.0,4
SANTA ROSA,RS,-27.825624091999998,-54.442664709999995,Biomassa,0.2312,0.4502,0.1698,0.0007,0.875,5
SANTA ROSA DE LIMA,SC,-28.027083335,-49.12569444499999,Solar,0.2873,0.4718,0.1397,0.1889,1.0,1
SANTA ROSA DE LIMA,SC,-28.027083335,-49.12569444499999,H2 Verde,0.2796,0.4526,0.1397,0.1889,1.0,2
SANTA ROSA DE LIMA,SC,-28.027083335,-49.12569444499999,Biometano,0.208,0.4144,0.1397,0.001,0.625,3
SANTA ROSA DE LIMA,SC,-28.027083335,-49.12569444499999,Eolica,0.1539,0.1385,0.1397,0.1889,1.0,4
SANTA ROSA DE LIMA,SC,-28.027083335,-49.12569444499999,Biomassa,0.1452,0.2574,0.1397,0.001,0.875,5
SANTA ROSA DE VITERBO,SP,-21.4319963025,-47.342950512499996,H2 Verde,0.327,0.4305,0.1329,0.3829,1.0,1
SANTA ROSA DE VITERBO,SP,-21.4319963025,-47.342950512499996,Biometano,0.3175,0.6937,0.1329,0.0003,0.625,2
SANTA ROSA DE VITERBO,SP,-21.4319963025,-47.342950512499996,Solar,0.2861,0.3284,0.1329,0.3829,1.0,3
SANTA ROSA DE VITERBO,SP,-21.4319963025,-47.342950512499996,Biomassa,0.266,0.565,0.1329,0.0003,0.875,4
SANTA ROSA DE VITERBO,SP,-21.4319963025,-47.342950512499996,Eolica,0.2474,0.2316,0.1329,0.3829,1.0,5
SANTA ROSA DO PURUS,AC,-9.44086903,-70.48358544,Solar,0.0916,0.0061,0.23,0.0671,0.875,1
SANTA ROSA DO PURUS,AC,-9.44086903,-70.48358544,Eolica,0.0916,0.0061,0.23,0.0671,0.875,1
SANTA ROSA DO PURUS,AC,-9.44086903,-70.48358544,H2 Verde,0.0897,0.0015,0.23,0.0671,0.875,2
SANTA ROSA DO PURUS,AC,-9.44086903,-70.48358544,Biometano,0.0762,0.018,0.23,,0.5,3
SANTA ROSA DO PURUS,AC,-9.44086903,-70.48358544,Biomassa,0.072,0.0075,0.23,,0.75,4
SANTA TERESA,ES,-19.86027778,-40.67888889,H2 Verde,0.2147,0.3837,0.1487,0.0551,1.0,1
SANTA TERESA,ES,-19.86027778,-40.67888889,Solar,0.2041,0.3574,0.1487,0.0551,1.0,2
SANTA TERESA,ES,-19.86027778,-40.67888889,Biomassa,0.0744,0.0744,0.1487,0.0,0.875,3
SANTA TERESA,ES,-19.86027778,-40.67888889,Biometano,0.0735,0.0721,0.1487,0.0,0.625,4
SANTA TERESA,ES,-19.86027778,-40.67888889,Eolica,0.0708,0.024,0.1487,0.0551,1.0,5
SANTA TEREZINHA,SC,-26.65472222,-49.88138889,Solar,0.28,0.4715,0.1161,0.1884,1.0,1
SANTA TEREZINHA,SC,-26.65472222,-49.88138889,H2 Verde,0.2723,0.4523,0.1161,0.1884,1.0,2
SANTA TEREZINHA,SC,-26.65472222,-49.88138889,Biometano,0.2006,0.4144,0.1161,0.0001,0.625,3
SANTA TEREZINHA,SC,-26.65472222,-49.88138889,Eolica,0.1466,0.1382,0.1161,0.1884,1.0,4
SANTA TEREZINHA,SC,-26.65472222,-49.88138889,Biomassa,0.1377,0.2571,0.1161,0.0001,0.875,5
SANTA VITORIA,MG,-19.020778723333333,-50.390700530000004,Biometano,0.4525,1.0,0.1751,0.0,0.625,1
SANTA VITORIA,MG,-19.020778723333333,-50.390700530000004,Solar,0.3373,0.3369,0.1751,0.5,1.0,2
SANTA VITORIA,MG,-19.020778723333333,-50.390700530000004,Eolica,0.337,0.3362,0.1751,0.5,1.0,3
SANTA VITORIA,MG,-19.020778723333333,-50.390700530000004,H2 Verde,0.2874,0.2122,0.1751,0.5,1.0,4
SANTA VITORIA,MG,-19.020778723333333,-50.390700530000004,Biomassa,0.2705,0.5449,0.1751,0.0,0.875,5
SANTA VITORIA,GO,-19.01833333,-50.49861111,Solar,0.2574,0.4831,,0.2138,0.625,6
SANTA VITORIA,GO,-19.01833333,-50.49861111,H2 Verde,0.2524,0.4706,,0.2138,0.625,7
SANTA VITORIA,GO,-19.01833333,-50.49861111,Biometano,0.1645,0.2973,,0.152,0.25,8
SANTA VITORIA,GO,-19.01833333,-50.49861111,Biomassa,0.1401,0.2364,,0.152,0.5,9
SANTA VITORIA,GO,-19.01833333,-50.49861111,Eolica,0.124,0.1498,,0.2138,0.625,10
SANTA VITORIA DO PALMAR,RS,-33.37166410275862,-53.16400155396552,Solar,0.4145,0.6462,0.1383,0.3816,1.0,1
SANTA VITORIA DO PALMAR,RS,-33.37166410275862,-53.16400155396552,Biometano,0.4114,0.8829,0.1383,0.0558,0.625,2
SANTA VITORIA DO PALMAR,RS,-33.37166410275862,-53.16400155396552,H2 Verde,0.359,0.5075,0.1383,0.3816,1.0,3
SANTA VITORIA DO PALMAR,RS,-33.37166410275862,-53.16400155396552,Eolica,0.3094,0.3836,0.1383,0.3816,1.0,4
SANTA VITORIA DO PALMAR,RS,-33.37166410275862,-53.16400155396552,Biomassa,0.2456,0.4685,0.1383,0.0558,0.875,5
SANTANA,BA,-12.22928389,-38.96003305,Solar,0.3741,0.2102,0.1331,0.8337,0.875,1
SANTANA,BA,-12.22928389,-38.96003305,Eolica,0.3741,0.2102,0.1331,0.8337,0.875,1
SANTANA,BA,-12.22928389,-38.96003305,H2 Verde,0.3537,0.1593,0.1331,0.8337,0.875,2
SANTANA,BA,-12.22928389,-38.96003305,Biometano,0.2922,0.6306,0.1331,,0.5,3
SANTANA,BA,-12.22928389,-38.96003305,Biomassa,0.1877,0.3695,0.1331,,0.75,4
SANTANA DE PARNAIBA,SP,-20.108594467142858,-40.20190752,Biometano,0.3482,0.6937,0.2357,0.0,0.625,1
SANTANA DE PARNAIBA,SP,-20.108594467142858,-40.20190752,H2 Verde,0.319,0.3336,0.2357,0.3828,1.0,2
SANTANA DE PARNAIBA,SP,-20.108594467142858,-40.20190752,Biomassa,0.2966,0.5648,0.2357,0.0,0.875,3
SANTANA DE PARNAIBA,SP,-20.108594467142858,-40.20190752,Eolica,0.2787,0.2329,0.2357,0.3828,1.0,4
SANTANA DE PARNAIBA,SP,-20.108594467142858,-40.20190752,Solar,0.2781,0.2315,0.2357,0.3828,1.0,5
SANTANA DO ARAGUAIA,PA,-9.3432816,-50.33387252,H2 Verde,0.1783,0.1447,0.0015,0.3998,0.875,1
SANTANA DO ARAGUAIA,PA,-9.3432816,-50.33387252,Solar,0.153,0.0816,0.0015,0.3998,0.875,2
SANTANA DO ARAGUAIA,PA,-9.3432816,-50.33387252,Eolica,0.153,0.0816,0.0015,0.3998,0.875,2
SANTANA DO ARAGUAIA,PA,-9.3432816,-50.33387252,Biometano,0.0978,0.2432,0.0015,,0.5,3
SANTANA DO ARAGUAIA,PA,-9.3432816,-50.33387252,Biomassa,0.0908,0.2258,0.0015,,0.75,4
SANTANA DO DESERTO,MG,-21.96380372,-43.1550628,Solar,0.4555,0.6667,0.1293,0.5001,1.0,1
SANTANA DO DESERTO,MG,-21.96380372,-43.1550628,Biometano,0.4388,1.0,0.1293,0.0001,0.625,2
SANTANA DO DESERTO,MG,-21.96380372,-43.1550628,H2 Verde,0.4057,0.5421,0.1293,0.5001,1.0,3
SANTANA DO DESERTO,MG,-21.96380372,-43.1550628,Eolica,0.3222,0.3334,0.1293,0.5001,1.0,4
SANTANA DO DESERTO,MG,-21.96380372,-43.1550628,Biomassa,0.2557,0.5421,0.1293,0.0001,0.875,5
SANTANA DO JACARE,MG,-20.81871261,-45.06023334,Solar,0.451,0.6667,0.1144,0.5001,1.0,1
SANTANA DO JACARE,MG,-20.81871261,-45.06023334,Biometano,0.4344,1.0,0.1144,0.0002,0.625,2
SANTANA DO JACARE,MG,-20.81871261,-45.06023334,H2 Verde,0.4012,0.5421,0.1144,0.5001,1.0,3
SANTANA DO JACARE,MG,-20.81871261,-45.06023334,Eolica,0.3177,0.3334,0.1144,0.5001,1.0,4
SANTANA DO JACARE,MG,-20.81871261,-45.06023334,Biomassa,0.2512,0.5421,0.1144,0.0002,0.875,5
SANTANA DO LIVRAMENTO,RS,-30.907234311000003,-55.753969354000006,Solar,0.368,0.6404,,0.3729,0.625,1
SANTANA DO LIVRAMENTO,RS,-30.907234311000003,-55.753969354000006,Biometano,0.3647,0.8829,,0.0384,0.25,2
SANTANA DO LIVRAMENTO,RS,-30.907234311000003,-55.753969354000006,H2 Verde,0.3126,0.5017,,0.3729,0.625,3
SANTANA DO LIVRAMENTO,RS,-30.907234311000003,-55.753969354000006,Eolica,0.2357,0.3096,,0.3729,0.625,4
SANTANA DO LIVRAMENTO,RS,-30.907234311000003,-55.753969354000006,Biomassa,0.1966,0.4627,,0.0384,0.5,5
SANTANA DO MATOS,RN,-5.871925551578947,-36.622111624210525,H2 Verde,0.2449,0.4125,0.1211,0.1454,1.0,1
SANTANA DO MATOS,RN,-5.871925551578947,-36.622111624210525,Solar,0.2412,0.4031,0.1211,0.1454,1.0,2
SANTANA DO MATOS,RN,-5.871925551578947,-36.622111624210525,Biometano,0.1181,0.1892,0.1211,0.0203,0.625,3
SANTANA DO MATOS,RN,-5.871925551578947,-36.622111624210525,Eolica,0.1176,0.0942,0.1211,0.1454,1.0,4
SANTANA DO MATOS,RN,-5.871925551578947,-36.622111624210525,Biomassa,0.0993,0.1422,0.1211,0.0203,0.875,5
SANTANA DO RIACHO,MG,-19.213765445,-43.63873762,Solar,0.4795,0.667,0.2085,0.5005,1.0,1
SANTANA DO RIACHO,MG,-19.213765445,-43.63873762,Biometano,0.4628,1.0,0.2085,0.0009,0.625,2
SANTANA DO RIACHO,MG,-19.213765445,-43.63873762,H2 Verde,0.4297,0.5424,0.2085,0.5005,1.0,3
SANTANA DO RIACHO,MG,-19.213765445,-43.63873762,Eolica,0.3462,0.3336,0.2085,0.5005,1.0,4
SANTANA DO RIACHO,MG,-19.213765445,-43.63873762,Biomassa,0.2798,0.5424,0.2085,0.0009,0.875,5
SANTAREM,PA,-2.5794109725,-54.88517104,H2 Verde,0.3083,0.4748,0.1929,0.2018,1.0,1
SANTAREM,PA,-2.5794109725,-54.88517104,Solar,0.2831,0.4116,0.1929,0.2018,1.0,2
SANTAREM,PA,-2.5794109725,-54.88517104,Biometano,0.1563,0.2432,0.1929,0.0038,0.625,3
SANTAREM,PA,-2.5794109725,-54.88517104,Eolica,0.1514,0.0824,0.1929,0.2018,1.0,4
SANTAREM,PA,-2.5794109725,-54.88517104,Biomassa,0.1497,0.2266,0.1929,0.0038,0.875,5
SANTIAGO,RS,-29.17642503,-54.848741,Biometano,0.3946,0.8829,0.1383,,0.5,1
SANTIAGO,RS,-29.17642503,-54.848741,Solar,0.3714,0.2943,0.1383,0.7074,0.875,2
SANTIAGO,RS,-29.17642503,-54.848741,Eolica,0.3714,0.2943,0.1383,0.7074,0.875,2
SANTIAGO,RS,-29.17642503,-54.848741,H2 Verde,0.316,0.1556,0.1383,0.7074,0.875,3
SANTIAGO,RS,-29.17642503,-54.848741,Biomassa,0.2214,0.4499,0.1383,,0.75,4
SANTO ANDRE,SP,-23.661960673750002,-46.51685208625,H2 Verde,0.4233,0.336,0.1975,0.7655,0.875,1
SANTO ANDRE,SP,-23.661960673750002,-46.51685208625,Solar,0.3825,0.2339,0.1975,0.7655,0.875,2
SANTO ANDRE,SP,-23.661960673750002,-46.51685208625,Eolica,0.3825,0.2339,0.1975,0.7655,0.875,2
SANTO ANDRE,SP,-23.661960673750002,-46.51685208625,Biometano,0.3367,0.6937,0.1975,,0.5,3
SANTO ANDRE,SP,-23.661960673750002,-46.51685208625,Biomassa,0.2861,0.5672,0.1975,,0.75,4
SANTO ANGELO,RS,-28.282945316666666,-54.26511209,Biometano,0.3959,0.8829,0.1423,0.0001,0.625,1
SANTO ANGELO,RS,-28.282945316666666,-54.26511209,Solar,0.3333,0.4612,0.1423,0.3538,1.0,2
SANTO ANGELO,RS,-28.282945316666666,-54.26511209,H2 Verde,0.2778,0.3225,0.1423,0.3538,1.0,3
SANTO ANGELO,RS,-28.282945316666666,-54.26511209,Eolica,0.2666,0.2944,0.1423,0.3538,1.0,4
SANTO ANGELO,RS,-28.282945316666666,-54.26511209,Biomassa,0.2227,0.45,0.1423,0.0001,0.875,5
SANTO ANTONIO DA BARRA,GO,-17.61775002,-50.71438891,Solar,0.1609,0.0997,0.1279,0.2756,0.875,1
SANTO ANTONIO DA BARRA,GO,-17.61775002,-50.71438891,Eolica,0.1609,0.0997,0.1279,0.2756,0.875,1
SANTO ANTONIO DA BARRA,GO,-17.61775002,-50.71438891,Biometano,0.1573,0.2973,0.1279,,0.5,2
SANTO ANTONIO DA BARRA,GO,-17.61775002,-50.71438891,H2 Verde,0.1559,0.0872,0.1279,0.2756,0.875,3
SANTO ANTONIO DA BARRA,GO,-17.61775002,-50.71438891,Biomassa,0.1129,0.1863,0.1279,,0.75,4
SANTO ANTONIO DA PATRULHA,RS,-29.89430759,-50.565996435,Solar,0.4048,0.6276,0.1586,0.3537,1.0,1
SANTO ANTONIO DA PATRULHA,RS,-29.89430759,-50.565996435,Biometano,0.4008,0.8829,0.1586,0.0001,0.625,2
SANTO ANTONIO DA PATRULHA,RS,-29.89430759,-50.565996435,H2 Verde,0.3493,0.489,0.1586,0.3537,1.0,3
SANTO ANTONIO DA PATRULHA,RS,-29.89430759,-50.565996435,Eolica,0.2723,0.2964,0.1586,0.3537,1.0,4
SANTO ANTONIO DA PATRULHA,RS,-29.89430759,-50.565996435,Biomassa,0.2276,0.4499,0.1586,0.0001,0.875,5
SANTO ANTONIO DE POSSE,SP,-22.60321398,-46.92949216,H2 Verde,0.4135,0.3334,0.1685,0.7655,0.875,1
SANTO ANTONIO DE POSSE,SP,-22.60321398,-46.92949216,Solar,0.3727,0.2313,0.1685,0.7655,0.875,2
SANTO ANTONIO DE POSSE,SP,-22.60321398,-46.92949216,Eolica,0.3727,0.2313,0.1685,0.7655,0.875,2
SANTO ANTONIO DE POSSE,SP,-22.60321398,-46.92949216,Biometano,0.328,0.6937,0.1685,,0.5,3
SANTO ANTONIO DE POSSE,SP,-22.60321398,-46.92949216,Biomassa,0.2764,0.5646,0.1685,,0.75,4
SANTO ANTONIO DO ARACANGUA,SP,-20.90855285,-50.41105429,H2 Verde,0.4114,0.3335,0.1613,0.7655,0.875,1
SANTO ANTONIO DO ARACANGUA,SP,-20.90855285,-50.41105429,Solar,0.3706,0.2314,0.1613,0.7655,0.875,2
SANTO ANTONIO DO ARACANGUA,SP,-20.90855285,-50.41105429,Eolica,0.3706,0.2314,0.1613,0.7655,0.875,2
SANTO ANTONIO DO ARACANGUA,SP,-20.90855285,-50.41105429,Biometano,0.3259,0.6937,0.1613,,0.5,3
SANTO ANTONIO DO ARACANGUA,SP,-20.90855285,-50.41105429,Biomassa,0.2743,0.5647,0.1613,,0.75,4
SANTO ANTONIO DO ICA,AM,-3.0422431175,-68.6769582175,H2 Verde,0.1125,0.0312,0.1741,0.1593,0.875,1
SANTO ANTONIO DO ICA,AM,-3.0422431175,-68.6769582175,Solar,0.1073,0.0183,0.1741,0.1593,0.875,2
SANTO ANTONIO DO ICA,AM,-3.0422431175,-68.6769582175,Eolica,0.1073,0.0183,0.1741,0.1593,0.875,2
SANTO ANTONIO DO ICA,AM,-3.0422431175,-68.6769582175,Biometano,0.0739,0.0541,0.1741,,0.5,3
SANTO ANTONIO DO ICA,AM,-3.0422431175,-68.6769582175,Biomassa,0.0719,0.0492,0.1741,,0.75,4
SANTO ANTONIO DO LESTE,MT,-15.01775,-53.93922222,Solar,0.2566,0.3964,0.1603,0.1664,1.0,1
SANTO ANTONIO DO LESTE,MT,-15.01775,-53.93922222,H2 Verde,0.2424,0.361,0.1603,0.1664,1.0,2
SANTO ANTONIO DO LESTE,MT,-15.01775,-53.93922222,Biometano,0.1238,0.1892,0.1603,0.0001,0.625,3
SANTO ANTONIO DO LESTE,MT,-15.01775,-53.93922222,Eolica,0.1232,0.0631,0.1603,0.1664,1.0,4
SANTO ANTONIO DO LESTE,MT,-15.01775,-53.93922222,Biomassa,0.0844,0.0908,0.1603,0.0001,0.875,5
SANTO ANTONIO DO LEVERGER,MT,-16.123868855,-55.38083550375,Solar,0.2094,0.3975,,0.1679,0.625,1
SANTO ANTONIO DO LEVERGER,MT,-16.123868855,-55.38083550375,H2 Verde,0.1952,0.3621,,0.1679,0.625,2
SANTO ANTONIO DO LEVERGER,MT,-16.123868855,-55.38083550375,Biometano,0.0766,0.1892,,0.0032,0.25,3
SANTO ANTONIO DO LEVERGER,MT,-16.123868855,-55.38083550375,Eolica,0.0764,0.0651,,0.1679,0.625,4
SANTO ANTONIO DO LEVERGER,MT,-16.123868855,-55.38083550375,Biomassa,0.0377,0.0918,,0.0032,0.5,5
SANTO ANTONIO DO MONTE,MG,-20.06787962,-45.24622368,Biometano,0.4451,1.0,0.1505,0.0,0.625,1
SANTO ANTONIO DO MONTE,MG,-20.06787962,-45.24622368,Solar,0.436,0.6022,0.1505,0.5,1.0,2
SANTO ANTONIO DO MONTE,MG,-20.06787962,-45.24622368,H2 Verde,0.3862,0.4776,0.1505,0.5,1.0,3
SANTO ANTONIO DO MONTE,MG,-20.06787962,-45.24622368,Eolica,0.3285,0.3334,0.1505,0.5,1.0,4
SANTO ANTONIO DO MONTE,MG,-20.06787962,-45.24622368,Biomassa,0.262,0.5421,0.1505,0.0,0.875,5
SANTO ANTONIO DO PALMA,RS,-28.51081578,-52.00609144,Solar,0.3965,0.6276,0.1311,0.3537,1.0,1
SANTO ANTONIO DO PALMA,RS,-28.51081578,-52.00609144,Biometano,0.3925,0.8829,0.1311,0.0,0.625,2
SANTO ANTONIO DO PALMA,RS,-28.51081578,-52.00609144,H2 Verde,0.341,0.4889,0.1311,0.3537,1.0,3
SANTO ANTONIO DO PALMA,RS,-28.51081578,-52.00609144,Eolica,0.2632,0.2943,0.1311,0.3537,1.0,4
SANTO ANTONIO DO PALMA,RS,-28.51081578,-52.00609144,Biomassa,0.2193,0.4499,0.1311,0.0,0.875,5
SANTO ANTONIO DO PLANALTO,RS,-28.38388889,-52.70444439,Solar,0.4021,0.6276,0.1498,0.3537,1.0,1
SANTO ANTONIO DO PLANALTO,RS,-28.38388889,-52.70444439,Biometano,0.3981,0.8829,0.1498,0.0,0.625,2
SANTO ANTONIO DO PLANALTO,RS,-28.38388889,-52.70444439,H2 Verde,0.3466,0.489,0.1498,0.3537,1.0,3
SANTO ANTONIO DO PLANALTO,RS,-28.38388889,-52.70444439,Eolica,0.2688,0.2943,0.1498,0.3537,1.0,4
SANTO ANTONIO DO PLANALTO,RS,-28.38388889,-52.70444439,Biomassa,0.2249,0.4499,0.1498,0.0,0.875,5
SANTO ANTONIO DOS LOPES,MA,-10.89369655,-44.443211590000004,H2 Verde,0.1647,0.1394,0.1387,0.2244,0.875,1
SANTO ANTONIO DOS LOPES,MA,-10.89369655,-44.443211590000004,Eolica,0.1554,0.1162,0.1387,0.2244,0.875,2
SANTO ANTONIO DOS LOPES,MA,-10.89369655,-44.443211590000004,Solar,0.1552,0.1158,0.1387,0.2244,0.875,3
SANTO ANTONIO DOS LOPES,MA,-10.89369655,-44.443211590000004,Biomassa,0.1214,0.1995,0.1387,,0.75,4
SANTO ANTONIO DOS LOPES,MA,-10.89369655,-44.443211590000004,Biometano,0.1137,0.1802,0.1387,,0.5,5
SANTO INACIO,PR,-22.68060725,-51.78755692,Biometano,0.27,0.5405,0.1794,,0.5,1
SANTO INACIO,PR,-22.68060725,-51.78755692,Solar,0.251,0.1825,0.1794,0.4138,0.875,2
SANTO INACIO,PR,-22.68060725,-51.78755692,Eolica,0.251,0.1825,0.1794,0.4138,0.875,2
SANTO INACIO,PR,-22.68060725,-51.78755692,H2 Verde,0.2193,0.1032,0.1794,0.4138,0.875,3
SANTO INACIO,PR,-22.68060725,-51.78755692,Biomassa,0.1672,0.2834,0.1794,,0.75,4
SANTOS,SP,-23.92947901,-46.32652461799999,H2 Verde,0.4105,0.3334,0.1581,0.7655,0.875,1
SANTOS,SP,-23.92947901,-46.32652461799999,Eolica,0.3711,0.2351,0.1581,0.7655,0.875,2
SANTOS,SP,-23.92947901,-46.32652461799999,Solar,0.3696,0.2313,0.1581,0.7655,0.875,3
SANTOS,SP,-23.92947901,-46.32652461799999,Biometano,0.3249,0.6937,0.1581,,0.5,4
SANTOS,SP,-23.92947901,-46.32652461799999,Biomassa,0.2733,0.5647,0.1581,,0.75,5
SANTOS DUMONT,MG,-21.485233565,-43.4586823,Solar,0.4517,0.6669,0.1162,0.5003,1.0,1
SANTOS DUMONT,MG,-21.485233565,-43.4586823,Biometano,0.435,1.0,0.1162,0.0006,0.625,2
SANTOS DUMONT,MG,-21.485233565,-43.4586823,H2 Verde,0.4019,0.5423,0.1162,0.5003,1.0,3
SANTOS DUMONT,MG,-21.485233565,-43.4586823,Eolica,0.3184,0.3335,0.1162,0.5003,1.0,4
SANTOS DUMONT,MG,-21.485233565,-43.4586823,Biomassa,0.252,0.5423,0.1162,0.0006,0.875,5
SAO BENTO DO NORTE,RN,-5.4772600775,-36.304871891,H2 Verde,0.2673,0.4236,0.164,0.1622,1.0,1
SAO BENTO DO NORTE,RN,-5.4772600775,-36.304871891,Solar,0.2636,0.4143,0.164,0.1622,1.0,2
SAO BENTO DO NORTE,RN,-5.4772600775,-36.304871891,Biometano,0.141,0.1892,0.164,0.0538,0.625,3
SAO BENTO DO NORTE,RN,-5.4772600775,-36.304871891,Eolica,0.1327,0.0871,0.164,0.1622,1.0,4
SAO BENTO DO NORTE,RN,-5.4772600775,-36.304871891,Biomassa,0.1267,0.1534,0.164,0.0538,0.875,5
SAO BENTO DO SUL,SC,-26.287895787142855,-49.33222459857143,Solar,0.2522,0.3627,0.1685,0.1885,1.0,1
SAO BENTO DO SUL,SC,-26.287895787142855,-49.33222459857143,H2 Verde,0.2445,0.3435,0.1685,0.1885,1.0,2
SAO BENTO DO SUL,SC,-26.287895787142855,-49.33222459857143,Biometano,0.2164,0.4144,0.1685,0.0003,0.625,3
SAO BENTO DO SUL,SC,-26.287895787142855,-49.33222459857143,Eolica,0.1628,0.1393,0.1685,0.1885,1.0,4
SAO BENTO DO SUL,SC,-26.287895787142855,-49.33222459857143,Biomassa,0.1535,0.2573,0.1685,0.0003,0.875,5
SAO BERNARDO DO CAMPO,SP,-23.69161273565217,-46.56512304173913,H2 Verde,0.4227,0.334,0.1982,0.7655,0.875,1
SAO BERNARDO DO CAMPO,SP,-23.69161273565217,-46.56512304173913,Solar,0.3819,0.2319,0.1982,0.7655,0.875,2
SAO BERNARDO DO CAMPO,SP,-23.69161273565217,-46.56512304173913,Eolica,0.3819,0.2319,0.1982,0.7655,0.875,2
SAO BERNARDO DO CAMPO,SP,-23.69161273565217,-46.56512304173913,Biometano,0.3369,0.6937,0.1982,,0.5,3
SAO BERNARDO DO CAMPO,SP,-23.69161273565217,-46.56512304173913,Biomassa,0.2856,0.5652,0.1982,,0.75,4
SAO BONIFACIO,SC,-28.055010502,-48.933407522,Solar,0.2852,0.4722,0.1318,0.1894,1.0,1
SAO BONIFACIO,SC,-28.055010502,-48.933407522,H2 Verde,0.2776,0.453,0.1318,0.1894,1.0,2
SAO BONIFACIO,SC,-28.055010502,-48.933407522,Biometano,0.2059,0.4144,0.1318,0.0021,0.625,3
SAO BONIFACIO,SC,-28.055010502,-48.933407522,Eolica,0.1519,0.1389,0.1318,0.1894,1.0,4
SAO BONIFACIO,SC,-28.055010502,-48.933407522,Biomassa,0.1433,0.2578,0.1318,0.0021,0.875,5
SAO BORJA,RS,-28.661747165,-55.905320384999996,Biometano,0.3925,0.8829,0.1312,,0.5,1
SAO BORJA,RS,-28.661747165,-55.905320384999996,Solar,0.3694,0.2947,0.1312,0.7074,0.875,2
SAO BORJA,RS,-28.661747165,-55.905320384999996,Eolica,0.3694,0.2947,0.1312,0.7074,0.875,2
SAO BORJA,RS,-28.661747165,-55.905320384999996,H2 Verde,0.314,0.156,0.1312,0.7074,0.875,3
SAO BORJA,RS,-28.661747165,-55.905320384999996,Biomassa,0.2195,0.4503,0.1312,,0.75,4
SAO CAETANO DO SUL,SP,-23.619259176666663,-46.57016698,H2 Verde,0.4154,0.3334,0.1746,0.7655,0.875,1
SAO CAETANO DO SUL,SP,-23.619259176666663,-46.57016698,Solar,0.3746,0.2313,0.1746,0.7655,0.875,2
SAO CAETANO DO SUL,SP,-23.619259176666663,-46.57016698,Eolica,0.3746,0.2313,0.1746,0.7655,0.875,2
SAO CAETANO DO SUL,SP,-23.619259176666663,-46.57016698,Biometano,0.3299,0.6937,0.1746,,0.5,3
SAO CAETANO DO SUL,SP,-23.619259176666663,-46.57016698,Biomassa,0.2783,0.5647,0.1746,,0.75,4
SAO CAITANO,PE,-8.32981852,-36.202826853333335,Solar,0.2432,0.4164,0.1513,0.1042,1.0,1
SAO CAITANO,PE,-8.32981852,-36.202826853333335,H2 Verde,0.2346,0.3948,0.1513,0.1042,1.0,2
SAO CAITANO,PE,-8.32981852,-36.202826853333335,Biometano,0.1444,0.2432,0.1513,0.0059,0.625,3
SAO CAITANO,PE,-8.32981852,-36.202826853333335,Eolica,0.1098,0.0831,0.1513,0.1042,1.0,4
SAO CAITANO,PE,-8.32981852,-36.202826853333335,Biomassa,0.1042,0.1426,0.1513,0.0059,0.875,5
SAO CARLOS,SP,-22.00799228625,-47.908782115,H2 Verde,0.3692,0.4968,0.1852,0.3832,1.0,1
SAO CARLOS,SP,-22.00799228625,-47.908782115,Biometano,0.3333,0.6937,0.1852,0.0008,0.625,2
SAO CARLOS,SP,-22.00799228625,-47.908782115,Solar,0.3284,0.3947,0.1852,0.3832,1.0,3
SAO CARLOS,SP,-22.00799228625,-47.908782115,Biomassa,0.2819,0.5651,0.1852,0.0008,0.875,4
SAO CARLOS,SP,-22.00799228625,-47.908782115,Eolica,0.2632,0.2318,0.1852,0.3832,1.0,5
SAO CARLOS DO IVAI,PR,-23.306463275,-52.484005965,Biometano,0.2601,0.5405,0.1464,,0.5,1
SAO CARLOS DO IVAI,PR,-23.306463275,-52.484005965,Solar,0.2408,0.1819,0.1464,0.4138,0.875,2
SAO CARLOS DO IVAI,PR,-23.306463275,-52.484005965,Eolica,0.2408,0.1819,0.1464,0.4138,0.875,2
SAO CARLOS DO IVAI,PR,-23.306463275,-52.484005965,H2 Verde,0.2091,0.1027,0.1464,0.4138,0.875,3
SAO CARLOS DO IVAI,PR,-23.306463275,-52.484005965,Biomassa,0.1571,0.2829,0.1464,,0.75,4
SAO CRISTOVAO DO SUL,SC,-27.24694444,-50.41472222,Solar,0.3012,0.4715,0.1869,0.1884,1.0,1
SAO CRISTOVAO DO SUL,SC,-27.24694444,-50.41472222,H2 Verde,0.2935,0.4523,0.1869,0.1884,1.0,2
SAO CRISTOVAO DO SUL,SC,-27.24694444,-50.41472222,Biometano,0.2219,0.4144,0.1869,0.0001,0.625,3
SAO CRISTOVAO DO SUL,SC,-27.24694444,-50.41472222,Eolica,0.1679,0.1382,0.1869,0.1884,1.0,4
SAO CRISTOVAO DO SUL,SC,-27.24694444,-50.41472222,Biomassa,0.1589,0.2571,0.1869,0.0001,0.875,5
SAO DESIDERIO,BA,-12.55644061,-45.282870278000004,Solar,0.3981,0.5447,0.1821,0.4186,1.0,1
SAO DESIDERIO,BA,-12.55644061,-45.282870278000004,H2 Verde,0.3777,0.4938,0.1821,0.4186,1.0,2
SAO DESIDERIO,BA,-12.55644061,-45.282870278000004,Biometano,0.3079,0.6306,0.1821,0.0035,0.625,3
SAO DESIDERIO,BA,-12.55644061,-45.282870278000004,Eolica,0.2653,0.2126,0.1821,0.4186,1.0,4
SAO DESIDERIO,BA,-12.55644061,-45.282870278000004,Biomassa,0.2039,0.3706,0.1821,0.0035,0.875,5
SAO DOMINGOS,SC,-26.566597223333332,-52.490111113333334,Solar,0.285,0.4715,0.1327,0.1885,1.0,1
SAO DOMINGOS,SC,-26.566597223333332,-52.490111113333334,H2 Verde,0.2773,0.4524,0.1327,0.1885,1.0,2
SAO DOMINGOS,GO,-13.404504773333334,-46.367338483333334,Solar,0.2451,0.4339,0.0984,0.14,1.0,3
SAO DOMINGOS,GO,-13.404504773333334,-46.367338483333334,H2 Verde,0.2401,0.4215,0.0984,0.14,1.0,4
SAO DOMINGOS,SC,-26.566597223333332,-52.490111113333334,Biometano,0.2056,0.4144,0.1327,0.0002,0.625,5
SAO DOMINGOS,SC,-26.566597223333332,-52.490111113333334,Eolica,0.1516,0.1382,0.1327,0.1885,1.0,6
SAO DOMINGOS,GO,-13.404504773333334,-46.367338483333334,Biometano,0.1498,0.2973,0.0984,0.0045,0.625,7
SAO DOMINGOS,SC,-26.566597223333332,-52.490111113333334,Biomassa,0.1427,0.2572,0.1327,0.0002,0.875,8
SAO DOMINGOS,GO,-13.404504773333334,-46.367338483333334,Eolica,0.1118,0.1006,0.0984,0.14,1.0,9
SAO DOMINGOS,GO,-13.404504773333334,-46.367338483333334,Biomassa,0.1058,0.1873,0.0984,0.0045,0.875,10
SAO FELIX DO ARAGUAIA,MT,-11.63242544,-50.68594226,Solar,0.1854,0.0631,0.2012,0.3327,0.875,1
SAO FELIX DO ARAGUAIA,MT,-11.63242544,-50.68594226,Eolica,0.1854,0.0631,0.2012,0.3327,0.875,1
SAO FELIX DO ARAGUAIA,MT,-11.63242544,-50.68594226,H2 Verde,0.1712,0.0277,0.2012,0.3327,0.875,2
SAO FELIX DO ARAGUAIA,MT,-11.63242544,-50.68594226,Biometano,0.136,0.1892,0.2012,,0.5,3
SAO FELIX DO ARAGUAIA,MT,-11.63242544,-50.68594226,Biomassa,0.0967,0.0907,0.2012,,0.75,4
SAO FELIX DO XINGU,PA,-6.64161422,-51.95748438,H2 Verde,0.1943,0.1442,0.0557,0.3998,0.875,1
SAO FELIX DO XINGU,PA,-6.64161422,-51.95748438,Solar,0.1691,0.0811,0.0557,0.3998,0.875,2
SAO FELIX DO XINGU,PA,-6.64161422,-51.95748438,Eolica,0.1691,0.0811,0.0557,0.3998,0.875,2
SAO FELIX DO XINGU,PA,-6.64161422,-51.95748438,Biometano,0.114,0.2432,0.0557,,0.5,3
SAO FELIX DO XINGU,PA,-6.64161422,-51.95748438,Biomassa,0.1068,0.2253,0.0557,,0.75,4
SAO FRANCISCO DE ITABAPOANA,RJ,-21.56572196,-41.07310692,H2 Verde,0.2573,0.4444,0.1606,0.1045,1.0,1
SAO FRANCISCO DE ITABAPOANA,RJ,-21.56572196,-41.07310692,Solar,0.2396,0.4002,0.1606,0.1045,1.0,2
SAO FRANCISCO DE ITABAPOANA,RJ,-21.56572196,-41.07310692,Biometano,0.1282,0.1982,0.1606,0.0025,0.625,3
SAO FRANCISCO DE ITABAPOANA,RJ,-21.56572196,-41.07310692,Biomassa,0.1198,0.1772,0.1606,0.0025,0.875,4
SAO FRANCISCO DE ITABAPOANA,RJ,-21.56572196,-41.07310692,Eolica,0.1063,0.0669,0.1606,0.1045,1.0,5
SAO FRANCISCO DE PAULA,RS,-23.370849992,-40.59242012,Solar,0.4037,0.628,0.154,0.3543,1.0,1
SAO FRANCISCO DE PAULA,RS,-23.370849992,-40.59242012,Biometano,0.3997,0.8829,0.154,0.0011,0.625,2
SAO FRANCISCO DE PAULA,RS,-23.370849992,-40.59242012,H2 Verde,0.3482,0.4893,0.154,0.3543,1.0,3
SAO FRANCISCO DE PAULA,RS,-23.370849992,-40.59242012,Eolica,0.2704,0.2947,0.154,0.3543,1.0,4
SAO FRANCISCO DE PAULA,RS,-23.370849992,-40.59242012,Biomassa,0.2267,0.4503,0.154,0.0011,0.875,5
SAO FRANCISCO DO CONDE,BA,-12.663898660000001,-38.61872905,Solar,0.3896,0.2176,0.175,0.8337,0.875,1
SAO FRANCISCO DO CONDE,BA,-12.663898660000001,-38.61872905,Eolica,0.3896,0.2176,0.175,0.8337,0.875,1
SAO FRANCISCO DO CONDE,BA,-12.663898660000001,-38.61872905,H2 Verde,0.3693,0.1666,0.175,0.8337,0.875,2
SAO FRANCISCO DO CONDE,BA,-12.663898660000001,-38.61872905,Biometano,0.3048,0.6306,0.175,,0.5,3
SAO FRANCISCO DO CONDE,BA,-12.663898660000001,-38.61872905,Biomassa,0.2032,0.3768,0.175,,0.75,4
SAO FRANCISCO DO GLORIA,MG,-20.82687276,-42.326384094999995,Solar,0.4521,0.6668,0.1178,0.5002,1.0,1
SAO FRANCISCO DO GLORIA,MG,-20.82687276,-42.326384094999995,Biometano,0.4355,1.0,0.1178,0.0004,0.625,2
SAO FRANCISCO DO GLORIA,MG,-20.82687276,-42.326384094999995,H2 Verde,0.4023,0.5422,0.1178,0.5002,1.0,3
SAO FRANCISCO DO GLORIA,MG,-20.82687276,-42.326384094999995,Eolica,0.3188,0.3335,0.1178,0.5002,1.0,4
SAO FRANCISCO DO GLORIA,MG,-20.82687276,-42.326384094999995,Biomassa,0.2523,0.5422,0.1178,0.0004,0.875,5
SAO FRANCISCO DO GUAPORE,RO,-12.85105927,-62.90259268,H2 Verde,0.1088,0.0645,0.1415,0.1353,0.875,1
SAO FRANCISCO DO GUAPORE,RO,-12.85105927,-62.90259268,Solar,0.0986,0.039,0.1415,0.1353,0.875,2
SAO FRANCISCO DO GUAPORE,RO,-12.85105927,-62.90259268,Eolica,0.0986,0.039,0.1415,0.1353,0.875,2
SAO FRANCISCO DO GUAPORE,RO,-12.85105927,-62.90259268,Biometano,0.0893,0.1171,0.1415,,0.5,3
SAO FRANCISCO DO GUAPORE,RO,-12.85105927,-62.90259268,Biomassa,0.0838,0.1035,0.1415,,0.75,4
SAO GABRIEL,RS,-30.36062864333333,-54.334604203333335,Biometano,0.3925,0.8829,0.1312,,0.5,1
SAO GABRIEL,RS,-30.36062864333333,-54.334604203333335,Solar,0.3693,0.2944,0.1312,0.7074,0.875,2
SAO GABRIEL,RS,-30.36062864333333,-54.334604203333335,Eolica,0.3693,0.2944,0.1312,0.7074,0.875,2
SAO GABRIEL,RS,-30.36062864333333,-54.334604203333335,H2 Verde,0.3139,0.1557,0.1312,0.7074,0.875,3
SAO GABRIEL,BA,-11.207024336666668,-41.777805862499996,Biometano,0.294,0.6306,0.1393,0.0,0.625,4
SAO GABRIEL,BA,-11.207024336666668,-41.777805862499996,Eolica,0.2909,0.3101,0.1393,0.4168,1.0,5
SAO GABRIEL,BA,-11.207024336666668,-41.777805862499996,Solar,0.2509,0.2102,0.1393,0.4168,1.0,6
SAO GABRIEL,BA,-11.207024336666668,-41.777805862499996,H2 Verde,0.2305,0.1593,0.1393,0.4168,1.0,7
SAO GABRIEL,RS,-30.36062864333333,-54.334604203333335,Biomassa,0.2194,0.45,0.1312,,0.75,8
SAO GABRIEL,BA,-11.207024336666668,-41.777805862499996,Biomassa,0.1896,0.3695,0.1393,0.0,0.875,9
SAO GABRIEL DA CACHOEIRA,AM,0.13415074999999999,-67.024100034,H2 Verde,0.1261,0.0314,0.2192,0.1593,0.875,1
SAO GABRIEL DA CACHOEIRA,AM,0.13415074999999999,-67.024100034,Solar,0.1209,0.0185,0.2192,0.1593,0.875,2
SAO GABRIEL DA CACHOEIRA,AM,0.13415074999999999,-67.024100034,Eolica,0.1209,0.0185,0.2192,0.1593,0.875,2
SAO GABRIEL DA CACHOEIRA,AM,0.13415074999999999,-67.024100034,Biometano,0.0874,0.0541,0.2192,,0.5,3
SAO GABRIEL DA CACHOEIRA,AM,0.13415074999999999,-67.024100034,Biomassa,0.0855,0.0494,0.2192,,0.75,4
SAO GABRIEL DA PALHA,ES,-19.04583333,-40.53805556,H2 Verde,0.2124,0.3838,0.1411,0.0552,1.0,1
SAO GABRIEL DA PALHA,ES,-19.04583333,-40.53805556,Solar,0.2018,0.3574,0.1411,0.0552,1.0,2
SAO GABRIEL DA PALHA,ES,-19.04583333,-40.53805556,Biomassa,0.0721,0.0744,0.1411,0.0001,0.875,3
SAO GABRIEL DA PALHA,ES,-19.04583333,-40.53805556,Biometano,0.0712,0.0721,0.1411,0.0001,0.625,4
SAO GABRIEL DA PALHA,ES,-19.04583333,-40.53805556,Eolica,0.0685,0.0241,0.1411,0.0552,1.0,5
SAO GABRIEL DO OESTE,MS,-19.40636111,-54.516347225000004,Solar,0.2698,0.4208,0.2131,0.1253,1.0,1
SAO GABRIEL DO OESTE,MS,-19.40636111,-54.516347225000004,H2 Verde,0.2504,0.3722,0.2131,0.1253,1.0,2
SAO GABRIEL DO OESTE,MS,-19.40636111,-54.516347225000004,Biometano,0.1688,0.2613,0.2131,0.0012,0.625,3
SAO GABRIEL DO OESTE,MS,-19.40636111,-54.516347225000004,Eolica,0.1365,0.0875,0.2131,0.1253,1.0,4
SAO GABRIEL DO OESTE,MS,-19.40636111,-54.516347225000004,Biomassa,0.1147,0.126,0.2131,0.0012,0.875,5
SAO GONCALO,RJ,-22.834687166000002,-43.038922556,H2 Verde,0.149,0.1107,0.1427,0.2064,0.875,1
SAO GONCALO,RJ,-22.834687166000002,-43.038922556,Solar,0.1313,0.0665,0.1427,0.2064,0.875,2
SAO GONCALO,RJ,-22.834687166000002,-43.038922556,Eolica,0.1313,0.0665,0.1427,0.2064,0.875,2
SAO GONCALO,RJ,-22.834687166000002,-43.038922556,Biometano,0.1221,0.1982,0.1427,,0.5,3
SAO GONCALO,RJ,-22.834687166000002,-43.038922556,Biomassa,0.1135,0.1768,0.1427,,0.75,4
SAO GONCALO DO ABAETE,MG,-18.203887265,-45.296110221250004,Solar,0.4564,0.666,0.1308,0.5027,1.0,1
SAO GONCALO DO ABAETE,MG,-18.203887265,-45.296110221250004,Biometano,0.4408,1.0,0.1308,0.0053,0.625,2
SAO GONCALO DO ABAETE,MG,-18.203887265,-45.296110221250004,H2 Verde,0.4066,0.5414,0.1308,0.5027,1.0,3
SAO GONCALO DO ABAETE,MG,-18.203887265,-45.296110221250004,Eolica,0.3244,0.3359,0.1308,0.5027,1.0,4
SAO GONCALO DO ABAETE,MG,-18.203887265,-45.296110221250004,Biomassa,0.2584,0.5439,0.1308,0.0053,0.875,5
SAO GONCALO DO AMARANTE,RN,0.0,0.0,H2 Verde,0.2666,0.4059,0.2119,0.1355,1.0,1
SAO GONCALO DO AMARANTE,RN,0.0,0.0,Solar,0.2629,0.3966,0.2119,0.1355,1.0,2
SAO GONCALO DO AMARANTE,CE,-3.5678354808333332,-38.897178176666664,Biometano,0.2068,0.3514,0.1977,0.0233,0.625,3
SAO GONCALO DO AMARANTE,CE,-3.5678354808333332,-38.897178176666664,H2 Verde,0.2064,0.2226,0.1977,0.1935,1.0,4
SAO GONCALO DO AMARANTE,CE,-3.5678354808333332,-38.897178176666664,Solar,0.2051,0.2194,0.1977,0.1935,1.0,5
SAO GONCALO DO AMARANTE,CE,-3.5678354808333332,-38.897178176666664,Eolica,0.1828,0.1637,0.1977,0.1935,1.0,6
SAO GONCALO DO AMARANTE,CE,-3.5678354808333332,-38.897178176666664,Biomassa,0.1799,0.284,0.1977,0.0233,0.875,7
SAO GONCALO DO AMARANTE,RN,0.0,0.0,Biometano,0.1394,0.1892,0.2119,0.0005,0.625,8
SAO GONCALO DO AMARANTE,RN,0.0,0.0,Eolica,0.1295,0.0632,0.2119,0.1355,1.0,9
SAO GONCALO DO AMARANTE,RN,0.0,0.0,Biomassa,0.118,0.1356,0.2119,0.0005,0.875,10
SAO GONCALO DO GURGUEIA,PI,-10.111494323333334,-45.28254998055556,Solar,0.2886,0.4649,0.1476,0.1944,1.0,1
SAO GONCALO DO GURGUEIA,PI,-10.111494323333334,-45.28254998055556,H2 Verde,0.2627,0.4001,0.1476,0.1944,1.0,2
SAO GONCALO DO GURGUEIA,PI,-10.111494323333334,-45.28254998055556,Biometano,0.1951,0.3243,0.1476,0.0702,0.625,3
SAO GONCALO DO GURGUEIA,PI,-10.111494323333334,-45.28254998055556,Eolica,0.1552,0.1315,0.1476,0.1944,1.0,4
SAO GONCALO DO GURGUEIA,PI,-10.111494323333334,-45.28254998055556,Biomassa,0.1353,0.1749,0.1476,0.0702,0.875,5
SAO GONCALO DO RIO ABAIXO,MG,-19.85326664,-43.316676425,Solar,0.4736,0.6673,0.188,0.5009,1.0,1
SAO GONCALO DO RIO ABAIXO,MG,-19.85326664,-43.316676425,Biometano,0.457,1.0,0.188,0.0018,0.625,2
SAO GONCALO DO RIO ABAIXO,MG,-19.85326664,-43.316676425,H2 Verde,0.4237,0.5427,0.188,0.5009,1.0,3
SAO GONCALO DO RIO ABAIXO,MG,-19.85326664,-43.316676425,Eolica,0.3403,0.3339,0.188,0.5009,1.0,4
SAO GONCALO DO RIO ABAIXO,MG,-19.85326664,-43.316676425,Biomassa,0.274,0.5427,0.188,0.0018,0.875,5
SAO GONCALO DOS CAMPOS,BA,-12.43031,-38.94977195,Solar,0.3896,0.2103,0.1846,0.8337,0.875,1
SAO GONCALO DOS CAMPOS,BA,-12.43031,-38.94977195,Eolica,0.3896,0.2103,0.1846,0.8337,0.875,1
SAO GONCALO DOS CAMPOS,BA,-12.43031,-38.94977195,H2 Verde,0.3692,0.1593,0.1846,0.8337,0.875,2
SAO GONCALO DOS CAMPOS,BA,-12.43031,-38.94977195,Biometano,0.3076,0.6306,0.1846,,0.5,3
SAO GONCALO DOS CAMPOS,BA,-12.43031,-38.94977195,Biomassa,0.2032,0.3695,0.1846,,0.75,4
SAO GOTARDO,MG,-19.2601715,-46.074350609999996,Solar,0.4662,0.638,0.2033,0.5,1.0,1
SAO GOTARDO,MG,-19.2601715,-46.074350609999996,Biometano,0.461,1.0,0.2033,0.0001,0.625,2
SAO GOTARDO,MG,-19.2601715,-46.074350609999996,H2 Verde,0.4164,0.5134,0.2033,0.5,1.0,3
SAO GOTARDO,MG,-19.2601715,-46.074350609999996,Eolica,0.3443,0.3334,0.2033,0.5,1.0,4
SAO GOTARDO,MG,-19.2601715,-46.074350609999996,Biomassa,0.2779,0.5421,0.2033,0.0001,0.875,5
SAO JOAO,PR,-25.80694445,-52.89861114,Solar,0.3183,0.5144,0.1669,0.2082,1.0,1
SAO JOAO,PR,-25.80694445,-52.89861114,H2 Verde,0.2866,0.4351,0.1669,0.2082,1.0,2
SAO JOAO,PR,-25.80694445,-52.89861114,Biometano,0.2671,0.5405,0.1669,0.0026,0.625,3
SAO JOAO,PR,-25.80694445,-52.89861114,Eolica,0.185,0.1811,0.1669,0.2082,1.0,4
SAO JOAO,PR,-25.80694445,-52.89861114,Biomassa,0.1637,0.282,0.1669,0.0026,0.875,5
SAO JOAO BATISTA,SC,-18.20056681,-32.56546118333333,Biometano,0.2241,0.4144,0.1945,0.0,0.625,1
SAO JOAO BATISTA,SC,-18.20056681,-32.56546118333333,Solar,0.2212,0.2659,0.1945,0.1884,1.0,2
SAO JOAO BATISTA,SC,-18.20056681,-32.56546118333333,H2 Verde,0.2135,0.2467,0.1945,0.1884,1.0,3
SAO JOAO BATISTA,SC,-18.20056681,-32.56546118333333,Eolica,0.1701,0.1382,0.1945,0.1884,1.0,4
SAO JOAO BATISTA,SC,-18.20056681,-32.56546118333333,Biomassa,0.1612,0.2571,0.1945,0.0,0.875,5
SAO JOAO BATISTA DO GLORIA,MG,-20.66920345,-46.31825382,Solar,0.4965,0.7027,0.164,0.554,1.0,1
SAO JOAO BATISTA DO GLORIA,MG,-20.66920345,-46.31825382,Biometano,0.4816,1.0,0.164,0.1081,0.625,2
SAO JOAO BATISTA DO GLORIA,MG,-20.66920345,-46.31825382,H2 Verde,0.4467,0.5781,0.164,0.554,1.0,3
SAO JOAO BATISTA DO GLORIA,MG,-20.66920345,-46.31825382,Eolica,0.3632,0.3694,0.164,0.554,1.0,4
SAO JOAO BATISTA DO GLORIA,MG,-20.66920345,-46.31825382,Biomassa,0.3129,0.5781,0.164,0.1081,0.875,5
SAO JOAO DA BALIZA,RR,0.9349301475,-59.789238097500004,H2 Verde,0.1071,0.1041,0.2066,0.0115,1.0,1
SAO JOAO DA BALIZA,RR,0.9349301475,-59.789238097500004,Solar,0.1055,0.1002,0.2066,0.0115,1.0,2
SAO JOAO DA BALIZA,RR,0.9349301475,-59.789238097500004,Eolica,0.0658,0.001,0.2066,0.0115,1.0,3
SAO JOAO DA BALIZA,RR,0.9349301475,-59.789238097500004,Biomassa,0.0642,0.0049,0.2066,0.0009,0.875,4
SAO JOAO DA BALIZA,RR,0.9349301475,-59.789238097500004,Biometano,0.0622,0.0,0.2066,0.0009,0.625,5
SAO JOAO DA BARRA,RJ,-21.838610695,-41.079438296666666,H2 Verde,0.1627,0.1995,0.1733,0.1032,1.0,1
SAO JOAO DA BARRA,RJ,-21.838610695,-41.079438296666666,Biomassa,0.1582,0.2655,0.1733,0.0,0.875,2
SAO JOAO DA BARRA,RJ,-21.838610695,-41.079438296666666,Eolica,0.1503,0.1683,0.1733,0.1032,1.0,3
SAO JOAO DA BARRA,RJ,-21.838610695,-41.079438296666666,Solar,0.145,0.1553,0.1733,0.1032,1.0,4
SAO JOAO DA BARRA,RJ,-21.838610695,-41.079438296666666,Biometano,0.1313,0.1982,0.1733,0.0,0.625,5
SAO JOAO DA BOA VISTA,SP,-21.939342579999998,-46.816573665,Biometano,0.3278,0.6937,0.1672,0.0007,0.625,1
SAO JOAO DA BOA VISTA,SP,-21.939342579999998,-46.816573665,H2 Verde,0.3122,0.3679,0.1672,0.3831,1.0,2
SAO JOAO DA BOA VISTA,SP,-21.939342579999998,-46.816573665,Biomassa,0.2771,0.5669,0.1672,0.0007,0.875,3
SAO JOAO DA BOA VISTA,SP,-21.939342579999998,-46.816573665,Solar,0.2714,0.2658,0.1672,0.3831,1.0,4
SAO JOAO DA BOA VISTA,SP,-21.939342579999998,-46.816573665,Eolica,0.2585,0.2335,0.1672,0.3831,1.0,5
SAO JOAO DA PARAUNA,GO,0.0,0.0,Solar,0.2592,0.4324,0.1495,0.1378,1.0,1
SAO JOAO DA PARAUNA,GO,0.0,0.0,H2 Verde,0.2542,0.42,0.1495,0.1378,1.0,2
SAO JOAO DA PARAUNA,GO,0.0,0.0,Biometano,0.1638,0.2973,0.1495,0.0,0.625,3
SAO JOAO DA PARAUNA,GO,0.0,0.0,Eolica,0.1258,0.0991,0.1495,0.1378,1.0,4
SAO JOAO DA PARAUNA,GO,0.0,0.0,Biomassa,0.1191,0.1857,0.1495,0.0,0.875,5
SAO JOAO DA PONTE,MG,-15.854781817272727,-43.664606059090914,Biometano,0.4369,1.0,0.123,0.0,0.625,1
SAO JOAO DA PONTE,MG,-15.854781817272727,-43.664606059090914,Eolica,0.3301,0.358,0.123,0.5,1.0,2
SAO JOAO DA PONTE,MG,-15.854781817272727,-43.664606059090914,Solar,0.3202,0.3333,0.123,0.5,1.0,3
SAO JOAO DA PONTE,MG,-15.854781817272727,-43.664606059090914,H2 Verde,0.2704,0.2087,0.123,0.5,1.0,4
SAO JOAO DA PONTE,MG,-15.854781817272727,-43.664606059090914,Biomassa,0.2537,0.5421,0.123,0.0,0.875,5
SAO JOAO DE MERITI,RJ,-22.779241650000003,-43.34195138,Biometano,0.1223,0.1982,0.1433,0.0,0.625,1
SAO JOAO DE MERITI,RJ,-22.779241650000003,-43.34195138,H2 Verde,0.1182,0.1106,0.1433,0.1032,1.0,2
SAO JOAO DE MERITI,RJ,-22.779241650000003,-43.34195138,Biomassa,0.1136,0.1764,0.1433,0.0,0.875,3
SAO JOAO DE MERITI,RJ,-22.779241650000003,-43.34195138,Solar,0.1005,0.0664,0.1433,0.1032,1.0,4
SAO JOAO DE MERITI,RJ,-22.779241650000003,-43.34195138,Eolica,0.1004,0.0661,0.1433,0.1032,1.0,5
SAO JOAO DEL REI,MG,-21.169572074999998,-44.276621875000004,Biometano,0.4472,1.0,0.1574,0.0001,0.625,1
SAO JOAO DEL REI,MG,-21.169572074999998,-44.276621875000004,Solar,0.4349,0.5941,0.1574,0.5,1.0,2
SAO JOAO DEL REI,MG,-21.169572074999998,-44.276621875000004,H2 Verde,0.385,0.4695,0.1574,0.5,1.0,3
SAO JOAO DEL REI,MG,-21.169572074999998,-44.276621875000004,Eolica,0.3306,0.3334,0.1574,0.5,1.0,4
SAO JOAO DEL REI,MG,-21.169572074999998,-44.276621875000004,Biomassa,0.2641,0.5421,0.1574,0.0001,0.875,5
SAO JOAO DO IVAI,PR,-23.98864966,-51.83861455,Biometano,0.2515,0.5405,0.1177,,0.5,1
SAO JOAO DO IVAI,PR,-23.98864966,-51.83861455,Solar,0.2316,0.1803,0.1177,0.4138,0.875,2
SAO JOAO DO IVAI,PR,-23.98864966,-51.83861455,Eolica,0.2316,0.1803,0.1177,0.4138,0.875,2
SAO JOAO DO IVAI,PR,-23.98864966,-51.83861455,H2 Verde,0.1999,0.101,0.1177,0.4138,0.875,3
SAO JOAO DO IVAI,PR,-23.98864966,-51.83861455,Biomassa,0.1478,0.2812,0.1177,,0.75,4
SAO JOAO DO PARAISO,MG,-15.30908617,-41.93951117,Solar,0.48,0.3334,0.1554,1.0,0.875,1
SAO JOAO DO PARAISO,MG,-15.30908617,-41.93951117,Eolica,0.48,0.3334,0.1554,1.0,0.875,1
SAO JOAO DO PARAISO,MG,-15.30908617,-41.93951117,Biometano,0.4466,1.0,0.1554,,0.5,2
SAO JOAO DO PARAISO,MG,-15.30908617,-41.93951117,H2 Verde,0.4301,0.2088,0.1554,1.0,0.875,3
SAO JOAO DO PARAISO,MG,-15.30908617,-41.93951117,Biomassa,0.2635,0.5421,0.1554,,0.75,4
SAO JOAO DO PIAUI,PI,-8.276226626785714,-42.1455061025,Solar,0.2782,0.4478,0.1611,0.1689,1.0,1
SAO JOAO DO PIAUI,PI,-8.276226626785714,-42.1455061025,H2 Verde,0.2523,0.3831,0.1611,0.1689,1.0,2
SAO JOAO DO PIAUI,PI,-8.276226626785714,-42.1455061025,Biometano,0.1838,0.3243,0.1611,0.0192,0.625,3
SAO JOAO DO PIAUI,PI,-8.276226626785714,-42.1455061025,Eolica,0.1702,0.1781,0.1611,0.1689,1.0,4
SAO JOAO DO PIAUI,PI,-8.276226626785714,-42.1455061025,Biomassa,0.1173,0.1579,0.1611,0.0192,0.875,5
SAO JOAO DO RIO DO PEIXE,PB,-6.797216755,-38.48035545,Solar,0.2101,0.3804,0.1405,0.0527,1.0,1
SAO JOAO DO RIO DO PEIXE,PB,-6.797216755,-38.48035545,H2 Verde,0.1987,0.3518,0.1405,0.0527,1.0,2
SAO JOAO DO RIO DO PEIXE,PB,-6.797216755,-38.48035545,Biometano,0.098,0.1351,0.1405,0.0061,0.625,3
SAO JOAO DO RIO DO PEIXE,PB,-6.797216755,-38.48035545,Eolica,0.0768,0.0471,0.1405,0.0527,1.0,4
SAO JOAO DO RIO DO PEIXE,PB,-6.797216755,-38.48035545,Biomassa,0.0694,0.0636,0.1405,0.0061,0.875,5
SAO JOAO DO TIGRE,PB,-8.132431281,-36.771737958,Biometano,0.0928,0.1351,0.129,0.0,0.625,1
SAO JOAO DO TIGRE,PB,-8.132431281,-36.771737958,Eolica,0.0904,0.0921,0.129,0.0496,1.0,2
SAO JOAO DO TIGRE,PB,-8.132431281,-36.771737958,Solar,0.0716,0.045,0.129,0.0496,1.0,3
SAO JOAO DO TIGRE,PB,-8.132431281,-36.771737958,Biomassa,0.0633,0.0615,0.129,0.0,0.875,4
SAO JOAO DO TIGRE,PB,-8.132431281,-36.771737958,H2 Verde,0.0602,0.0165,0.129,0.0496,1.0,5
SAO JOAQUIM,SC,-28.211989726000002,-50.046032108,Solar,0.2901,0.4717,0.1493,0.1886,1.0,1
SAO JOAQUIM,SC,-28.211989726000002,-50.046032108,H2 Verde,0.2824,0.4525,0.1493,0.1886,1.0,2
SAO JOAQUIM,SC,-28.211989726000002,-50.046032108,Biometano,0.2107,0.4144,0.1493,0.0005,0.625,3
SAO JOAQUIM,SC,-28.211989726000002,-50.046032108,Eolica,0.1576,0.1404,0.1493,0.1886,1.0,4
SAO JOAQUIM,SC,-28.211989726000002,-50.046032108,Biomassa,0.1479,0.2573,0.1493,0.0005,0.875,5
SAO JOAQUIM DA BARRA,SP,-15.358073927500001,-35.9060407375,Biometano,0.3226,0.6937,0.1501,0.0004,0.625,1
SAO JOAQUIM DA BARRA,SP,-15.358073927500001,-35.9060407375,H2 Verde,0.2985,0.3465,0.1501,0.3829,1.0,2
SAO JOAQUIM DA BARRA,SP,-15.358073927500001,-35.9060407375,Biomassa,0.2728,0.5692,0.1501,0.0004,0.875,3
SAO JOAQUIM DA BARRA,SP,-15.358073927500001,-35.9060407375,Solar,0.2577,0.2444,0.1501,0.3829,1.0,4
SAO JOAQUIM DA BARRA,SP,-15.358073927500001,-35.9060407375,Eolica,0.2543,0.2359,0.1501,0.3829,1.0,5
SAO JOSE,SC,-18.39490537,-32.46299648,Solar,0.3096,0.4716,0.2149,0.1885,1.0,1
SAO JOSE,SC,-18.39490537,-32.46299648,H2 Verde,0.302,0.4524,0.2149,0.1885,1.0,2
SAO JOSE,SC,-18.39490537,-32.46299648,Biometano,0.2303,0.4144,0.2149,0.0003,0.625,3
SAO JOSE,SC,-18.39490537,-32.46299648,Eolica,0.1763,0.1382,0.2149,0.1885,1.0,4
SAO JOSE,SC,-18.39490537,-32.46299648,Biomassa,0.1674,0.2572,0.2149,0.0003,0.875,5
SAO JOSE DA LAJE,AL,-8.99868724,-36.0747107925,Biometano,0.0744,0.0991,0.1156,0.0002,0.625,1
SAO JOSE DA LAJE,AL,-8.99868724,-36.0747107925,Solar,0.0732,0.0646,0.1156,0.0422,1.0,2
SAO JOSE DA LAJE,AL,-8.99868724,-36.0747107925,H2 Verde,0.0692,0.0548,0.1156,0.0422,1.0,3
SAO JOSE DA LAJE,AL,-8.99868724,-36.0747107925,Eolica,0.0608,0.0336,0.1156,0.0422,1.0,4
SAO JOSE DA LAJE,AL,-8.99868724,-36.0747107925,Biomassa,0.0574,0.0568,0.1156,0.0002,0.875,5
SAO JOSE DA LAPA,MG,-19.70111111,-43.95555556,Solar,0.4961,0.3333,0.2091,1.0,0.875,1
SAO JOSE DA LAPA,MG,-19.70111111,-43.95555556,Eolica,0.4961,0.3333,0.2091,1.0,0.875,1
SAO JOSE DA LAPA,MG,-19.70111111,-43.95555556,Biometano,0.4627,1.0,0.2091,,0.5,2
SAO JOSE DA LAPA,MG,-19.70111111,-43.95555556,H2 Verde,0.4462,0.2087,0.2091,1.0,0.875,3
SAO JOSE DA LAPA,MG,-19.70111111,-43.95555556,Biomassa,0.2796,0.5421,0.2091,,0.75,4
SAO JOSE DE MIPIBU,RN,-3.016162555,-17.624845,H2 Verde,0.258,0.4058,0.1836,0.1353,1.0,1
SAO JOSE DE MIPIBU,RN,-3.016162555,-17.624845,Solar,0.2543,0.3964,0.1836,0.1353,1.0,2
SAO JOSE DE MIPIBU,RN,-3.016162555,-17.624845,Biometano,0.1308,0.1892,0.1836,0.0002,0.625,3
SAO JOSE DE MIPIBU,RN,-3.016162555,-17.624845,Eolica,0.1209,0.0631,0.1836,0.1353,1.0,4
SAO JOSE DE MIPIBU,RN,-3.016162555,-17.624845,Biomassa,0.1093,0.1355,0.1836,0.0002,0.875,5
SAO JOSE DE RIBAMAR,MA,-2.58249952,-44.09554651,H2 Verde,0.1764,0.0838,0.2519,0.2244,0.875,1
SAO JOSE DE RIBAMAR,MA,-2.58249952,-44.09554651,Solar,0.167,0.0601,0.2519,0.2244,0.875,2
SAO JOSE DE RIBAMAR,MA,-2.58249952,-44.09554651,Eolica,0.167,0.0601,0.2519,0.2244,0.875,2
SAO JOSE DE RIBAMAR,MA,-2.58249952,-44.09554651,Biometano,0.1476,0.1802,0.2519,,0.5,3
SAO JOSE DE RIBAMAR,MA,-2.58249952,-44.09554651,Biomassa,0.1331,0.1438,0.2519,,0.75,4
SAO JOSE DO BELMONTE,PE,-7.875680073888889,-38.764527200555555,Solar,0.2643,0.44,0.1548,0.1395,1.0,1
SAO JOSE DO BELMONTE,PE,-7.875680073888889,-38.764527200555555,H2 Verde,0.2557,0.4184,0.1548,0.1395,1.0,2
SAO JOSE DO BELMONTE,PE,-7.875680073888889,-38.764527200555555,Biometano,0.1667,0.2432,0.1548,0.0766,0.625,3
SAO JOSE DO BELMONTE,PE,-7.875680073888889,-38.764527200555555,Eolica,0.1525,0.1606,0.1548,0.1395,1.0,4
SAO JOSE DO BELMONTE,PE,-7.875680073888889,-38.764527200555555,Biomassa,0.1359,0.1662,0.1548,0.0766,0.875,5
SAO JOSE DO CAMPESTRE,RN,-9.580691935,-38.88870607,H2 Verde,0.2386,0.4087,0.1106,0.1397,1.0,1
SAO JOSE DO CAMPESTRE,RN,-9.580691935,-38.88870607,Solar,0.2348,0.3993,0.1106,0.1397,1.0,2
SAO JOSE DO CAMPESTRE,RN,-9.580691935,-38.88870607,Biometano,0.1115,0.1892,0.1106,0.0088,0.625,3
SAO JOSE DO CAMPESTRE,RN,-9.580691935,-38.88870607,Eolica,0.1015,0.066,0.1106,0.1397,1.0,4
SAO JOSE DO CAMPESTRE,RN,-9.580691935,-38.88870607,Biomassa,0.0912,0.1384,0.1106,0.0088,0.875,5
SAO JOSE DO CEDRO,SC,-26.47979385,-53.462437295,Solar,0.289,0.4715,0.1463,0.1884,1.0,1
SAO JOSE DO CEDRO,SC,-26.47979385,-53.462437295,H2 Verde,0.2814,0.4523,0.1463,0.1884,1.0,2
SAO JOSE DO CEDRO,SC,-26.47979385,-53.462437295,Biometano,0.2097,0.4144,0.1463,0.0001,0.625,3
SAO JOSE DO CEDRO,SC,-26.47979385,-53.462437295,Eolica,0.1559,0.1386,0.1463,0.1884,1.0,4
SAO JOSE DO CEDRO,SC,-26.47979385,-53.462437295,Biomassa,0.1468,0.2571,0.1463,0.0001,0.875,5
SAO JOSE DO CERRITO,SC,-27.72758334,-50.56494446,Biometano,0.2022,0.4144,0.1213,0.0,0.625,1
SAO JOSE DO CERRITO,SC,-27.72758334,-50.56494446,Eolica,0.1484,0.1388,0.1213,0.1884,1.0,2
SAO JOSE DO CERRITO,SC,-27.72758334,-50.56494446,Solar,0.1482,0.1381,0.1213,0.1884,1.0,3
SAO JOSE DO CERRITO,SC,-27.72758334,-50.56494446,H2 Verde,0.1405,0.119,0.1213,0.1884,1.0,4
SAO JOSE DO CERRITO,SC,-27.72758334,-50.56494446,Biomassa,0.1392,0.2571,0.1213,0.0,0.875,5
SAO JOSE DO EGITO,PE,-7.50666667,-37.26947222,Solar,0.2361,0.4144,0.1333,0.1012,1.0,1
SAO JOSE DO EGITO,PE,-7.50666667,-37.26947222,H2 Verde,0.2275,0.3929,0.1333,0.1012,1.0,2
SAO JOSE DO EGITO,PE,-7.50666667,-37.26947222,Biometano,0.1373,0.2432,0.1333,0.0,0.625,3
SAO JOSE DO EGITO,PE,-7.50666667,-37.26947222,Eolica,0.1028,0.0811,0.1333,0.1012,1.0,4
SAO JOSE DO EGITO,PE,-7.50666667,-37.26947222,Biomassa,0.0962,0.1406,0.1333,0.0,0.875,5
SAO JOSE DO HORTENCIO,RS,-29.52656522,-51.2385901,Biometano,0.4006,0.8829,0.1581,,0.5,1
SAO JOSE DO HORTENCIO,RS,-29.52656522,-51.2385901,Solar,0.3774,0.2943,0.1581,0.7074,0.875,2
SAO JOSE DO HORTENCIO,RS,-29.52656522,-51.2385901,Eolica,0.3774,0.2943,0.1581,0.7074,0.875,2
SAO JOSE DO HORTENCIO,RS,-29.52656522,-51.2385901,H2 Verde,0.3219,0.1556,0.1581,0.7074,0.875,3
SAO JOSE DO HORTENCIO,RS,-29.52656522,-51.2385901,Biomassa,0.2274,0.4499,0.1581,,0.75,4
SAO JOSE DO INHACORA,RS,-27.72706,-54.19145694,Solar,0.4051,0.6276,0.1599,0.3537,1.0,1
SAO JOSE DO INHACORA,RS,-27.72706,-54.19145694,Biometano,0.4011,0.8829,0.1599,0.0,0.625,2
SAO JOSE DO INHACORA,RS,-27.72706,-54.19145694,H2 Verde,0.3497,0.489,0.1599,0.3537,1.0,3
SAO JOSE DO INHACORA,RS,-27.72706,-54.19145694,Eolica,0.2718,0.2943,0.1599,0.3537,1.0,4
SAO JOSE DO INHACORA,RS,-27.72706,-54.19145694,Biomassa,0.2279,0.4499,0.1599,0.0,0.875,5
SAO JOSE DO PEIXE,PI,-7.34764579875,-42.78524457625,Biometano,0.162,0.3243,0.1076,0.0,0.625,1
SAO JOSE DO PEIXE,PI,-7.34764579875,-42.78524457625,Eolica,0.1377,0.1439,0.1076,0.1593,1.0,2
SAO JOSE DO PEIXE,PI,-7.34764579875,-42.78524457625,Solar,0.1233,0.1081,0.1076,0.1593,1.0,3
SAO JOSE DO PEIXE,PI,-7.34764579875,-42.78524457625,H2 Verde,0.0974,0.0434,0.1076,0.1593,1.0,4
SAO JOSE DO PEIXE,PI,-7.34764579875,-42.78524457625,Biomassa,0.0929,0.1515,0.1076,0.0,0.875,5
SAO JOSE DO RIO CLARO,MT,-13.666997219999999,-56.639812500000005,Solar,0.2394,0.3966,0.1027,0.1666,1.0,1
SAO JOSE DO RIO CLARO,MT,-13.666997219999999,-56.639812500000005,H2 Verde,0.2252,0.3612,0.1027,0.1666,1.0,2
SAO JOSE DO RIO CLARO,MT,-13.666997219999999,-56.639812500000005,Biometano,0.1066,0.1892,0.1027,0.0005,0.625,3
SAO JOSE DO RIO CLARO,MT,-13.666997219999999,-56.639812500000005,Eolica,0.1061,0.0632,0.1027,0.1666,1.0,4
SAO JOSE DO RIO CLARO,MT,-13.666997219999999,-56.639812500000005,Biomassa,0.0673,0.0909,0.1027,0.0005,0.875,5
SAO JOSE DO RIO PARDO,SP,-21.605273758333336,-46.874370148333334,H2 Verde,0.4267,0.6686,0.1408,0.39,1.0,1
SAO JOSE DO RIO PARDO,SP,-21.605273758333336,-46.874370148333334,Solar,0.3858,0.5665,0.1408,0.39,1.0,2
SAO JOSE DO RIO PARDO,SP,-21.605273758333336,-46.874370148333334,Biometano,0.324,0.6937,0.1408,0.0144,0.625,3
SAO JOSE DO RIO PARDO,SP,-21.605273758333336,-46.874370148333334,Biomassa,0.2743,0.5694,0.1408,0.0144,0.875,4
SAO JOSE DO RIO PARDO,SP,-21.605273758333336,-46.874370148333334,Eolica,0.2537,0.2361,0.1408,0.39,1.0,5
SAO JOSE DO RIO PRETO,SP,-20.809342140000002,-49.37341952571428,Biometano,0.3378,0.6937,0.2011,0.0001,0.625,1
SAO JOSE DO RIO PRETO,SP,-20.809342140000002,-49.37341952571428,H2 Verde,0.3265,0.3785,0.2011,0.3828,1.0,2
SAO JOSE DO RIO PRETO,SP,-20.809342140000002,-49.37341952571428,Biomassa,0.2862,0.5647,0.2011,0.0001,0.875,3
SAO JOSE DO RIO PRETO,SP,-20.809342140000002,-49.37341952571428,Solar,0.2857,0.2764,0.2011,0.3828,1.0,4
SAO JOSE DO RIO PRETO,SP,-20.809342140000002,-49.37341952571428,Eolica,0.2677,0.2314,0.2011,0.3828,1.0,5
SAO JOSE DO SABUGI,PB,-6.8597595425,-36.779138599999996,Solar,0.2131,0.3823,0.145,0.0555,1.0,1
SAO JOSE DO SABUGI,PB,-6.8597595425,-36.779138599999996,H2 Verde,0.2016,0.3537,0.145,0.0555,1.0,2
SAO JOSE DO SABUGI,PB,-6.8597595425,-36.779138599999996,Biometano,0.1011,0.1351,0.145,0.0118,0.625,3
SAO JOSE DO SABUGI,PB,-6.8597595425,-36.779138599999996,Eolica,0.0797,0.049,0.145,0.0555,1.0,4
SAO JOSE DO SABUGI,PB,-6.8597595425,-36.779138599999996,Biomassa,0.0732,0.0654,0.145,0.0118,0.875,5
SAO JOSE DO VALE DO RIO PRETO,RJ,-22.18986383,-42.89174642,H2 Verde,0.2567,0.444,0.1598,0.1038,1.0,1
SAO JOSE DO VALE DO RIO PRETO,RJ,-22.18986383,-42.89174642,Solar,0.239,0.3998,0.1598,0.1038,1.0,2
SAO JOSE DO VALE DO RIO PRETO,RJ,-22.18986383,-42.89174642,Biometano,0.1276,0.1982,0.1598,0.0012,0.625,3
SAO JOSE DO VALE DO RIO PRETO,RJ,-22.18986383,-42.89174642,Biomassa,0.119,0.1768,0.1598,0.0012,0.875,4
SAO JOSE DO VALE DO RIO PRETO,RJ,-22.18986383,-42.89174642,Eolica,0.1057,0.0665,0.1598,0.1038,1.0,5
SAO JOSE DOS AUSENTES,RS,-28.536115555000002,-49.991597915,Biometano,0.4126,0.8829,0.1981,0.0,0.625,1
SAO JOSE DOS AUSENTES,RS,-28.536115555000002,-49.991597915,Eolica,0.2836,0.2952,0.1981,0.3537,1.0,2
SAO JOSE DOS AUSENTES,RS,-28.536115555000002,-49.991597915,Solar,0.2833,0.2943,0.1981,0.3537,1.0,3
SAO JOSE DOS AUSENTES,RS,-28.536115555000002,-49.991597915,Biomassa,0.2394,0.4499,0.1981,0.0,0.875,4
SAO JOSE DOS AUSENTES,RS,-28.536115555000002,-49.991597915,H2 Verde,0.2278,0.1556,0.1981,0.3537,1.0,5
SAO JOSE DOS CAMPOS,SP,-23.18464143117647,-45.886724967647055,H2 Verde,0.425,0.336,0.2031,0.7655,0.875,1
SAO JOSE DOS CAMPOS,SP,-23.18464143117647,-45.886724967647055,Solar,0.3841,0.2339,0.2031,0.7655,0.875,2
SAO JOSE DOS CAMPOS,SP,-23.18464143117647,-45.886724967647055,Eolica,0.3841,0.2339,0.2031,0.7655,0.875,2
SAO JOSE DOS CAMPOS,SP,-23.18464143117647,-45.886724967647055,Biometano,0.3384,0.6937,0.2031,,0.5,3
SAO JOSE DOS CAMPOS,SP,-23.18464143117647,-45.886724967647055,Biomassa,0.2878,0.5672,0.2031,,0.75,4
SAO JOSE DOS PINHAIS,PR,-21.340695773333334,-40.948408565,Solar,0.2958,0.4229,0.2144,0.2077,1.0,1
SAO JOSE DOS PINHAIS,PR,-21.340695773333334,-40.948408565,Biometano,0.281,0.5405,0.2144,0.0016,0.625,2
SAO JOSE DOS PINHAIS,PR,-21.340695773333334,-40.948408565,H2 Verde,0.2641,0.3437,0.2144,0.2077,1.0,3
SAO JOSE DOS PINHAIS,PR,-21.340695773333334,-40.948408565,Eolica,0.199,0.1809,0.2144,0.2077,1.0,4
SAO JOSE DOS PINHAIS,PR,-21.340695773333334,-40.948408565,Biomassa,0.1775,0.2819,0.2144,0.0016,0.875,5
SAO LEOPOLDO,RS,-29.779790313333336,-51.143820946666665,Biometano,0.3985,0.8829,0.1511,0.0001,0.625,1
SAO LEOPOLDO,RS,-29.779790313333336,-51.143820946666665,Solar,0.2863,0.3373,0.1511,0.3538,1.0,2
SAO LEOPOLDO,RS,-29.779790313333336,-51.143820946666665,Eolica,0.2693,0.2945,0.1511,0.3538,1.0,3
SAO LEOPOLDO,RS,-29.779790313333336,-51.143820946666665,H2 Verde,0.2309,0.1986,0.1511,0.3538,1.0,4
SAO LEOPOLDO,RS,-29.779790313333336,-51.143820946666665,Biomassa,0.2254,0.4501,0.1511,0.0001,0.875,5
SAO LOURENCO DO OESTE,SC,-13.177588165,-26.42082283,Biometano,0.2174,0.4144,0.172,0.0,0.625,1
SAO LOURENCO DO OESTE,SC,-13.177588165,-26.42082283,Solar,0.2011,0.2323,0.172,0.1884,1.0,2
SAO LOURENCO DO OESTE,SC,-13.177588165,-26.42082283,H2 Verde,0.1934,0.2132,0.172,0.1884,1.0,3
SAO LOURENCO DO OESTE,SC,-13.177588165,-26.42082283,Eolica,0.1634,0.1382,0.172,0.1884,1.0,4
SAO LOURENCO DO OESTE,SC,-13.177588165,-26.42082283,Biomassa,0.1545,0.2571,0.172,0.0,0.875,5
SAO LOURENCO DO SUL,RS,-31.363165305000003,-51.976126390000005,Solar,0.3967,0.6276,0.1319,0.3537,1.0,1
SAO LOURENCO DO SUL,RS,-31.363165305000003,-51.976126390000005,Biometano,0.3927,0.8829,0.1319,0.0,0.625,2
SAO LOURENCO DO SUL,RS,-31.363165305000003,-51.976126390000005,H2 Verde,0.3413,0.489,0.1319,0.3537,1.0,3
SAO LOURENCO DO SUL,RS,-31.363165305000003,-51.976126390000005,Eolica,0.2634,0.2943,0.1319,0.3537,1.0,4
SAO LOURENCO DO SUL,RS,-31.363165305000003,-51.976126390000005,Biomassa,0.2196,0.4499,0.1319,0.0,0.875,5
SAO LUDGERO,SC,-28.333224086666664,-49.19428599,Solar,0.3023,0.4715,0.1905,0.1884,1.0,1
SAO LUDGERO,SC,-28.333224086666664,-49.19428599,H2 Verde,0.2946,0.4523,0.1905,0.1884,1.0,2
SAO LUDGERO,SC,-28.333224086666664,-49.19428599,Biometano,0.2229,0.4144,0.1905,0.0,0.625,3
SAO LUDGERO,SC,-28.333224086666664,-49.19428599,Eolica,0.1689,0.1382,0.1905,0.1884,1.0,4
SAO LUDGERO,SC,-28.333224086666664,-49.19428599,Biomassa,0.16,0.2571,0.1905,0.0,0.875,5
SAO LUIS,MA,-2.6832083577777777,-44.243062967777774,H2 Verde,0.1288,0.0978,0.1865,0.1123,1.0,1
SAO LUIS,MA,-2.6832083577777777,-44.243062967777774,Biometano,0.1281,0.1802,0.1865,0.0001,0.625,2
SAO LUIS,MA,-2.6832083577777777,-44.243062967777774,Solar,0.1193,0.0742,0.1865,0.1123,1.0,3
SAO LUIS,MA,-2.6832083577777777,-44.243062967777774,Eolica,0.1189,0.0731,0.1865,0.1123,1.0,4
SAO LUIS,MA,-2.6832083577777777,-44.243062967777774,Biomassa,0.1187,0.1568,0.1865,0.0001,0.875,5
SAO LUIS DO QUITUNDE,AL,-9.30202096,-35.608431165,Biometano,0.0774,0.0991,0.1258,0.0,0.625,1
SAO LUIS DO QUITUNDE,AL,-9.30202096,-35.608431165,Solar,0.0662,0.0395,0.1258,0.0421,1.0,2
SAO LUIS DO QUITUNDE,AL,-9.30202096,-35.608431165,Eolica,0.0639,0.0339,0.1258,0.0421,1.0,3
SAO LUIS DO QUITUNDE,AL,-9.30202096,-35.608431165,H2 Verde,0.0622,0.0296,0.1258,0.0421,1.0,4
SAO LUIS DO QUITUNDE,AL,-9.30202096,-35.608431165,Biomassa,0.0606,0.057,0.1258,0.0,0.875,5
SAO LUIZ GONZAGA,RS,-28.40067633,-54.96256233,Biometano,0.3952,0.8829,0.14,,0.5,1
SAO LUIZ GONZAGA,RS,-28.40067633,-54.96256233,Solar,0.372,0.2943,0.14,0.7074,0.875,2
SAO LUIZ GONZAGA,RS,-28.40067633,-54.96256233,Eolica,0.372,0.2943,0.14,0.7074,0.875,2
SAO LUIZ GONZAGA,RS,-28.40067633,-54.96256233,H2 Verde,0.3165,0.1557,0.14,0.7074,0.875,3
SAO LUIZ GONZAGA,RS,-28.40067633,-54.96256233,Biomassa,0.222,0.45,0.14,,0.75,4
SAO MAMEDE,PB,-6.9460959835416665,-37.035767365625,Eolica,0.1414,0.2204,0.1279,0.0496,1.0,1
SAO MAMEDE,PB,-6.9460959835416665,-37.035767365625,Biometano,0.0924,0.1351,0.1279,0.0,0.625,2
SAO MAMEDE,PB,-6.9460959835416665,-37.035767365625,Solar,0.0713,0.045,0.1279,0.0496,1.0,3
SAO MAMEDE,PB,-6.9460959835416665,-37.035767365625,Biomassa,0.063,0.0615,0.1279,0.0,0.875,4
SAO MAMEDE,PB,-6.9460959835416665,-37.035767365625,H2 Verde,0.0599,0.0165,0.1279,0.0496,1.0,5
SAO MANUEL,SP,-22.702163415,-48.557670875,H2 Verde,0.4026,0.3338,0.1314,0.7655,0.875,1
SAO MANUEL,SP,-22.702163415,-48.557670875,Solar,0.3618,0.2317,0.1314,0.7655,0.875,2
SAO MANUEL,SP,-22.702163415,-48.557670875,Eolica,0.3618,0.2317,0.1314,0.7655,0.875,2
SAO MANUEL,SP,-22.702163415,-48.557670875,Biometano,0.3169,0.6937,0.1314,,0.5,3
SAO MANUEL,SP,-22.702163415,-48.557670875,Biomassa,0.2654,0.565,0.1314,,0.75,4
SAO MARCOS,RS,-28.98676939,-51.07302781,Solar,0.4022,0.6276,0.1501,0.3537,1.0,1
SAO MARCOS,RS,-28.98676939,-51.07302781,Biometano,0.3982,0.8829,0.1501,0.0,0.625,2
SAO MARCOS,RS,-28.98676939,-51.07302781,H2 Verde,0.3467,0.489,0.1501,0.3537,1.0,3
SAO MARCOS,RS,-28.98676939,-51.07302781,Eolica,0.2689,0.2943,0.1501,0.3537,1.0,4
SAO MARCOS,RS,-28.98676939,-51.07302781,Biomassa,0.225,0.4499,0.1501,0.0,0.875,5
SAO MATEUS,ES,0.0,0.0,H2 Verde,0.2222,0.3837,0.1737,0.0551,1.0,1
SAO MATEUS,ES,0.0,0.0,Solar,0.2116,0.3574,0.1737,0.0551,1.0,2
SAO MATEUS,ES,0.0,0.0,Biomassa,0.0819,0.0744,0.1737,0.0,0.875,3
SAO MATEUS,ES,0.0,0.0,Biometano,0.081,0.0721,0.1737,0.0,0.625,4
SAO MATEUS,ES,0.0,0.0,Eolica,0.0783,0.024,0.1737,0.0551,1.0,5
SAO MATEUS DO SUL,PR,-26.00927078,-50.60844566,Biometano,0.2599,0.5405,0.1454,,0.5,1
SAO MATEUS DO SUL,PR,-26.00927078,-50.60844566,Solar,0.2399,0.1802,0.1454,0.4138,0.875,2
SAO MATEUS DO SUL,PR,-26.00927078,-50.60844566,Eolica,0.2399,0.1802,0.1454,0.4138,0.875,2
SAO MATEUS DO SUL,PR,-26.00927078,-50.60844566,H2 Verde,0.2082,0.1009,0.1454,0.4138,0.875,3
SAO MATEUS DO SUL,PR,-26.00927078,-50.60844566,Biomassa,0.1561,0.2811,0.1454,,0.75,4
SAO MIGUEL ARCANJO,SP,-23.995465120000002,-47.94606213666666,H2 Verde,0.4244,0.6667,0.1427,0.3829,1.0,1
SAO MIGUEL ARCANJO,SP,-23.995465120000002,-47.94606213666666,Solar,0.3835,0.5646,0.1427,0.3829,1.0,2
SAO MIGUEL ARCANJO,SP,-23.995465120000002,-47.94606213666666,Biometano,0.3203,0.6937,0.1427,0.0002,0.625,3
SAO MIGUEL ARCANJO,SP,-23.995465120000002,-47.94606213666666,Biomassa,0.2687,0.5646,0.1427,0.0002,0.875,4
SAO MIGUEL ARCANJO,SP,-23.995465120000002,-47.94606213666666,Eolica,0.2502,0.2313,0.1427,0.3829,1.0,5
SAO MIGUEL DO GOSTOSO,RN,-5.6289615694736845,-36.09669319842106,H2 Verde,0.2651,0.4218,0.1618,0.1594,1.0,1
SAO MIGUEL DO GOSTOSO,RN,-5.6289615694736845,-36.09669319842106,Solar,0.2614,0.4125,0.1618,0.1594,1.0,2
SAO MIGUEL DO GOSTOSO,RN,-5.6289615694736845,-36.09669319842106,Biometano,0.1387,0.1892,0.1618,0.0483,0.625,3
SAO MIGUEL DO GOSTOSO,RN,-5.6289615694736845,-36.09669319842106,Eolica,0.1289,0.0814,0.1618,0.1594,1.0,4
SAO MIGUEL DO GOSTOSO,RN,-5.6289615694736845,-36.09669319842106,Biomassa,0.1237,0.1516,0.1618,0.0483,0.875,5
SAO MIGUEL DOS CAMPOS,AL,-9.77704647,-36.08536859,Biometano,0.0777,0.0991,0.1269,,0.5,1
SAO MIGUEL DOS CAMPOS,AL,-9.77704647,-36.08536859,Solar,0.0773,0.0349,0.1269,0.0842,0.875,2
SAO MIGUEL DOS CAMPOS,AL,-9.77704647,-36.08536859,Eolica,0.0773,0.0349,0.1269,0.0842,0.875,2
SAO MIGUEL DOS CAMPOS,AL,-9.77704647,-36.08536859,H2 Verde,0.0733,0.025,0.1269,0.0842,0.875,3
SAO MIGUEL DOS CAMPOS,AL,-9.77704647,-36.08536859,Biomassa,0.0613,0.058,0.1269,,0.75,4
SAO PAULO,SP,-23.327180273955555,-46.23073796231111,H2 Verde,0.5041,0.3668,0.8081,0.3833,1.0,1
SAO PAULO,SP,-23.327180273955555,-46.23073796231111,Biomassa,0.4804,0.5943,0.8081,0.001,0.875,2
SAO PAULO,SP,-23.327180273955555,-46.23073796231111,Eolica,0.4658,0.2709,0.8081,0.3833,1.0,3
SAO PAULO,SP,-23.327180273955555,-46.23073796231111,Solar,0.4633,0.2647,0.8081,0.3833,1.0,4
SAO PAULO,SP,-23.327180273955555,-46.23073796231111,Biometano,0.4447,0.5048,0.8081,0.001,0.875,5
SAO PAULO DE OLIVENCA,AM,-4.497841660000001,-69.45079755500001,H2 Verde,0.1053,0.0312,0.1501,0.1593,0.875,1
SAO PAULO DE OLIVENCA,AM,-4.497841660000001,-69.45079755500001,Solar,0.1001,0.0182,0.1501,0.1593,0.875,2
SAO PAULO DE OLIVENCA,AM,-4.497841660000001,-69.45079755500001,Eolica,0.1001,0.0182,0.1501,0.1593,0.875,2
SAO PAULO DE OLIVENCA,AM,-4.497841660000001,-69.45079755500001,Biometano,0.0667,0.0541,0.1501,,0.5,3
SAO PAULO DE OLIVENCA,AM,-4.497841660000001,-69.45079755500001,Biomassa,0.0647,0.0492,0.1501,,0.75,4
SAO PEDRO,SP,-22.64369419,-47.85397611,H2 Verde,0.4376,0.6667,0.1869,0.3828,1.0,1
SAO PEDRO,SP,-22.64369419,-47.85397611,Solar,0.3967,0.5646,0.1869,0.3828,1.0,2
SAO PEDRO,SP,-22.64369419,-47.85397611,Biometano,0.3336,0.6937,0.1869,0.0,0.625,3
SAO PEDRO,SP,-22.64369419,-47.85397611,Biomassa,0.2819,0.5646,0.1869,0.0,0.875,4
SAO PEDRO,SP,-22.64369419,-47.85397611,Eolica,0.2634,0.2312,0.1869,0.3828,1.0,5
SAO PEDRO DA ALDEIA,RJ,-22.801407830000002,-42.1257720825,H2 Verde,0.1614,0.1104,0.1843,0.2064,0.875,1
SAO PEDRO DA ALDEIA,RJ,-22.801407830000002,-42.1257720825,Solar,0.1437,0.0661,0.1843,0.2064,0.875,2
SAO PEDRO DA ALDEIA,RJ,-22.801407830000002,-42.1257720825,Eolica,0.1437,0.0661,0.1843,0.2064,0.875,2
SAO PEDRO DA ALDEIA,RJ,-22.801407830000002,-42.1257720825,Biomassa,0.1259,0.1764,0.1843,,0.75,3
SAO PEDRO DA ALDEIA,RJ,-22.801407830000002,-42.1257720825,Biometano,0.092,0.0917,0.1843,,0.75,4
SAO PEDRO DE ALCANTARA,SC,-27.58166667,-48.73166667,Solar,0.3021,0.4715,0.1899,0.1885,1.0,1
SAO PEDRO DE ALCANTARA,SC,-27.58166667,-48.73166667,H2 Verde,0.2945,0.4524,0.1899,0.1885,1.0,2
SAO PEDRO DE ALCANTARA,SC,-27.58166667,-48.73166667,Biometano,0.2228,0.4144,0.1899,0.0002,0.625,3
SAO PEDRO DE ALCANTARA,SC,-27.58166667,-48.73166667,Eolica,0.1688,0.1382,0.1899,0.1885,1.0,4
SAO PEDRO DE ALCANTARA,SC,-27.58166667,-48.73166667,Biomassa,0.1599,0.2572,0.1899,0.0002,0.875,5
SAO PEDRO DO IVAI,PR,-23.87400967,-51.83653455,Biometano,0.2455,0.5405,0.0975,,0.5,1
SAO PEDRO DO IVAI,PR,-23.87400967,-51.83653455,Solar,0.2257,0.1807,0.0975,0.4138,0.875,2
SAO PEDRO DO IVAI,PR,-23.87400967,-51.83653455,Eolica,0.2257,0.1807,0.0975,0.4138,0.875,2
SAO PEDRO DO IVAI,PR,-23.87400967,-51.83653455,H2 Verde,0.194,0.1015,0.0975,0.4138,0.875,3
SAO PEDRO DO IVAI,PR,-23.87400967,-51.83653455,Biomassa,0.1419,0.2817,0.0975,,0.75,4
SAO PEDRO DO PIAUI,PI,-5.81818738,-42.78659719,Solar,0.1807,0.1081,0.1394,0.3186,0.875,1
SAO PEDRO DO PIAUI,PI,-5.81818738,-42.78659719,Eolica,0.1807,0.1081,0.1394,0.3186,0.875,1
SAO PEDRO DO PIAUI,PI,-5.81818738,-42.78659719,Biometano,0.1716,0.3243,0.1394,,0.5,2
SAO PEDRO DO PIAUI,PI,-5.81818738,-42.78659719,H2 Verde,0.1548,0.0434,0.1394,0.3186,0.875,3
SAO PEDRO DO PIAUI,PI,-5.81818738,-42.78659719,Biomassa,0.1024,0.1515,0.1394,,0.75,4
SAO PEDRO DO TURVO,SP,-22.67514966,-49.76271455,H2 Verde,0.4043,0.3334,0.1377,0.7655,0.875,1
SAO PEDRO DO TURVO,SP,-22.67514966,-49.76271455,Solar,0.3635,0.2313,0.1377,0.7655,0.875,2
SAO PEDRO DO TURVO,SP,-22.67514966,-49.76271455,Eolica,0.3635,0.2313,0.1377,0.7655,0.875,2
SAO PEDRO DO TURVO,SP,-22.67514966,-49.76271455,Biometano,0.3188,0.6937,0.1377,,0.5,3
SAO PEDRO DO TURVO,SP,-22.67514966,-49.76271455,Biomassa,0.2672,0.5646,0.1377,,0.75,4
SAO ROMAO,MG,-16.355923888,-45.093647222,Biometano,0.4414,1.0,0.1382,0.0,0.625,1
SAO ROMAO,MG,-16.355923888,-45.093647222,Eolica,0.3293,0.3445,0.1382,0.5,1.0,2
SAO ROMAO,MG,-16.355923888,-45.093647222,Solar,0.3248,0.3333,0.1382,0.5,1.0,3
SAO ROMAO,MG,-16.355923888,-45.093647222,H2 Verde,0.2749,0.2087,0.1382,0.5,1.0,4
SAO ROMAO,MG,-16.355923888,-45.093647222,Biomassa,0.2583,0.5421,0.1382,0.0,0.875,5
SAO ROQUE,SP,-23.52517633,-47.12581233,H2 Verde,0.4058,0.3333,0.1427,0.7655,0.875,1
SAO ROQUE,SP,-23.52517633,-47.12581233,Solar,0.365,0.2312,0.1427,0.7655,0.875,2
SAO ROQUE,SP,-23.52517633,-47.12581233,Eolica,0.365,0.2312,0.1427,0.7655,0.875,2
SAO ROQUE,SP,-23.52517633,-47.12581233,Biometano,0.3203,0.6937,0.1427,,0.5,3
SAO ROQUE,SP,-23.52517633,-47.12581233,Biomassa,0.2686,0.5646,0.1427,,0.75,4
SAO SEBASTIAO DA BOA VISTA,PA,-1.72110873,-49.52888922,H2 Verde,0.2277,0.1444,0.1667,0.3998,0.875,1
SAO SEBASTIAO DA BOA VISTA,PA,-1.72110873,-49.52888922,Solar,0.2025,0.0813,0.1667,0.3998,0.875,2
SAO SEBASTIAO DA BOA VISTA,PA,-1.72110873,-49.52888922,Eolica,0.2025,0.0813,0.1667,0.3998,0.875,2
SAO SEBASTIAO DA BOA VISTA,PA,-1.72110873,-49.52888922,Biometano,0.1473,0.2432,0.1667,,0.5,3
SAO SEBASTIAO DA BOA VISTA,PA,-1.72110873,-49.52888922,Biomassa,0.1402,0.2255,0.1667,,0.75,4
SAO SEBASTIAO DO PARAISO,MG,-20.91128102,-46.99208719,Solar,0.4829,0.3334,0.1652,1.0,0.875,1
SAO SEBASTIAO DO PARAISO,MG,-20.91128102,-46.99208719,Eolica,0.4829,0.3334,0.1652,1.0,0.875,1
SAO SEBASTIAO DO PARAISO,MG,-20.91128102,-46.99208719,Biometano,0.4496,1.0,0.1652,,0.5,2
SAO SEBASTIAO DO PARAISO,MG,-20.91128102,-46.99208719,H2 Verde,0.4331,0.2088,0.1652,1.0,0.875,3
SAO SEBASTIAO DO PARAISO,MG,-20.91128102,-46.99208719,Biomassa,0.2664,0.5421,0.1652,,0.75,4
SAO SEBASTIAO DO UATUMA,AM,-2.575691285,-57.92724986,H2 Verde,0.108,0.0312,0.1592,0.1593,0.875,1
SAO SEBASTIAO DO UATUMA,AM,-2.575691285,-57.92724986,Solar,0.1028,0.0182,0.1592,0.1593,0.875,2
SAO SEBASTIAO DO UATUMA,AM,-2.575691285,-57.92724986,Eolica,0.1028,0.0182,0.1592,0.1593,0.875,2
SAO SEBASTIAO DO UATUMA,AM,-2.575691285,-57.92724986,Biometano,0.0694,0.0541,0.1592,,0.5,3
SAO SEBASTIAO DO UATUMA,AM,-2.575691285,-57.92724986,Biomassa,0.0674,0.0492,0.1592,,0.75,4
SAO SEPE,RS,-30.10144917,-53.65444417,Biometano,0.3858,0.8829,0.1087,,0.5,1
SAO SEPE,RS,-30.10144917,-53.65444417,Solar,0.3627,0.2945,0.1087,0.7074,0.875,2
SAO SEPE,RS,-30.10144917,-53.65444417,Eolica,0.3627,0.2945,0.1087,0.7074,0.875,2
SAO SEPE,RS,-30.10144917,-53.65444417,H2 Verde,0.3072,0.1558,0.1087,0.7074,0.875,3
SAO SEPE,RS,-30.10144917,-53.65444417,Biomassa,0.2127,0.4501,0.1087,,0.75,4
SAO SIMAO,GO,-18.98179722,-50.610172225,Biometano,0.16,0.2973,0.1369,0.0,0.625,1
SAO SIMAO,GO,-18.98179722,-50.610172225,Eolica,0.1235,0.1028,0.1369,0.1378,1.0,2
SAO SIMAO,GO,-18.98179722,-50.610172225,Solar,0.1221,0.0992,0.1369,0.1378,1.0,3
SAO SIMAO,GO,-18.98179722,-50.610172225,H2 Verde,0.1171,0.0868,0.1369,0.1378,1.0,4
SAO SIMAO,GO,-18.98179722,-50.610172225,Biomassa,0.1154,0.1859,0.1369,0.0,0.875,5
SAO TOME,PR,-23.54472222,-52.64555556,Biometano,0.2557,0.5405,0.1316,,0.5,1
SAO TOME,RN,-6.0013635206250004,-36.154222153125,H2 Verde,0.2496,0.4197,0.1164,0.1562,1.0,2
SAO TOME,RN,-6.0013635206250004,-36.154222153125,Solar,0.2459,0.4103,0.1164,0.1562,1.0,3
SAO TOME,PR,-23.54472222,-52.64555556,Solar,0.2358,0.1804,0.1316,0.4138,0.875,4
SAO TOME,PR,-23.54472222,-52.64555556,Eolica,0.2358,0.1804,0.1316,0.4138,0.875,4
SAO TOME,PR,-23.54472222,-52.64555556,H2 Verde,0.2041,0.1011,0.1316,0.4138,0.875,5
SAO TOME,PR,-23.54472222,-52.64555556,Biomassa,0.152,0.2813,0.1316,,0.75,6
SAO TOME,RN,-6.0013635206250004,-36.154222153125,Eolica,0.1257,0.1098,0.1164,0.1562,1.0,7
SAO TOME,RN,-6.0013635206250004,-36.154222153125,Biometano,0.1231,0.1892,0.1164,0.0418,0.625,8
SAO TOME,RN,-6.0013635206250004,-36.154222153125,Biomassa,0.1072,0.1494,0.1164,0.0418,0.875,9
SAO VICENTE,SP,-23.963644326666667,-46.37671880333334,H2 Verde,0.4071,0.3334,0.147,0.7655,0.875,1
SAO VICENTE,SP,-23.963644326666667,-46.37671880333334,Solar,0.3663,0.2313,0.147,0.7655,0.875,2
SAO VICENTE,SP,-23.963644326666667,-46.37671880333334,Eolica,0.3663,0.2313,0.147,0.7655,0.875,2
SAO VICENTE,SP,-23.963644326666667,-46.37671880333334,Biometano,0.3216,0.6937,0.147,,0.5,3
SAO VICENTE,SP,-23.963644326666667,-46.37671880333334,Biomassa,0.27,0.5647,0.147,,0.75,4
SAO VICENTE DO SERIDO,PB,-4.5160222,-24.278601626666667,Biometano,0.0977,0.1351,0.1454,0.0,0.625,1
SAO VICENTE DO SERIDO,PB,-4.5160222,-24.278601626666667,Eolica,0.0816,0.0578,0.1454,0.0496,1.0,2
SAO VICENTE DO SERIDO,PB,-4.5160222,-24.278601626666667,Solar,0.0765,0.045,0.1454,0.0496,1.0,3
SAO VICENTE DO SERIDO,PB,-4.5160222,-24.278601626666667,Biomassa,0.0682,0.0615,0.1454,0.0,0.875,4
SAO VICENTE DO SERIDO,PB,-4.5160222,-24.278601626666667,H2 Verde,0.0651,0.0165,0.1454,0.0496,1.0,5
SAPEZAL,MT,-13.415038410000001,-58.91069786166667,Solar,0.2875,0.3971,0.2616,0.1674,1.0,1
SAPEZAL,MT,-13.415038410000001,-58.91069786166667,H2 Verde,0.2734,0.3617,0.2616,0.1674,1.0,2
SAPEZAL,MT,-13.415038410000001,-58.91069786166667,Eolica,0.1557,0.0675,0.2616,0.1674,1.0,3
SAPEZAL,MT,-13.415038410000001,-58.91069786166667,Biometano,0.1548,0.1892,0.2616,0.0021,0.625,4
SAPEZAL,MT,-13.415038410000001,-58.91069786166667,Biomassa,0.1157,0.0914,0.2616,0.0021,0.875,5
SAPIRANGA,RS,-29.62680914,-51.006284945,Biometano,0.398,0.8829,0.1495,0.0001,0.625,1
SAPIRANGA,RS,-29.62680914,-51.006284945,Solar,0.2991,0.3704,0.1495,0.3537,1.0,2
SAPIRANGA,RS,-29.62680914,-51.006284945,Eolica,0.2687,0.2944,0.1495,0.3537,1.0,3
SAPIRANGA,RS,-29.62680914,-51.006284945,H2 Verde,0.2436,0.2317,0.1495,0.3537,1.0,4
SAPIRANGA,RS,-29.62680914,-51.006284945,Biomassa,0.2249,0.45,0.1495,0.0001,0.875,5
SAPUCAI-MIRIM,MG,-22.79771667,-45.81409722,Solar,0.4586,0.6667,0.1398,0.5,1.0,1
SAPUCAI-MIRIM,MG,-22.79771667,-45.81409722,Biometano,0.4419,1.0,0.1398,0.0,0.625,2
SAPUCAI-MIRIM,MG,-22.79771667,-45.81409722,H2 Verde,0.4088,0.5421,0.1398,0.5,1.0,3
SAPUCAI-MIRIM,MG,-22.79771667,-45.81409722,Eolica,0.3253,0.3333,0.1398,0.5,1.0,4
SAPUCAI-MIRIM,MG,-22.79771667,-45.81409722,Biomassa,0.2588,0.5421,0.1398,0.0,0.875,5
SAPUCAIA DO SUL,RS,-29.827563716666663,-51.14885062,Biometano,0.3965,0.8829,0.1444,0.0001,0.625,1
SAPUCAIA DO SUL,RS,-29.827563716666663,-51.14885062,Solar,0.3445,0.4876,0.1444,0.3538,1.0,2
SAPUCAIA DO SUL,RS,-29.827563716666663,-51.14885062,H2 Verde,0.289,0.3489,0.1444,0.3538,1.0,3
SAPUCAIA DO SUL,RS,-29.827563716666663,-51.14885062,Eolica,0.2672,0.2943,0.1444,0.3538,1.0,4
SAPUCAIA DO SUL,RS,-29.827563716666663,-51.14885062,Biomassa,0.2233,0.45,0.1444,0.0001,0.875,5
SARANDI,RS,-27.93989855,-52.91359011,Biometano,0.4,0.8829,0.156,,0.5,1
SARANDI,RS,-27.93989855,-52.91359011,Solar,0.3768,0.2943,0.156,0.7074,0.875,2
SARANDI,RS,-27.93989855,-52.91359011,Eolica,0.3768,0.2943,0.156,0.7074,0.875,2
SARANDI,RS,-27.93989855,-52.91359011,H2 Verde,0.3213,0.1556,0.156,0.7074,0.875,3
SARANDI,RS,-27.93989855,-52.91359011,Biomassa,0.2268,0.4499,0.156,,0.75,4
SARAPUI,SP,-23.63700967,-47.81553455,H2 Verde,0.4148,0.3333,0.1727,0.7655,0.875,1
SARAPUI,SP,-23.63700967,-47.81553455,Solar,0.374,0.2312,0.1727,0.7655,0.875,2
SARAPUI,SP,-23.63700967,-47.81553455,Eolica,0.374,0.2312,0.1727,0.7655,0.875,2
SARAPUI,SP,-23.63700967,-47.81553455,Biometano,0.3293,0.6937,0.1727,,0.5,3
SARAPUI,SP,-23.63700967,-47.81553455,Biomassa,0.2776,0.5646,0.1727,,0.75,4
SARZEDO,MG,-20.034535,-44.14586694,Solar,0.5025,0.3334,0.2305,1.0,0.875,1
SARZEDO,MG,-20.034535,-44.14586694,Eolica,0.5025,0.3334,0.2305,1.0,0.875,1
SARZEDO,MG,-20.034535,-44.14586694,Biometano,0.4691,1.0,0.2305,,0.5,2
SARZEDO,MG,-20.034535,-44.14586694,H2 Verde,0.4527,0.2088,0.2305,1.0,0.875,3
SARZEDO,MG,-20.034535,-44.14586694,Biomassa,0.286,0.5422,0.2305,,0.75,4
SAUDADE DO IGUACU,PR,-25.62876331,-52.61452548,Solar,0.3594,0.5556,0.1872,0.27,1.0,1
SAUDADE DO IGUACU,PR,-25.62876331,-52.61452548,H2 Verde,0.3277,0.4763,0.1872,0.27,1.0,2
SAUDADE DO IGUACU,PR,-25.62876331,-52.61452548,Biometano,0.3102,0.5405,0.1872,0.1262,0.625,3
SAUDADE DO IGUACU,PR,-25.62876331,-52.61452548,Eolica,0.2261,0.2222,0.1872,0.27,1.0,4
SAUDADE DO IGUACU,PR,-25.62876331,-52.61452548,Biomassa,0.2233,0.3232,0.1872,0.1262,0.875,5
SAUDADES,SC,-26.89958333,-53.02958333,Solar,0.2965,0.4715,0.1713,0.1885,1.0,1
SAUDADES,SC,-26.89958333,-53.02958333,H2 Verde,0.2889,0.4524,0.1713,0.1885,1.0,2
SAUDADES,SC,-26.89958333,-53.02958333,Biometano,0.2172,0.4144,0.1713,0.0002,0.625,3
SAUDADES,SC,-26.89958333,-53.02958333,Eolica,0.1632,0.1382,0.1713,0.1885,1.0,4
SAUDADES,SC,-26.89958333,-53.02958333,Biomassa,0.1543,0.2572,0.1713,0.0002,0.875,5
SCHROEDER,SC,-13.165007195,-24.54768278,Solar,0.3076,0.4719,0.2071,0.189,1.0,1
SCHROEDER,SC,-13.165007195,-24.54768278,H2 Verde,0.2999,0.4528,0.2071,0.189,1.0,2
SCHROEDER,SC,-13.165007195,-24.54768278,Biometano,0.2283,0.4144,0.2071,0.0013,0.625,3
SCHROEDER,SC,-13.165007195,-24.54768278,Eolica,0.1743,0.1386,0.2071,0.189,1.0,4
SCHROEDER,SC,-13.165007195,-24.54768278,Biomassa,0.1655,0.2576,0.2071,0.0013,0.875,5
SEBASTIANOPOLIS DO SUL,SP,-20.58104577,-49.94241511,H2 Verde,0.4078,0.3362,0.1453,0.7655,0.875,1
SEBASTIANOPOLIS DO SUL,SP,-20.58104577,-49.94241511,Solar,0.3669,0.2341,0.1453,0.7655,0.875,2
SEBASTIANOPOLIS DO SUL,SP,-20.58104577,-49.94241511,Eolica,0.3669,0.2341,0.1453,0.7655,0.875,2
SEBASTIANOPOLIS DO SUL,SP,-20.58104577,-49.94241511,Biometano,0.3211,0.6937,0.1453,,0.5,3
SEBASTIANOPOLIS DO SUL,SP,-20.58104577,-49.94241511,Biomassa,0.2706,0.5675,0.1453,,0.75,4
SEBASTIAO LEAL,PI,0.0,0.0,Solar,0.2715,0.4415,0.1568,0.1594,1.0,1
SEBASTIAO LEAL,PI,0.0,0.0,H2 Verde,0.2456,0.3768,0.1568,0.1594,1.0,2
SEBASTIAO LEAL,PI,0.0,0.0,Biometano,0.1768,0.3243,0.1568,0.0002,0.625,3
SEBASTIAO LEAL,PI,0.0,0.0,Eolica,0.1381,0.1082,0.1568,0.1594,1.0,4
SEBASTIAO LEAL,PI,0.0,0.0,Biomassa,0.1077,0.1516,0.1568,0.0002,0.875,5
SEBERI,RS,-27.59805556,-53.38583333,Solar,0.4055,0.6277,0.1609,0.3537,1.0,1
SEBERI,RS,-27.59805556,-53.38583333,Biometano,0.4015,0.8829,0.1609,0.0001,0.625,2
SEBERI,RS,-27.59805556,-53.38583333,H2 Verde,0.35,0.489,0.1609,0.3537,1.0,3
SEBERI,RS,-27.59805556,-53.38583333,Eolica,0.2721,0.2943,0.1609,0.3537,1.0,4
SEBERI,RS,-27.59805556,-53.38583333,Biomassa,0.2283,0.4499,0.1609,0.0001,0.875,5
SELVIRIA,SP,-20.38333333,-51.36653361,H2 Verde,0.4682,0.7687,,0.5358,0.625,1
SELVIRIA,SP,-20.38333333,-51.36653361,Solar,0.4274,0.6666,,0.5358,0.625,2
SELVIRIA,SP,-20.38333333,-51.36653361,Biometano,0.3693,0.6937,,0.306,0.25,3
SELVIRIA,SP,-20.38333333,-51.36653361,Biomassa,0.3584,0.6666,,0.306,0.5,4
SELVIRIA,SP,-20.38333333,-51.36653361,Eolica,0.294,0.3332,,0.5358,0.625,5
SENGES,PR,-24.16433322,-49.48208888333334,Biometano,0.2528,0.5405,0.1214,0.0004,0.625,1
SENGES,PR,-24.16433322,-49.48208888333334,Solar,0.2496,0.3777,0.1214,0.2071,1.0,2
SENGES,PR,-24.16433322,-49.48208888333334,H2 Verde,0.2179,0.2984,0.1214,0.2071,1.0,3
SENGES,PR,-24.16433322,-49.48208888333334,Eolica,0.1707,0.1804,0.1214,0.2071,1.0,4
SENGES,PR,-24.16433322,-49.48208888333334,Biomassa,0.1491,0.2813,0.1214,0.0004,0.875,5
SENTO SE,BA,-9.886248304259258,-39.52965902203704,Solar,0.4247,0.5884,0.147,0.4841,1.0,1
SENTO SE,BA,-9.886248304259258,-39.52965902203704,H2 Verde,0.4043,0.5375,0.147,0.4841,1.0,2
SENTO SE,BA,-9.886248304259258,-39.52965902203704,Eolica,0.3458,0.3911,0.147,0.4841,1.0,3
SENTO SE,BA,-9.886248304259258,-39.52965902203704,Biometano,0.3367,0.6306,0.147,0.1345,0.625,4
SENTO SE,BA,-9.886248304259258,-39.52965902203704,Biomassa,0.2502,0.4143,0.147,0.1345,0.875,5
SEROPEDICA,RJ,-22.742702186666666,-43.68253625,Biometano,0.2091,0.3994,0.1645,,0.75,1
SEROPEDICA,RJ,-22.742702186666666,-43.68253625,H2 Verde,0.166,0.1367,0.1645,0.2064,0.875,2
SEROPEDICA,RJ,-22.742702186666666,-43.68253625,Solar,0.1483,0.0925,0.1645,0.2064,0.875,3
SEROPEDICA,RJ,-22.742702186666666,-43.68253625,Eolica,0.1483,0.0925,0.1645,0.2064,0.875,3
SEROPEDICA,RJ,-22.742702186666666,-43.68253625,Biomassa,0.1305,0.2028,0.1645,,0.75,4
SERRA,ES,-10.602830385263157,-21.190998441578948,H2 Verde,0.1107,0.0693,0.2211,0.0555,1.0,1
SERRA,ES,-10.602830385263157,-21.190998441578948,Biomassa,0.101,0.0861,0.2211,0.0008,0.875,2
SERRA,ES,-10.602830385263157,-21.190998441578948,Solar,0.1002,0.043,0.2211,0.0555,1.0,3
SERRA,ES,-10.602830385263157,-21.190998441578948,Eolica,0.0973,0.0357,0.2211,0.0555,1.0,4
SERRA,ES,-10.602830385263157,-21.190998441578948,Biometano,0.0954,0.0721,0.2211,0.0008,0.625,5
SERRA ALTA,SC,-26.73944161,-52.97861793,Solar,0.287,0.4715,0.1394,0.1884,1.0,1
SERRA ALTA,SC,-26.73944161,-52.97861793,H2 Verde,0.2793,0.4523,0.1394,0.1884,1.0,2
SERRA ALTA,SC,-26.73944161,-52.97861793,Biometano,0.2076,0.4144,0.1394,0.0001,0.625,3
SERRA ALTA,SC,-26.73944161,-52.97861793,Eolica,0.1536,0.1382,0.1394,0.1884,1.0,4
SERRA ALTA,SC,-26.73944161,-52.97861793,Biomassa,0.1447,0.2571,0.1394,0.0001,0.875,5
SERRA DO MEL,RN,-5.15447187877551,-37.052350590204085,H2 Verde,0.3039,0.4541,0.1996,0.2078,1.0,1
SERRA DO MEL,RN,-5.15447187877551,-37.052350590204085,Solar,0.3001,0.4448,0.1996,0.2078,1.0,2
SERRA DO MEL,RN,-5.15447187877551,-37.052350590204085,Biometano,0.1791,0.1892,0.1996,0.1451,0.625,3
SERRA DO MEL,RN,-5.15447187877551,-37.052350590204085,Eolica,0.1769,0.1366,0.1996,0.2078,1.0,4
SERRA DO MEL,RN,-5.15447187877551,-37.052350590204085,Biomassa,0.1769,0.1838,0.1996,0.1451,0.875,4
SERRA DO SALITRE,MG,-19.06444801,-46.72980199,Solar,0.4836,0.3342,0.1662,1.0,0.875,1
SERRA DO SALITRE,MG,-19.06444801,-46.72980199,Eolica,0.4836,0.3342,0.1662,1.0,0.875,1
SERRA DO SALITRE,MG,-19.06444801,-46.72980199,Biometano,0.4499,1.0,0.1662,,0.5,2
SERRA DO SALITRE,MG,-19.06444801,-46.72980199,H2 Verde,0.4337,0.2096,0.1662,1.0,0.875,3
SERRA DO SALITRE,MG,-19.06444801,-46.72980199,Biomassa,0.267,0.543,0.1662,,0.75,4
SERRA DOS AIMORES,MG,-17.83747012,-40.18804968,Solar,0.4599,0.3335,0.0885,1.0,0.875,1
SERRA DOS AIMORES,MG,-17.83747012,-40.18804968,Eolica,0.4599,0.3335,0.0885,1.0,0.875,1
SERRA DOS AIMORES,MG,-17.83747012,-40.18804968,Biometano,0.4266,1.0,0.0885,,0.5,2
SERRA DOS AIMORES,MG,-17.83747012,-40.18804968,H2 Verde,0.4101,0.2089,0.0885,1.0,0.875,3
SERRA DOS AIMORES,MG,-17.83747012,-40.18804968,Biomassa,0.2434,0.5422,0.0885,,0.75,4
SERRA TALHADA,PE,-6.3970745,-30.802185499999997,Solar,0.2499,0.4145,0.179,0.1013,1.0,1
SERRA TALHADA,PE,-6.3970745,-30.802185499999997,H2 Verde,0.2412,0.3929,0.179,0.1013,1.0,2
SERRA TALHADA,PE,-6.3970745,-30.802185499999997,Biometano,0.151,0.2432,0.179,0.0001,0.625,3
SERRA TALHADA,PE,-6.3970745,-30.802185499999997,Eolica,0.1203,0.0905,0.179,0.1013,1.0,4
SERRA TALHADA,PE,-6.3970745,-30.802185499999997,Biomassa,0.11,0.1406,0.179,0.0001,0.875,5
SERRANA,SP,-21.173129754999998,-47.624426575,H2 Verde,0.4151,0.3363,0.1698,0.7655,0.875,1
SERRANA,SP,-21.173129754999998,-47.624426575,Eolica,0.3747,0.2353,0.1698,0.7655,0.875,2
SERRANA,SP,-21.173129754999998,-47.624426575,Solar,0.3743,0.2342,0.1698,0.7655,0.875,3
SERRANA,SP,-21.173129754999998,-47.624426575,Biometano,0.3284,0.6937,0.1698,,0.5,4
SERRANA,SP,-21.173129754999998,-47.624426575,Biomassa,0.2779,0.5675,0.1698,,0.75,5
SERRANIA,MG,-21.55280972,-46.111322224999995,Solar,0.4587,0.6667,0.1399,0.5001,1.0,1
SERRANIA,MG,-21.55280972,-46.111322224999995,Biometano,0.442,1.0,0.1399,0.0001,0.625,2
SERRANIA,MG,-21.55280972,-46.111322224999995,H2 Verde,0.4088,0.5421,0.1399,0.5001,1.0,3
SERRANIA,MG,-21.55280972,-46.111322224999995,Eolica,0.3253,0.3334,0.1399,0.5001,1.0,4
SERRANIA,MG,-21.55280972,-46.111322224999995,Biomassa,0.2588,0.5421,0.1399,0.0001,0.875,5
SERRANOPOLIS,GO,-18.219383821764705,-52.256517483529414,Biometano,0.1655,0.2973,0.1554,0.0,0.625,1
SERRANOPOLIS,GO,-18.219383821764705,-52.256517483529414,Eolica,0.1516,0.1591,0.1554,0.1378,1.0,2
SERRANOPOLIS,GO,-18.219383821764705,-52.256517483529414,Solar,0.1277,0.0994,0.1554,0.1378,1.0,3
SERRANOPOLIS,GO,-18.219383821764705,-52.256517483529414,H2 Verde,0.1227,0.0869,0.1554,0.1378,1.0,4
SERRANOPOLIS,GO,-18.219383821764705,-52.256517483529414,Biomassa,0.121,0.186,0.1554,0.0,0.875,5
SERRINHA,BA,-11.67233333,-39.00169444,Solar,0.3813,0.2102,0.157,0.8337,0.875,1
SERRINHA,BA,-11.67233333,-39.00169444,Eolica,0.3813,0.2102,0.157,0.8337,0.875,1
SERRINHA,BA,-11.67233333,-39.00169444,H2 Verde,0.3609,0.1593,0.157,0.8337,0.875,2
SERRINHA,BA,-11.67233333,-39.00169444,Biometano,0.2994,0.6306,0.157,,0.5,3
SERRINHA,BA,-11.67233333,-39.00169444,Biomassa,0.1949,0.3695,0.157,,0.75,4
SERTANOPOLIS,PR,-23.05833333,-51.0447221,Solar,0.3101,0.5135,0.1422,0.2069,1.0,1
SERTANOPOLIS,PR,-23.05833333,-51.0447221,H2 Verde,0.2784,0.4343,0.1422,0.2069,1.0,2
SERTANOPOLIS,PR,-23.05833333,-51.0447221,Biometano,0.2589,0.5405,0.1422,0.0,0.625,3
SERTANOPOLIS,PR,-23.05833333,-51.0447221,Eolica,0.1768,0.1802,0.1422,0.2069,1.0,4
SERTANOPOLIS,PR,-23.05833333,-51.0447221,Biomassa,0.1551,0.2811,0.1422,0.0,0.875,5
SERTAOZINHO,SP,-19.002030439000002,-43.193416733999996,Biometano,0.3314,0.6937,0.1797,0.0,0.625,1
SERTAOZINHO,SP,-19.002030439000002,-43.193416733999996,H2 Verde,0.3036,0.3371,0.1797,0.3828,1.0,2
SERTAOZINHO,SP,-19.002030439000002,-43.193416733999996,Biomassa,0.2811,0.568,0.1797,0.0,0.875,3
SERTAOZINHO,SP,-19.002030439000002,-43.193416733999996,Eolica,0.263,0.2356,0.1797,0.3828,1.0,4
SERTAOZINHO,SP,-19.002030439000002,-43.193416733999996,Solar,0.2628,0.235,0.1797,0.3828,1.0,5
SETE LAGOAS,MG,-19.459136214,-44.24706015466666,Biometano,0.4492,1.0,0.164,0.0,0.625,1
SETE LAGOAS,MG,-19.459136214,-44.24706015466666,Solar,0.3328,0.3341,0.164,0.5,1.0,2
SETE LAGOAS,MG,-19.459136214,-44.24706015466666,Eolica,0.3327,0.3338,0.164,0.5,1.0,3
SETE LAGOAS,MG,-19.459136214,-44.24706015466666,H2 Verde,0.283,0.2095,0.164,0.5,1.0,4
SETE LAGOAS,MG,-19.459136214,-44.24706015466666,Biomassa,0.2662,0.5425,0.164,0.0,0.875,5
SEVERINIA,SP,-20.82110014,-48.82270001,H2 Verde,0.3996,0.3336,0.1218,0.7655,0.875,1
SEVERINIA,SP,-20.82110014,-48.82270001,Solar,0.3588,0.2315,0.1218,0.7655,0.875,2
SEVERINIA,SP,-20.82110014,-48.82270001,Eolica,0.3588,0.2315,0.1218,0.7655,0.875,2
SEVERINIA,SP,-20.82110014,-48.82270001,Biometano,0.314,0.6937,0.1218,,0.5,3
SEVERINIA,SP,-20.82110014,-48.82270001,Biomassa,0.2625,0.5648,0.1218,,0.75,4
SIDEROPOLIS,SC,-28.605555,-49.402222,Solar,0.2137,0.1381,0.1512,0.3768,0.875,1
SIDEROPOLIS,SC,-28.605555,-49.402222,Eolica,0.2137,0.1381,0.1512,0.3768,0.875,1
SIDEROPOLIS,SC,-28.605555,-49.402222,Biometano,0.2111,0.4144,0.1512,,0.5,2
SIDEROPOLIS,SC,-28.605555,-49.402222,H2 Verde,0.206,0.119,0.1512,0.3768,0.875,3
SIDEROPOLIS,SC,-28.605555,-49.402222,Biomassa,0.1482,0.2571,0.1512,,0.75,4
SIDROLANDIA,MS,-20.89694444,-54.90166667,Solar,0.1608,0.0887,0.1683,0.2495,0.875,1
SIDROLANDIA,MS,-20.89694444,-54.90166667,Eolica,0.1608,0.0887,0.1683,0.2495,0.875,1
SIDROLANDIA,MS,-20.89694444,-54.90166667,Biometano,0.155,0.2613,0.1683,,0.5,2
SIDROLANDIA,MS,-20.89694444,-54.90166667,H2 Verde,0.1414,0.0401,0.1683,0.2495,0.875,3
SIDROLANDIA,MS,-20.89694444,-54.90166667,Biomassa,0.1014,0.1271,0.1683,,0.75,4
SILVES,AM,-2.76409944,-58.188875628000005,Eolica,0.1493,0.0901,0.2183,0.1593,0.875,1
SILVES,AM,-2.76409944,-58.188875628000005,H2 Verde,0.1261,0.0319,0.2183,0.1593,0.875,2
SILVES,AM,-2.76409944,-58.188875628000005,Solar,0.1209,0.019,0.2183,0.1593,0.875,3
SILVES,AM,-2.76409944,-58.188875628000005,Biometano,0.0871,0.0541,0.2183,,0.5,4
SILVES,AM,-2.76409944,-58.188875628000005,Biomassa,0.0855,0.05,0.2183,,0.75,5
SIMAO DIAS,SE,-10.704670069999999,-37.81108594,Solar,0.1041,0.0121,0.1634,0.1673,0.875,1
SIMAO DIAS,SE,-10.704670069999999,-37.81108594,Eolica,0.1041,0.0121,0.1634,0.1673,0.875,1
SIMAO DIAS,SE,-10.704670069999999,-37.81108594,H2 Verde,0.0993,0.0001,0.1634,0.1673,0.875,2
SIMAO DIAS,SE,-10.704670069999999,-37.81108594,Biometano,0.0634,0.036,0.1634,,0.5,3
SIMAO DIAS,SE,-10.704670069999999,-37.81108594,Biomassa,0.0539,0.0121,0.1634,,0.75,4
SIMOES,PI,-7.644038057619047,-40.687777325238095,Solar,0.2842,0.462,0.1411,0.1902,1.0,1
SIMOES,PI,-7.644038057619047,-40.687777325238095,H2 Verde,0.2583,0.3973,0.1411,0.1902,1.0,2
SIMOES,PI,-7.644038057619047,-40.687777325238095,Biometano,0.1906,0.3243,0.1411,0.0617,0.625,3
SIMOES,PI,-7.644038057619047,-40.687777325238095,Eolica,0.1508,0.1287,0.1411,0.1902,1.0,4
SIMOES,PI,-7.644038057619047,-40.687777325238095,Biomassa,0.1297,0.1721,0.1411,0.0617,0.875,5
SIMOES FILHO,BA,-11.520160478,-34.572333789,Biometano,0.2928,0.6306,0.1352,0.0,0.625,1
SIMOES FILHO,BA,-11.520160478,-34.572333789,Solar,0.252,0.216,0.1352,0.4168,1.0,2
SIMOES FILHO,BA,-11.520160478,-34.572333789,Eolica,0.2498,0.2105,0.1352,0.4168,1.0,3
SIMOES FILHO,BA,-11.520160478,-34.572333789,H2 Verde,0.2316,0.1651,0.1352,0.4168,1.0,4
SIMOES FILHO,BA,-11.520160478,-34.572333789,Biomassa,0.1885,0.3698,0.1352,0.0,0.875,5
SIMONESIA,MG,-19.99861111,-41.99805556,Solar,0.4639,0.6668,0.1571,0.5001,1.0,1
SIMONESIA,MG,-19.99861111,-41.99805556,Biometano,0.4472,1.0,0.1571,0.0003,0.625,2
SIMONESIA,MG,-19.99861111,-41.99805556,H2 Verde,0.414,0.5422,0.1571,0.5001,1.0,3
SIMONESIA,MG,-19.99861111,-41.99805556,Eolica,0.3306,0.3334,0.1571,0.5001,1.0,4
SIMONESIA,MG,-19.99861111,-41.99805556,Biomassa,0.2641,0.5422,0.1571,0.0003,0.875,5
SINOP,MT,-11.898010589090909,-55.55019654545454,Solar,0.1706,0.0839,0.2903,0.1666,1.0,1
SINOP,MT,-11.898010589090909,-55.55019654545454,Eolica,0.1634,0.0658,0.2903,0.1666,1.0,2
SINOP,MT,-11.898010589090909,-55.55019654545454,Biometano,0.1629,0.1892,0.2903,0.0004,0.625,3
SINOP,MT,-11.898010589090909,-55.55019654545454,H2 Verde,0.1565,0.0485,0.2903,0.1666,1.0,4
SINOP,MT,-11.898010589090909,-55.55019654545454,Biomassa,0.1246,0.0935,0.2903,0.0004,0.875,5
SIRINHAEM,PE,-8.61222188,-35.15699841,Biometano,0.1336,0.2432,0.1205,0.0004,0.625,1
SIRINHAEM,PE,-8.61222188,-35.15699841,Solar,0.1274,0.152,0.1205,0.1014,1.0,2
SIRINHAEM,PE,-8.61222188,-35.15699841,H2 Verde,0.1188,0.1305,0.1205,0.1014,1.0,3
SIRINHAEM,PE,-8.61222188,-35.15699841,Eolica,0.0992,0.0817,0.1205,0.1014,1.0,4
SIRINHAEM,PE,-8.61222188,-35.15699841,Biomassa,0.0928,0.1412,0.1205,0.0004,0.875,5
SITIO D'ABADIA,GO,-14.68821614,-46.29921973,Solar,0.2579,0.4328,0.1443,0.1383,1.0,1
SITIO D'ABADIA,GO,-14.68821614,-46.29921973,H2 Verde,0.2529,0.4203,0.1443,0.1383,1.0,2
SITIO D'ABADIA,GO,-14.68821614,-46.29921973,Biometano,0.1625,0.2973,0.1443,0.0011,0.625,3
SITIO D'ABADIA,GO,-14.68821614,-46.29921973,Eolica,0.1246,0.0995,0.1443,0.1383,1.0,4
SITIO D'ABADIA,GO,-14.68821614,-46.29921973,Biomassa,0.118,0.1861,0.1443,0.0011,0.875,5
SOBRADINHO,BA,-7.9611347299999995,-34.063431195,Solar,0.4226,0.5771,0.1718,0.4672,1.0,1
SOBRADINHO,BA,-7.9611347299999995,-34.063431195,H2 Verde,0.4022,0.5262,0.1718,0.4672,1.0,2
SOBRADINHO,BA,-7.9611347299999995,-34.063431195,Biometano,0.334,0.6306,0.1718,0.1008,0.625,3
SOBRADINHO,BA,-7.9611347299999995,-34.063431195,Eolica,0.3002,0.2712,0.1718,0.4672,1.0,4
SOBRADINHO,BA,-7.9611347299999995,-34.063431195,Biomassa,0.243,0.4031,0.1718,0.1008,0.875,5
SOBRAL,CE,-3.67339578,-40.21070670428571,Biometano,0.1896,0.3514,0.1635,0.0,0.625,1
SOBRAL,CE,-3.67339578,-40.21070670428571,Eolica,0.1696,0.1651,0.1635,0.1819,1.0,2
SOBRAL,CE,-3.67339578,-40.21070670428571,H2 Verde,0.1518,0.1205,0.1635,0.1819,1.0,3
SOBRAL,CE,-3.67339578,-40.21070670428571,Solar,0.1505,0.1173,0.1635,0.1819,1.0,4
SOBRAL,CE,-3.67339578,-40.21070670428571,Biomassa,0.1441,0.2376,0.1635,0.0,0.875,5
SOCORRO,SP,-22.60833333,-46.44166667,H2 Verde,0.4299,0.6667,0.1614,0.3828,1.0,1
SOCORRO,SP,-22.60833333,-46.44166667,Solar,0.3891,0.5646,0.1614,0.3828,1.0,2
SOCORRO,SP,-22.60833333,-46.44166667,Biometano,0.3259,0.6937,0.1614,0.0001,0.625,3
SOCORRO,SP,-22.60833333,-46.44166667,Biomassa,0.2743,0.5646,0.1614,0.0001,0.875,4
SOCORRO,SP,-22.60833333,-46.44166667,Eolica,0.2558,0.2313,0.1614,0.3828,1.0,5
SOLEDADE,RS,-28.84009551,-52.70141829,Solar,0.3985,0.6277,0.1378,0.3538,1.0,1
SOLEDADE,RS,-28.84009551,-52.70141829,Biometano,0.3945,0.8829,0.1378,0.0001,0.625,2
SOLEDADE,RS,-28.84009551,-52.70141829,H2 Verde,0.3431,0.489,0.1378,0.3538,1.0,3
SOLEDADE,RS,-28.84009551,-52.70141829,Eolica,0.2652,0.2943,0.1378,0.3538,1.0,4
SOLEDADE,RS,-28.84009551,-52.70141829,Biomassa,0.2214,0.4499,0.1378,0.0001,0.875,5
SONORA,MT,-17.572770105,-54.629939315,Solar,0.2135,0.4023,,0.1752,0.625,1
SONORA,MT,-17.572770105,-54.629939315,H2 Verde,0.1993,0.3669,,0.1752,0.625,2
SONORA,MS,-17.61810784,-54.824931805,Biometano,0.1443,0.2613,0.1323,0.0004,0.625,3
SONORA,MS,-17.61810784,-54.824931805,Solar,0.1277,0.1262,0.1323,0.1249,1.0,4
SONORA,MS,-17.61810784,-54.824931805,Eolica,0.1125,0.0883,0.1323,0.1249,1.0,5
SONORA,MS,-17.61810784,-54.824931805,H2 Verde,0.1082,0.0776,0.1323,0.1249,1.0,6
SONORA,MS,-17.61810784,-54.824931805,Biomassa,0.0905,0.1267,0.1323,0.0004,0.875,7
SONORA,MT,-17.572770105,-54.629939315,Biometano,0.081,0.1892,,0.0178,0.25,8
SONORA,MT,-17.572770105,-54.629939315,Eolica,0.0802,0.069,,0.1752,0.625,9
SONORA,MT,-17.572770105,-54.629939315,Biomassa,0.044,0.0967,,0.0178,0.5,10
SOROCABA,SP,-23.52697762909091,-47.47792956,H2 Verde,0.4324,0.3336,0.2309,0.7655,0.875,1
SOROCABA,SP,-23.52697762909091,-47.47792956,Solar,0.3915,0.2315,0.2309,0.7655,0.875,2
SOROCABA,SP,-23.52697762909091,-47.47792956,Eolica,0.3915,0.2315,0.2309,0.7655,0.875,2
SOROCABA,SP,-23.52697762909091,-47.47792956,Biometano,0.3467,0.6937,0.2309,,0.5,3
SOROCABA,SP,-23.52697762909091,-47.47792956,Biomassa,0.2952,0.5648,0.2309,,0.75,4
SORRISO,MT,-12.49246334,-55.83030016666667,Solar,0.1609,0.069,0.278,0.1664,1.0,1
SORRISO,MT,-12.49246334,-55.83030016666667,Eolica,0.1594,0.0651,0.278,0.1664,1.0,2
SORRISO,MT,-12.49246334,-55.83030016666667,Biometano,0.1591,0.1892,0.278,0.0001,0.625,3
SORRISO,MT,-12.49246334,-55.83030016666667,H2 Verde,0.1468,0.0336,0.278,0.1664,1.0,4
SORRISO,MT,-12.49246334,-55.83030016666667,Biomassa,0.1205,0.0928,0.278,0.0001,0.875,5
SOUTO SOARES,BA,-12.08423134,-41.49362596,Solar,0.3901,0.545,0.1545,0.419,1.0,1
SOUTO SOARES,BA,-12.08423134,-41.49362596,H2 Verde,0.3697,0.4941,0.1545,0.419,1.0,2
SOUTO SOARES,BA,-12.08423134,-41.49362596,Biometano,0.2999,0.6306,0.1545,0.0044,0.625,3
SOUTO SOARES,BA,-12.08423134,-41.49362596,Eolica,0.2567,0.2117,0.1545,0.419,1.0,4
SOUTO SOARES,BA,-12.08423134,-41.49362596,Biomassa,0.1961,0.3709,0.1545,0.0044,0.875,5
SUD MENNUCCI,SP,-20.727310385000003,-50.956128385,H2 Verde,0.4041,0.3353,0.1344,0.7655,0.875,1
SUD MENNUCCI,SP,-20.727310385000003,-50.956128385,Solar,0.3633,0.2332,0.1344,0.7655,0.875,2
SUD MENNUCCI,SP,-20.727310385000003,-50.956128385,Eolica,0.3633,0.2332,0.1344,0.7655,0.875,2
SUD MENNUCCI,SP,-20.727310385000003,-50.956128385,Biometano,0.3178,0.6937,0.1344,,0.5,3
SUD MENNUCCI,SP,-20.727310385000003,-50.956128385,Biomassa,0.2669,0.5665,0.1344,,0.75,4
SUL BRASIL,SC,-26.75725917,-52.90779444,Solar,0.288,0.4716,0.1428,0.1886,1.0,1
SUL BRASIL,SC,-26.75725917,-52.90779444,H2 Verde,0.2804,0.4524,0.1428,0.1886,1.0,2
SUL BRASIL,SC,-26.75725917,-52.90779444,Biometano,0.2087,0.4144,0.1428,0.0004,0.625,3
SUL BRASIL,SC,-26.75725917,-52.90779444,Eolica,0.1547,0.1383,0.1428,0.1886,1.0,4
SUL BRASIL,SC,-26.75725917,-52.90779444,Biomassa,0.1458,0.2572,0.1428,0.0004,0.875,5
SUMARE,SP,-22.82513437333333,-47.233826533333335,H2 Verde,0.4203,0.3335,0.1906,0.7655,0.875,1
SUMARE,SP,-22.82513437333333,-47.233826533333335,Solar,0.3794,0.2314,0.1906,0.7655,0.875,2
SUMARE,SP,-22.82513437333333,-47.233826533333335,Eolica,0.3794,0.2314,0.1906,0.7655,0.875,2
SUMARE,SP,-22.82513437333333,-47.233826533333335,Biometano,0.3347,0.6937,0.1906,,0.5,3
SUMARE,SP,-22.82513437333333,-47.233826533333335,Biomassa,0.2831,0.5648,0.1906,,0.75,4
SUME,PB,-7.70333331,-36.86361111,Solar,0.2125,0.3784,0.1539,0.0497,1.0,1
SUME,PB,-7.70333331,-36.86361111,H2 Verde,0.201,0.3499,0.1539,0.0497,1.0,2
SUME,PB,-7.70333331,-36.86361111,Biometano,0.1003,0.1351,0.1539,0.0002,0.625,3
SUME,PB,-7.70333331,-36.86361111,Eolica,0.0791,0.0451,0.1539,0.0497,1.0,4
SUME,PB,-7.70333331,-36.86361111,Biomassa,0.0709,0.0616,0.1539,0.0002,0.875,5
SUMIDOURO,RJ,-22.08083240666667,-42.652535183333335,H2 Verde,0.2511,0.4436,0.1424,0.1032,1.0,1
SUMIDOURO,RJ,-22.08083240666667,-42.652535183333335,Solar,0.2334,0.3994,0.1424,0.1032,1.0,2
SUMIDOURO,RJ,-22.08083240666667,-42.652535183333335,Biometano,0.122,0.1982,0.1424,0.0,0.625,3
SUMIDOURO,RJ,-22.08083240666667,-42.652535183333335,Biomassa,0.1133,0.1763,0.1424,0.0,0.875,4
SUMIDOURO,RJ,-22.08083240666667,-42.652535183333335,Eolica,0.1001,0.0661,0.1424,0.1032,1.0,5
SUZANAPOLIS,SP,-20.40611111,-51.02916667,H2 Verde,0.4052,0.3348,0.1389,0.7655,0.875,1
SUZANAPOLIS,SP,-20.40611111,-51.02916667,Solar,0.3644,0.2327,0.1389,0.7655,0.875,2
SUZANAPOLIS,SP,-20.40611111,-51.02916667,Eolica,0.3644,0.2327,0.1389,0.7655,0.875,2
SUZANAPOLIS,SP,-20.40611111,-51.02916667,Biometano,0.3192,0.6937,0.1389,,0.5,3
SUZANAPOLIS,SP,-20.40611111,-51.02916667,Biomassa,0.2681,0.566,0.1389,,0.75,4
SUZANO,SP,-23.369950145,-46.4938765625,Biometano,0.3352,0.6937,0.1924,0.0,0.625,1
SUZANO,SP,-23.369950145,-46.4938765625,H2 Verde,0.3067,0.3354,0.1924,0.3828,1.0,2
SUZANO,SP,-23.369950145,-46.4938765625,Biomassa,0.284,0.5658,0.1924,0.0,0.875,3
SUZANO,SP,-23.369950145,-46.4938765625,Solar,0.2659,0.2333,0.1924,0.3828,1.0,4
SUZANO,SP,-23.369950145,-46.4938765625,Eolica,0.2655,0.2325,0.1924,0.3828,1.0,5
TABAPORA,MT,-11.394870303333335,-56.02144374333333,Solar,0.2489,0.3964,0.1347,0.1664,1.0,1
TABAPORA,MT,-11.394870303333335,-56.02144374333333,H2 Verde,0.2347,0.3611,0.1347,0.1664,1.0,2
TABAPORA,MT,-11.394870303333335,-56.02144374333333,Biometano,0.1161,0.1892,0.1347,0.0001,0.625,3
TABAPORA,MT,-11.394870303333335,-56.02144374333333,Eolica,0.1156,0.0631,0.1347,0.1664,1.0,4
TABAPORA,MT,-11.394870303333335,-56.02144374333333,Biomassa,0.0768,0.0908,0.1347,0.0001,0.875,5
TABATINGA,AM,-4.200429625,-69.8356690175,H2 Verde,0.121,0.0316,0.202,0.1593,0.875,1
TABATINGA,AM,-4.200429625,-69.8356690175,Solar,0.1158,0.0186,0.202,0.1593,0.875,2
TABATINGA,AM,-4.200429625,-69.8356690175,Eolica,0.1158,0.0186,0.202,0.1593,0.875,2
TABATINGA,AM,-4.200429625,-69.8356690175,Biometano,0.0822,0.0541,0.202,,0.5,3
TABATINGA,AM,-4.200429625,-69.8356690175,Biomassa,0.0804,0.0496,0.202,,0.75,4
TABOAO DA SERRA,SP,-23.612769855714284,-46.765937982857146,H2 Verde,0.4163,0.3335,0.1774,0.7655,0.875,1
TABOAO DA SERRA,SP,-23.612769855714284,-46.765937982857146,Solar,0.3754,0.2314,0.1774,0.7655,0.875,2
TABOAO DA SERRA,SP,-23.612769855714284,-46.765937982857146,Eolica,0.3754,0.2314,0.1774,0.7655,0.875,2
TABOAO DA SERRA,SP,-23.612769855714284,-46.765937982857146,Biometano,0.3307,0.6937,0.1774,,0.5,3
TABOAO DA SERRA,SP,-23.612769855714284,-46.765937982857146,Biomassa,0.2791,0.5647,0.1774,,0.75,4
TABOCAS DO BREJO VELHO,BA,-12.556803766,-44.130130187999995,Solar,0.3888,0.5517,0.1312,0.4291,1.0,1
TABOCAS DO BREJO VELHO,BA,-12.556803766,-44.130130187999995,H2 Verde,0.3684,0.5008,0.1312,0.4291,1.0,2
TABOCAS DO BREJO VELHO,BA,-12.556803766,-44.130130187999995,Biometano,0.299,0.6306,0.1312,0.0245,0.625,3
TABOCAS DO BREJO VELHO,BA,-12.556803766,-44.130130187999995,Eolica,0.2637,0.239,0.1312,0.4291,1.0,4
TABOCAS DO BREJO VELHO,BA,-12.556803766,-44.130130187999995,Biomassa,0.1978,0.3777,0.1312,0.0245,0.875,5
TABULEIRO DO NORTE,CE,-5.2595871925,-37.97518264,H2 Verde,0.2816,0.4574,0.1416,0.1874,1.0,1
TABULEIRO DO NORTE,CE,-5.2595871925,-37.97518264,Solar,0.2803,0.4541,0.1416,0.1874,1.0,2
TABULEIRO DO NORTE,CE,-5.2595871925,-37.97518264,Biometano,0.1863,0.3514,0.1416,0.011,0.625,3
TABULEIRO DO NORTE,CE,-5.2595871925,-37.97518264,Eolica,0.147,0.1208,0.1416,0.1874,1.0,4
TABULEIRO DO NORTE,CE,-5.2595871925,-37.97518264,Biomassa,0.1422,0.2411,0.1416,0.011,0.875,5
TACAIMBO,PE,-8.33039185,-36.23993742818182,Solar,0.2458,0.4175,0.1569,0.1058,1.0,1
TACAIMBO,PE,-8.33039185,-36.23993742818182,H2 Verde,0.2372,0.3959,0.1569,0.1058,1.0,2
TACAIMBO,PE,-8.33039185,-36.23993742818182,Biometano,0.1471,0.2432,0.1569,0.0092,0.625,3
TACAIMBO,PE,-8.33039185,-36.23993742818182,Eolica,0.1179,0.0978,0.1569,0.1058,1.0,4
TACAIMBO,PE,-8.33039185,-36.23993742818182,Biomassa,0.1073,0.1437,0.1569,0.0092,0.875,5
TACARATU,PE,-9.048965258571428,-38.11243940714286,Solar,0.2483,0.42,0.1581,0.1096,1.0,1
TACARATU,PE,-9.048965258571428,-38.11243940714286,H2 Verde,0.2397,0.3985,0.1581,0.1096,1.0,2
TACARATU,PE,-9.048965258571428,-38.11243940714286,Biometano,0.1498,0.2432,0.1581,0.0168,0.625,3
TACARATU,PE,-9.048965258571428,-38.11243940714286,Eolica,0.115,0.0867,0.1581,0.1096,1.0,4
TACARATU,PE,-9.048965258571428,-38.11243940714286,Biomassa,0.1109,0.1462,0.1581,0.0168,0.875,5
TACIBA,SP,-22.65468656,-51.35708795,H2 Verde,0.4458,0.6857,0.1603,0.4113,1.0,1
TACIBA,SP,-22.65468656,-51.35708795,Solar,0.4049,0.5836,0.1603,0.4113,1.0,2
TACIBA,SP,-22.65468656,-51.35708795,Biometano,0.3427,0.6937,0.1603,0.0571,0.625,3
TACIBA,SP,-22.65468656,-51.35708795,Biomassa,0.2987,0.5836,0.1603,0.0571,0.875,4
TACIBA,SP,-22.65468656,-51.35708795,Eolica,0.2716,0.2503,0.1603,0.4113,1.0,5
TAGUATINGA,TO,-12.49893591,-46.355906185,Solar,0.2016,0.3696,0.1193,0.0599,1.0,1
TAGUATINGA,TO,-12.49893591,-46.355906185,H2 Verde,0.199,0.363,0.1193,0.0599,1.0,2
TAGUATINGA,TO,-12.49893591,-46.355906185,Biometano,0.0792,0.1081,0.1193,0.0006,0.625,3
TAGUATINGA,TO,-12.49893591,-46.355906185,Eolica,0.0683,0.0362,0.1193,0.0599,1.0,4
TAGUATINGA,TO,-12.49893591,-46.355906185,Biomassa,0.0623,0.0657,0.1193,0.0006,0.875,5
TAILANDIA,PA,-2.52591667,-48.79791667,H2 Verde,0.2127,0.1443,0.117,0.3998,0.875,1
TAILANDIA,PA,-2.52591667,-48.79791667,Solar,0.1875,0.0812,0.117,0.3998,0.875,2
TAILANDIA,PA,-2.52591667,-48.79791667,Eolica,0.1875,0.0812,0.117,0.3998,0.875,2
TAILANDIA,PA,-2.52591667,-48.79791667,Biometano,0.1324,0.2432,0.117,,0.5,3
TAILANDIA,PA,-2.52591667,-48.79791667,Biomassa,0.1252,0.2254,0.117,,0.75,4
TAIO,SC,-27.058725213846156,-50.12231166307693,Solar,0.2914,0.4721,0.1527,0.1893,1.0,1
TAIO,SC,-27.058725213846156,-50.12231166307693,H2 Verde,0.2838,0.4529,0.1527,0.1893,1.0,2
TAIO,SC,-27.058725213846156,-50.12231166307693,Biometano,0.2121,0.4144,0.1527,0.0018,0.625,3
TAIO,SC,-27.058725213846156,-50.12231166307693,Eolica,0.1582,0.1391,0.1527,0.1893,1.0,4
TAIO,SC,-27.058725213846156,-50.12231166307693,Biomassa,0.1494,0.2577,0.1527,0.0018,0.875,5
TAMANDARE,PE,-8.76422222,-35.31622222,Biometano,0.1485,0.2432,0.1707,,0.5,1
TAMANDARE,PE,-8.76422222,-35.31622222,Solar,0.1444,0.0812,0.1707,0.2024,0.875,2
TAMANDARE,PE,-8.76422222,-35.31622222,Eolica,0.1444,0.0812,0.1707,0.2024,0.875,2
TAMANDARE,PE,-8.76422222,-35.31622222,H2 Verde,0.1358,0.0596,0.1707,0.2024,0.875,3
TAMANDARE,PE,-8.76422222,-35.31622222,Biomassa,0.1075,0.1407,0.1707,,0.75,4
TAMARANA,PR,-23.732645554999998,-51.010249509999994,Solar,0.2928,0.4993,0.1031,0.2074,1.0,1
TAMARANA,PR,-23.732645554999998,-51.010249509999994,H2 Verde,0.2611,0.42,0.1031,0.2074,1.0,2
TAMARANA,PR,-23.732645554999998,-51.010249509999994,Biometano,0.2474,0.5405,0.1031,0.0009,0.625,3
TAMARANA,PR,-23.732645554999998,-51.010249509999994,Eolica,0.1653,0.1805,0.1031,0.2074,1.0,4
TAMARANA,PR,-23.732645554999998,-51.010249509999994,Biomassa,0.1438,0.2814,0.1031,0.0009,0.875,5
TAMBOARA,PR,-23.26589722,-52.49213889,Solar,0.2409,0.1805,0.1486,0.4138,0.875,1
TAMBOARA,PR,-23.26589722,-52.49213889,Eolica,0.2409,0.1805,0.1486,0.4138,0.875,1
TAMBOARA,PR,-23.26589722,-52.49213889,Biometano,0.2301,0.4638,0.1486,,0.75,2
TAMBOARA,PR,-23.26589722,-52.49213889,H2 Verde,0.2092,0.1012,0.1486,0.4138,0.875,3
TAMBOARA,PR,-23.26589722,-52.49213889,Biomassa,0.1572,0.2814,0.1486,,0.75,4
TANABI,SP,-20.53449431,-49.57801041,H2 Verde,0.409,0.3355,0.1506,0.7655,0.875,1
TANABI,SP,-20.53449431,-49.57801041,Solar,0.3682,0.2334,0.1506,0.7655,0.875,2
TANABI,SP,-20.53449431,-49.57801041,Eolica,0.3682,0.2334,0.1506,0.7655,0.875,2
TANABI,SP,-20.53449431,-49.57801041,Biometano,0.3227,0.6937,0.1506,,0.5,3
TANABI,SP,-20.53449431,-49.57801041,Biomassa,0.2719,0.5667,0.1506,,0.75,4
TANGARA,SC,-27.107937114285715,-51.23313967285714,Solar,0.2593,0.4151,0.1214,0.1894,1.0,1
TANGARA,SC,-27.107937114285715,-51.23313967285714,H2 Verde,0.2516,0.3959,0.1214,0.1894,1.0,2
TANGARA,SC,-27.107937114285715,-51.23313967285714,Biometano,0.2028,0.4144,0.1214,0.002,0.625,3
TANGARA,SC,-27.107937114285715,-51.23313967285714,Eolica,0.1488,0.1389,0.1214,0.1894,1.0,4
TANGARA,SC,-27.107937114285715,-51.23313967285714,Biomassa,0.1402,0.2579,0.1214,0.002,0.875,5
TANGARA DA SERRA,MT,-13.001556522222224,-51.456544692222224,Solar,0.2631,0.3806,0.2021,0.1672,1.0,1
TANGARA DA SERRA,MT,-13.001556522222224,-51.456544692222224,H2 Verde,0.2489,0.3452,0.2021,0.1672,1.0,2
TANGARA DA SERRA,MT,-13.001556522222224,-51.456544692222224,Biometano,0.1368,0.1892,0.2021,0.0017,0.625,3
TANGARA DA SERRA,MT,-13.001556522222224,-51.456544692222224,Eolica,0.1366,0.0646,0.2021,0.1672,1.0,4
TANGARA DA SERRA,MT,-13.001556522222224,-51.456544692222224,Biomassa,0.0977,0.0913,0.2021,0.0017,0.875,5
TANGUA,RJ,-22.74666667,-42.78222222,H2 Verde,0.148,0.1103,0.1399,0.2064,0.875,1
TANGUA,RJ,-22.74666667,-42.78222222,Solar,0.1303,0.0661,0.1399,0.2064,0.875,2
TANGUA,RJ,-22.74666667,-42.78222222,Eolica,0.1303,0.0661,0.1399,0.2064,0.875,2
TANGUA,RJ,-22.74666667,-42.78222222,Biometano,0.1212,0.1982,0.1399,,0.5,3
TANGUA,RJ,-22.74666667,-42.78222222,Biomassa,0.1125,0.1764,0.1399,,0.75,4
TANQUE NOVO,BA,-13.660758455,-42.5743332,Solar,0.3919,0.5483,0.1512,0.424,1.0,1
TANQUE NOVO,BA,-13.660758455,-42.5743332,H2 Verde,0.3715,0.4974,0.1512,0.424,1.0,2
TANQUE NOVO,BA,-13.660758455,-42.5743332,Biometano,0.3019,0.6306,0.1512,0.0144,0.625,3
TANQUE NOVO,BA,-13.660758455,-42.5743332,Eolica,0.2586,0.215,0.1512,0.424,1.0,4
TANQUE NOVO,BA,-13.660758455,-42.5743332,Biomassa,0.1994,0.3743,0.1512,0.0144,0.875,5
TAPAUA,AM,-2.8463877925,-31.898055137500002,H2 Verde,0.0837,0.0312,0.1577,0.0797,1.0,1
TAPAUA,AM,-2.8463877925,-31.898055137500002,Solar,0.0785,0.0183,0.1577,0.0797,1.0,2
TAPAUA,AM,-2.8463877925,-31.898055137500002,Eolica,0.0785,0.0184,0.1577,0.0797,1.0,2
TAPAUA,AM,-2.8463877925,-31.898055137500002,Biometano,0.0689,0.0541,0.1577,0.0,0.625,3
TAPAUA,AM,-2.8463877925,-31.898055137500002,Biomassa,0.067,0.0493,0.1577,0.0,0.875,4
TAPEJARA,PR,-23.74800967,-52.87333455,Biometano,0.2639,0.5405,0.1589,,0.5,1
TAPEJARA,PR,-23.74800967,-52.87333455,Solar,0.2445,0.1817,0.1589,0.4138,0.875,2
TAPEJARA,PR,-23.74800967,-52.87333455,Eolica,0.2445,0.1817,0.1589,0.4138,0.875,2
TAPEJARA,PR,-23.74800967,-52.87333455,H2 Verde,0.2128,0.1024,0.1589,0.4138,0.875,3
TAPEJARA,PR,-23.74800967,-52.87333455,Biomassa,0.1607,0.2826,0.1589,,0.75,4
TAPERA,RS,-28.62942553,-52.93563052,Solar,0.3994,0.6277,0.1407,0.3538,1.0,1
TAPERA,RS,-28.62942553,-52.93563052,Biometano,0.3954,0.8829,0.1407,0.0001,0.625,2
TAPERA,RS,-28.62942553,-52.93563052,H2 Verde,0.3439,0.489,0.1407,0.3538,1.0,3
TAPERA,RS,-28.62942553,-52.93563052,Eolica,0.2661,0.2943,0.1407,0.3538,1.0,4
TAPERA,RS,-28.62942553,-52.93563052,Biomassa,0.2222,0.4499,0.1407,0.0001,0.875,5
TAPIRA,MG,-19.88028466,-46.84444566,Solar,0.4746,0.3334,0.1375,1.0,0.875,1
TAPIRA,MG,-19.88028466,-46.84444566,Eolica,0.4746,0.3334,0.1375,1.0,0.875,1
TAPIRA,MG,-19.88028466,-46.84444566,Biometano,0.4412,1.0,0.1375,,0.5,2
TAPIRA,MG,-19.88028466,-46.84444566,H2 Verde,0.4248,0.2088,0.1375,1.0,0.875,3
TAPIRA,MG,-19.88028466,-46.84444566,Biomassa,0.2581,0.5421,0.1375,,0.75,4
TAPIRAI,SP,-24.042512605,-47.386063405,H2 Verde,0.4242,0.6687,0.1365,0.3858,1.0,1
TAPIRAI,SP,-24.042512605,-47.386063405,Solar,0.3833,0.5666,0.1365,0.3858,1.0,2
TAPIRAI,SP,-24.042512605,-47.386063405,Biometano,0.3203,0.6937,0.1365,0.0061,0.625,3
TAPIRAI,SP,-24.042512605,-47.386063405,Biomassa,0.2694,0.5666,0.1365,0.0061,0.875,4
TAPIRAI,SP,-24.042512605,-47.386063405,Eolica,0.25,0.2333,0.1365,0.3858,1.0,5
TAPIRATIBA,SP,-21.47666667,-46.80583333,H2 Verde,0.3985,0.3334,0.1183,0.7655,0.875,1
TAPIRATIBA,SP,-21.47666667,-46.80583333,Solar,0.3577,0.2313,0.1183,0.7655,0.875,2
TAPIRATIBA,SP,-21.47666667,-46.80583333,Eolica,0.3577,0.2313,0.1183,0.7655,0.875,2
TAPIRATIBA,SP,-21.47666667,-46.80583333,Biometano,0.313,0.6937,0.1183,,0.5,3
TAPIRATIBA,SP,-21.47666667,-46.80583333,Biomassa,0.2614,0.5647,0.1183,,0.75,4
TAPURAH,MT,-12.36721889,-56.29749905,Solar,0.1917,0.0631,0.2221,0.3327,0.875,1
TAPURAH,MT,-12.36721889,-56.29749905,Eolica,0.1917,0.0631,0.2221,0.3327,0.875,1
TAPURAH,MT,-12.36721889,-56.29749905,H2 Verde,0.1775,0.0277,0.2221,0.3327,0.875,2
TAPURAH,MT,-12.36721889,-56.29749905,Biometano,0.1423,0.1892,0.2221,,0.5,3
TAPURAH,MT,-12.36721889,-56.29749905,Biomassa,0.1029,0.0908,0.2221,,0.75,4
TAQUARACU DE MINAS,MG,-19.64922958,-43.69183871,Solar,0.4661,0.6668,0.1645,0.5001,1.0,1
TAQUARACU DE MINAS,MG,-19.64922958,-43.69183871,Biometano,0.4494,1.0,0.1645,0.0003,0.625,2
TAQUARACU DE MINAS,MG,-19.64922958,-43.69183871,H2 Verde,0.4162,0.5421,0.1645,0.5001,1.0,3
TAQUARACU DE MINAS,MG,-19.64922958,-43.69183871,Eolica,0.3328,0.3334,0.1645,0.5001,1.0,4
TAQUARACU DE MINAS,MG,-19.64922958,-43.69183871,Biomassa,0.2663,0.5421,0.1645,0.0003,0.875,5
TAQUARIVAI,SP,-23.92000967,-48.68353455,H2 Verde,0.4265,0.3333,0.2118,0.7655,0.875,1
TAQUARIVAI,SP,-23.92000967,-48.68353455,Solar,0.3857,0.2312,0.2118,0.7655,0.875,2
TAQUARIVAI,SP,-23.92000967,-48.68353455,Eolica,0.3857,0.2312,0.2118,0.7655,0.875,2
TAQUARIVAI,SP,-23.92000967,-48.68353455,Biometano,0.341,0.6937,0.2118,,0.5,3
TAQUARIVAI,SP,-23.92000967,-48.68353455,Biomassa,0.2894,0.5646,0.2118,,0.75,4
TARAUACA,AC,-8.157028885,-70.773682915,Solar,0.0797,0.0065,0.1897,0.0671,0.875,1
TARAUACA,AC,-8.157028885,-70.773682915,Eolica,0.0797,0.0065,0.1897,0.0671,0.875,1
TARAUACA,AC,-8.157028885,-70.773682915,H2 Verde,0.0778,0.0019,0.1897,0.0671,0.875,2
TARAUACA,AC,-8.157028885,-70.773682915,Biometano,0.0641,0.018,0.1897,,0.5,3
TARAUACA,AC,-8.157028885,-70.773682915,Biomassa,0.0601,0.0079,0.1897,,0.75,4
TARUMA,SP,-22.756662943333335,-50.582987126666666,H2 Verde,0.4159,0.3347,0.1746,0.7655,0.875,1
TARUMA,SP,-22.756662943333335,-50.582987126666666,Solar,0.375,0.2326,0.1746,0.7655,0.875,2
TARUMA,SP,-22.756662943333335,-50.582987126666666,Eolica,0.375,0.2326,0.1746,0.7655,0.875,2
TARUMA,SP,-22.756662943333335,-50.582987126666666,Biometano,0.3298,0.6937,0.1746,,0.5,3
TARUMA,SP,-22.756662943333335,-50.582987126666666,Biomassa,0.2787,0.5659,0.1746,,0.75,4
TATUI,SP,-23.344101785,-47.861076839999996,H2 Verde,0.4169,0.3335,0.1795,0.7655,0.875,1
TATUI,SP,-23.344101785,-47.861076839999996,Solar,0.3761,0.2314,0.1795,0.7655,0.875,2
TATUI,SP,-23.344101785,-47.861076839999996,Eolica,0.3761,0.2314,0.1795,0.7655,0.875,2
TATUI,SP,-23.344101785,-47.861076839999996,Biometano,0.3313,0.6937,0.1795,,0.5,3
TATUI,SP,-23.344101785,-47.861076839999996,Biomassa,0.2797,0.5647,0.1795,,0.75,4
TAUA,CE,-5.998899073333333,-40.32281882666667,H2 Verde,0.2849,0.4538,0.1624,0.1821,1.0,1
TAUA,CE,-5.998899073333333,-40.32281882666667,Solar,0.2836,0.4506,0.1624,0.1821,1.0,2
TAUA,CE,-5.998899073333333,-40.32281882666667,Biometano,0.1894,0.3514,0.1624,0.0004,0.625,3
TAUA,CE,-5.998899073333333,-40.32281882666667,Eolica,0.1585,0.1378,0.1624,0.1821,1.0,4
TAUA,CE,-5.998899073333333,-40.32281882666667,Biomassa,0.1439,0.2376,0.1624,0.0004,0.875,5
TAUBATE,SP,-23.033717373,-45.552655785,H2 Verde,0.4171,0.3334,0.1802,0.7655,0.875,1
TAUBATE,SP,-23.033717373,-45.552655785,Solar,0.3763,0.2313,0.1802,0.7655,0.875,2
TAUBATE,SP,-23.033717373,-45.552655785,Eolica,0.3763,0.2313,0.1802,0.7655,0.875,2
TAUBATE,SP,-23.033717373,-45.552655785,Biometano,0.3315,0.6937,0.1802,,0.5,3
TAUBATE,SP,-23.033717373,-45.552655785,Biomassa,0.2799,0.5647,0.1802,,0.75,4
TEFE,AM,-3.4098797383333337,-64.65055325833333,H2 Verde,0.1163,0.0319,0.1859,0.1593,0.875,1
TEFE,AM,-3.4098797383333337,-64.65055325833333,Eolica,0.1114,0.0197,0.1859,0.1593,0.875,2
TEFE,AM,-3.4098797383333337,-64.65055325833333,Solar,0.1112,0.019,0.1859,0.1593,0.875,3
TEFE,AM,-3.4098797383333337,-64.65055325833333,Biometano,0.0774,0.0541,0.1859,,0.5,4
TEFE,AM,-3.4098797383333337,-64.65055325833333,Biomassa,0.0758,0.0499,0.1859,,0.75,5
TEIXEIRA DE FREITAS,BA,-17.54230555,-39.74130556,Solar,0.3805,0.2102,0.1545,0.8337,0.875,1
TEIXEIRA DE FREITAS,BA,-17.54230555,-39.74130556,Eolica,0.3805,0.2102,0.1545,0.8337,0.875,1
TEIXEIRA DE FREITAS,BA,-17.54230555,-39.74130556,H2 Verde,0.3602,0.1593,0.1545,0.8337,0.875,2
TEIXEIRA DE FREITAS,BA,-17.54230555,-39.74130556,Biometano,0.2986,0.6306,0.1545,,0.5,3
TEIXEIRA DE FREITAS,BA,-17.54230555,-39.74130556,Biomassa,0.1941,0.3695,0.1545,,0.75,4
TELEMACO BORBA,PR,-24.183977055,-50.655128385,Biometano,0.2644,0.5405,0.1591,0.0015,0.625,1
TELEMACO BORBA,PR,-24.183977055,-50.655128385,Solar,0.2004,0.226,0.1591,0.2076,1.0,2
TELEMACO BORBA,PR,-24.183977055,-50.655128385,Eolica,0.1836,0.184,0.1591,0.2076,1.0,3
TELEMACO BORBA,PR,-24.183977055,-50.655128385,H2 Verde,0.1687,0.1467,0.1591,0.2076,1.0,4
TELEMACO BORBA,PR,-24.183977055,-50.655128385,Biomassa,0.1622,0.2849,0.1591,0.0015,0.875,5
TENENTE LAURENTINO CRUZ,RN,-6.13531074,-36.72199512,H2 Verde,0.2546,0.4066,0.1701,0.1365,1.0,1
TENENTE LAURENTINO CRUZ,RN,-6.13531074,-36.72199512,Solar,0.2509,0.3972,0.1701,0.1365,1.0,2
TENENTE LAURENTINO CRUZ,RN,-6.13531074,-36.72199512,Biometano,0.1274,0.1892,0.1701,0.0025,0.625,3
TENENTE LAURENTINO CRUZ,RN,-6.13531074,-36.72199512,Eolica,0.1175,0.0639,0.1701,0.1365,1.0,4
TENENTE LAURENTINO CRUZ,RN,-6.13531074,-36.72199512,Biomassa,0.1063,0.1363,0.1701,0.0025,0.875,5
TEODORO SAMPAIO,SP,-22.34972019,-52.52397291,H2 Verde,0.4075,0.3345,0.1469,0.7655,0.875,1
TEODORO SAMPAIO,SP,-22.34972019,-52.52397291,Solar,0.3667,0.2324,0.1469,0.7655,0.875,2
TEODORO SAMPAIO,SP,-22.34972019,-52.52397291,Eolica,0.3667,0.2324,0.1469,0.7655,0.875,2
TEODORO SAMPAIO,SP,-22.34972019,-52.52397291,Biometano,0.3215,0.6937,0.1469,,0.5,3
TEODORO SAMPAIO,SP,-22.34972019,-52.52397291,Biomassa,0.2703,0.5657,0.1469,,0.75,4
TEOFILO OTONI,MG,-11.961676296666667,-27.790441543333333,Biometano,0.4441,1.0,0.1468,0.0,0.625,1
TEOFILO OTONI,MG,-11.961676296666667,-27.790441543333333,Solar,0.4215,0.5685,0.1468,0.5,1.0,2
TEOFILO OTONI,MG,-11.961676296666667,-27.790441543333333,H2 Verde,0.3716,0.4439,0.1468,0.5,1.0,3
TEOFILO OTONI,MG,-11.961676296666667,-27.790441543333333,Eolica,0.3274,0.3333,0.1468,0.5,1.0,4
TEOFILO OTONI,MG,-11.961676296666667,-27.790441543333333,Biomassa,0.2609,0.5421,0.1468,0.0,0.875,5
TEOTONIO VILELA,AL,-9.91194459,-36.344767565,Biometano,0.0752,0.0991,0.1184,,0.5,1
TEOTONIO VILELA,AL,-9.91194459,-36.344767565,Solar,0.0747,0.0349,0.1184,0.0842,0.875,2
TEOTONIO VILELA,AL,-9.91194459,-36.344767565,Eolica,0.0747,0.0349,0.1184,0.0842,0.875,2
TEOTONIO VILELA,AL,-9.91194459,-36.344767565,H2 Verde,0.0708,0.025,0.1184,0.0842,0.875,3
TEOTONIO VILELA,AL,-9.91194459,-36.344767565,Biomassa,0.0587,0.058,0.1184,,0.75,4
TERESINA,PI,-3.682247088888889,-30.908533759999997,Biometano,0.1859,0.3243,0.1871,0.0003,0.625,1
TERESINA,PI,-3.682247088888889,-30.908533759999997,Solar,0.1763,0.1807,0.1871,0.1595,1.0,2
TERESINA,PI,-3.682247088888889,-30.908533759999997,H2 Verde,0.1504,0.116,0.1871,0.1595,1.0,3
TERESINA,PI,-3.682247088888889,-30.908533759999997,Eolica,0.1474,0.1086,0.1871,0.1595,1.0,4
TERESINA,PI,-3.682247088888889,-30.908533759999997,Biomassa,0.117,0.1519,0.1871,0.0003,0.875,5
TERESOPOLIS,RJ,-22.317747575,-42.803842165000006,Biometano,0.1231,0.1982,0.146,0.0,0.625,1
TERESOPOLIS,RJ,-22.317747575,-42.803842165000006,H2 Verde,0.1204,0.1141,0.146,0.1032,1.0,2
TERESOPOLIS,RJ,-22.317747575,-42.803842165000006,Biomassa,0.1144,0.1765,0.146,0.0,0.875,3
TERESOPOLIS,RJ,-22.317747575,-42.803842165000006,Solar,0.1027,0.0699,0.146,0.1032,1.0,4
TERESOPOLIS,RJ,-22.317747575,-42.803842165000006,Eolica,0.1012,0.0662,0.146,0.1032,1.0,5
TERRA NOVA,BA,-12.40805556,-38.62194444,Solar,0.3704,0.5436,0.0932,0.4168,1.0,1
TERRA NOVA,BA,-12.40805556,-38.62194444,H2 Verde,0.3501,0.4926,0.0932,0.4168,1.0,2
TERRA NOVA,BA,-12.40805556,-38.62194444,Biometano,0.2802,0.6306,0.0932,0.0,0.625,3
TERRA NOVA,PE,-8.089945763333333,-39.34499141166666,Solar,0.2424,0.4197,0.139,0.1092,1.0,4
TERRA NOVA,BA,-12.40805556,-38.62194444,Eolica,0.2371,0.2102,0.0932,0.4168,1.0,5
TERRA NOVA,PE,-8.089945763333333,-39.34499141166666,H2 Verde,0.2337,0.3982,0.139,0.1092,1.0,6
TERRA NOVA,BA,-12.40805556,-38.62194444,Biomassa,0.1758,0.3695,0.0932,0.0,0.875,7
TERRA NOVA,PE,-8.089945763333333,-39.34499141166666,Biometano,0.1438,0.2432,0.139,0.016,0.625,8
TERRA NOVA,PE,-8.089945763333333,-39.34499141166666,Eolica,0.109,0.0864,0.139,0.1092,1.0,9
TERRA NOVA,PE,-8.089945763333333,-39.34499141166666,Biomassa,0.1049,0.1459,0.139,0.016,0.875,10
TERRA RICA,PR,-22.78307967,-52.70404455,Biometano,0.2555,0.5405,0.131,,0.5,1
TERRA RICA,PR,-22.78307967,-52.70404455,Solar,0.2357,0.1807,0.131,0.4138,0.875,2
TERRA RICA,PR,-22.78307967,-52.70404455,Eolica,0.2357,0.1807,0.131,0.4138,0.875,2
TERRA RICA,PR,-22.78307967,-52.70404455,H2 Verde,0.204,0.1014,0.131,0.4138,0.875,3
TERRA RICA,PR,-22.78307967,-52.70404455,Biomassa,0.1519,0.2816,0.131,,0.75,4
TERRA ROXA,SP,-20.74416667,-48.4125,H2 Verde,0.4171,0.6667,0.1185,0.3828,1.0,1
TERRA ROXA,SP,-20.74416667,-48.4125,Solar,0.3762,0.5646,0.1185,0.3828,1.0,2
TERRA ROXA,SP,-20.74416667,-48.4125,Biometano,0.313,0.6937,0.1185,0.0,0.625,3
TERRA ROXA,SP,-20.74416667,-48.4125,Biomassa,0.2614,0.5646,0.1185,0.0,0.875,4
TERRA ROXA,SP,-20.74416667,-48.4125,Eolica,0.2429,0.2312,0.1185,0.3828,1.0,5
TERRA SANTA,PA,-2.10444103,-56.48749194,H2 Verde,0.2269,0.1444,0.164,0.3998,0.875,1
TERRA SANTA,PA,-2.10444103,-56.48749194,Solar,0.2017,0.0813,0.164,0.3998,0.875,2
TERRA SANTA,PA,-2.10444103,-56.48749194,Eolica,0.2017,0.0813,0.164,0.3998,0.875,2
TERRA SANTA,PA,-2.10444103,-56.48749194,Biometano,0.1465,0.2432,0.164,,0.5,3
TERRA SANTA,PA,-2.10444103,-56.48749194,Biomassa,0.1394,0.2255,0.164,,0.75,4
TESOURO,MT,-15.87972222,-53.58138889,Solar,0.2391,0.3964,0.1022,0.1664,1.0,1
TESOURO,MT,-15.87972222,-53.58138889,H2 Verde,0.225,0.361,0.1022,0.1664,1.0,2
TESOURO,MT,-15.87972222,-53.58138889,Biometano,0.1064,0.1892,0.1022,0.0001,0.625,3
TESOURO,MT,-15.87972222,-53.58138889,Eolica,0.1058,0.0631,0.1022,0.1664,1.0,4
TESOURO,MT,-15.87972222,-53.58138889,Biomassa,0.067,0.0908,0.1022,0.0001,0.875,5
TIANGUA,CE,-3.823464005625,-41.165299976875,H2 Verde,0.2929,0.4562,0.1824,0.1856,1.0,1
TIANGUA,CE,-3.823464005625,-41.165299976875,Solar,0.2916,0.4529,0.1824,0.1856,1.0,2
TIANGUA,CE,-3.823464005625,-41.165299976875,Biometano,0.1975,0.3514,0.1824,0.0075,0.625,3
TIANGUA,CE,-3.823464005625,-41.165299976875,Eolica,0.1823,0.1799,0.1824,0.1856,1.0,4
TIANGUA,CE,-3.823464005625,-41.165299976875,Biomassa,0.1529,0.24,0.1824,0.0075,0.875,5
TIBAGI,PR,-24.566026836666666,-50.39593051333333,Solar,0.312,0.5146,0.1453,0.2085,1.0,1
TIBAGI,PR,-24.566026836666666,-50.39593051333333,H2 Verde,0.2803,0.4353,0.1453,0.2085,1.0,2
TIBAGI,PR,-24.566026836666666,-50.39593051333333,Biometano,0.2608,0.5405,0.1453,0.0032,0.625,3
TIBAGI,PR,-24.566026836666666,-50.39593051333333,Eolica,0.1809,0.1868,0.1453,0.2085,1.0,4
TIBAGI,PR,-24.566026836666666,-50.39593051333333,Biomassa,0.1574,0.2822,0.1453,0.0032,0.875,5
TIETE,SP,-23.072319999999998,-47.712604165,H2 Verde,0.4064,0.3334,0.1446,0.7655,0.875,1
TIETE,SP,-23.072319999999998,-47.712604165,Solar,0.3656,0.2313,0.1446,0.7655,0.875,2
TIETE,SP,-23.072319999999998,-47.712604165,Eolica,0.3656,0.2313,0.1446,0.7655,0.875,2
TIETE,SP,-23.072319999999998,-47.712604165,Biometano,0.3209,0.6937,0.1446,,0.5,3
TIETE,SP,-23.072319999999998,-47.712604165,Biomassa,0.2692,0.5646,0.1446,,0.75,4
TIJUCAS,SC,-27.24138876,-48.63361102,Solar,0.25,0.1381,0.2723,0.3768,0.875,1
TIJUCAS,SC,-27.24138876,-48.63361102,Eolica,0.25,0.1381,0.2723,0.3768,0.875,1
TIJUCAS,SC,-27.24138876,-48.63361102,Biometano,0.2475,0.4144,0.2723,,0.5,2
TIJUCAS,SC,-27.24138876,-48.63361102,H2 Verde,0.2423,0.119,0.2723,0.3768,0.875,3
TIJUCAS,SC,-27.24138876,-48.63361102,Biomassa,0.1845,0.2571,0.2723,,0.75,4
TIMBAUBA,PE,-2.5169444433333332,-11.75851852,Biometano,0.1272,0.2432,0.0997,0.0001,0.625,1
TIMBAUBA,PE,-2.5169444433333332,-11.75851852,Solar,0.1041,0.1095,0.0997,0.1013,1.0,2
TIMBAUBA,PE,-2.5169444433333332,-11.75851852,H2 Verde,0.0954,0.0879,0.0997,0.1013,1.0,3
TIMBAUBA,PE,-2.5169444433333332,-11.75851852,Eolica,0.0929,0.0815,0.0997,0.1013,1.0,4
TIMBAUBA,PE,-2.5169444433333332,-11.75851852,Biomassa,0.0863,0.141,0.0997,0.0001,0.875,5
TIMBO,SC,0.0,0.0,Solar,0.3043,0.4715,0.1971,0.1884,1.0,1
TIMBO,SC,0.0,0.0,H2 Verde,0.2966,0.4523,0.1971,0.1884,1.0,2
TIMBO,SC,0.0,0.0,Biometano,0.2249,0.4144,0.1971,0.0,0.625,3
TIMBO,SC,0.0,0.0,Eolica,0.1709,0.1381,0.1971,0.1884,1.0,4
TIMBO,SC,0.0,0.0,Biomassa,0.162,0.2571,0.1971,0.0,0.875,5
TIMOTEO,MG,-19.556525070000003,-42.627999296666665,Solar,0.476,0.3334,0.1421,1.0,0.875,1
TIMOTEO,MG,-19.556525070000003,-42.627999296666665,Eolica,0.476,0.3334,0.1421,1.0,0.875,1
TIMOTEO,MG,-19.556525070000003,-42.627999296666665,Biometano,0.4426,1.0,0.1421,,0.5,2
TIMOTEO,MG,-19.556525070000003,-42.627999296666665,H2 Verde,0.4261,0.2088,0.1421,1.0,0.875,3
TIMOTEO,MG,-19.556525070000003,-42.627999296666665,Biomassa,0.2595,0.5421,0.1421,,0.75,4
TIO HUGO,RS,-28.573043065,-52.563613939999996,Solar,0.4126,0.628,0.1837,0.3543,1.0,1
TIO HUGO,RS,-28.573043065,-52.563613939999996,Biometano,0.4086,0.8829,0.1837,0.0012,0.625,2
TIO HUGO,RS,-28.573043065,-52.563613939999996,H2 Verde,0.3572,0.4894,0.1837,0.3543,1.0,3
TIO HUGO,RS,-28.573043065,-52.563613939999996,Eolica,0.2793,0.2947,0.1837,0.3543,1.0,4
TIO HUGO,RS,-28.573043065,-52.563613939999996,Biomassa,0.2356,0.4503,0.1837,0.0012,0.875,5
TIROS,MG,-18.99598197,-45.95738221,Solar,0.4847,0.3334,0.1711,1.0,0.875,1
TIROS,MG,-18.99598197,-45.95738221,Eolica,0.4847,0.3334,0.1711,1.0,0.875,1
TIROS,MG,-18.99598197,-45.95738221,Biometano,0.4513,1.0,0.1711,,0.5,2
TIROS,MG,-18.99598197,-45.95738221,H2 Verde,0.4348,0.2088,0.1711,1.0,0.875,3
TIROS,MG,-18.99598197,-45.95738221,Biomassa,0.2682,0.5421,0.1711,,0.75,4
TOCANTINOPOLIS,TO,-6.32897182,-47.433333045,Solar,0.0915,0.036,0.1377,0.1192,0.875,1
TOCANTINOPOLIS,TO,-6.32897182,-47.433333045,Eolica,0.0915,0.036,0.1377,0.1192,0.875,1
TOCANTINOPOLIS,TO,-6.32897182,-47.433333045,H2 Verde,0.0889,0.0295,0.1377,0.1192,0.875,2
TOCANTINOPOLIS,TO,-6.32897182,-47.433333045,Biometano,0.0845,0.1081,0.1377,,0.5,3
TOCANTINOPOLIS,TO,-6.32897182,-47.433333045,Biomassa,0.0675,0.0655,0.1377,,0.75,4
TOLEDO,PR,-18.536767515,-40.31034769,Solar,0.3287,0.5136,0.2038,0.207,1.0,1
TOLEDO,PR,-18.536767515,-40.31034769,H2 Verde,0.297,0.4343,0.2038,0.207,1.0,2
TOLEDO,PR,-18.536767515,-40.31034769,Biometano,0.2774,0.5405,0.2038,0.0003,0.625,3
TOLEDO,PR,-18.536767515,-40.31034769,Eolica,0.1954,0.1804,0.2038,0.207,1.0,4
TOLEDO,PR,-18.536767515,-40.31034769,Biomassa,0.1737,0.2812,0.2038,0.0003,0.875,5
TOMBOS,MG,-20.91452778,-42.02694444,Solar,0.4501,0.6668,0.1112,0.5001,1.0,1
TOMBOS,MG,-20.91452778,-42.02694444,Biometano,0.4334,1.0,0.1112,0.0003,0.625,2
TOMBOS,MG,-20.91452778,-42.02694444,H2 Verde,0.4002,0.5421,0.1112,0.5001,1.0,3
TOMBOS,MG,-20.91452778,-42.02694444,Eolica,0.3168,0.3334,0.1112,0.5001,1.0,4
TOMBOS,MG,-20.91452778,-42.02694444,Biomassa,0.2503,0.5421,0.1112,0.0003,0.875,5
TOME-ACU,PA,-2.85512222,-48.23579444,H2 Verde,0.2332,0.1443,0.1851,0.3998,0.875,1
TOME-ACU,PA,-2.85512222,-48.23579444,Solar,0.2079,0.0811,0.1851,0.3998,0.875,2
TOME-ACU,PA,-2.85512222,-48.23579444,Eolica,0.2079,0.0811,0.1851,0.3998,0.875,2
TOME-ACU,PA,-2.85512222,-48.23579444,Biometano,0.1528,0.2432,0.1851,,0.5,3
TOME-ACU,PA,-2.85512222,-48.23579444,Biomassa,0.1457,0.2253,0.1851,,0.75,4
TONANTINS,AM,-2.8877777,-67.79416658,H2 Verde,0.1107,0.0311,0.168,0.1593,0.875,1
TONANTINS,AM,-2.8877777,-67.79416658,Solar,0.1055,0.0182,0.168,0.1593,0.875,2
TONANTINS,AM,-2.8877777,-67.79416658,Eolica,0.1055,0.0182,0.168,0.1593,0.875,2
TONANTINS,AM,-2.8877777,-67.79416658,Biometano,0.072,0.0541,0.168,,0.5,3
TONANTINS,AM,-2.8877777,-67.79416658,Biomassa,0.0701,0.0491,0.168,,0.75,4
TORIXOREU,MT,-16.29972222,-52.7075,Solar,0.2514,0.3965,0.1429,0.1664,1.0,1
TORIXOREU,MT,-16.29972222,-52.7075,H2 Verde,0.2372,0.3611,0.1429,0.1664,1.0,2
TORIXOREU,MT,-16.29972222,-52.7075,Biometano,0.1186,0.1892,0.1429,0.0002,0.625,3
TORIXOREU,MT,-16.29972222,-52.7075,Eolica,0.118,0.0631,0.1429,0.1664,1.0,4
TORIXOREU,MT,-16.29972222,-52.7075,Biomassa,0.0792,0.0908,0.1429,0.0002,0.875,5
TORRES,RS,0.0,0.0,Solar,0.4131,0.6277,0.1863,0.3538,1.0,1
TORRES,RS,0.0,0.0,Biometano,0.4091,0.8829,0.1863,0.0001,0.625,2
TORRES,RS,0.0,0.0,H2 Verde,0.3576,0.489,0.1863,0.3538,1.0,3
TORRES,RS,0.0,0.0,Eolica,0.2797,0.2943,0.1863,0.3538,1.0,4
TORRES,RS,0.0,0.0,Biomassa,0.2359,0.4499,0.1863,0.0001,0.875,5
TORRINHA,SP,-22.37776817,-48.17416667,H2 Verde,0.4227,0.6667,0.1372,0.3828,1.0,1
TORRINHA,SP,-22.37776817,-48.17416667,Solar,0.3818,0.5646,0.1372,0.3828,1.0,2
TORRINHA,SP,-22.37776817,-48.17416667,Biometano,0.3187,0.6937,0.1372,0.0001,0.625,3
TORRINHA,SP,-22.37776817,-48.17416667,Biomassa,0.267,0.5646,0.1372,0.0001,0.875,4
TORRINHA,SP,-22.37776817,-48.17416667,Eolica,0.2485,0.2313,0.1372,0.3828,1.0,5
TOUROS,RN,-3.789613384,-25.645028434,H2 Verde,0.2577,0.4142,0.1589,0.148,1.0,1
TOUROS,RN,-3.789613384,-25.645028434,Solar,0.254,0.4049,0.1589,0.148,1.0,2
TOUROS,RN,-3.789613384,-25.645028434,Eolica,0.134,0.1049,0.1589,0.148,1.0,3
TOUROS,RN,-3.789613384,-25.645028434,Biometano,0.131,0.1892,0.1589,0.0254,0.625,4
TOUROS,RN,-3.789613384,-25.645028434,Biomassa,0.1129,0.1439,0.1589,0.0254,0.875,5
TRAIRI,CE,-3.27581282030303,-39.32221939848485,H2 Verde,0.3094,0.4794,0.1716,0.2205,1.0,1
TRAIRI,CE,-3.27581282030303,-39.32221939848485,Solar,0.3081,0.4762,0.1716,0.2205,1.0,2
TRAIRI,CE,-3.27581282030303,-39.32221939848485,Biometano,0.2152,0.3514,0.1716,0.0773,0.625,3
TRAIRI,CE,-3.27581282030303,-39.32221939848485,Biomassa,0.1799,0.2632,0.1716,0.0773,0.875,4
TRAIRI,CE,-3.27581282030303,-39.32221939848485,Eolica,0.1748,0.1429,0.1716,0.2205,1.0,5
TRAJANO DE MORAIS,RJ,-22.13928551,-42.09805831,H2 Verde,0.2089,0.4442,,0.1041,0.625,1
TRAJANO DE MORAIS,RJ,-22.13928551,-42.09805831,Solar,0.1913,0.4,,0.1041,0.625,2
TRAJANO DE MORAIS,RJ,-22.13928551,-42.09805831,Biometano,0.0798,0.1982,,0.0019,0.25,3
TRAJANO DE MORAIS,RJ,-22.13928551,-42.09805831,Biomassa,0.0713,0.177,,0.0019,0.5,4
TRAJANO DE MORAIS,RJ,-22.13928551,-42.09805831,Eolica,0.0579,0.0667,,0.1041,0.625,5
TRAMANDAI,RS,-30.07905905,-50.17205613,Solar,0.4213,0.6297,0.2079,0.3568,1.0,1
TRAMANDAI,RS,-30.07905905,-50.17205613,Biometano,0.4174,0.8829,0.2079,0.0062,0.625,2
TRAMANDAI,RS,-30.07905905,-50.17205613,H2 Verde,0.3658,0.491,0.2079,0.3568,1.0,3
TRAMANDAI,RS,-30.07905905,-50.17205613,Eolica,0.288,0.2964,0.2079,0.3568,1.0,4
TRAMANDAI,RS,-30.07905905,-50.17205613,Biomassa,0.245,0.452,0.2079,0.0062,0.875,5
TREMEMBE,SP,-22.91541667,-45.61358056,H2 Verde,0.4218,0.3335,0.1958,0.7655,0.875,1
TREMEMBE,SP,-22.91541667,-45.61358056,Solar,0.3809,0.2314,0.1958,0.7655,0.875,2
TREMEMBE,SP,-22.91541667,-45.61358056,Eolica,0.3809,0.2314,0.1958,0.7655,0.875,2
TREMEMBE,SP,-22.91541667,-45.61358056,Biometano,0.3362,0.6937,0.1958,,0.5,3
TREMEMBE,SP,-22.91541667,-45.61358056,Biomassa,0.2846,0.5647,0.1958,,0.75,4
TRES BARRAS,SC,-26.1089215,-50.310295055,Solar,0.2172,0.1405,0.1597,0.3768,0.875,1
TRES BARRAS,SC,-26.1089215,-50.310295055,Eolica,0.2172,0.1405,0.1597,0.3768,0.875,1
TRES BARRAS,SC,-26.1089215,-50.310295055,Biometano,0.2137,0.4144,0.1597,,0.5,2
TRES BARRAS,SC,-26.1089215,-50.310295055,H2 Verde,0.2095,0.1214,0.1597,0.3768,0.875,3
TRES BARRAS,SC,-26.1089215,-50.310295055,Biomassa,0.1517,0.2595,0.1597,,0.75,4
TRES DE MAIO,RS,-27.77138889,-54.38833333,Solar,0.4024,0.6277,0.1506,0.3538,1.0,1
TRES DE MAIO,RS,-27.77138889,-54.38833333,Biometano,0.3984,0.8829,0.1506,0.0001,0.625,2
TRES DE MAIO,RS,-27.77138889,-54.38833333,H2 Verde,0.3469,0.489,0.1506,0.3538,1.0,3
TRES DE MAIO,RS,-27.77138889,-54.38833333,Eolica,0.269,0.2943,0.1506,0.3538,1.0,4
TRES DE MAIO,RS,-27.77138889,-54.38833333,Biomassa,0.2252,0.45,0.1506,0.0001,0.875,5
TRES LAGOAS,SP,-20.775833,-51.626667,H2 Verde,0.4206,0.7126,,0.4517,0.625,1
TRES LAGOAS,SP,-20.775833,-51.626667,Solar,0.3797,0.6105,,0.4517,0.625,2
TRES LAGOAS,SP,-20.775833,-51.626667,Biometano,0.3188,0.6937,,0.1378,0.25,3
TRES LAGOAS,SP,-20.775833,-51.626667,Biomassa,0.2856,0.6105,,0.1378,0.5,4
TRES LAGOAS,SP,-20.775833,-51.626667,Eolica,0.2464,0.2772,,0.4517,0.625,5
TRES LAGOAS,MS,-20.75213757,-51.65241397166667,Solar,0.1865,0.1197,0.2125,0.2495,0.875,6
TRES LAGOAS,MS,-20.75213757,-51.65241397166667,Eolica,0.1865,0.1197,0.2125,0.2495,0.875,6
TRES LAGOAS,MS,-20.75213757,-51.65241397166667,Biometano,0.1683,0.2613,0.2125,,0.5,7
TRES LAGOAS,MS,-20.75213757,-51.65241397166667,H2 Verde,0.167,0.0711,0.2125,0.2495,0.875,8
TRES LAGOAS,MS,-20.75213757,-51.65241397166667,Biomassa,0.127,0.1582,0.2125,,0.75,9
TRES MARIAS,MG,-18.201855553333335,-45.14347962666667,Solar,0.4698,0.6784,0.1438,0.5176,1.0,1
TRES MARIAS,MG,-18.201855553333335,-45.14347962666667,Biometano,0.4537,1.0,0.1438,0.0352,0.625,2
TRES MARIAS,MG,-18.201855553333335,-45.14347962666667,H2 Verde,0.4199,0.5538,0.1438,0.5176,1.0,3
TRES MARIAS,MG,-18.201855553333335,-45.14347962666667,Eolica,0.3394,0.3525,0.1438,0.5176,1.0,4
TRES MARIAS,MG,-18.201855553333335,-45.14347962666667,Biomassa,0.2752,0.5538,0.1438,0.0352,0.875,5
TRES PASSOS,RS,-27.44405548,-53.91408331,Biometano,0.3991,0.8829,0.1532,,0.5,1
TRES PASSOS,RS,-27.44405548,-53.91408331,Solar,0.3759,0.2943,0.1532,0.7074,0.875,2
TRES PASSOS,RS,-27.44405548,-53.91408331,Eolica,0.3759,0.2943,0.1532,0.7074,0.875,2
TRES PASSOS,RS,-27.44405548,-53.91408331,H2 Verde,0.3204,0.1556,0.1532,0.7074,0.875,3
TRES PASSOS,RS,-27.44405548,-53.91408331,Biomassa,0.2259,0.4499,0.1532,,0.75,4
TRES PONTAS,MG,-21.37215797,-45.38637279666667,Solar,0.477,0.3334,0.1456,1.0,0.875,1
TRES PONTAS,MG,-21.37215797,-45.38637279666667,Eolica,0.477,0.3334,0.1456,1.0,0.875,1
TRES PONTAS,MG,-21.37215797,-45.38637279666667,Biometano,0.4437,1.0,0.1456,,0.5,2
TRES PONTAS,MG,-21.37215797,-45.38637279666667,H2 Verde,0.4272,0.2088,0.1456,1.0,0.875,3
TRES PONTAS,MG,-21.37215797,-45.38637279666667,Biomassa,0.2605,0.5421,0.1456,,0.75,4
TREZE DE MAIO,SC,-28.560833329999998,-49.135925926666665,Solar,0.2917,0.4715,0.1552,0.1884,1.0,1
TREZE DE MAIO,SC,-28.560833329999998,-49.135925926666665,H2 Verde,0.284,0.4523,0.1552,0.1884,1.0,2
TREZE DE MAIO,SC,-28.560833329999998,-49.135925926666665,Biometano,0.2123,0.4144,0.1552,0.0001,0.625,3
TREZE DE MAIO,SC,-28.560833329999998,-49.135925926666665,Eolica,0.1583,0.1382,0.1552,0.1884,1.0,4
TREZE DE MAIO,SC,-28.560833329999998,-49.135925926666665,Biomassa,0.1494,0.2571,0.1552,0.0001,0.875,5
TRIUNFO,RS,-29.88800322333333,-51.507270776666665,Solar,0.2728,0.2991,0.1567,0.3537,1.0,1
TRIUNFO,RS,-29.88800322333333,-51.507270776666665,Eolica,0.2721,0.2974,0.1567,0.3537,1.0,2
TRIUNFO,RS,-29.88800322333333,-51.507270776666665,Biomassa,0.2282,0.453,0.1567,0.0,0.875,3
TRIUNFO,RS,-29.88800322333333,-51.507270776666665,H2 Verde,0.2173,0.1605,0.1567,0.3537,1.0,4
TRIUNFO,RS,-29.88800322333333,-51.507270776666665,Biometano,0.2157,0.4216,0.1567,0.0,0.875,5
TROMBUDO CENTRAL,SC,-27.300611115000002,-49.791166665,Solar,0.2941,0.4715,0.1635,0.1884,1.0,1
TROMBUDO CENTRAL,SC,-27.300611115000002,-49.791166665,H2 Verde,0.2865,0.4523,0.1635,0.1884,1.0,2
TROMBUDO CENTRAL,SC,-27.300611115000002,-49.791166665,Biometano,0.2148,0.4144,0.1635,0.0,0.625,3
TROMBUDO CENTRAL,SC,-27.300611115000002,-49.791166665,Eolica,0.1617,0.1402,0.1635,0.1884,1.0,4
TROMBUDO CENTRAL,SC,-27.300611115000002,-49.791166665,Biomassa,0.1519,0.2571,0.1635,0.0,0.875,5
TUBARAO,SC,-28.462491266,-48.997224568,Solar,0.2962,0.4685,0.1737,0.1889,1.0,1
TUBARAO,SC,-28.462491266,-48.997224568,H2 Verde,0.2885,0.4494,0.1737,0.1889,1.0,2
TUBARAO,SC,-28.462491266,-48.997224568,Biometano,0.2182,0.4144,0.1737,0.001,0.625,3
TUBARAO,SC,-28.462491266,-48.997224568,Eolica,0.1642,0.1385,0.1737,0.1889,1.0,4
TUBARAO,SC,-28.462491266,-48.997224568,Biomassa,0.1554,0.2575,0.1737,0.001,0.875,5
TUCANO,BA,-11.264741151666668,-38.79831747,Solar,0.391,0.5514,0.1394,0.4287,1.0,1
TUCANO,BA,-11.264741151666668,-38.79831747,H2 Verde,0.3706,0.5005,0.1394,0.4287,1.0,2
TUCANO,BA,-11.264741151666668,-38.79831747,Biometano,0.3012,0.6306,0.1394,0.0237,0.625,3
TUCANO,BA,-11.264741151666668,-38.79831747,Eolica,0.2577,0.2181,0.1394,0.4287,1.0,4
TUCANO,BA,-11.264741151666668,-38.79831747,Biomassa,0.1999,0.3774,0.1394,0.0237,0.875,5
TUCUMA,PA,-6.84239855,-51.42359011,H2 Verde,0.2315,0.1443,0.1797,0.3998,0.875,1
TUCUMA,PA,-6.84239855,-51.42359011,Solar,0.2063,0.0812,0.1797,0.3998,0.875,2
TUCUMA,PA,-6.84239855,-51.42359011,Eolica,0.2063,0.0812,0.1797,0.3998,0.875,2
TUCUMA,PA,-6.84239855,-51.42359011,Biometano,0.1512,0.2432,0.1797,,0.5,3
TUCUMA,PA,-6.84239855,-51.42359011,Biomassa,0.144,0.2254,0.1797,,0.75,4
TUCURUI,PA,-3.86946570517934,-49.792045395078915,H2 Verde,0.5037,0.7304,0.126,0.5792,1.0,1
TUCURUI,PA,-3.86946570517934,-49.792045395078915,Solar,0.4785,0.6673,0.126,0.5792,1.0,2
TUCURUI,PA,-3.86946570517934,-49.792045395078915,Biomassa,0.4566,0.4781,0.126,0.7586,0.875,3
TUCURUI,PA,-3.86946570517934,-49.792045395078915,Biometano,0.3627,0.2432,0.126,0.7586,0.625,4
TUCURUI,PA,-3.86946570517934,-49.792045395078915,Eolica,0.3451,0.3339,0.126,0.5792,1.0,5
TUNAS DO PARANA,PR,-25.02033061,-49.05657781,Solar,0.3082,0.5135,0.1355,0.207,1.0,1
TUNAS DO PARANA,PR,-25.02033061,-49.05657781,H2 Verde,0.2765,0.4343,0.1355,0.207,1.0,2
TUNAS DO PARANA,PR,-25.02033061,-49.05657781,Biometano,0.2569,0.5405,0.1355,0.0001,0.625,3
TUNAS DO PARANA,PR,-25.02033061,-49.05657781,Eolica,0.1748,0.1802,0.1355,0.207,1.0,4
TUNAS DO PARANA,PR,-25.02033061,-49.05657781,Biomassa,0.1531,0.2811,0.1355,0.0001,0.875,5
TUNEIRAS DO OESTE,PR,-23.97194444,-52.94777778,Biometano,0.2517,0.5405,0.1182,0.0,0.625,1
TUNEIRAS DO OESTE,PR,-23.97194444,-52.94777778,Eolica,0.1699,0.1808,0.1182,0.2069,1.0,2
TUNEIRAS DO OESTE,PR,-23.97194444,-52.94777778,Solar,0.1696,0.1802,0.1182,0.2069,1.0,3
TUNEIRAS DO OESTE,PR,-23.97194444,-52.94777778,Biomassa,0.1479,0.2811,0.1182,0.0,0.875,4
TUNEIRAS DO OESTE,PR,-23.97194444,-52.94777778,H2 Verde,0.1379,0.1009,0.1182,0.2069,1.0,5
TUPA,SP,-21.93075278,-50.51347222,H2 Verde,0.4054,0.3333,0.1414,0.7655,0.875,1
TUPA,SP,-21.93075278,-50.51347222,Solar,0.3646,0.2312,0.1414,0.7655,0.875,2
TUPA,SP,-21.93075278,-50.51347222,Eolica,0.3646,0.2312,0.1414,0.7655,0.875,2
TUPA,SP,-21.93075278,-50.51347222,Biometano,0.3199,0.6937,0.1414,,0.5,3
TUPA,SP,-21.93075278,-50.51347222,Biomassa,0.2683,0.5646,0.1414,,0.75,4
TUPACIGUARA,MG,-18.7159580725,-48.628396297500004,Solar,0.4798,0.336,0.1511,1.0,0.875,1
TUPACIGUARA,MG,-18.7159580725,-48.628396297500004,Eolica,0.4798,0.336,0.1511,1.0,0.875,1
TUPACIGUARA,MG,-18.7159580725,-48.628396297500004,H2 Verde,0.4299,0.2114,0.1511,1.0,0.875,2
TUPACIGUARA,MG,-18.7159580725,-48.628396297500004,Biometano,0.3053,0.6499,0.1511,,0.75,3
TUPACIGUARA,MG,-18.7159580725,-48.628396297500004,Biomassa,0.2632,0.5448,0.1511,,0.75,4
TUPANDI,RS,-29.49661764,-51.41499853,Biometano,0.4135,0.8829,0.201,,0.5,1
TUPANDI,RS,-29.49661764,-51.41499853,Solar,0.3903,0.2943,0.201,0.7074,0.875,2
TUPANDI,RS,-29.49661764,-51.41499853,Eolica,0.3903,0.2943,0.201,0.7074,0.875,2
TUPANDI,RS,-29.49661764,-51.41499853,H2 Verde,0.3348,0.1557,0.201,0.7074,0.875,3
TUPANDI,RS,-29.49661764,-51.41499853,Biomassa,0.2403,0.4499,0.201,,0.75,4
TURVANIA,GO,-16.5309715275,-50.17774756875,Biometano,0.1543,0.2973,0.1179,0.0,0.625,1
TURVANIA,GO,-16.5309715275,-50.17774756875,Eolica,0.1283,0.129,0.1179,0.1378,1.0,2
TURVANIA,GO,-16.5309715275,-50.17774756875,Solar,0.1163,0.0991,0.1179,0.1378,1.0,3
TURVANIA,GO,-16.5309715275,-50.17774756875,H2 Verde,0.1113,0.0866,0.1179,0.1378,1.0,4
TURVANIA,GO,-16.5309715275,-50.17774756875,Biomassa,0.1097,0.1857,0.1179,0.0,0.875,5
TURVELANDIA,GO,-17.969363225000002,-50.309155845,Solar,0.1739,0.101,0.1694,0.2756,0.875,1
TURVELANDIA,GO,-17.969363225000002,-50.309155845,Eolica,0.1739,0.101,0.1694,0.2756,0.875,1
TURVELANDIA,GO,-17.969363225000002,-50.309155845,Biometano,0.1697,0.2973,0.1694,,0.5,2
TURVELANDIA,GO,-17.969363225000002,-50.309155845,H2 Verde,0.1689,0.0886,0.1694,0.2756,0.875,3
TURVELANDIA,GO,-17.969363225000002,-50.309155845,Biomassa,0.1259,0.1877,0.1694,,0.75,4
TURVO,PR,-24.9076816675,-51.422489385000006,Solar,0.3108,0.515,0.1402,0.2091,1.0,1
TURVO,PR,-24.9076816675,-51.422489385000006,H2 Verde,0.2791,0.4357,0.1402,0.2091,1.0,2
TURVO,PR,-24.9076816675,-51.422489385000006,Biometano,0.2596,0.5405,0.1402,0.0044,0.625,3
TURVO,SC,-26.494691352500002,-49.675816865,Solar,0.2169,0.1383,0.162,0.3768,0.875,4
TURVO,SC,-26.494691352500002,-49.675816865,Eolica,0.2169,0.1383,0.162,0.3768,0.875,4
TURVO,SC,-26.494691352500002,-49.675816865,Biometano,0.2144,0.4144,0.162,,0.5,5
TURVO,SC,-26.494691352500002,-49.675816865,H2 Verde,0.2092,0.1191,0.162,0.3768,0.875,6
TURVO,PR,-24.9076816675,-51.422489385000006,Eolica,0.1775,0.1816,0.1402,0.2091,1.0,7
TURVO,PR,-24.9076816675,-51.422489385000006,Biomassa,0.1564,0.2826,0.1402,0.0044,0.875,8
TURVO,SC,-26.494691352500002,-49.675816865,Biomassa,0.1515,0.2572,0.162,,0.75,9
UARINI,AM,-2.98611111,-65.15777778,H2 Verde,0.1164,0.0311,0.1872,0.1593,0.875,1
UARINI,AM,-2.98611111,-65.15777778,Solar,0.1112,0.0181,0.1872,0.1593,0.875,2
UARINI,AM,-2.98611111,-65.15777778,Eolica,0.1112,0.0181,0.1872,0.1593,0.875,2
UARINI,AM,-2.98611111,-65.15777778,Biometano,0.0778,0.0541,0.1872,,0.5,3
UARINI,AM,-2.98611111,-65.15777778,Biomassa,0.0758,0.0491,0.1872,,0.75,4
UBA,MG,-21.14944444,-42.93888889,Solar,0.4771,0.3333,0.1458,1.0,0.875,1
UBA,MG,-21.14944444,-42.93888889,Eolica,0.4771,0.3333,0.1458,1.0,0.875,1
UBA,MG,-21.14944444,-42.93888889,Biometano,0.4437,1.0,0.1458,,0.5,2
UBA,MG,-21.14944444,-42.93888889,H2 Verde,0.4272,0.2087,0.1458,1.0,0.875,3
UBA,MG,-21.14944444,-42.93888889,Biomassa,0.2606,0.5421,0.1458,,0.75,4
UBAITABA,BA,-14.22905584,-39.46204685,Solar,0.3721,0.5444,0.0962,0.4182,1.0,1
UBAITABA,BA,-14.22905584,-39.46204685,H2 Verde,0.3517,0.4935,0.0962,0.4182,1.0,2
UBAITABA,BA,-14.22905584,-39.46204685,Biometano,0.2819,0.6306,0.0962,0.0027,0.625,3
UBAITABA,BA,-14.22905584,-39.46204685,Eolica,0.2388,0.2111,0.0962,0.4182,1.0,4
UBAITABA,BA,-14.22905584,-39.46204685,Biomassa,0.1778,0.3704,0.0962,0.0027,0.875,5
UBAJARA,CE,-3.88377241375,-41.105255227499995,H2 Verde,0.2825,0.457,0.1457,0.1868,1.0,1
UBAJARA,CE,-3.88377241375,-41.105255227499995,Solar,0.2812,0.4537,0.1457,0.1868,1.0,2
UBAJARA,CE,-3.88377241375,-41.105255227499995,Biometano,0.1872,0.3514,0.1457,0.0099,0.625,3
UBAJARA,CE,-3.88377241375,-41.105255227499995,Eolica,0.1554,0.1392,0.1457,0.1868,1.0,4
UBAJARA,CE,-3.88377241375,-41.105255227499995,Biomassa,0.143,0.2408,0.1457,0.0099,0.875,5
UBARANA,SP,-21.296111,-49.783056,H2 Verde,0.4304,0.6745,0.1407,0.3945,1.0,1
UBARANA,SP,-21.296111,-49.783056,Solar,0.3895,0.5724,0.1407,0.3945,1.0,2
UBARANA,SP,-21.296111,-49.783056,Biometano,0.3267,0.6937,0.1407,0.0235,0.625,3
UBARANA,SP,-21.296111,-49.783056,Biomassa,0.2782,0.5724,0.1407,0.0235,0.875,4
UBARANA,SP,-21.296111,-49.783056,Eolica,0.2562,0.2391,0.1407,0.3945,1.0,5
UBERABA,MG,-19.700136639310347,-47.961675431034486,Solar,0.4921,0.3386,0.1889,1.0,0.875,1
UBERABA,MG,-19.700136639310347,-47.961675431034486,Eolica,0.4921,0.3386,0.1889,1.0,0.875,1
UBERABA,MG,-19.700136639310347,-47.961675431034486,Biometano,0.4567,1.0,0.1889,,0.5,2
UBERABA,MG,-19.700136639310347,-47.961675431034486,H2 Verde,0.4423,0.214,0.1889,1.0,0.875,3
UBERABA,MG,-19.700136639310347,-47.961675431034486,Biomassa,0.2756,0.5473,0.1889,,0.75,4
UBERLANDIA,MG,-18.967014059375,-48.270769658958336,Biometano,0.4658,1.0,0.2169,0.0026,0.625,1
UBERLANDIA,MG,-18.967014059375,-48.270769658958336,Solar,0.3943,0.4471,0.2169,0.5013,1.0,2
UBERLANDIA,MG,-18.967014059375,-48.270769658958336,Eolica,0.3498,0.3359,0.2169,0.5013,1.0,3
UBERLANDIA,MG,-18.967014059375,-48.270769658958336,H2 Verde,0.3444,0.3225,0.2169,0.5013,1.0,4
UBERLANDIA,MG,-18.967014059375,-48.270769658958336,Biomassa,0.2837,0.5446,0.2169,0.0026,0.875,5
UBIRATA,PR,-24.61916669,-52.95777781,Solar,0.3196,0.5135,0.1736,0.2069,1.0,1
UBIRATA,PR,-24.61916669,-52.95777781,H2 Verde,0.2879,0.4343,0.1736,0.2069,1.0,2
UBIRATA,PR,-24.61916669,-52.95777781,Biometano,0.2683,0.5405,0.1736,0.0,0.625,3
UBIRATA,PR,-24.61916669,-52.95777781,Eolica,0.1862,0.1802,0.1736,0.2069,1.0,4
UBIRATA,PR,-24.61916669,-52.95777781,Biomassa,0.1645,0.2811,0.1736,0.0,0.875,5
UIBAI,BA,-11.825331972222223,-42.22596347333334,Solar,0.3884,0.5501,0.1346,0.4267,1.0,1
UIBAI,BA,-11.825331972222223,-42.22596347333334,H2 Verde,0.3681,0.4992,0.1346,0.4267,1.0,2
UIBAI,BA,-11.825331972222223,-42.22596347333334,Biometano,0.2986,0.6306,0.1346,0.0198,0.625,3
UIBAI,BA,-11.825331972222223,-42.22596347333334,Eolica,0.259,0.2265,0.1346,0.4267,1.0,4
UIBAI,BA,-11.825331972222223,-42.22596347333334,Biomassa,0.1967,0.3761,0.1346,0.0198,0.875,5
UIRAMUTA,RR,4.54788865347826,-60.214430416956525,H2 Verde,0.0881,0.004,0.2663,0.022,0.875,1
UIRAMUTA,RR,4.54788865347826,-60.214430416956525,Solar,0.0865,0.0001,0.2663,0.022,0.875,2
UIRAMUTA,RR,4.54788865347826,-60.214430416956525,Eolica,0.0865,0.0001,0.2663,0.022,0.875,2
UIRAMUTA,RR,4.54788865347826,-60.214430416956525,Biomassa,0.0815,0.004,0.2663,,0.75,3
UIRAMUTA,RR,4.54788865347826,-60.214430416956525,Biometano,0.0799,0.0,0.2663,,0.5,4
ULIANOPOLIS,PA,-3.71751,-47.4876,H2 Verde,0.2094,0.1448,0.1051,0.3998,0.875,1
ULIANOPOLIS,PA,-3.71751,-47.4876,Solar,0.1842,0.0817,0.1051,0.3998,0.875,2
ULIANOPOLIS,PA,-3.71751,-47.4876,Eolica,0.1842,0.0817,0.1051,0.3998,0.875,2
ULIANOPOLIS,PA,-3.71751,-47.4876,Biometano,0.1288,0.2432,0.1051,,0.5,3
ULIANOPOLIS,PA,-3.71751,-47.4876,Biomassa,0.1219,0.2259,0.1051,,0.75,4
UMARI,CE,-6.617596825714286,-38.85094166571429,Biometano,0.1745,0.3514,0.1132,0.0,0.625,1
UMARI,CE,-6.617596825714286,-38.85094166571429,Eolica,0.1448,0.1407,0.1132,0.1819,1.0,2
UMARI,CE,-6.617596825714286,-38.85094166571429,H2 Verde,0.1367,0.1204,0.1132,0.1819,1.0,3
UMARI,CE,-6.617596825714286,-38.85094166571429,Solar,0.1354,0.1171,0.1132,0.1819,1.0,4
UMARI,CE,-6.617596825714286,-38.85094166571429,Biomassa,0.129,0.2375,0.1132,0.0,0.875,5
UMBURANAS,BA,-10.580745236,-41.388420939999996,Solar,0.3681,0.5453,0.0805,0.4194,1.0,1
UMBURANAS,BA,-10.580745236,-41.388420939999996,H2 Verde,0.3477,0.4943,0.0805,0.4194,1.0,2
UMBURANAS,BA,-10.580745236,-41.388420939999996,Biometano,0.278,0.6306,0.0805,0.0052,0.625,3
UMBURANAS,BA,-10.580745236,-41.388420939999996,Eolica,0.2464,0.2411,0.0805,0.4194,1.0,4
UMBURANAS,BA,-10.580745236,-41.388420939999996,Biomassa,0.1742,0.3712,0.0805,0.0052,0.875,5
UMUARAMA,PR,-18.996903246,-42.655093644,Biometano,0.2705,0.5405,0.1806,0.0002,0.625,1
UMUARAMA,PR,-18.996903246,-42.655093644,Solar,0.2061,0.2244,0.1806,0.207,1.0,2
UMUARAMA,PR,-18.996903246,-42.655093644,Eolica,0.1886,0.1807,0.1806,0.207,1.0,3
UMUARAMA,PR,-18.996903246,-42.655093644,H2 Verde,0.1744,0.1452,0.1806,0.207,1.0,4
UMUARAMA,PR,-18.996903246,-42.655093644,Biomassa,0.1669,0.2817,0.1806,0.0002,0.875,5
UNAI,MG,-16.208315875,-46.826181434999995,Solar,0.4609,0.6492,0.1695,0.5012,1.0,1
UNAI,MG,-16.208315875,-46.826181434999995,Biometano,0.4515,1.0,0.1695,0.0023,0.625,2
UNAI,MG,-16.208315875,-46.826181434999995,H2 Verde,0.411,0.5246,0.1695,0.5012,1.0,3
UNAI,MG,-16.208315875,-46.826181434999995,Eolica,0.3349,0.3341,0.1695,0.5012,1.0,4
UNAI,MG,-16.208315875,-46.826181434999995,Biomassa,0.2687,0.5429,0.1695,0.0023,0.875,5
UNIAO,PI,-4.85472222,-42.88611111,Solar,0.1866,0.1088,0.1582,0.3186,0.875,1
UNIAO,PI,-4.85472222,-42.88611111,Eolica,0.1866,0.1088,0.1582,0.3186,0.875,1
UNIAO,PI,-4.85472222,-42.88611111,Biometano,0.1772,0.3243,0.1582,,0.5,2
UNIAO,PI,-4.85472222,-42.88611111,H2 Verde,0.1607,0.0441,0.1582,0.3186,0.875,3
UNIAO,PI,-4.85472222,-42.88611111,Biomassa,0.1083,0.1522,0.1582,,0.75,4
UNIAO DA VITORIA,PR,-26.174355695,-51.11324629,Biometano,0.2613,0.5405,0.1501,0.0001,0.625,1
UNIAO DA VITORIA,PR,-26.174355695,-51.11324629,Solar,0.1862,0.1976,0.1501,0.207,1.0,2
UNIAO DA VITORIA,PR,-26.174355695,-51.11324629,Eolica,0.1794,0.1807,0.1501,0.207,1.0,3
UNIAO DA VITORIA,PR,-26.174355695,-51.11324629,Biomassa,0.1577,0.2816,0.1501,0.0001,0.875,4
UNIAO DA VITORIA,PR,-26.174355695,-51.11324629,H2 Verde,0.1545,0.1184,0.1501,0.207,1.0,5
UNIAO DOS PALMARES,AL,-9.12085,-36.01421,Biometano,0.0775,0.0991,0.1262,,0.5,1
UNIAO DOS PALMARES,AL,-9.12085,-36.01421,Solar,0.0764,0.0332,0.1262,0.0842,0.875,2
UNIAO DOS PALMARES,AL,-9.12085,-36.01421,Eolica,0.0764,0.0332,0.1262,0.0842,0.875,2
UNIAO DOS PALMARES,AL,-9.12085,-36.01421,H2 Verde,0.0724,0.0233,0.1262,0.0842,0.875,3
UNIAO DOS PALMARES,AL,-9.12085,-36.01421,Biomassa,0.0604,0.0563,0.1262,,0.75,4
URANDI,BA,-14.672307790526316,-42.59470839526316,Solar,0.382,0.5467,0.1227,0.4216,1.0,1
URANDI,BA,-14.672307790526316,-42.59470839526316,H2 Verde,0.3616,0.4958,0.1227,0.4216,1.0,2
URANDI,BA,-14.672307790526316,-42.59470839526316,Biometano,0.2919,0.6306,0.1227,0.0096,0.625,3
URANDI,BA,-14.672307790526316,-42.59470839526316,Eolica,0.2655,0.2555,0.1227,0.4216,1.0,4
URANDI,BA,-14.672307790526316,-42.59470839526316,Biomassa,0.1888,0.3727,0.1227,0.0096,0.875,5
URUACU,GO,-14.483819445,-49.08812361,Biometano,0.1714,0.2973,0.175,0.0,0.625,1
URUACU,GO,-14.483819445,-49.08812361,Eolica,0.135,0.103,0.175,0.1378,1.0,2
URUACU,GO,-14.483819445,-49.08812361,Solar,0.1335,0.0992,0.175,0.1378,1.0,3
URUACU,GO,-14.483819445,-49.08812361,H2 Verde,0.1285,0.0868,0.175,0.1378,1.0,4
URUACU,GO,-14.483819445,-49.08812361,Biomassa,0.1268,0.1859,0.175,0.0,0.875,5
URUBICI,SC,-27.96386111,-49.71369444,Solar,0.2872,0.4715,0.1403,0.1884,1.0,1
URUBICI,SC,-27.96386111,-49.71369444,H2 Verde,0.2796,0.4523,0.1403,0.1884,1.0,2
URUBICI,SC,-27.96386111,-49.71369444,Biometano,0.2079,0.4144,0.1403,0.0001,0.625,3
URUBICI,SC,-27.96386111,-49.71369444,Eolica,0.1539,0.1382,0.1403,0.1884,1.0,4
URUBICI,SC,-27.96386111,-49.71369444,Biomassa,0.145,0.2571,0.1403,0.0001,0.875,5
URUBURETAMA,CE,-3.61882966,-39.50631455,H2 Verde,0.2004,0.1204,0.1437,0.3637,0.875,1
URUBURETAMA,CE,-3.61882966,-39.50631455,Solar,0.1991,0.1171,0.1437,0.3637,0.875,2
URUBURETAMA,CE,-3.61882966,-39.50631455,Eolica,0.1991,0.1171,0.1437,0.3637,0.875,2
URUBURETAMA,CE,-3.61882966,-39.50631455,Biometano,0.1837,0.3514,0.1437,,0.5,3
URUBURETAMA,CE,-3.61882966,-39.50631455,Biomassa,0.1381,0.2375,0.1437,,0.75,4
URUCANIA,MG,-20.30130878,-42.69056232,Solar,0.4768,0.3334,0.1449,1.0,0.875,1
URUCANIA,MG,-20.30130878,-42.69056232,Eolica,0.4768,0.3334,0.1449,1.0,0.875,1
URUCANIA,MG,-20.30130878,-42.69056232,Biometano,0.4435,1.0,0.1449,,0.5,2
URUCANIA,MG,-20.30130878,-42.69056232,H2 Verde,0.427,0.2088,0.1449,1.0,0.875,3
URUCANIA,MG,-20.30130878,-42.69056232,Biomassa,0.2603,0.5422,0.1449,,0.75,4
URUCARA,AM,-2.53472222,-57.76055556,H2 Verde,0.1081,0.0312,0.1595,0.1593,0.875,1
URUCARA,AM,-2.53472222,-57.76055556,Solar,0.1029,0.0183,0.1595,0.1593,0.875,2
URUCARA,AM,-2.53472222,-57.76055556,Eolica,0.1029,0.0183,0.1595,0.1593,0.875,2
URUCARA,AM,-2.53472222,-57.76055556,Biometano,0.0695,0.0541,0.1595,,0.5,3
URUCARA,AM,-2.53472222,-57.76055556,Biomassa,0.0675,0.0492,0.1595,,0.75,4
URUCUI,PI,0.0,0.0,Solar,0.2833,0.4415,0.1964,0.1594,1.0,1
URUCUI,PI,0.0,0.0,H2 Verde,0.2574,0.3768,0.1964,0.1594,1.0,2
URUCUI,PI,0.0,0.0,Biometano,0.1887,0.3243,0.1964,0.0001,0.625,3
URUCUI,PI,0.0,0.0,Eolica,0.15,0.1081,0.1964,0.1594,1.0,4
URUCUI,PI,0.0,0.0,Biomassa,0.1196,0.1515,0.1964,0.0001,0.875,5
URUCURITUBA,AM,-2.9454784050000002,-57.95846412,H2 Verde,0.1243,0.0312,0.2134,0.1593,0.875,1
URUCURITUBA,AM,-2.9454784050000002,-57.95846412,Solar,0.1191,0.0183,0.2134,0.1593,0.875,2
URUCURITUBA,AM,-2.9454784050000002,-57.95846412,Eolica,0.1191,0.0183,0.2134,0.1593,0.875,2
URUCURITUBA,AM,-2.9454784050000002,-57.95846412,Biometano,0.0856,0.0541,0.2134,,0.5,3
URUCURITUBA,AM,-2.9454784050000002,-57.95846412,Biomassa,0.0837,0.0493,0.2134,,0.75,4
URUGUAIANA,RS,-29.87434004,-56.611590045,Biometano,0.3905,0.8829,0.1244,0.0,0.625,1
URUGUAIANA,RS,-29.87434004,-56.611590045,Eolica,0.2701,0.3166,0.1244,0.3537,1.0,2
URUGUAIANA,RS,-29.87434004,-56.611590045,Solar,0.2687,0.3132,0.1244,0.3537,1.0,3
URUGUAIANA,RS,-29.87434004,-56.611590045,Biomassa,0.2249,0.4689,0.1244,0.0,0.875,4
URUGUAIANA,RS,-29.87434004,-56.611590045,H2 Verde,0.2132,0.1746,0.1244,0.3537,1.0,5
URUSSANGA,SC,-28.492693854285715,-49.292163241428575,Solar,0.2107,0.2754,0.1465,0.1885,1.0,1
URUSSANGA,SC,-28.492693854285715,-49.292163241428575,Biometano,0.2098,0.4144,0.1465,0.0002,0.625,2
URUSSANGA,SC,-28.492693854285715,-49.292163241428575,H2 Verde,0.203,0.2563,0.1465,0.1885,1.0,3
URUSSANGA,SC,-28.492693854285715,-49.292163241428575,Eolica,0.1558,0.1383,0.1465,0.1885,1.0,4
URUSSANGA,SC,-28.492693854285715,-49.292163241428575,Biomassa,0.1469,0.2573,0.1465,0.0002,0.875,5
VACARIA,RS,-28.27048155,-50.82989407,Biometano,0.3986,0.8829,0.1514,0.0,0.625,1
VACARIA,RS,-28.27048155,-50.82989407,Eolica,0.2694,0.2947,0.1514,0.3537,1.0,2
VACARIA,RS,-28.27048155,-50.82989407,Solar,0.2693,0.2943,0.1514,0.3537,1.0,3
VACARIA,RS,-28.27048155,-50.82989407,Biomassa,0.2254,0.4499,0.1514,0.0,0.875,4
VACARIA,RS,-28.27048155,-50.82989407,H2 Verde,0.2138,0.1556,0.1514,0.3537,1.0,5
VALE DE SAO DOMINGOS,MT,-14.89435389,-58.87204871,Biometano,0.1125,0.1892,0.1229,0.0,0.625,1
VALE DE SAO DOMINGOS,MT,-14.89435389,-58.87204871,Eolica,0.1122,0.0636,0.1229,0.1663,1.0,2
VALE DE SAO DOMINGOS,MT,-14.89435389,-58.87204871,Solar,0.112,0.0631,0.1229,0.1663,1.0,3
VALE DE SAO DOMINGOS,MT,-14.89435389,-58.87204871,H2 Verde,0.0978,0.0277,0.1229,0.1663,1.0,4
VALE DE SAO DOMINGOS,MT,-14.89435389,-58.87204871,Biomassa,0.0732,0.0907,0.1229,0.0,0.875,5
VALENCA,BA,-13.34623665,-39.10319242,Solar,0.3826,0.5439,0.133,0.4173,1.0,1
VALENCA,BA,-13.34623665,-39.10319242,H2 Verde,0.3623,0.4929,0.133,0.4173,1.0,2
VALENCA,BA,-13.34623665,-39.10319242,Biometano,0.2924,0.6306,0.133,0.001,0.625,3
VALENCA,BA,-13.34623665,-39.10319242,Eolica,0.2493,0.2105,0.133,0.4173,1.0,4
VALENCA,RJ,-22.19063839,-43.67930496,H2 Verde,0.2464,0.4436,0.1265,0.1032,1.0,5
VALENCA,RJ,-22.19063839,-43.67930496,Solar,0.2287,0.3994,0.1265,0.1032,1.0,6
VALENCA,BA,-13.34623665,-39.10319242,Biomassa,0.1881,0.3698,0.133,0.001,0.875,7
VALENCA,RJ,-22.19063839,-43.67930496,Biometano,0.1172,0.1982,0.1265,0.0001,0.625,8
VALENCA,RJ,-22.19063839,-43.67930496,Biomassa,0.1085,0.1764,0.1265,0.0001,0.875,9
VALENCA,RJ,-22.19063839,-43.67930496,Eolica,0.0953,0.0661,0.1265,0.1032,1.0,10
VALENCA DO PIAUI,PI,0.0,0.0,Solar,0.2727,0.4415,0.1611,0.1593,1.0,1
VALENCA DO PIAUI,PI,0.0,0.0,H2 Verde,0.2468,0.3767,0.1611,0.1593,1.0,2
VALENCA DO PIAUI,PI,0.0,0.0,Biometano,0.1781,0.3243,0.1611,0.0,0.625,3
VALENCA DO PIAUI,PI,0.0,0.0,Eolica,0.1394,0.1081,0.1611,0.1593,1.0,4
VALENCA DO PIAUI,PI,0.0,0.0,Biomassa,0.109,0.1515,0.1611,0.0,0.875,5
VALINHOS,SP,-22.986803498333334,-47.01266643666667,Biometano,0.3335,0.6937,0.1869,0.0,0.625,1
VALINHOS,SP,-22.986803498333334,-47.01266643666667,H2 Verde,0.3118,0.3523,0.1869,0.3828,1.0,2
VALINHOS,SP,-22.986803498333334,-47.01266643666667,Biomassa,0.2819,0.5646,0.1869,0.0,0.875,3
VALINHOS,SP,-22.986803498333334,-47.01266643666667,Solar,0.271,0.2502,0.1869,0.3828,1.0,4
VALINHOS,SP,-22.986803498333334,-47.01266643666667,Eolica,0.2634,0.2313,0.1869,0.3828,1.0,5
VALPARAISO,SP,-21.1887658575,-50.898231535,H2 Verde,0.4122,0.3393,0.156,0.7655,0.875,1
VALPARAISO,SP,-21.1887658575,-50.898231535,Solar,0.3714,0.2372,0.156,0.7655,0.875,2
VALPARAISO,SP,-21.1887658575,-50.898231535,Eolica,0.3714,0.2372,0.156,0.7655,0.875,2
VALPARAISO,SP,-21.1887658575,-50.898231535,Biometano,0.3243,0.6937,0.156,,0.5,3
VALPARAISO,SP,-21.1887658575,-50.898231535,Biomassa,0.275,0.5706,0.156,,0.75,4
VALPARAISO DE GOIAS,GO,-16.09352103,-47.98323016,Solar,0.1978,0.0991,0.2516,0.2756,0.875,1
VALPARAISO DE GOIAS,GO,-16.09352103,-47.98323016,Eolica,0.1978,0.0991,0.2516,0.2756,0.875,1
VALPARAISO DE GOIAS,GO,-16.09352103,-47.98323016,Biometano,0.1944,0.2973,0.2516,,0.5,2
VALPARAISO DE GOIAS,GO,-16.09352103,-47.98323016,H2 Verde,0.1928,0.0867,0.2516,0.2756,0.875,3
VALPARAISO DE GOIAS,GO,-16.09352103,-47.98323016,Biomassa,0.1498,0.1858,0.2516,,0.75,4
VARGEM ALTA,ES,-20.61024722,-41.0184,H2 Verde,0.2128,0.3838,0.1425,0.0552,1.0,1
VARGEM ALTA,ES,-20.61024722,-41.0184,Solar,0.2022,0.3574,0.1425,0.0552,1.0,2
VARGEM ALTA,ES,-20.61024722,-41.0184,Biomassa,0.0725,0.0745,0.1425,0.0001,0.875,3
VARGEM ALTA,ES,-20.61024722,-41.0184,Biometano,0.0716,0.0721,0.1425,0.0001,0.625,4
VARGEM ALTA,ES,-20.61024722,-41.0184,Eolica,0.0689,0.0241,0.1425,0.0552,1.0,5
VARGEM BONITA,SC,-20.219960305,-38.816928665,Solar,0.2062,0.1389,0.1253,0.3768,0.875,1
VARGEM BONITA,SC,-20.219960305,-38.816928665,Eolica,0.2062,0.1389,0.1253,0.3768,0.875,1
VARGEM BONITA,SC,-20.219960305,-38.816928665,Biometano,0.2033,0.4144,0.1253,,0.5,2
VARGEM BONITA,SC,-20.219960305,-38.816928665,H2 Verde,0.1985,0.1197,0.1253,0.3768,0.875,3
VARGEM BONITA,SC,-20.219960305,-38.816928665,Biomassa,0.1407,0.2579,0.1253,,0.75,4
VARGINHA,MG,-21.581377504444443,-45.44940020111111,Solar,0.4626,0.6525,0.1706,0.5014,1.0,1
VARGINHA,MG,-21.581377504444443,-45.44940020111111,Biometano,0.452,1.0,0.1706,0.0029,0.625,2
VARGINHA,MG,-21.581377504444443,-45.44940020111111,H2 Verde,0.4128,0.5279,0.1706,0.5014,1.0,3
VARGINHA,MG,-21.581377504444443,-45.44940020111111,Eolica,0.3353,0.3343,0.1706,0.5014,1.0,4
VARGINHA,MG,-21.581377504444443,-45.44940020111111,Biomassa,0.2693,0.5431,0.1706,0.0029,0.875,5
VARZEA DA PALMA,MG,-17.632069134814813,-44.781210353333336,Solar,0.47,0.6853,0.1233,0.5298,1.0,1
VARZEA DA PALMA,MG,-17.632069134814813,-44.781210353333336,Biometano,0.4549,1.0,0.1233,0.0595,0.625,2
VARZEA DA PALMA,MG,-17.632069134814813,-44.781210353333336,H2 Verde,0.4202,0.5607,0.1233,0.5298,1.0,3
VARZEA DA PALMA,MG,-17.632069134814813,-44.781210353333336,Eolica,0.3884,0.4811,0.1233,0.5298,1.0,4
VARZEA DA PALMA,MG,-17.632069134814813,-44.781210353333336,Biomassa,0.2796,0.562,0.1233,0.0595,0.875,5
VARZEA GRANDE,MT,-15.641521723333334,-56.127643041666666,Solar,0.1834,0.0634,0.194,0.3327,0.875,1
VARZEA GRANDE,MT,-15.641521723333334,-56.127643041666666,Eolica,0.1834,0.0634,0.194,0.3327,0.875,1
VARZEA GRANDE,MT,-15.641521723333334,-56.127643041666666,H2 Verde,0.1692,0.028,0.194,0.3327,0.875,2
VARZEA GRANDE,MT,-15.641521723333334,-56.127643041666666,Biometano,0.1339,0.1892,0.194,,0.5,3
VARZEA GRANDE,MT,-15.641521723333334,-56.127643041666666,Biomassa,0.0946,0.0911,0.194,,0.75,4
VARZEA NOVA,BA,-11.083905617142857,-41.40594050357142,Solar,0.3956,0.556,0.1419,0.4355,1.0,1
VARZEA NOVA,BA,-11.083905617142857,-41.40594050357142,H2 Verde,0.3752,0.505,0.1419,0.4355,1.0,2
VARZEA NOVA,BA,-11.083905617142857,-41.40594050357142,Biometano,0.306,0.6306,0.1419,0.0372,0.625,3
VARZEA NOVA,BA,-11.083905617142857,-41.40594050357142,Eolica,0.2697,0.2413,0.1419,0.4355,1.0,4
VARZEA NOVA,BA,-11.083905617142857,-41.40594050357142,Biomassa,0.2065,0.3819,0.1419,0.0372,0.875,5
VARZEA PAULISTA,SP,-11.60383194,-23.411701755,Biometano,0.326,0.6937,0.1616,0.0,0.625,1
VARZEA PAULISTA,SP,-11.60383194,-23.411701755,H2 Verde,0.3024,0.3478,0.1616,0.3828,1.0,2
VARZEA PAULISTA,SP,-11.60383194,-23.411701755,Biomassa,0.2744,0.5648,0.1616,0.0,0.875,3
VARZEA PAULISTA,SP,-11.60383194,-23.411701755,Solar,0.2616,0.2457,0.1616,0.3828,1.0,4
VARZEA PAULISTA,SP,-11.60383194,-23.411701755,Eolica,0.2559,0.2315,0.1616,0.3828,1.0,5
VENANCIO AIRES,RS,-30.00211194,-52.31698194,Solar,0.4024,0.6276,0.1509,0.3537,1.0,1
VENANCIO AIRES,RS,-30.00211194,-52.31698194,Biometano,0.3984,0.8829,0.1509,0.0,0.625,2
VENANCIO AIRES,RS,-30.00211194,-52.31698194,H2 Verde,0.347,0.4889,0.1509,0.3537,1.0,3
VENANCIO AIRES,RS,-30.00211194,-52.31698194,Eolica,0.2691,0.2943,0.1509,0.3537,1.0,4
VENANCIO AIRES,RS,-30.00211194,-52.31698194,Biomassa,0.2252,0.4499,0.1509,0.0,0.875,5
VENDA NOVA DO IMIGRANTE,ES,-10.18277778,-20.56277778,H2 Verde,0.2231,0.3837,0.1769,0.0551,1.0,1
VENDA NOVA DO IMIGRANTE,ES,-10.18277778,-20.56277778,Solar,0.2126,0.3574,0.1769,0.0551,1.0,2
VENDA NOVA DO IMIGRANTE,ES,-10.18277778,-20.56277778,Biomassa,0.0829,0.0744,0.1769,0.0,0.875,3
VENDA NOVA DO IMIGRANTE,ES,-10.18277778,-20.56277778,Biometano,0.0819,0.0721,0.1769,0.0,0.625,4
VENDA NOVA DO IMIGRANTE,ES,-10.18277778,-20.56277778,Eolica,0.0792,0.024,0.1769,0.0551,1.0,5
VENTUROSA,PE,-8.74242376,-36.74597123666666,Solar,0.2433,0.4169,0.15,0.105,1.0,1
VENTUROSA,PE,-8.74242376,-36.74597123666666,H2 Verde,0.2346,0.3954,0.15,0.105,1.0,2
VENTUROSA,PE,-8.74242376,-36.74597123666666,Biometano,0.1445,0.2432,0.15,0.0075,0.625,3
VENTUROSA,PE,-8.74242376,-36.74597123666666,Eolica,0.1099,0.0836,0.15,0.105,1.0,4
VENTUROSA,PE,-8.74242376,-36.74597123666666,Biomassa,0.1045,0.1431,0.15,0.0075,0.875,5
VERA,MT,-12.394414585,-55.64611096,Eolica,0.1826,0.0638,0.1909,0.3327,0.875,1
VERA,MT,-12.394414585,-55.64611096,Solar,0.1823,0.0631,0.1909,0.3327,0.875,2
VERA,MT,-12.394414585,-55.64611096,H2 Verde,0.1681,0.0277,0.1909,0.3327,0.875,3
VERA,MT,-12.394414585,-55.64611096,Biometano,0.1329,0.1892,0.1909,,0.5,4
VERA,MT,-12.394414585,-55.64611096,Biomassa,0.0936,0.0908,0.1909,,0.75,5
VERANOPOLIS,RS,-28.958555555,-51.504493055,Biometano,0.3986,0.8829,0.1514,0.0,0.625,1
VERANOPOLIS,RS,-28.958555555,-51.504493055,Eolica,0.2708,0.2982,0.1514,0.3537,1.0,2
VERANOPOLIS,RS,-28.958555555,-51.504493055,Solar,0.2693,0.2945,0.1514,0.3537,1.0,3
VERANOPOLIS,RS,-28.958555555,-51.504493055,Biomassa,0.2255,0.4501,0.1514,0.0,0.875,4
VERANOPOLIS,RS,-28.958555555,-51.504493055,H2 Verde,0.2139,0.1558,0.1514,0.3537,1.0,5
VERDELANDIA,MG,-15.420824286923079,-43.684321865641024,Biometano,0.4347,1.0,0.1157,0.0,0.625,1
VERDELANDIA,MG,-15.420824286923079,-43.684321865641024,Eolica,0.3677,0.4576,0.1157,0.5,1.0,2
VERDELANDIA,MG,-15.420824286923079,-43.684321865641024,Solar,0.318,0.3333,0.1157,0.5,1.0,3
VERDELANDIA,MG,-15.420824286923079,-43.684321865641024,H2 Verde,0.2682,0.2087,0.1157,0.5,1.0,4
VERDELANDIA,MG,-15.420824286923079,-43.684321865641024,Biomassa,0.2515,0.5421,0.1157,0.0,0.875,5
VERISSIMO,MG,-19.631411399999998,-48.318888995,Solar,0.4729,0.3335,0.1318,1.0,0.875,1
VERISSIMO,MG,-19.631411399999998,-48.318888995,Eolica,0.4729,0.3335,0.1318,1.0,0.875,1
VERISSIMO,MG,-19.631411399999998,-48.318888995,Biometano,0.4395,1.0,0.1318,,0.5,2
VERISSIMO,MG,-19.631411399999998,-48.318888995,H2 Verde,0.4231,0.2089,0.1318,1.0,0.875,3
VERISSIMO,MG,-19.631411399999998,-48.318888995,Biomassa,0.2564,0.5422,0.1318,,0.75,4
VIAMAO,RS,-30.2189762875,-50.8402881025,Solar,0.3957,0.6258,0.1282,0.3564,1.0,1
VIAMAO,RS,-30.2189762875,-50.8402881025,Biometano,0.3932,0.8829,0.1282,0.0053,0.625,2
VIAMAO,RS,-30.2189762875,-50.8402881025,H2 Verde,0.3402,0.4872,0.1282,0.3564,1.0,3
VIAMAO,RS,-30.2189762875,-50.8402881025,Eolica,0.2638,0.2961,0.1282,0.3564,1.0,4
VIAMAO,RS,-30.2189762875,-50.8402881025,Biomassa,0.2207,0.4517,0.1282,0.0053,0.875,5
VIANA,ES,-20.3938485,-40.454650406666666,H2 Verde,0.1072,0.0567,0.1716,0.1102,0.875,1
VIANA,ES,-20.3938485,-40.454650406666666,Solar,0.0967,0.0303,0.1716,0.1102,0.875,2
VIANA,ES,-20.3938485,-40.454650406666666,Eolica,0.0967,0.0303,0.1716,0.1102,0.875,2
VIANA,ES,-20.3938485,-40.454650406666666,Biomassa,0.0838,0.0807,0.1716,,0.75,3
VIANA,ES,-20.3938485,-40.454650406666666,Biometano,0.0803,0.0721,0.1716,,0.5,4
VICENCIA,PE,-7.65666667,-35.36083333,Biometano,0.127,0.2432,0.099,,0.5,1
VICENCIA,PE,-7.65666667,-35.36083333,Solar,0.1229,0.0812,0.099,0.2024,0.875,2
VICENCIA,PE,-7.65666667,-35.36083333,Eolica,0.1229,0.0812,0.099,0.2024,0.875,2
VICENCIA,PE,-7.65666667,-35.36083333,H2 Verde,0.1143,0.0597,0.099,0.2024,0.875,3
VICENCIA,PE,-7.65666667,-35.36083333,Biomassa,0.086,0.1408,0.099,,0.75,4
VICENTINA,MS,-22.44805556,-54.442125,Solar,0.1559,0.0871,0.1539,0.2495,0.875,1
VICENTINA,MS,-22.44805556,-54.442125,Eolica,0.1559,0.0871,0.1539,0.2495,0.875,1
VICENTINA,MS,-22.44805556,-54.442125,Biometano,0.1507,0.2613,0.1539,,0.5,2
VICENTINA,MS,-22.44805556,-54.442125,H2 Verde,0.1364,0.0385,0.1539,0.2495,0.875,3
VICENTINA,MS,-22.44805556,-54.442125,Biomassa,0.0964,0.1256,0.1539,,0.75,4
VICOSA DO CEARA,CE,-3.4195653425,-41.19897062,Biometano,0.1885,0.3514,0.1599,0.0,0.625,1
VICOSA DO CEARA,CE,-3.4195653425,-41.19897062,Eolica,0.1594,0.1422,0.1599,0.1819,1.0,2
VICOSA DO CEARA,CE,-3.4195653425,-41.19897062,H2 Verde,0.1507,0.1204,0.1599,0.1819,1.0,3
VICOSA DO CEARA,CE,-3.4195653425,-41.19897062,Solar,0.1494,0.1171,0.1599,0.1819,1.0,4
VICOSA DO CEARA,CE,-3.4195653425,-41.19897062,Biomassa,0.143,0.2375,0.1599,0.0,0.875,5
VICTOR GRAEFF,RS,-28.586585755,-52.68562282,Biometano,0.3876,0.8829,0.1147,0.0003,0.625,1
VICTOR GRAEFF,RS,-28.586585755,-52.68562282,Solar,0.3609,0.551,0.1147,0.3539,1.0,2
VICTOR GRAEFF,RS,-28.586585755,-52.68562282,H2 Verde,0.3055,0.4123,0.1147,0.3539,1.0,3
VICTOR GRAEFF,RS,-28.586585755,-52.68562282,Eolica,0.2583,0.2944,0.1147,0.3539,1.0,4
VICTOR GRAEFF,RS,-28.586585755,-52.68562282,Biomassa,0.2145,0.45,0.1147,0.0003,0.875,5
VIDEIRA,SC,-23.148969128571427,-43.82909520142857,Solar,0.2552,0.3607,0.1811,0.1886,1.0,1
VIDEIRA,SC,-23.148969128571427,-43.82909520142857,H2 Verde,0.2475,0.3416,0.1811,0.1886,1.0,2
VIDEIRA,SC,-23.148969128571427,-43.82909520142857,Biometano,0.2202,0.4144,0.1811,0.0004,0.625,3
VIDEIRA,SC,-23.148969128571427,-43.82909520142857,Eolica,0.1662,0.1384,0.1811,0.1886,1.0,4
VIDEIRA,SC,-23.148969128571427,-43.82909520142857,Biomassa,0.1574,0.2573,0.1811,0.0004,0.875,5
VILA BITTENCOURT,AM,-1.39138889,-69.42416667,H2 Verde,0.0602,0.031,,0.1593,0.5,1
VILA BITTENCOURT,AM,-1.39138889,-69.42416667,Solar,0.055,0.018,,0.1593,0.5,2
VILA BITTENCOURT,AM,-1.39138889,-69.42416667,Eolica,0.055,0.018,,0.1593,0.5,2
VILA BITTENCOURT,AM,-1.39138889,-69.42416667,Biometano,0.0216,0.0541,,,0.125,3
VILA BITTENCOURT,AM,-1.39138889,-69.42416667,Biomassa,0.0196,0.049,,,0.375,4
VILA PROPICIO,GO,-15.023431409230769,-48.84721602461538,Solar,0.2737,0.4428,0.1686,0.1533,1.0,1
VILA PROPICIO,GO,-15.023431409230769,-48.84721602461538,H2 Verde,0.2687,0.4303,0.1686,0.1533,1.0,2
VILA PROPICIO,GO,-15.023431409230769,-48.84721602461538,Biometano,0.1788,0.2973,0.1686,0.0311,0.625,3
VILA PROPICIO,GO,-15.023431409230769,-48.84721602461538,Eolica,0.1493,0.1319,0.1686,0.1533,1.0,4
VILA PROPICIO,GO,-15.023431409230769,-48.84721602461538,Biomassa,0.1384,0.1961,0.1686,0.0311,0.875,5
VILA VELHA,ES,-17.80697303,-35.27049256125,H2 Verde,0.1035,0.077,0.1873,0.0551,1.0,1
VILA VELHA,ES,-17.80697303,-35.27049256125,Solar,0.093,0.0506,0.1873,0.0551,1.0,2
VILA VELHA,ES,-17.80697303,-35.27049256125,Biomassa,0.0861,0.0747,0.1873,0.0001,0.875,3
VILA VELHA,ES,-17.80697303,-35.27049256125,Biometano,0.085,0.0721,0.1873,0.0001,0.625,4
VILA VELHA,ES,-17.80697303,-35.27049256125,Eolica,0.0824,0.0243,0.1873,0.0551,1.0,5
VILHENA,RO,-11.705205399166667,-55.23910252666667,H2 Verde,0.1732,0.2313,0.2002,0.0688,1.0,1
VILHENA,RO,-11.705205399166667,-55.23910252666667,Solar,0.163,0.2058,0.2002,0.0688,1.0,2
VILHENA,RO,-11.705205399166667,-55.23910252666667,Biometano,0.1076,0.1171,0.2002,0.0023,0.625,3
VILHENA,RO,-11.705205399166667,-55.23910252666667,Biomassa,0.1028,0.1051,0.2002,0.0023,0.875,4
VILHENA,RO,-11.705205399166667,-55.23910252666667,Eolica,0.0978,0.0428,0.2002,0.0688,1.0,5
VIRGEM DA LAPA,MG,-16.768936388,-42.206206388,Biometano,0.4304,1.0,0.1012,0.0,0.625,1
VIRGEM DA LAPA,MG,-16.768936388,-42.206206388,Eolica,0.3226,0.3557,0.1012,0.5,1.0,2
VIRGEM DA LAPA,MG,-16.768936388,-42.206206388,Solar,0.3137,0.3333,0.1012,0.5,1.0,3
VIRGEM DA LAPA,MG,-16.768936388,-42.206206388,H2 Verde,0.2638,0.2087,0.1012,0.5,1.0,4
VIRGEM DA LAPA,MG,-16.768936388,-42.206206388,Biomassa,0.2472,0.5421,0.1012,0.0,0.875,5
VIRMOND,PR,-25.489102250000002,-52.242948,Solar,0.3054,0.5137,0.126,0.2072,1.0,1
VIRMOND,PR,-25.489102250000002,-52.242948,H2 Verde,0.2737,0.4344,0.126,0.2072,1.0,2
VIRMOND,PR,-25.489102250000002,-52.242948,Biometano,0.2542,0.5405,0.126,0.0005,0.625,3
VIRMOND,PR,-25.489102250000002,-52.242948,Eolica,0.1721,0.1804,0.126,0.2072,1.0,4
VIRMOND,PR,-25.489102250000002,-52.242948,Biomassa,0.1505,0.2813,0.126,0.0005,0.875,5
VISTA ALEGRE DO ALTO,SP,-21.18146967,-48.64470455,H2 Verde,0.4174,0.3349,0.1791,0.7655,0.875,1
VISTA ALEGRE DO ALTO,SP,-21.18146967,-48.64470455,Solar,0.3765,0.2328,0.1791,0.7655,0.875,2
VISTA ALEGRE DO ALTO,SP,-21.18146967,-48.64470455,Eolica,0.3765,0.2328,0.1791,0.7655,0.875,2
VISTA ALEGRE DO ALTO,SP,-21.18146967,-48.64470455,Biometano,0.3312,0.6937,0.1791,,0.5,3
VISTA ALEGRE DO ALTO,SP,-21.18146967,-48.64470455,Biomassa,0.2802,0.5662,0.1791,,0.75,4
VISTA ALEGRE DO PRATA,RS,-28.81305556,-51.73777778,Solar,0.3993,0.6277,0.1403,0.3538,1.0,1
VISTA ALEGRE DO PRATA,RS,-28.81305556,-51.73777778,Biometano,0.3953,0.8829,0.1403,0.0002,0.625,2
VISTA ALEGRE DO PRATA,RS,-28.81305556,-51.73777778,H2 Verde,0.3438,0.489,0.1403,0.3538,1.0,3
VISTA ALEGRE DO PRATA,RS,-28.81305556,-51.73777778,Eolica,0.266,0.2944,0.1403,0.3538,1.0,4
VISTA ALEGRE DO PRATA,RS,-28.81305556,-51.73777778,Biomassa,0.2221,0.45,0.1403,0.0002,0.875,5
VITORIA,ES,-20.275379286363634,-40.27643375,H2 Verde,0.0857,0.0551,0.1572,0.0551,1.0,1
VITORIA,ES,-20.275379286363634,-40.27643375,Biomassa,0.0771,0.0748,0.1572,0.0,0.875,2
VITORIA,ES,-20.275379286363634,-40.27643375,Biometano,0.076,0.0721,0.1572,0.0,0.625,3
VITORIA,ES,-20.275379286363634,-40.27643375,Solar,0.0752,0.0287,0.1572,0.0551,1.0,4
VITORIA,ES,-20.275379286363634,-40.27643375,Eolica,0.0735,0.0244,0.1572,0.0551,1.0,5
VITORIA DA CONQUISTA,BA,-14.8549652775,-40.82704166,Biometano,0.3123,0.6306,0.2001,0.0002,0.625,1
VITORIA DA CONQUISTA,BA,-14.8549652775,-40.82704166,Solar,0.3058,0.3016,0.2001,0.4169,1.0,2
VITORIA DA CONQUISTA,BA,-14.8549652775,-40.82704166,H2 Verde,0.2854,0.2507,0.2001,0.4169,1.0,3
VITORIA DA CONQUISTA,BA,-14.8549652775,-40.82704166,Eolica,0.2693,0.2104,0.2001,0.4169,1.0,4
VITORIA DA CONQUISTA,BA,-14.8549652775,-40.82704166,Biomassa,0.2079,0.3697,0.2001,0.0002,0.875,5
VITORIA DE SANTO ANTAO,PE,-8.158044635,-35.288642242499996,Biometano,0.1437,0.2432,0.1546,0.0,0.625,1
VITORIA DE SANTO ANTAO,PE,-8.158044635,-35.288642242499996,Solar,0.111,0.0858,0.1546,0.1012,1.0,2
VITORIA DE SANTO ANTAO,PE,-8.158044635,-35.288642242499996,Eolica,0.1095,0.082,0.1546,0.1012,1.0,3
VITORIA DE SANTO ANTAO,PE,-8.158044635,-35.288642242499996,Biomassa,0.103,0.1415,0.1546,0.0,0.875,4
VITORIA DE SANTO ANTAO,PE,-8.158044635,-35.288642242499996,H2 Verde,0.1024,0.0642,0.1546,0.1012,1.0,5
VOLTA GRANDE,MG,-14.515135813333336,-28.350281516666666,Biometano,0.4311,1.0,0.1037,0.0001,0.625,1
VOLTA GRANDE,MG,-14.515135813333336,-28.350281516666666,Solar,0.3433,0.4054,0.1037,0.5,1.0,2
VOLTA GRANDE,MG,-14.515135813333336,-28.350281516666666,Eolica,0.3146,0.3337,0.1037,0.5,1.0,3
VOLTA GRANDE,MG,-14.515135813333336,-28.350281516666666,H2 Verde,0.2934,0.2808,0.1037,0.5,1.0,4
VOLTA GRANDE,MG,-14.515135813333336,-28.350281516666666,Biomassa,0.248,0.5422,0.1037,0.0001,0.875,5
VOLTA REDONDA,RJ,-22.5185763625,-44.10525686,H2 Verde,0.1542,0.1162,0.1527,0.2064,0.875,1
VOLTA REDONDA,RJ,-22.5185763625,-44.10525686,Solar,0.1365,0.072,0.1527,0.2064,0.875,2
VOLTA REDONDA,RJ,-22.5185763625,-44.10525686,Eolica,0.1365,0.072,0.1527,0.2064,0.875,2
VOLTA REDONDA,RJ,-22.5185763625,-44.10525686,Biometano,0.1251,0.1982,0.1527,,0.5,3
VOLTA REDONDA,RJ,-22.5185763625,-44.10525686,Biomassa,0.1187,0.1823,0.1527,,0.75,4
VOTORANTIM,SP,-23.61203363,-47.39716291,H2 Verde,0.4381,0.6683,0.184,0.3852,1.0,1
VOTORANTIM,SP,-23.61203363,-47.39716291,Solar,0.3972,0.5662,0.184,0.3852,1.0,2
VOTORANTIM,SP,-23.61203363,-47.39716291,Biometano,0.3341,0.6937,0.184,0.0049,0.625,3
VOTORANTIM,SP,-23.61203363,-47.39716291,Biomassa,0.2831,0.5662,0.184,0.0049,0.875,4
VOTORANTIM,SP,-23.61203363,-47.39716291,Eolica,0.2639,0.2329,0.184,0.3852,1.0,5
WANDERLANDIA,TO,-6.78194444,-48.15083333,Solar,0.2035,0.3694,0.1262,0.0597,1.0,1
WANDERLANDIA,TO,-6.78194444,-48.15083333,H2 Verde,0.2009,0.3628,0.1262,0.0597,1.0,2
WANDERLANDIA,TO,-6.78194444,-48.15083333,Biometano,0.0812,0.1081,0.1262,0.0002,0.625,3
WANDERLANDIA,TO,-6.78194444,-48.15083333,Eolica,0.0702,0.0361,0.1262,0.0597,1.0,4
WANDERLANDIA,TO,-6.78194444,-48.15083333,Biomassa,0.0641,0.0656,0.1262,0.0002,0.875,5
WENCESLAU BRAZ,MG,-22.54765833,-45.36185,Solar,0.4517,0.6668,0.1165,0.5001,1.0,1
WENCESLAU BRAZ,MG,-22.54765833,-45.36185,Biometano,0.435,1.0,0.1165,0.0003,0.625,2
WENCESLAU BRAZ,MG,-22.54765833,-45.36185,H2 Verde,0.4018,0.5422,0.1165,0.5001,1.0,3
WENCESLAU BRAZ,MG,-22.54765833,-45.36185,Eolica,0.3184,0.3334,0.1165,0.5001,1.0,4
WENCESLAU BRAZ,MG,-22.54765833,-45.36185,Biomassa,0.2519,0.5422,0.1165,0.0003,0.875,5
XANGRI-LA,RS,-29.77275779,-50.08010638,Solar,0.421,0.6286,0.21,0.3551,1.0,1
XANGRI-LA,RS,-29.77275779,-50.08010638,Biometano,0.417,0.8829,0.21,0.0028,0.625,2
XANGRI-LA,RS,-29.77275779,-50.08010638,H2 Verde,0.3655,0.4899,0.21,0.3551,1.0,3
XANGRI-LA,RS,-29.77275779,-50.08010638,Eolica,0.2876,0.2952,0.21,0.3551,1.0,4
XANGRI-LA,RS,-29.77275779,-50.08010638,Biomassa,0.2442,0.4508,0.21,0.0028,0.875,5
XANXERE,SC,-22.394882760833337,-43.69173786416667,Solar,0.2966,0.465,0.1794,0.1894,1.0,1
XANXERE,SC,-22.394882760833337,-43.69173786416667,H2 Verde,0.289,0.4459,0.1794,0.1894,1.0,2
XANXERE,SC,-22.394882760833337,-43.69173786416667,Biometano,0.2202,0.4144,0.1794,0.002,0.625,3
XANXERE,SC,-22.394882760833337,-43.69173786416667,Eolica,0.1669,0.1407,0.1794,0.1894,1.0,4
XANXERE,SC,-22.394882760833337,-43.69173786416667,Biomassa,0.1575,0.2578,0.1794,0.002,0.875,5
XAVANTINA,SC,-26.94483611,-52.26243611,Biometano,0.1973,0.4144,0.1052,0.0,0.625,1
XAVANTINA,SC,-26.94483611,-52.26243611,Eolica,0.1435,0.1386,0.1052,0.1884,1.0,2
XAVANTINA,SC,-26.94483611,-52.26243611,Solar,0.1433,0.1381,0.1052,0.1884,1.0,3
XAVANTINA,SC,-26.94483611,-52.26243611,H2 Verde,0.1357,0.119,0.1052,0.1884,1.0,4
XAVANTINA,SC,-26.94483611,-52.26243611,Biomassa,0.1344,0.2571,0.1052,0.0,0.875,5
XAXIM,SC,-17.971449815,-35.07682955833334,Solar,0.2553,0.3513,0.1939,0.1886,1.0,1
XAXIM,SC,-17.971449815,-35.07682955833334,H2 Verde,0.2476,0.3322,0.1939,0.1886,1.0,2
XAXIM,SC,-17.971449815,-35.07682955833334,Biometano,0.2241,0.4144,0.1939,0.0004,0.625,3
XAXIM,SC,-17.971449815,-35.07682955833334,Eolica,0.1701,0.1384,0.1939,0.1886,1.0,4
XAXIM,SC,-17.971449815,-35.07682955833334,Biomassa,0.1612,0.2573,0.1939,0.0004,0.875,5
XIQUE-XIQUE,BA,-10.95625016074074,-42.59525803333333,Solar,0.3964,0.559,0.1359,0.4401,1.0,1
XIQUE-XIQUE,BA,-10.95625016074074,-42.59525803333333,H2 Verde,0.376,0.5081,0.1359,0.4401,1.0,2
XIQUE-XIQUE,BA,-10.95625016074074,-42.59525803333333,Biometano,0.307,0.6306,0.1359,0.0465,0.625,3
XIQUE-XIQUE,BA,-10.95625016074074,-42.59525803333333,Eolica,0.2868,0.2851,0.1359,0.4401,1.0,4
XIQUE-XIQUE,BA,-10.95625016074074,-42.59525803333333,Biomassa,0.2087,0.385,0.1359,0.0465,0.875,5
