municipio,uf,lat,lon,fonte,score,eco_score,soc_score,env_score,rank
ALTAMIRA,PA,-5.023673676666667,-53.00614857,H2 Verde,0.6094,0.8109,0.2503,0.6999,1
TUCURUI,PA,-3.86946570517934,-49.792045395078915,H2 Verde,0.54,0.7304,0.2471,0.5792,1
MURIAE,MG,-21.060958478,-42.39754465,Solar,0.5293,0.6653,0.3754,0.5019,1
CARATINGA,MG,-19.756808033333332,-42.030457866666666,Solar,0.5283,0.6626,0.3755,0.5018,1
PARACATU,MG,-17.20573228102564,-46.89370004435897,Solar,0.5244,0.7006,0.2534,0.5603,1
VARGINHA,MG,-21.581377504444443,-45.44940020111111,Solar,0.5242,0.6525,0.3758,0.5014,1
ITURAMA,MG,-19.745739917999998,-50.294712518,Solar,0.5234,0.6991,0.2504,0.562,1
POCOS DE CALDAS,MG,-21.782359732499998,-46.58448329083333,Solar,0.5186,0.6384,0.3761,0.5015,1
ARAPORA,MG,-18.432366655,-49.15421691,Solar,0.5041,0.722,0.1252,0.5925,1
ARAGUARI,MG,-18.669338192857143,-48.20444323142857,Solar,0.5,0.6719,0.2506,0.5202,1
RAUL SOARES,MG,-20.1033762475,-42.418441135,Solar,0.4924,0.6674,0.2503,0.5011,1
MANHUACU,MG,-20.230407745,-42.0214187825,Solar,0.4921,0.667,0.2504,0.5006,1
FRONTEIRA,MG,-20.30332534,-49.20185046,Solar,0.4903,0.7088,0.1252,0.564,1
JAIBA,MG,-15.351232854814816,-43.72723194944444,Solar,0.4868,0.6981,0.1284,0.5635,1
UNAI,MG,-16.208315875,-46.826181434999995,Solar,0.4851,0.6492,0.2504,0.5012,1
SACRAMENTO,MG,-19.823604473333333,-47.476239,Solar,0.4833,0.6445,0.2505,0.5011,1
FOZ DO IGUACU,PR,-25.517906576666665,-54.55351852333333,Solar,0.4813,0.7209,0.1253,0.5179,1
UBERLANDIA,MG,-18.967014059375,-48.270769658958336,Solar,0.4805,0.4471,0.5042,0.5013,1
PIRAPORA,MG,-17.369890035294116,-44.887712044705886,Solar,0.4754,0.6908,0.127,0.5366,1
BENTO GONCALVES,RS,-29.111261316666667,-51.53244263166667,Solar,0.4752,0.6335,0.3755,0.364,1
NOVA LIMA,MG,-20.091597226666668,-43.891499038333336,Solar,0.4744,0.6223,0.2511,0.5006,1
RIO GRANDE,RS,-31.909793738,-52.273827522000005,Solar,0.4738,0.6311,0.3763,0.3614,1
VARZEA DA PALMA,MG,-17.632069134814813,-44.781210353333336,Solar,0.471,0.6853,0.1264,0.5298,1
JANAUBA,MG,-15.898611758437498,-43.46858296916667,Solar,0.4708,0.729,0.0039,0.5935,1
SELVIRIA,SP,-20.38333333,-51.36653361,H2 Verde,0.4682,0.7687,0.0001,0.5358,1
NOVA PONTE,MG,-19.31395766,-47.711955245,Solar,0.4671,0.6818,0.1252,0.5227,1
TRES MARIAS,MG,-18.201855553333335,-45.14347962666667,Solar,0.4642,0.6784,0.1251,0.5176,1
ALEM PARAIBA,MG,-21.904356399999998,-42.74859087,Solar,0.4625,0.6764,0.1252,0.5148,1
CAXIAS DO SUL,RS,-29.1207864395,-51.136910936,Solar,0.4616,0.6042,0.3768,0.3563,1
ARINOS,MG,-15.693600048230088,-46.00278102707964,Solar,0.4603,0.7169,0.0032,0.5753,1
ANTONIO DIAS,MG,-19.62483794,-42.85895077333333,Solar,0.46,0.6734,0.1253,0.5101,1
SAO JOSE DO RIO PARDO,SP,-21.605273758333336,-46.874370148333334,H2 Verde,0.4596,0.6686,0.2505,0.39,1
ACUCENA,MG,-19.00107167,-42.55934727666667,Solar,0.458,0.6711,0.1253,0.5066,1
FRANCISCO SA,MG,-16.4726483095,-43.566257309,Solar,0.4567,0.6696,0.1253,0.5044,1
COROMANDEL,MG,-18.442309256666665,-47.015917519999995,Solar,0.4558,0.6685,0.1253,0.5027,1
LEOPOLDINA,MG,-21.477469194999998,-42.845181260000004,Solar,0.455,0.6676,0.1252,0.5013,1
SAO GONCALO DO ABAETE,MG,-18.203887265,-45.296110221250004,Solar,0.4549,0.666,0.1256,0.5027,1
GUARACIABA,MG,-20.552259395,-42.989883455,Solar,0.4547,0.6672,0.1252,0.5008,1
SAO GONCALO DO RIO ABAIXO,MG,-19.85326664,-43.316676425,Solar,0.4547,0.6673,0.1252,0.5009,1
SANTANA DO RIACHO,MG,-19.213765445,-43.63873762,Solar,0.4545,0.667,0.1252,0.5005,1
CHALE,MG,-20.01318799,-41.72894881,Solar,0.4545,0.667,0.1252,0.5005,1
GUANHAES,MG,-18.84168627,-42.753810765,Solar,0.4545,0.667,0.1252,0.5004,1
PASSA TEMPO,MG,-20.55375,-44.55027778,Solar,0.4545,0.667,0.1252,0.5004,1
CURVELO,MG,-18.816106723333334,-44.54683843,Solar,0.4544,0.6643,0.1253,0.5037,1
SANTA RITA DE JACUTINGA,MG,-22.15958734,-44.10392639,Solar,0.4544,0.6668,0.1252,0.5003,1
BURITIZEIRO,MG,-17.2387053944086,-45.12671758849462,Eolica,0.4543,0.6667,0.1255,0.5,1
GOUVEIA,MG,-4.65963541,-10.99134983,Solar,0.4543,0.6668,0.1251,0.5002,1
BAEPENDI,MG,-22.023840325000002,-44.831800387499996,Solar,0.4543,0.6668,0.1254,0.5001,1
LASSANCE,MG,-17.832858355,-44.761343117500004,Solar,0.4543,0.6668,0.1251,0.5002,1
PONTE NOVA,MG,-20.403531775,-42.96332415,Solar,0.4543,0.6668,0.1251,0.5001,1
CAMBUI,MG,-11.28125,-23.044166665,Solar,0.4543,0.6667,0.1252,0.5001,1
BURITIZEIRO,MG,-17.2387053944086,-45.12671758849462,Solar,0.4543,0.6667,0.1255,0.5,1
ITABIRITO,MG,-20.234304381999998,-43.82404036,Solar,0.4526,0.5682,0.2504,0.5005,1
MONTES CLAROS,MG,-16.775598192941178,-43.95845184823529,Solar,0.4511,0.6554,0.126,0.5038,1
JOAO MONLEVADE,MG,-19.832500000000003,-43.149305555,Solar,0.4499,0.6555,0.1252,0.5004,1
PEDREIRA,SP,-22.76780959,-46.904321759999995,H2 Verde,0.4495,0.6485,0.2503,0.3833,1
ITAJUBA,MG,-14.939982568333333,-30.294875898333334,Solar,0.4484,0.5579,0.2505,0.5001,1
IJUI,RS,-28.358580424285716,-53.86577747285714,Solar,0.4479,0.5716,0.3756,0.3551,1
PERDIZES,MG,-19.408338084999997,-47.343370144999994,Solar,0.4477,0.6503,0.1252,0.5001,1
SAO JOAO BATISTA DO GLORIA,MG,-20.66920345,-46.31825382,Solar,0.4473,0.7027,0.0001,0.554,1
ARCEBURGO,MG,-21.391179898,-46.926690367999996,Solar,0.4472,0.555,0.2504,0.5001,1
CATALAO,MG,-18.45234934,-47.98477771,Solar,0.4467,0.702,0.0001,0.553,1
SOBRADINHO,BA,-7.9611347299999995,-34.063431195,Solar,0.4462,0.5771,0.2504,0.4672,1
SAO GOTARDO,MG,-19.2601715,-46.074350609999996,Solar,0.4428,0.638,0.1252,0.5,1
PORTO VELHO,RO,-7.581453024736843,-55.56605993210526,H2 Verde,0.4426,0.6158,0.2517,0.4025,1
DELMIRO GOUVEIA,BA,-9.40167063,-38.2037860175,Solar,0.4403,0.6585,0.0004,0.5892,1
MORRO DO CHAPEU,BA,-11.160771500307693,-41.344217818153844,Solar,0.4397,0.6121,0.1299,0.5197,1
ITAUNA,MG,-20.055692895555556,-44.582328814444445,Solar,0.4378,0.5312,0.2507,0.5003,1
SANTA MARIA DE ITABIRA,MG,-19.434810669999997,-43.152767125,Solar,0.4369,0.6234,0.1252,0.5001,1
JULIO DE CASTILHOS,RS,-25.081726252857145,-46.014809312857146,Solar,0.4344,0.6301,0.2506,0.3574,1
NONOAI,RS,-27.384433751666666,-52.792336516666666,Solar,0.4327,0.628,0.2505,0.3543,1
SAO FRANCISCO DE PAULA,RS,-23.370849992,-40.59242012,Solar,0.4326,0.628,0.2504,0.3543,1
ALVINOPOLIS,MG,-20.156862489999998,-42.93111353,Solar,0.429,0.6036,0.1253,0.5001,1
BARREIRAS,BA,-11.94888514986111,-44.287995914305554,Solar,0.4288,0.556,0.2514,0.4367,1
DELFINOPOLIS,MG,-20.28626109,-47.06438589,Solar,0.4287,0.6808,0.0001,0.5211,1
OLIVEIRA,MG,-20.729097545,-44.770424840000004,Solar,0.4284,0.6019,0.1254,0.5001,1
SANTO ANTONIO DO MONTE,MG,-20.06787962,-45.24622368,Solar,0.4284,0.6022,0.1252,0.5,1
ANDRADINA,SP,-20.7741349,-51.30561442333334,H2 Verde,0.428,0.662,0.1253,0.4186,1
BERILO,MG,-16.73805556,-42.57472222,Solar,0.4267,0.6785,0.0001,0.5177,1
BURITAMA,SP,-21.11121953,-50.215638584999994,H2 Verde,0.4262,0.6729,0.1252,0.3982,1
ARAXA,MG,-19.619812335000002,-46.959667813571436,Solar,0.4257,0.5917,0.1262,0.504,1
SAO JOAO DEL REI,MG,-21.169572074999998,-44.276621875000004,Solar,0.4252,0.5941,0.1252,0.5,1
BAIXO GUANDU,MG,-19.45714111,-41.09797972,Solar,0.425,0.6764,0.0001,0.5147,1
PLANURA,MG,-20.124167,-48.571944,Solar,0.4247,0.6761,0.0001,0.5142,1
INDIANOPOLIS,MG,-18.873724715,-47.97956756,Solar,0.4226,0.5741,0.1252,0.5181,1
BORACEIA,SP,-22.173269554999997,-48.76585903,H2 Verde,0.4222,0.6698,0.1252,0.3891,1
CANDIDO MOTA,SP,-22.91138889,-50.424027775,H2 Verde,0.4212,0.6692,0.1252,0.3865,1
BOM SUCESSO,MG,-21.14294206,-45.03614405,Solar,0.4212,0.672,0.0001,0.508,1
DIVINOPOLIS,MG,-20.13022497772727,-44.890226421363636,Solar,0.4211,0.4884,0.2519,0.5007,1
CRISTALINA,MG,-16.778138315,-47.406388365,Solar,0.4207,0.6713,0.0002,0.507,1
TRES LAGOAS,SP,-20.775833,-51.626667,H2 Verde,0.4206,0.7126,0.0001,0.4517,1
PASSA QUATRO,MG,-22.38139058333333,-44.942684740000004,Solar,0.4205,0.4885,0.2503,0.5,1
ANAURILANDIA,SP,-22.47567361,-52.958685,H2 Verde,0.4203,0.7123,0.0001,0.4512,1
ALPERCATA,MG,-19.02156872,-42.12489562,Solar,0.4202,0.6708,0.0001,0.5062,1
PIRAPORA DO BOM JESUS,SP,-23.387213135,-47.012298465,H2 Verde,0.4202,0.6681,0.1252,0.3849,1
RIO DOCE,MG,-20.20742219,-42.85499938,Solar,0.4202,0.6708,0.0001,0.5062,1
SENTO SE,BA,-9.886248304259258,-39.52965902203704,Solar,0.4196,0.5884,0.1301,0.4841,1
SANDOVALINA,SP,-22.544978275,-51.909558865,H2 Verde,0.4193,0.6498,0.1252,0.4061,1
BRAUNAS,MG,-19.16527776,-42.77504028,Solar,0.4193,0.6697,0.0001,0.5045,1
ITUTINGA,MG,-21.308729319999998,-44.620608454999996,Solar,0.4192,0.6696,0.0002,0.5044,1
BERTIOGA,SP,-23.752198364999998,-46.078856834999996,H2 Verde,0.4191,0.6662,0.1252,0.3834,1
JABOTICATUBAS,MG,-19.386193055,-43.819930555,Solar,0.419,0.6693,0.0002,0.504,1
SAO DESIDERIO,BA,-12.55644061,-45.282870278000004,Solar,0.4186,0.5447,0.2504,0.4186,1
GUIMARANIA,MG,-18.820522680000003,-46.682456975,Solar,0.4184,0.6686,0.0002,0.5029,1
BELMIRO BRAGA,MG,-21.9792544,-43.36307658,Solar,0.4182,0.6684,0.0001,0.5027,1
MUCURI,MG,-17.89615334,-40.20182371,Solar,0.4182,0.6684,0.0001,0.5027,1
DORES DE GUANHAES,MG,-19.048584425,-42.903239705000004,Solar,0.4182,0.6684,0.0004,0.5026,1
RECREIO,MG,-21.45014185,-42.40463836,Solar,0.4177,0.6678,0.0001,0.5017,1
JUQUITIBA,SP,-23.938019825,-47.105721015,H2 Verde,0.4176,0.662,0.1252,0.3841,1
ASTOLFO DUTRA,MG,-21.30883909,-42.92876564,Solar,0.4175,0.6676,0.0002,0.5014,1
ALVARENGA,MG,-19.43687973,-41.61439138,Solar,0.4174,0.6675,0.0001,0.5012,1
DIAMANTINA,MG,-18.36289722,-43.95995556,Solar,0.4174,0.6676,0.0001,0.5013,1
POCO FUNDO,MG,-21.80673056,-46.13504639,Solar,0.4174,0.6676,0.0001,0.5013,1
CABECEIRA GRANDE,MG,-16.19211806,-47.17349278,Solar,0.4173,0.6674,0.0001,0.5011,1
OURINHOS,SP,-18.398179388,-39.870771556,H2 Verde,0.4173,0.5667,0.2504,0.3849,1
DESCOBERTO,MG,-21.37404851,-42.99378205,Solar,0.4173,0.6674,0.0001,0.5011,1
COMENDADOR LEVY GASPARIAN,MG,-22.007083335,-43.294722225,Solar,0.4172,0.6672,0.0001,0.5008,1
CARLOS CHAGAS,MG,-17.59509393,-40.98612175,Solar,0.4172,0.6672,0.0001,0.5008,1
FREI INOCENCIO,MG,-18.59989761,-41.8483167,Solar,0.4172,0.6673,0.0001,0.5009,1
GENTIO DO OURO,BA,-11.307817170945947,-42.60843793878378,Solar,0.4172,0.586,0.1289,0.4804,1
MONTE ALEGRE DE MINAS,MG,-18.68833333,-49.00916667,Solar,0.4172,0.6673,0.0001,0.501,1
CARANGOLA,MG,-20.70180059,-42.06403008,Solar,0.4171,0.6671,0.0001,0.5007,1
MARIANA,MG,-20.407719104999998,-43.242599854999995,Solar,0.4171,0.6671,0.0002,0.5007,1
ABRE CAMPO,MG,-20.18288989,-42.36562922,Solar,0.4171,0.6671,0.0001,0.5007,1
PIAU,MG,-21.48916667,-43.40222222,Solar,0.4171,0.6672,0.0001,0.5008,1
GUARANI,MG,-21.34503536,-42.97078418,Solar,0.417,0.667,0.0001,0.5006,1
RIO PRETO,MG,-22.03339237,-43.78258769,Solar,0.417,0.667,0.0001,0.5005,1
IPANEMA,MG,-19.83280985,-41.80073073,Solar,0.4169,0.6669,0.0001,0.5003,1
JANUARIA,MG,-15.49278056,-44.39271389,Solar,0.4169,0.6669,0.0001,0.5004,1
DELFIM MOREIRA,MG,-22.49360887,-45.33001027,Solar,0.4169,0.667,0.0001,0.5004,1
ITACARAMBI,MG,-15.128055555,-44.136666665,Solar,0.4169,0.6669,0.0002,0.5003,1
ERVALIA,MG,-20.90705556,-42.66161111,Solar,0.4169,0.6669,0.0001,0.5003,1
BONFIM,MG,-20.37632111,-44.19165875,Solar,0.4169,0.6669,0.0002,0.5003,1
SANTOS DUMONT,MG,-21.485233565,-43.4586823,Solar,0.4169,0.6669,0.0002,0.5003,1
COROACI,MG,-18.71899192,-42.26287429,Solar,0.4169,0.6669,0.0001,0.5004,1
CONCEICAO DE IPANEMA,MG,-19.98666667,-41.71916667,Solar,0.4169,0.6669,0.0001,0.5003,1
PIRANGUCU,MG,-22.60083336,-45.54748278,Solar,0.4169,0.6669,0.0001,0.5003,1
CARMO DO CAJURU,MG,-20.23865167,-44.75417872,Solar,0.4169,0.6669,0.0001,0.5003,1
SERRANIA,MG,-21.55280972,-46.111322224999995,Solar,0.4168,0.6667,0.0002,0.5001,1
SIMONESIA,MG,-19.99861111,-41.99805556,Solar,0.4168,0.6668,0.0001,0.5001,1
BOM JESUS DO GALHO,MG,-19.82634705,-42.317534466666665,Solar,0.4168,0.6668,0.0003,0.5002,1
BUENO BRANDAO,MG,-22.572062705,-46.41087938,Solar,0.4168,0.6667,0.0002,0.5001,1
INHAPIM,MG,-19.53593671,-42.12563117,Solar,0.4168,0.6668,0.0001,0.5003,1
TOMBOS,MG,-20.91452778,-42.02694444,Solar,0.4168,0.6668,0.0001,0.5001,1
SAO FRANCISCO DO GLORIA,MG,-20.82687276,-42.326384094999995,Solar,0.4168,0.6668,0.0002,0.5002,1
BARBACENA,MG,-21.25765586,-43.89021583,Solar,0.4168,0.6668,0.0002,0.5002,1
WENCESLAU BRAZ,MG,-22.54765833,-45.36185,Solar,0.4168,0.6668,0.0001,0.5001,1
TAQUARACU DE MINAS,MG,-19.64922958,-43.69183871,Solar,0.4168,0.6668,0.0001,0.5001,1
JECEABA,MG,-20.50666667,-43.98611111,Solar,0.4168,0.6667,0.0001,0.5001,1
CARVALHOS,MG,-21.956342735,-44.51615675,Solar,0.4168,0.6667,0.0002,0.5001,1
CAMPESTRE,MG,-21.78226346,-46.150401474999995,Solar,0.4168,0.6667,0.0002,0.5001,1
LIMA DUARTE,MG,-21.85123956,-43.89017665,Solar,0.4168,0.6667,0.0001,0.5001,1
LIBERDADE,MG,-21.997700926666667,-44.385946293333326,Solar,0.4168,0.6667,0.0003,0.5001,1
RIO CASCA,MG,-20.27679722,-42.65151944,Solar,0.4168,0.6668,0.0001,0.5001,1
RIO POMBA,MG,-21.2993535,-43.20857571,Solar,0.4168,0.6668,0.0001,0.5002,1
CORONEL XAVIER CHAVES,MG,-21.05555555,-44.20944445,Solar,0.4168,0.6668,0.0001,0.5002,1
MATIAS BARBOSA,MG,-21.84467144,-43.33947619,Solar,0.4168,0.6668,0.0001,0.5002,1
MIRADOURO,MG,-20.835694445,-42.359305555,Solar,0.4168,0.6667,0.0002,0.5001,1
OURO PRETO,MG,-20.47727223,-43.44662222,Solar,0.4168,0.6668,0.0001,0.5002,1
DURANDE,MG,-20.10611109,-41.771805580000006,Solar,0.4168,0.6667,0.0002,0.5001,1
SANTA BARBARA DO MONTE VERDE,MG,-22.02851389,-43.748105,Solar,0.4168,0.6668,0.0001,0.5001,1
CRISTINA,MG,-22.16218821,-45.27746806,Solar,0.4168,0.6668,0.0001,0.5002,1
ITAU DE MINAS,MG,-20.80722222,-46.70888889,Solar,0.4168,0.6668,0.0001,0.5001,1
CENTRALINA,MG,-18.52531057,-49.21532289,Solar,0.4167,0.6667,0.0001,0.5,1
CARMO DE MINAS,MG,-22.08575833,-45.16913611,Solar,0.4167,0.6667,0.0001,0.5,1
CARANDAI,MG,-20.99222222,-43.72527778,Solar,0.4167,0.6667,0.0001,0.5,1
CACHOEIRA DA PRATA,MG,-19.52619459,-44.4504453,Solar,0.4167,0.6667,0.0001,0.5,1
CANDEIAS,MG,-20.67982119,-45.3636267,Solar,0.4167,0.6667,0.0001,0.5,1
BORDA DA MATA,MG,-22.31470264,-46.19728121,Solar,0.4167,0.6667,0.0001,0.5,1
COQUEIRAL,MG,-21.26611111,-45.42638889,Solar,0.4167,0.6667,0.0001,0.5,1
CALDAS,MG,-21.86562663,-46.36538868,Solar,0.4167,0.6667,0.0001,0.5,1
CANAA,MG,-20.703395685,-42.66819542,Solar,0.4167,0.6667,0.0002,0.5,1
CAMPANHA,MG,-21.92413136,-45.47101121,Solar,0.4167,0.6667,0.0001,0.5001,1
CAMACHO,MG,-20.6320341,-45.23709812,Solar,0.4167,0.6667,0.0001,0.5,1
CARMOPOLIS DE MINAS,MG,-20.53796291,-44.56481802,Solar,0.4167,0.6667,0.0001,0.5001,1
ABADIA DOS DOURADOS,MG,-18.48194444,-47.42722222,Solar,0.4167,0.6667,0.0001,0.5,1
ANTONIO PRADO DE MINAS,MG,-21.02860013,-42.19971953,Solar,0.4167,0.6667,0.0001,0.5,1
MARIA DA FE,MG,-22.34916667,-45.37722222,Solar,0.4167,0.6667,0.0001,0.5,1
SALINAS,MG,0.0,0.0,Solar,0.4167,0.6667,0.0001,0.5,1
SANTANA DO JACARE,MG,-20.81871261,-45.06023334,Solar,0.4167,0.6667,0.0001,0.5001,1
ROSARIO DA LIMEIRA,MG,-21.0139851,-42.46070949,Solar,0.4167,0.6667,0.0001,0.5001,1
REDUTO,MG,-20.27680207,-41.96356798,Solar,0.4167,0.6667,0.0001,0.5,1
PEDRA DO INDAIA,MG,-20.27605811,-45.14919693,Solar,0.4167,0.6667,0.0001,0.5,1
PASSA-VINTE,MG,-22.18035945,-44.27777722,Solar,0.4167,0.6667,0.0001,0.5001,1
ALAGOA,MG,-22.23133889,-44.66744167,Solar,0.4167,0.6667,0.0001,0.5001,1
FLORESTAL,MG,-19.85615556,-44.40329444,Solar,0.4167,0.6667,0.0001,0.5,1
NEPOMUCENO,MG,0.0,0.0,Solar,0.4167,0.6667,0.0001,0.5,1
MUZAMBINHO,MG,-21.34578813,-46.59176869,Solar,0.4167,0.6667,0.0001,0.5,1
AGUAS VERMELHAS,MG,-15.52247511,-41.51111691,Solar,0.4167,0.6667,0.0001,0.5001,1
MONTE SANTO DE MINAS,MG,-21.12874184,-47.04093091,Solar,0.4167,0.6667,0.0001,0.5,1
SANTANA DO DESERTO,MG,-21.96380372,-43.1550628,Solar,0.4167,0.6667,0.0001,0.5001,1
JACUTINGA,MG,-22.25870389,-46.67596056,Solar,0.4167,0.6667,0.0001,0.5,1
IBIRACI,MG,-20.32978119,-47.15753796,Solar,0.4167,0.6667,0.0001,0.5,1
IGARATINGA,MG,-19.99395878,-44.69174997,Solar,0.4167,0.6667,0.0001,0.5,1
JACUI,MG,-20.81289209,-46.81055515,Solar,0.4167,0.6667,0.0001,0.5,1
SAPUCAI-MIRIM,MG,-22.79771667,-45.81409722,Solar,0.4167,0.6667,0.0001,0.5,1
ITAMONTE,MG,-22.23694444,-44.84361111,Solar,0.4167,0.6667,0.0001,0.5,1
OUROESTE,SP,-19.88260553625,-50.44933456625,H2 Verde,0.4154,0.6513,0.1257,0.3907,1
TEOFILO OTONI,MG,-11.961676296666667,-27.790441543333333,Solar,0.415,0.5685,0.1253,0.5,1
PIRACICABA,SP,-21.28733698625,-44.6603968525,Biomassa,0.415,0.5675,0.3764,0.2502,1
BELO HORIZONTE,MG,-18.684779829354838,-41.06600822741935,Solar,0.4138,0.4695,0.2527,0.5007,1
BOITUVA,SP,-23.27110849,-47.66767119857143,Biomassa,0.4136,0.5648,0.3756,0.25,1
ITARARE,SP,-24.06941301,-49.33124164333333,H2 Verde,0.4133,0.652,0.1253,0.3829,1
JUIZ DE FORA,MG,-21.68895824304348,-43.34029563304348,Solar,0.4127,0.4657,0.252,0.5028,1
CUBATAO,SP,-23.86054114625,-46.413472695,H2 Verde,0.4117,0.6183,0.1257,0.4223,1
BOM DESPACHO,MG,-19.72434708,-45.2234619875,Solar,0.4094,0.5545,0.1254,0.5001,1
ITATINGA,SP,-23.02828669,-48.672208510000004,H2 Verde,0.4082,0.6394,0.1252,0.3828,1
SALTO,SP,-23.2024024725,-47.2871354225,H2 Verde,0.4068,0.635,0.1254,0.3839,1
CERQUILHO,SP,-23.15077137333333,-47.790807040000004,H2 Verde,0.4044,0.536,0.2503,0.383,1
CAETITE,BA,-14.109704655833333,-42.56357389645833,Solar,0.4041,0.5708,0.1282,0.4578,1
JUAZEIRO,BA,-9.514671291530611,-40.14627793397959,Solar,0.403,0.5665,0.1282,0.46,1
PEREIRA BARRETO,SP,-20.607547654285717,-51.25912816142857,H2 Verde,0.4029,0.6191,0.1256,0.3918,1
MIRAI,MG,-21.172438836666668,-42.592755696666664,Solar,0.4015,0.5348,0.1253,0.5001,1
PORTEL,PA,-2.1724020618395237,-50.88367901796601,H2 Verde,0.4011,0.4777,0.5,0.2002,1
CONCEICAO DO PARA,MG,-19.746494849999998,-44.894242725,Solar,0.3981,0.5264,0.1252,0.5001,1
PINDAMONHANGABA,SP,-22.880782507142857,-45.45102984,H2 Verde,0.398,0.5198,0.2506,0.383,1
AGUDO,RS,-14.72454415,-26.642501985,Solar,0.3979,0.6313,0.1252,0.3593,1
TACIBA,SP,-22.65468656,-51.35708795,H2 Verde,0.3977,0.6857,0.0001,0.4113,1
BARROSO,MG,-21.158294445,-43.96886528,Solar,0.3975,0.5247,0.1252,0.5001,1
MARAU,RS,-28.422221264999997,-52.1932758125,Solar,0.3969,0.5391,0.2504,0.3539,1
BOM JESUS,RS,-28.850689965714285,-50.507423304285716,Solar,0.3966,0.6298,0.1254,0.357,1
CAMANDUCAIA,MG,-22.758545515,-46.12270623,Solar,0.3964,0.5221,0.1252,0.5001,1
NOVA BASSANO,RS,-28.72104758,-51.84646815666667,Solar,0.3959,0.629,0.1253,0.3558,1
GUAPORE,RS,-28.836684846666667,-51.87730637666667,Solar,0.3958,0.6288,0.1253,0.3555,1
ERVAL SECO,RS,-27.53881174,-53.529865965714286,Solar,0.3954,0.6283,0.1255,0.3547,1
IPE,RS,-28.62962778,-51.348961110000005,Solar,0.3954,0.6285,0.1252,0.355,1
TIO HUGO,RS,-28.573043065,-52.563613939999996,Solar,0.3951,0.628,0.1252,0.3543,1
QUEVEDOS,RS,-14.72445,-27.046125,Solar,0.395,0.6279,0.1252,0.3542,1
MUITOS CAPOES,RS,-28.60520559,-51.354429806666666,Solar,0.395,0.6279,0.1252,0.3542,1
VIAMAO,RS,-30.2189762875,-50.8402881025,Solar,0.3949,0.6258,0.1254,0.3564,1
CAMPO NOVO,RS,-27.67353385,-53.78742708,Solar,0.3949,0.6279,0.1252,0.3541,1
CERRO GRANDE,RS,-27.571815280000003,-53.14559027999999,Solar,0.3948,0.6277,0.1251,0.3539,1
PANAMBI,RS,-14.1986273,-26.729256885,Solar,0.3948,0.6277,0.1252,0.3538,1
NAO-ME-TOQUE,RS,-28.47022779,-52.74652639,Solar,0.3948,0.6277,0.1252,0.3538,1
DOIS IRMAOS,RS,-29.59147322,-51.11239844,Solar,0.3948,0.6277,0.1252,0.3538,1
IBIRUBA,RS,-28.620590280000002,-53.17305278,Solar,0.3948,0.6277,0.1252,0.3538,1
SALVADOR DAS MISSOES,RS,-28.15005159,-54.82020511,Solar,0.3947,0.6259,0.1252,0.356,1
MAXIMILIANO DE ALMEIDA,RS,-27.648281945,-51.743283335,Solar,0.3947,0.6277,0.1251,0.3538,1
ANTA GORDA,RS,-14.483333335,-25.95833333,Solar,0.3947,0.6276,0.1251,0.3537,1
SANTO ANTONIO DA PATRULHA,RS,-29.89430759,-50.565996435,Solar,0.3947,0.6276,0.1251,0.3537,1
SAO PAULO,SP,-23.327180273955555,-46.23073796231111,Biomassa,0.3937,0.5943,0.2695,0.2505,1
ARATIBA,RS,-27.27671111,-52.38216111,Solar,0.3937,0.6706,0.0001,0.4181,1
XIQUE-XIQUE,BA,-10.95625016074074,-42.59525803333333,Solar,0.3935,0.559,0.1263,0.4401,1
CHAVANTES,SP,-23.12795665,-49.73295944,H2 Verde,0.3919,0.6789,0.0001,0.4012,1
APARECIDA,SP,-7.61674748,-15.077961969999999,H2 Verde,0.3918,0.5982,0.1253,0.383,1
CONCEICAO DAS ALAGOAS,SP,-20.03326721,-48.22184427,H2 Verde,0.3911,0.6779,0.0001,0.3996,1
VARZEA NOVA,BA,-11.083905617142857,-41.40594050357142,Solar,0.3908,0.556,0.1258,0.4355,1
DIAMANTE DO NORTE,SP,-22.6,-52.869444,H2 Verde,0.3904,0.6772,0.0001,0.3985,1
CASTILHO,SP,-20.85652224125,-51.53935369875,H2 Verde,0.3895,0.5857,0.1257,0.3919,1
SANTA ROSA,RS,-27.825624091999998,-54.442664709999995,Solar,0.3893,0.5198,0.2504,0.354,1
UBARANA,SP,-21.296111,-49.783056,H2 Verde,0.3882,0.6745,0.0001,0.3945,1
ILHA SOLTEIRA,SP,-20.660435645,-51.33729398166667,H2 Verde,0.3881,0.6742,0.0005,0.3941,1
PASSOS,MG,-20.73952376571429,-46.64357226285714,Solar,0.3879,0.5,0.1256,0.5007,1
IBIPEBA,BA,-11.415935718666667,-42.17259855266666,Solar,0.3877,0.5523,0.1258,0.43,1
FREDERICO WESTPHALEN,RS,-27.36159397,-53.41404147,Solar,0.3873,0.609,0.1252,0.3538,1
CONQUISTA,SP,-19.98907385,-47.7559932,H2 Verde,0.3868,0.6729,0.0001,0.3921,1
OUROLANDIA,BA,-9.768326283636362,-37.4806162769697,Solar,0.3864,0.5509,0.1255,0.4279,1
UIBAI,BA,-11.825331972222223,-42.22596347333334,Solar,0.3857,0.5501,0.1254,0.4267,1
CASA NOVA,BA,-6.461827429,-28.944969481999998,Solar,0.3855,0.5498,0.1255,0.4262,1
GUAIMBE,SP,-21.891292221999997,-49.86981161,H2 Verde,0.3854,0.6711,0.0004,0.3894,1
ITAGUACU DA BAHIA,BA,-11.00118628375,-42.473638629999996,Solar,0.3854,0.5498,0.1255,0.4262,1
GUANAMBI,BA,-14.135809304545454,-42.670797493636364,Solar,0.3852,0.5493,0.1259,0.4255,1
IBITINGA,SP,-21.759167,-48.990556,H2 Verde,0.3848,0.6706,0.0001,0.3886,1
BROTAS DE MACAUBAS,BA,-12.291327984285715,-42.35184596285715,Solar,0.3846,0.5489,0.1254,0.4248,1
PIRAJU,SP,-23.17096537,-49.382218595,H2 Verde,0.3841,0.6697,0.0002,0.3873,1
PEDRANOPOLIS,SP,-20.195369443333334,-50.04121296333333,H2 Verde,0.3838,0.6693,0.0003,0.3868,1
PARAIBUNA,SP,-23.41,-45.600556,H2 Verde,0.3837,0.6692,0.0001,0.3866,1
DRACENA,SP,-21.459014446666668,-51.589465733333334,H2 Verde,0.3836,0.6691,0.0003,0.3864,1
CACONDE,SP,-21.57666667,-46.62416667,H2 Verde,0.3835,0.669,0.0001,0.3863,1
CAMBARA,SP,-22.90389936,-49.99798631,H2 Verde,0.3834,0.6689,0.0001,0.386,1
TAPIRAI,SP,-24.042512605,-47.386063405,H2 Verde,0.3833,0.6687,0.0002,0.3858,1
MIRACATU,SP,-24.08132336,-47.47732805,H2 Verde,0.3833,0.6688,0.0001,0.386,1
ANDIRA,SP,-22.93833333,-50.25083333,H2 Verde,0.3833,0.6688,0.0001,0.386,1
GUARA,SP,-20.515402502500002,-47.835212655,H2 Verde,0.3832,0.6685,0.0004,0.3856,1
LAVRINHAS,SP,-22.555872264999998,-44.82966763,H2 Verde,0.3831,0.6684,0.0002,0.3854,1
JUQUIA,SP,-24.126173265,-47.633962365,H2 Verde,0.3831,0.6685,0.0002,0.3855,1
VOTORANTIM,SP,-23.61203363,-47.39716291,H2 Verde,0.3829,0.6683,0.0001,0.3852,1
CANUDOS,BA,-10.141446251875,-38.76265031,Solar,0.3825,0.5465,0.1252,0.4213,1
IBIUNA,SP,-24.00875028,-47.26445434,H2 Verde,0.3824,0.6677,0.0001,0.3844,1
ESPIRITO SANTO DO PINHAL,SP,-22.268321565,-46.740537425,H2 Verde,0.3822,0.6674,0.0002,0.3839,1
NUPORANGA,SP,-20.66686929,-47.65398253,H2 Verde,0.3818,0.667,0.0001,0.3832,1
AGUAS DE SANTA BARBARA,SP,-22.87413056,-49.21534167,H2 Verde,0.3818,0.667,0.0001,0.3832,1
PILAR DO SUL,SP,-23.830586423333333,-47.66252226333333,H2 Verde,0.3817,0.6668,0.0003,0.383,1
ITAPEVA,SP,-24.07256717,-48.80474426666667,H2 Verde,0.3817,0.6668,0.0003,0.383,1
SAO MIGUEL ARCANJO,SP,-23.995465120000002,-47.94606213666666,H2 Verde,0.3816,0.6667,0.0003,0.3829,1
RIBEIRAO BRANCO,SP,-24.16861111,-48.7125,H2 Verde,0.3816,0.6667,0.0001,0.3828,1
RIBEIRA,SP,-24.59722222,-49.135,H2 Verde,0.3816,0.6668,0.0001,0.3829,1
PIEDADE,SP,-23.92373204,-47.377649989999995,H2 Verde,0.3816,0.6667,0.0002,0.3828,1
RANCHARIA,SP,-21.95167443,-50.92912507,H2 Verde,0.3816,0.6667,0.0001,0.3829,1
CAJURU,SP,-21.33280747,-47.298229875000004,H2 Verde,0.3816,0.6667,0.0002,0.3828,1
GAVIAO PEIXOTO,SP,-21.84694444,-48.48944444,H2 Verde,0.3816,0.6668,0.0001,0.383,1
SANTA FE DO SUL,SP,-20.19277778,-50.90944444,H2 Verde,0.3815,0.6667,0.0001,0.3828,1
SALESOPOLIS,SP,-23.56333333,-45.83638889,H2 Verde,0.3815,0.6667,0.0001,0.3828,1
IGARACU DO TIETE,SP,-22.85416669,-48.925,H2 Verde,0.3815,0.6667,0.0001,0.3828,1
ARAPEI,SP,-22.7032375,-44.46364972,H2 Verde,0.3815,0.6667,0.0001,0.3828,1
FERNANDO PRESTES,SP,-21.27416667,-48.68972222,H2 Verde,0.3815,0.6667,0.0001,0.3828,1
CONCHAS,SP,0.0,0.0,H2 Verde,0.3815,0.6667,0.0001,0.3828,1
MONTE MOR,SP,0.0,0.0,H2 Verde,0.3815,0.6667,0.0001,0.3828,1
TORRINHA,SP,-22.37776817,-48.17416667,H2 Verde,0.3815,0.6667,0.0001,0.3828,1
CEDRAL,SP,-20.86722222,-49.23583333,H2 Verde,0.3815,0.6667,0.0001,0.3828,1
PIRACAIA,SP,0.0,0.0,H2 Verde,0.3815,0.6667,0.0001,0.3828,1
BARRA DO CHAPEU,SP,-24.48338607,-49.06499596,H2 Verde,0.3815,0.6667,0.0001,0.3828,1
UMBURANAS,BA,-10.580745236,-41.388420939999996,Solar,0.3815,0.5453,0.1252,0.4194,1
CASSIA DOS COQUEIROS,SP,-21.31583333,-47.19916667,H2 Verde,0.3815,0.6667,0.0001,0.3828,1
SAO PEDRO,SP,-22.64369419,-47.85397611,H2 Verde,0.3815,0.6667,0.0001,0.3828,1
ESTIVA GERBI,SP,0.0,0.0,H2 Verde,0.3815,0.6667,0.0001,0.3828,1
TERRA ROXA,SP,-20.74416667,-48.4125,H2 Verde,0.3815,0.6667,0.0001,0.3828,1
MINEIROS DO TIETE,SP,-22.40924722,-48.44721944,H2 Verde,0.3815,0.6667,0.0001,0.3828,1
ITABERA,SP,-23.85916669,-49.13861111,H2 Verde,0.3815,0.6667,0.0001,0.3828,1
CACHOEIRA PAULISTA,SP,-22.66831889,-44.99052611,H2 Verde,0.3815,0.6667,0.0001,0.3828,1
BANANAL,SP,-22.81183955,-44.45159368,H2 Verde,0.3815,0.6667,0.0001,0.3828,1
SOCORRO,SP,-22.60833333,-46.44166667,H2 Verde,0.3815,0.6667,0.0001,0.3828,1
CAMPOS DO JORDAO,SP,-22.63194792,-45.48780925,H2 Verde,0.3815,0.6667,0.0001,0.3828,1
JABORANDI,BA,-10.497850695,-34.05193889,Solar,0.3802,0.5437,0.1254,0.4171,1
AGUAS DE CHAPECO,RS,-27.14,-53.04333333,Solar,0.3787,0.653,0.0001,0.3917,1
JEQUIE,BA,-13.863924755,-40.155615475000005,Solar,0.3779,0.5376,0.1252,0.4177,1
CAMPOS NOVOS,SC,-25.178058488333335,-47.08258083416666,Biometano,0.3778,0.473,0.3761,0.2525,1
CAMPINAS,SP,-22.911059404230766,-47.07782548769231,Biomassa,0.3771,0.5658,0.2523,0.2503,1
SAO JOAO DA BOA VISTA,SP,-21.939342579999998,-46.816573665,Biomassa,0.3769,0.5669,0.2504,0.2503,1
LIMEIRA,SP,-22.56438257125,-47.35949438,Biomassa,0.3768,0.5664,0.2507,0.2501,1
MOGI GUACU,SP,-15.976865071428572,-33.52996925,Biomassa,0.3768,0.5663,0.2506,0.2504,1
MANGUEIRINHA,PR,-25.97366406,-52.17007813666667,Solar,0.3756,0.5522,0.2505,0.265,1
ANITA GARIBALDI,RS,-27.78026185,-51.19189954,Solar,0.3746,0.6481,0.0001,0.3844,1
SANTA VITORIA DO PALMAR,RS,-33.37166410275862,-53.16400155396552,Solar,0.3738,0.6462,0.0029,0.3816,1
FORMIGA,MG,-20.50036708,-45.41510208,Solar,0.3728,0.4632,0.1253,0.5,1
CERQUEIRA CESAR,SP,-23.119741809999997,-49.175071503333335,H2 Verde,0.372,0.5457,0.1253,0.3873,1
PINHAL GRANDE,RS,-29.26071944,-53.23588333,Solar,0.3698,0.6425,0.0001,0.3759,1
AMERICANA,SP,-22.73028192,-47.31850194444444,H2 Verde,0.3691,0.5404,0.1258,0.3841,1
SANTANA DO LIVRAMENTO,RS,-30.907234311000003,-55.753969354000006,Solar,0.3683,0.6404,0.0009,0.3729,1
CASTRO,PR,-24.783720059999997,-49.933894974999994,Solar,0.3665,0.479,0.3755,0.2076,1
BRUMADO,BA,-14.0375344325,-41.591906275,Solar,0.3658,0.5048,0.1254,0.4208,1
SALTO DO JACUI,RS,-29.04488895,-53.19904932,Solar,0.3657,0.6376,0.0002,0.3687,1
SANTA CRUZ DO SUL,RS,-29.732519729999996,-52.428109836666664,Solar,0.3655,0.5546,0.1253,0.3537,1
OSORIO,RS,-29.97200006916667,-50.3228642,Solar,0.3654,0.637,0.0008,0.3678,1
CAMPO FORMOSO,BA,-10.293860170344828,-40.69919017689655,Solar,0.3654,0.5698,0.0023,0.4562,1
VICTOR GRAEFF,RS,-28.586585755,-52.68562282,Solar,0.3641,0.551,0.1252,0.3539,1
ENTRE RIOS DO SUL,RS,-27.55318839,-52.74140696,Solar,0.3629,0.6343,0.0001,0.3637,1
PALMARES DO SUL,RS,-30.378227585,-50.36086166875,Solar,0.3618,0.6329,0.0007,0.3616,1
ITU,SP,-23.265988646666667,-47.28998803166667,H2 Verde,0.3617,0.5231,0.1255,0.3828,1
CHUI,RS,-33.64597755166667,-53.42197635916667,Solar,0.3614,0.6324,0.0006,0.3609,1
GENERAL SALGADO,SP,-10.28754989,-25.192199945,H2 Verde,0.3613,0.5221,0.1252,0.383,1
MOJI-MIRIM,SP,-22.454594776,-46.918773386000005,H2 Verde,0.3606,0.5202,0.1254,0.3828,1
NOVA PADUA,RS,-29.00529866,-51.3844177,Solar,0.3605,0.6315,0.0001,0.3595,1
DEZESSEIS DE NOVEMBRO,RS,-28.14111111,-55.05194444,Solar,0.3591,0.6299,0.0001,0.3571,1
FAXINALZINHO,RS,-27.34603944,-52.73162917,Solar,0.3591,0.6298,0.0001,0.357,1
BARRACAO,RS,-27.7338440225,-51.371091677500004,Solar,0.359,0.6296,0.0004,0.3567,1
TRAMANDAI,RS,-30.07905905,-50.17205613,Solar,0.359,0.6297,0.0001,0.3568,1
BARRA BONITA,SP,-22.498682315,-48.533221260000005,H2 Verde,0.3587,0.5111,0.1252,0.389,1
CANELA,RS,-29.33072475,-50.69094611,Solar,0.3586,0.6293,0.0002,0.3562,1
XANGRI-LA,RS,-29.77275779,-50.08010638,Solar,0.358,0.6286,0.0001,0.3551,1
ANDRE DA ROCHA,RS,-28.58585347,-51.403938887500004,Solar,0.358,0.6286,0.0003,0.3551,1
MONTE ALEGRE DOS CAMPOS,RS,-28.79184163,-50.74647603,Solar,0.3579,0.6285,0.0001,0.355,1
NOVA ROMA DO SUL,RS,-28.93654917,-51.46532111,Solar,0.3579,0.6285,0.0001,0.355,1
BRAGA,RS,-27.56003654,-53.798007385000005,Solar,0.3579,0.6285,0.0002,0.355,1
ANTONIO PRADO,RS,-28.89143806,-51.45587639,Solar,0.3578,0.6284,0.0001,0.3549,1
CORONEL BARROS,RS,-28.35134482,-54.00595704,Solar,0.3578,0.6283,0.0001,0.3548,1
DOIS LAJEADOS,RS,-28.94069116,-51.77335718,Solar,0.3577,0.6282,0.0001,0.3546,1
COTIPORA,RS,-28.96282975,-51.7577345,Solar,0.3577,0.6282,0.0001,0.3546,1
ENTRE-IJUIS,RS,-28.410995835,-54.305366665,Solar,0.3576,0.628,0.0002,0.3543,1
PUTINGA,RS,-29.06603491,-52.21411851,Solar,0.3575,0.628,0.0002,0.3543,1
MACHADINHO,RS,-27.61436111,-51.74988889,Solar,0.3575,0.628,0.0001,0.3543,1
BOA VISTA DO CADEADO,RS,-28.666388885,-53.916493055000004,Solar,0.3574,0.6278,0.0002,0.354,1
JAGUARI,RS,-29.36527778,-54.50388889,Solar,0.3574,0.6279,0.0001,0.3541,1
CRUZ ALTA,RS,-19.08514814,-35.71432407333333,Solar,0.3573,0.6277,0.0003,0.3538,1
PORTAO,RS,-14.845138905,-25.61625,Solar,0.3573,0.6277,0.0002,0.3538,1
AMETISTA DO SUL,RS,-27.359943536666666,-53.193151,Solar,0.3573,0.6277,0.0003,0.3538,1
ALMIRANTE TAMANDARE DO SUL,RS,-28.10295278,-53.01492778,Solar,0.3573,0.6277,0.0001,0.3538,1
FONTOURA XAVIER,RS,-28.94122139,-52.49463111,Solar,0.3573,0.6277,0.0002,0.3538,1
IRAI DE MINAS,MG,-19.01022704,-47.545406165,Solar,0.3573,0.4243,0.1252,0.5,1
MORMACO,RS,-28.65585278,-52.70406944,Solar,0.3573,0.6278,0.0001,0.3539,1
INDEPENDENCIA,RS,-27.89166667,-54.10305556,Solar,0.3573,0.6277,0.0001,0.3539,1
CONDOR,RS,-28.232075036666668,-53.47226196333333,Solar,0.3573,0.6277,0.0003,0.3538,1
CHIAPETA,RS,-27.96131742,-53.97034264,Solar,0.3572,0.6276,0.0001,0.3537,1
NOVO BARREIRO,RS,-27.88388889,-53.13527778,Solar,0.3572,0.6276,0.0001,0.3537,1
MONTENEGRO,RS,-29.685833295000002,-51.47180555,Solar,0.3572,0.6276,0.0002,0.3537,1
NOVO TIRADENTES,RS,-27.56111111,-53.18666667,Solar,0.3572,0.6276,0.0001,0.3537,1
NOVA PRATA,RS,-28.714734434999997,-51.491018145,Solar,0.3572,0.6277,0.0002,0.3538,1
CASCA,RS,-28.52031022,-51.90856934,Solar,0.3572,0.6277,0.0001,0.3538,1
ELDORADO DO SUL,RS,-30.00472222,-51.32472222,Solar,0.3572,0.6276,0.0001,0.3537,1
CAPAO BONITO DO SUL,RS,-28.16083333,-51.50083333,Solar,0.3572,0.6276,0.0001,0.3537,1
PORTO VERA CRUZ,RS,-29.71138889,-52.42971627,Solar,0.3572,0.6276,0.0001,0.3537,1
SAO MARCOS,RS,-28.98676939,-51.07302781,Solar,0.3572,0.6276,0.0001,0.3537,1
CRISTAL DO SUL,RS,-27.44004167,-53.2732,Solar,0.3572,0.6276,0.0001,0.3537,1
SEBERI,RS,-27.59805556,-53.38583333,Solar,0.3572,0.6277,0.0001,0.3537,1
GUARANI DAS MISSOES,RS,-28.13885818,-54.54640396,Solar,0.3572,0.6276,0.0001,0.3537,1
SOLEDADE,RS,-28.84009551,-52.70141829,Solar,0.3572,0.6277,0.0001,0.3538,1
BARAO DO TRIUNFO,RS,-30.31769167,-51.86760611,Solar,0.3572,0.6277,0.0001,0.3538,1
TAPERA,RS,-28.62942553,-52.93563052,Solar,0.3572,0.6277,0.0001,0.3538,1
TORRES,RS,0.0,0.0,Solar,0.3572,0.6277,0.0001,0.3538,1
TRES DE MAIO,RS,-27.77138889,-54.38833333,Solar,0.3572,0.6277,0.0001,0.3538,1
FLORIANO PEIXOTO,RS,-27.823775,-52.06999722,Solar,0.3572,0.6276,0.0001,0.3537,1
FLORES DA CUNHA,RS,-29.08937222,-51.30944444,Solar,0.3572,0.6277,0.0001,0.3538,1
EUGENIO DE CASTRO,RS,-28.44226581,-54.28925864,Solar,0.3572,0.6277,0.0001,0.3538,1
BARRA DO RIBEIRO,RS,0.0,0.0,Solar,0.3572,0.6277,0.0001,0.3537,1
ESTANCIA VELHA,RS,0.0,0.0,Solar,0.3572,0.6276,0.0001,0.3537,1
VENANCIO AIRES,RS,-30.00211194,-52.31698194,Solar,0.3572,0.6276,0.0001,0.3537,1
VISTA ALEGRE DO PRATA,RS,-28.81305556,-51.73777778,Solar,0.3572,0.6277,0.0001,0.3538,1
BOM PRINCIPIO,RS,-29.4494175,-51.35302333,Solar,0.3572,0.6276,0.0001,0.3537,1
SAO LOURENCO DO SUL,RS,-31.363165305000003,-51.976126390000005,Solar,0.3572,0.6276,0.0002,0.3537,1
CRISSIUMAL,RS,-27.42916667,-54.12055556,Solar,0.3572,0.6277,0.0001,0.3538,1
IBIACA,RS,-28.05537474,-51.92099721,Solar,0.3572,0.6277,0.0001,0.3537,1
SANTA MARIA DO HERVAL,RS,-29.50102325,-51.00248197,Solar,0.3572,0.6277,0.0001,0.3538,1
LAJEADO,RS,0.0,0.0,Solar,0.3572,0.6276,0.0001,0.3537,1
LAGOA VERMELHA,RS,-28.13,-51.62694444,Solar,0.3572,0.6277,0.0001,0.3537,1
JAGUARAO,RS,0.0,0.0,Solar,0.3572,0.6276,0.0002,0.3537,1
RODEIO BONITO,RS,-27.47519439,-53.1895,Solar,0.3572,0.6276,0.0001,0.3537,1
ROQUE GONZALES,RS,-28.14207672,-55.06582011,Solar,0.3572,0.6277,0.0001,0.3537,1
SAO JOSE DO INHACORA,RS,-27.72706,-54.19145694,Solar,0.3572,0.6276,0.0001,0.3537,1
ITAARA,RS,0.0,0.0,Solar,0.3572,0.6277,0.0002,0.3538,1
AUREA,RS,-27.72477023,-52.13363057,Solar,0.3572,0.6276,0.0001,0.3537,1
CAMPINA DAS MISSOES,RS,-28.02309998,-54.8353661,Solar,0.3572,0.6277,0.0001,0.3537,1
CAMPESTRE DA SERRA,RS,-28.60714114,-51.21940149,Solar,0.3572,0.6277,0.0001,0.3538,1
BOA VISTA DAS MISSOES,RS,-27.68769439,-53.307333,Solar,0.3572,0.6276,0.0001,0.3537,1
SANTO ANTONIO DO PALMA,RS,-28.51081578,-52.00609144,Solar,0.3572,0.6276,0.0001,0.3537,1
SANTO ANTONIO DO PLANALTO,RS,-28.38388889,-52.70444439,Solar,0.3572,0.6276,0.0001,0.3537,1
AJURICABA,RS,-28.21388889,-53.62888889,Solar,0.3572,0.6277,0.0001,0.3538,1
NOVA HARTZ,RS,-14.811111095,-25.446111095,Solar,0.3572,0.6276,0.0002,0.3537,1
XANXERE,SC,-22.394882760833337,-43.69173786416667,Solar,0.3556,0.465,0.376,0.1894,1
POUSO ALEGRE,MG,-19.063538845714284,-39.36956582714286,Solar,0.3553,0.419,0.1256,0.5001,1
ANGELINA,SC,-27.523727458000003,-49.028021763,Solar,0.3551,0.4626,0.3759,0.1909,1
ITAPEBI,BA,-15.96564305,-39.59263939,Solar,0.3541,0.5572,0.0001,0.4374,1
OLIVEIRA DOS BREJINHOS,BA,-12.32073958375,-42.62128819375,Solar,0.3531,0.5558,0.0007,0.4353,1
MATIAS CARDOSO,MG,-14.826764581785714,-43.61949295642857,Eolica,0.3523,0.5058,0.0,0.5,1
IGAPORA,BA,-13.967870074285713,-42.67013129714286,Solar,0.3523,0.5545,0.0018,0.4332,1
JACAREACANGA,PA,-7.752140035,-57.3420026075,H2 Verde,0.3519,0.5518,0.1254,0.3119,1
PINDAI,BA,-14.388746661363637,-42.628665525,Solar,0.3518,0.5538,0.0019,0.4323,1
SAO CARLOS,SP,-22.00799228625,-47.908782115,H2 Verde,0.3514,0.4968,0.1257,0.3832,1
SABARA,MG,-19.845388506666666,-43.81656491333333,Solar,0.3508,0.4079,0.1253,0.5001,1
TABOCAS DO BREJO VELHO,BA,-12.556803766,-44.130130187999995,Solar,0.3497,0.5517,0.0009,0.4291,1
VOLTA GRANDE,MG,-14.515135813333336,-28.350281516666666,Solar,0.3497,0.4054,0.1252,0.5,1
TUCANO,BA,-11.264741151666668,-38.79831747,Solar,0.3493,0.5514,0.0005,0.4287,1
MULUNGU DO MORRO,BA,-12.010673178571428,-41.4891334,Solar,0.3482,0.5501,0.0006,0.4266,1
BOM JESUS DA LAPA,BA,-12.493018774216868,-40.668808160843376,Solar,0.3481,0.5499,0.0007,0.4263,1
CANDOI,PR,-25.567175063333334,-52.00206732888889,Solar,0.3479,0.5196,0.2508,0.216,1
RIO CLARO,SP,-22.4244410825,-47.567895764999996,H2 Verde,0.3474,0.4874,0.1254,0.3828,1
IBITIARA,BA,-12.6501503225,-42.0535666025,Solar,0.347,0.5487,0.0004,0.4246,1
NOVO HORIZONTE,BA,-12.797160004999999,-42.052318472500005,Solar,0.3468,0.5485,0.0004,0.4242,1
TANQUE NOVO,BA,-13.660758455,-42.5743332,Solar,0.3467,0.5483,0.0005,0.424,1
CACHOEIRA,BA,-12.58353873,-38.9980234,Solar,0.3465,0.5483,0.0001,0.4239,1
LICINIO DE ALMEIDA,BA,-14.7381892225,-42.57817760625,Solar,0.3464,0.548,0.0004,0.4236,1
JOAO DOURADO,BA,-11.226199998,-41.577443331999994,Solar,0.3459,0.5475,0.0002,0.4228,1
LENCOIS PAULISTA,SP,-18.487388763636364,-39.920288266363634,Biomassa,0.3455,0.5817,0.1258,0.2503,1
URANDI,BA,-14.672307790526316,-42.59470839526316,Solar,0.3453,0.5467,0.0003,0.4216,1
CAFARNAUM,BA,-11.825212796666667,-41.44222272666667,Solar,0.3448,0.5462,0.0003,0.4208,1
IRAQUARA,BA,-12.120738435,-41.50171899,Solar,0.3446,0.546,0.0002,0.4205,1
BONINAL,BA,-12.734372234999999,-42.038222685,Solar,0.3446,0.5459,0.0002,0.4204,1
SOUTO SOARES,BA,-12.08423134,-41.49362596,Solar,0.3437,0.545,0.0001,0.419,1
BIRITINGA,BA,-11.42005176,-38.81289148,Solar,0.3436,0.5448,0.0001,0.4188,1
JACARACI,BA,-14.81988175,-42.5626836,Solar,0.3435,0.5447,0.0001,0.4186,1
BONITO,BA,-11.922972380000001,-41.430346295,Solar,0.3435,0.5447,0.0002,0.4186,1
PAULINIA,SP,-20.227464488888888,-41.90573583888889,Biometano,0.3435,0.577,0.1256,0.25,1
UBAITABA,BA,-14.22905584,-39.46204685,Solar,0.3432,0.5444,0.0001,0.4182,1
JUCURUCU,BA,-17.073909995,-40.095789835,Solar,0.3432,0.5443,0.0002,0.418,1
CAMPO MOURAO,PR,-24.068643433333335,-52.32362378,Solar,0.3431,0.5142,0.2503,0.208,1
RIACHO DE SANTANA,BA,-13.544285454,-42.843077629999996,Solar,0.343,0.5441,0.0001,0.4177,1
ITAMARAJU,BA,-17.07479781,-40.06934674,Solar,0.3429,0.544,0.0001,0.4175,1
VALENCA,BA,-13.34623665,-39.10319242,Solar,0.3428,0.5439,0.0001,0.4173,1
ARACI,BA,-11.35996856,-38.80407728,Solar,0.3428,0.5439,0.0001,0.4174,1
CORRENTINA,BA,-13.33890314,-44.63304689,Solar,0.3427,0.5438,0.0001,0.4172,1
IGRAPIUNA,BA,-13.841662496666666,-39.27843269666667,Solar,0.3426,0.5436,0.0003,0.4169,1
MALHADA,BA,0.0,0.0,Solar,0.3426,0.5437,0.0001,0.4171,1
ARAPOTI,PR,-24.087224871666667,-49.848672175,Solar,0.3426,0.5135,0.2504,0.207,1
JACAREI,SP,-23.300843582857144,-45.96626822571428,Biomassa,0.3426,0.5715,0.1262,0.2537,1
TERRA NOVA,BA,-12.40805556,-38.62194444,Solar,0.3425,0.5436,0.0001,0.4168,1
CARAVELAS,BA,-17.65361111,-39.43833333,Solar,0.3425,0.5436,0.0001,0.4169,1
ESPLANADA,BA,-11.79555561,-37.94472219,Solar,0.3425,0.5435,0.0001,0.4168,1
IBIRAPITANGA,BA,-13.98493665,-39.47706696,Solar,0.3425,0.5436,0.0001,0.4169,1
ITACARE,BA,-14.38333333,-39.015,Solar,0.3425,0.5435,0.0001,0.4168,1
CAMPO ALEGRE DE LOURDES,BA,0.0,0.0,Solar,0.3425,0.5435,0.0001,0.4168,1
PIATA,BA,-13.09702454,-41.8507338,Solar,0.3425,0.5435,0.0001,0.4168,1
PIRASSUNUNGA,SP,-21.948596774285715,-47.396262525714285,Biomassa,0.341,0.5704,0.1256,0.2503,1
SAO JOAQUIM DA BARRA,SP,-15.358073927500001,-35.9060407375,Biomassa,0.3404,0.5692,0.1254,0.2502,1
PRADOPOLIS,SP,-21.339529867499998,-48.0935040775,Biomassa,0.3402,0.5691,0.1254,0.25,1
MACATUBA,SP,-22.50071674,-48.73443540666667,Biomassa,0.34,0.5685,0.1253,0.2501,1
SERTAOZINHO,SP,-19.002030439000002,-43.193416733999996,Biomassa,0.3399,0.568,0.1258,0.25,1
CATANDUVA,SP,-17.597037656666668,-40.802324803333335,Biomassa,0.3398,0.5677,0.1255,0.25,1
GRAO MOGOL,MG,-16.514741973333333,-43.10215412,Solar,0.3397,0.3804,0.1253,0.5,1
MOCOCA,SP,-21.548660695,-47.07246701333333,Biomassa,0.3394,0.5667,0.1255,0.2501,1
BURITIZAL,SP,-20.2178448375,-47.66609656,Biomassa,0.3394,0.5669,0.1253,0.25,1
ARARAS,SP,-15.976435378571429,-33.84797985142857,Biomassa,0.3394,0.5668,0.1256,0.25,1
BROTAS,SP,-22.349730545,-48.07797425,Biomassa,0.3393,0.5667,0.1254,0.2501,1
ITAPETININGA,SP,-23.568899146666666,-48.06987164833333,Biomassa,0.3392,0.5665,0.1255,0.25,1
PATROCINIO PAULISTA,SP,-20.739567366666666,-47.33704064666667,Biomassa,0.3392,0.5663,0.1253,0.2502,1
BARUERI,SP,-23.503230317272724,-46.855942481818175,Biomassa,0.339,0.565,0.1268,0.25,1
ARARAQUARA,SP,-21.830369415555555,-48.16972220444445,Biomassa,0.339,0.5655,0.1258,0.2502,1
SUZANO,SP,-23.369950145,-46.4938765625,Biomassa,0.3389,0.5658,0.1254,0.25,1
LEME,SP,-22.188024445,-47.3822127775,Biomassa,0.3389,0.5658,0.1254,0.25,1
MAUA,SP,-19.723638768333334,-38.716711365,Biomassa,0.3388,0.5655,0.1254,0.25,1
AVARE,SP,-22.99496052666667,-48.943617043333326,Biomassa,0.3388,0.5655,0.1253,0.25,1
JAGUARIUNA,SP,-17.0321285025,-35.250002942500004,Biomassa,0.3387,0.565,0.1254,0.2502,1
MOJI DAS CRUZES,SP,-23.2841171575,-46.4776820225,Biomassa,0.3387,0.565,0.1257,0.2501,1
COTIA,SP,-23.596431476666666,-46.87942569888889,Biomassa,0.3387,0.5649,0.1258,0.25,1
MARILIA,SP,-19.73928462111111,-44.39733119888889,Biomassa,0.3387,0.5649,0.1258,0.25,1
SAPUCAIA DO SUL,RS,-29.827563716666663,-51.14885062,Solar,0.3387,0.4876,0.1253,0.3538,1
SAO JOSE DO RIO PRETO,SP,-20.809342140000002,-49.37341952571428,Biomassa,0.3386,0.5647,0.1256,0.25,1
GUARATINGUETA,SP,-22.771691363333332,-45.193931615,Biomassa,0.3386,0.5649,0.1255,0.25,1
ARACATUBA,SP,-20.08843405857143,-50.99194583285714,Biomassa,0.3386,0.5649,0.1256,0.25,1
NOVA EUROPA,SP,-21.814985255,-48.624685084999996,Biomassa,0.3386,0.5652,0.1252,0.25,1
IRACEMAPOLIS,SP,-15.06819353,-31.676188909999997,Biomassa,0.3386,0.5651,0.1253,0.25,1
IBATE,SP,-22.032671335,-48.040483775,Biomassa,0.3386,0.5651,0.1252,0.25,1
SANTA ROSA DE VITERBO,SP,-21.4319963025,-47.342950512499996,Biomassa,0.3386,0.565,0.1254,0.2502,1
FERNANDOPOLIS,SP,-20.26464394,-50.294850325,Biomassa,0.3386,0.5651,0.1252,0.25,1
SANTANA DE PARNAIBA,SP,-20.108594467142858,-40.20190752,Biomassa,0.3386,0.5648,0.1255,0.25,1
VALINHOS,SP,-22.986803498333334,-47.01266643666667,Biomassa,0.3385,0.5646,0.1255,0.25,1
VARZEA PAULISTA,SP,-11.60383194,-23.411701755,Biomassa,0.3385,0.5648,0.1252,0.25,1
BARIRI,SP,-22.071438559999997,-48.72538311,Biomassa,0.3385,0.5648,0.1252,0.25,1
HORTOLANDIA,SP,-22.887261083333332,-47.19631467166667,Biomassa,0.3385,0.5647,0.1255,0.25,1
AMPARO,SP,-22.710892821999998,-46.81918975,Biomassa,0.3385,0.5647,0.1254,0.25,1
INDAIATUBA,SP,-23.1258866325,-47.228288809999995,Biomassa,0.3385,0.5646,0.1254,0.25,1
SANTA RITA DO PASSA QUATRO,SP,-21.732430475,-47.52590629,Biomassa,0.3385,0.5648,0.1252,0.2501,1
ITAPIRA,SP,-22.416250405,-46.821861940000005,Biomassa,0.3385,0.5647,0.1252,0.25,1
BEBEDOURO,SP,-13.95433926,-32.329867396666664,Biomassa,0.3385,0.5648,0.1253,0.25,1
BATATAIS,SP,-20.767286374999998,-47.55083658,Biomassa,0.3385,0.5648,0.1252,0.25,1
REGENTE FEIJO,SP,-11.15454998,-25.61049995,Biomassa,0.3384,0.5646,0.1252,0.25,1
CAMPO LIMPO PAULISTA,SP,-11.604027775,-23.38888889,Biomassa,0.3384,0.5647,0.1252,0.25,1
MARTINOPOLIS,SP,-22.198776379999998,-51.0997451,Biomassa,0.3384,0.5647,0.1252,0.25,1
PENAPOLIS,SP,-21.46171861,-50.098582085000004,Biomassa,0.3384,0.5646,0.1252,0.25,1
IARAS,SP,-22.85801389,-49.159780555,Biomassa,0.3384,0.5646,0.1251,0.25,1
ENCRUZILHADA DO SUL,RS,-20.442665056666666,-35.04743778666667,Solar,0.3382,0.486,0.1253,0.3539,1
PATROCINIO,MG,-18.933629842222224,-46.980938215555554,Solar,0.3369,0.3729,0.1258,0.5,1
PARA DE MINAS,MG,-19.8481885,-44.62700354375,Solar,0.3362,0.3711,0.1257,0.5001,1
PELOTAS,RS,-18.645026727058823,-30.78734512294118,Solar,0.3362,0.3866,0.2515,0.3537,1
TUPACIGUARA,MG,-18.7159580725,-48.628396297500004,Biometano,0.3357,0.6514,0.0004,0.25,1
CURITIBANOS,SC,-27.252712023636363,-50.57272266454545,Solar,0.3354,0.413,0.376,0.1912,1
CANDELARIA,RS,-9.888336556666667,-17.593178183333332,Solar,0.3339,0.4754,0.1253,0.3537,1
SANTA MARIA,RS,-23.785692504,-43.061862223000006,Solar,0.3333,0.4734,0.1259,0.3539,1
VERDELANDIA,MG,-15.420824286923079,-43.684321865641024,Eolica,0.333,0.4576,0.0,0.5,1
IBIRITE,MG,-19.99880206,-44.106382355,Biomassa,0.332,0.5488,0.1251,0.25,1
IPATINGA,MG,-19.469929123846153,-42.54766345923077,Biomassa,0.3311,0.5457,0.1261,0.25,1
JOAO PINHEIRO,MG,-17.53086879285714,-46.71463205571428,Biomassa,0.331,0.5461,0.1253,0.25,1
SANTA VITORIA,MG,-19.020778723333333,-50.390700530000004,Biomassa,0.3306,0.5449,0.1253,0.25,1
BETIM,MG,-18.30130846333333,-40.477835495,Biomassa,0.3305,0.5443,0.126,0.25,1
ERECHIM,RS,-27.654095008888888,-52.25235480222222,Biomassa,0.3303,0.4502,0.2508,0.2501,1
ITUIUTABA,MG,-18.970550012857142,-49.469635247142854,Biomassa,0.3302,0.5438,0.1256,0.2501,1
SETE LAGOAS,MG,-19.459136214,-44.24706015466666,Biomassa,0.3299,0.5425,0.1263,0.25,1
CONTAGEM,MG,-19.927956560000002,-44.0469396,Biomassa,0.3298,0.5427,0.1255,0.25,1
GUARANESIA,MG,-21.321043425,-46.823556554999996,Biomassa,0.3295,0.5423,0.1252,0.25,1
SANTO ANGELO,RS,-28.282945316666666,-54.26511209,Solar,0.3282,0.4612,0.1253,0.3538,1
SANTAREM,PA,-2.5794109725,-54.88517104,H2 Verde,0.3256,0.4748,0.2504,0.2018,1
AGUA DOCE,SC,-26.631266650714284,-51.79302041285714,Solar,0.3249,0.4767,0.2512,0.1962,1
JARAGUA DO SUL,SC,-23.496146398888886,-43.65368952111111,Solar,0.3246,0.3879,0.3758,0.1891,1
ALTA FLORESTA,MT,-10.335540606,-56.981800226,Solar,0.3212,0.3931,0.3754,0.1709,1
RIO VERDE,GO,-15.730579460000001,-45.29994924222222,Solar,0.3211,0.4158,0.3757,0.1402,1
NOVA TRENTO,SC,-21.855055736,-39.24558598,Solar,0.3205,0.4718,0.2504,0.1888,1
RIO DOS CEDROS,SC,-26.6762016725,-49.32510632,Solar,0.3204,0.471,0.2503,0.1898,1
TUBARAO,SC,-28.462491266,-48.997224568,Solar,0.3192,0.4685,0.2504,0.1889,1
FAXINAL DOS GUEDES,SC,-26.815187164999998,-52.2495995675,Solar,0.3192,0.4667,0.2507,0.191,1
ABELARDO LUZ,SC,-26.59254395230769,-52.28960357846154,Solar,0.3182,0.4652,0.2506,0.19,1
ARIPUANA,MT,-10.135933475714285,-59.52284171142857,Solar,0.3153,0.372,0.3756,0.1794,1
TANGARA DA SERRA,MT,-13.001556522222224,-51.456544692222224,Solar,0.3151,0.3806,0.3756,0.1672,1
SAO BENTO DO SUL,SC,-26.287895787142855,-49.33222459857143,Solar,0.3143,0.3627,0.3754,0.1885,1
FORMOSA DO RIO PRETO,BA,-11.251936,-45.417710115,Solar,0.3134,0.3769,0.1252,0.4168,1
CARAZINHO,RS,-28.290015695,-52.73987778,Solar,0.3127,0.4225,0.1252,0.3537,1
ANTONINA,PR,-25.183116665,-48.811855554999994,Solar,0.3116,0.5212,0.1252,0.2185,1
PIRATUBA,SC,-27.471398025,-51.776081065,Solar,0.3113,0.5052,0.1252,0.239,1
CASCAVEL,PR,-22.449222695,-48.160089557,Solar,0.3106,0.3395,0.3758,0.207,1
ESTRELA,RS,-29.527062036666667,-51.92212485333334,Solar,0.31,0.4158,0.1253,0.3537,1
BITURUNA,PR,-26.00977231,-51.66597303,Solar,0.3097,0.5632,0.0001,0.2814,1
CURRALINHO,PA,-1.6012735058914027,-49.963340462846155,H2 Verde,0.3091,0.4776,0.1936,0.2,1
GRAVATAI,RS,-19.966035496666667,-34.02466366666667,Solar,0.3088,0.4127,0.1253,0.3538,1
CAMPO BOM,RS,-22.259088769999998,-38.30040752,Solar,0.3085,0.412,0.1254,0.3537,1
FOZ DO JORDAO,PR,-25.706029625,-52.000038895,Solar,0.3081,0.5171,0.1252,0.2124,1
SAO JOSE DOS PINHAIS,PR,-21.340695773333334,-40.948408565,Solar,0.3066,0.4229,0.2505,0.2077,1
LAGOA DOS PATOS,MG,-17.113641944444442,-44.641388444444445,Eolica,0.3065,0.3913,0.0,0.5,1
TURVO,PR,-24.9076816675,-51.422489385000006,Solar,0.3063,0.515,0.1254,0.2091,1
AMERICO BRASILIENSE,SP,-21.76277778,-48.08388889,Biometano,0.3063,0.5782,0.0001,0.25,1
CLEVELANDIA,PR,-22.9938091525,-45.81005335375,Solar,0.3061,0.5146,0.1256,0.2085,1
BOA VENTURA DE SAO ROQUE,PR,-24.852598421666666,-51.49359294833334,Solar,0.306,0.5145,0.1255,0.2084,1
TIBAGI,PR,-24.566026836666666,-50.39593051333333,Solar,0.3059,0.5146,0.1251,0.2085,1
CORONEL DOMINGOS SOARES,PR,-26.23005833,-51.943080554999995,Solar,0.3058,0.5145,0.1252,0.2083,1
JAGUARIAIVA,PR,-24.16791596,-49.657424952,Solar,0.3057,0.5142,0.1254,0.208,1
LAPA,PR,-25.55070953,-49.83723189,Solar,0.3057,0.5143,0.1252,0.2082,1
BOM SUCESSO DO SUL,PR,-26.05832685333333,-52.89526018666667,Solar,0.3053,0.5139,0.1253,0.2074,1
VIRMOND,PR,-25.489102250000002,-52.242948,Solar,0.3052,0.5137,0.1252,0.2072,1
PALMAS,PR,-26.506352790000005,-51.69102632,Solar,0.3052,0.5136,0.1253,0.2071,1
ITAPEJARA D'OESTE,PR,-25.99132815,-52.766392485,Solar,0.3052,0.5137,0.1252,0.2072,1
MARMELEIRO,PR,-26.123961429999998,-52.998848513333336,Solar,0.3052,0.5137,0.1253,0.2072,1
CAMPO LARGO,PR,-25.303777,-49.565066215,Solar,0.3051,0.5136,0.1252,0.2071,1
TOLEDO,PR,-18.536767515,-40.31034769,Solar,0.3051,0.5136,0.1253,0.207,1
CACHOEIRINHA,RS,-19.96190740666667,-34.064388890000004,Solar,0.3048,0.4027,0.1253,0.3538,1
FARROUPILHA,RS,-21.90801751,-38.499948835,Solar,0.3037,0.3999,0.1254,0.3538,1
GUAIRA,SP,-20.392206446666666,-48.262823033333326,Biomassa,0.3033,0.5705,0.0003,0.25,1
SAUDADE DO IGUACU,PR,-25.62876331,-52.61452548,Solar,0.3033,0.5556,0.0001,0.27,1
VALPARAISO,SP,-21.1887658575,-50.898231535,Biomassa,0.3033,0.5706,0.0004,0.25,1
PITANGUEIRAS,SP,-17.48865174166667,-40.221177571666665,Biomassa,0.3032,0.5702,0.0005,0.25,1
PONTAL,SP,-20.984684786666666,-48.03352606000001,Biomassa,0.3028,0.5693,0.0003,0.25,1
PROMISSAO,SP,-21.559841048000003,-49.862347985999996,Biomassa,0.3027,0.5688,0.0004,0.25,1
PARAGUACU PAULISTA,SP,-22.5857746175,-49.8416897525,Biometano,0.3026,0.5688,0.0003,0.25,1
NARANDIBA,SP,-22.279407296666665,-52.858158403333334,Biomassa,0.3025,0.5685,0.0003,0.25,1
GUARIBA,SP,-21.416388310000002,-48.28556561,Biomassa,0.3024,0.5685,0.0002,0.25,1
SAO JOSE DOS CAMPOS,SP,-23.18464143117647,-45.886724967647055,Biomassa,0.3023,0.5672,0.0015,0.25,1
SANTO ANDRE,SP,-23.661960673750002,-46.51685208625,Biomassa,0.3023,0.5672,0.0014,0.25,1
JUNQUEIROPOLIS,SP,-21.4226873825,-51.3791754625,Biomassa,0.3022,0.5676,0.0004,0.25,1
ARIRANHA,SP,-21.184314473333334,-48.831172366666664,Biomassa,0.3022,0.5679,0.0003,0.25,1
MIRANTE DO PARANAPANEMA,SP,-22.12020967,-51.75683455,Biomassa,0.3022,0.5678,0.0001,0.25,1
MORRO AGUDO,SP,-20.695989230000002,-48.096341210000006,Biomassa,0.3022,0.5679,0.0002,0.25,1
SERRANA,SP,-21.173129754999998,-47.624426575,Biomassa,0.3021,0.5675,0.0002,0.25,1
GIRUA,RS,-28.0869957,-54.305675225,Solar,0.3021,0.396,0.1252,0.3537,1
PARNAIBA,PI,-2.8570733225,-41.744937873333335,Solar,0.302,0.4435,0.2508,0.1646,1
SEBASTIANOPOLIS DO SUL,SP,-20.58104577,-49.94241511,Biomassa,0.302,0.5675,0.0002,0.25,1
CARAGUATATUBA,SP,-23.653592825,-45.468746395,Biomassa,0.302,0.5675,0.0002,0.25,1
BARRA DO BUGRES,MT,-14.833327668571428,-57.91668838428571,Solar,0.3019,0.3437,0.3755,0.1727,1
OLIMPIA,SP,-20.688469445,-49.11086486,Biomassa,0.3019,0.5672,0.0002,0.25,1
BOCAINA,SP,-22.105161029999998,-48.481538764999996,Biomassa,0.3019,0.5671,0.0002,0.25,1
ORINDIUVA,SP,-20.20183,-49.35565,Biomassa,0.3019,0.5672,0.0001,0.25,1
MERIDIANO,SP,-20.35411,-50.18183194,Biomassa,0.3019,0.5672,0.0002,0.25,1
COLINA,SP,-20.66194444,-48.53388889,Biomassa,0.3018,0.567,0.0001,0.25,1
TANABI,SP,-20.53449431,-49.57801041,Biomassa,0.3018,0.5667,0.0003,0.25,1
IPAUCU,SP,-23.09573189,-49.58359011,Biomassa,0.3018,0.5668,0.0001,0.25,1
SAO BERNARDO DO CAMPO,SP,-23.69161273565217,-46.56512304173913,Biomassa,0.3017,0.5652,0.002,0.25,1
GUARULHOS,SP,-23.450420428695654,-46.48713198217392,Biomassa,0.3017,0.5653,0.002,0.25,1
SUD MENNUCCI,SP,-20.727310385000003,-50.956128385,Biomassa,0.3017,0.5665,0.0002,0.25,1
LINS,SP,-21.638010015,-49.660329114999996,Biomassa,0.3016,0.5663,0.0002,0.25,1
MENDONCA,SP,-21.152412499999997,-49.611640275,Biomassa,0.3016,0.5664,0.0001,0.25,1
QUATA,SP,-22.24911111,-50.6525,Biomassa,0.3015,0.5662,0.0001,0.25,1
VISTA ALEGRE DO ALTO,SP,-21.18146967,-48.64470455,Biomassa,0.3015,0.5662,0.0001,0.25,1
IACANGA,SP,-21.806505415,-49.017732190000004,Biomassa,0.3015,0.5662,0.0002,0.25,1
NOVA INDEPENDENCIA,SP,-21.09974416,-51.445173225,Biomassa,0.3015,0.5662,0.0002,0.25,1
GUARACI,SP,-20.40150967,-48.99113455,Biomassa,0.3015,0.5661,0.0001,0.25,1
POTIRENDABA,SP,-21.074067385,-49.339738249999996,Biomassa,0.3014,0.5658,0.0002,0.25,1
MARACAI,SP,-22.57108967,-50.64415455,Biomassa,0.3014,0.566,0.0001,0.25,1
IBIRAREMA,SP,-22.782301023333332,-50.10079495333333,Biomassa,0.3014,0.5657,0.0003,0.25,1
SUZANAPOLIS,SP,-20.40611111,-51.02916667,Biomassa,0.3014,0.566,0.0001,0.25,1
TARUMA,SP,-22.756662943333335,-50.582987126666666,Biomassa,0.3014,0.5659,0.0003,0.25,1
QUEIROZ,SP,-21.85030967,-50.24723455,Biomassa,0.3014,0.5659,0.0001,0.25,1
LUIS ANTONIO,SP,-21.505246746666668,-47.77062461333333,Biomassa,0.3014,0.5658,0.0002,0.25,1
RIBEIRAO PRETO,SP,-21.162057646666668,-47.80569558916667,Biomassa,0.3014,0.5652,0.0011,0.25,1
JABOTICABAL,SP,-21.27686478,-48.280193680000004,Biomassa,0.3014,0.5659,0.0003,0.25,1
RAFARD,SP,-22.99734967,-47.52019455,Biomassa,0.3014,0.566,0.0001,0.25,1
COSMOPOLIS,SP,-22.65729996,-47.21090003,Biomassa,0.3013,0.5657,0.0001,0.25,1
TEODORO SAMPAIO,SP,-22.34972019,-52.52397291,Biomassa,0.3013,0.5657,0.0001,0.25,1
PARAISO,SP,-21.123588554999998,-49.221220105,Biomassa,0.3013,0.5656,0.0002,0.25,1
NAO INFORMADO,SP,-22.94083333,-49.77,Biomassa,0.3013,0.5656,0.0001,0.25,1
PAULICEIA,SP,-21.30927611,-51.84714,Biomassa,0.3013,0.5656,0.0001,0.25,1
OSASCO,SP,-23.52976688111111,-46.77865632222222,Biomassa,0.3012,0.5648,0.0008,0.25,1
CAIEIRAS,SP,-23.33844087,-46.77210274,Biomassa,0.3012,0.5654,0.0001,0.25,1
SOROCABA,SP,-23.52697762909091,-47.47792956,Biomassa,0.3012,0.5648,0.001,0.25,1
BAURU,SP,-22.318372312727274,-49.072327050000005,Biomassa,0.3012,0.5647,0.001,0.25,1
JOSE BONIFACIO,SP,-21.084075390000002,-49.916953995,Biomassa,0.3012,0.5653,0.0002,0.25,1
PRESIDENTE PRUDENTE,SP,-21.995833285,-51.324791655,Biomassa,0.3012,0.5654,0.0002,0.25,1
NOVA CAMPINA,SP,-16.13323798,-32.631514970000005,Biomassa,0.3011,0.565,0.0002,0.25,1
MONTE APRAZIVEL,SP,-20.771068053333334,-49.75006043,Biomassa,0.3011,0.5651,0.0003,0.25,1
JUNDIAI,SP,-23.17822993,-46.92501259,Biomassa,0.3011,0.5649,0.0005,0.25,1
TAUBATE,SP,-23.033717373,-45.552655785,Biomassa,0.3011,0.5647,0.0009,0.25,1
ADAMANTINA,SP,-21.58,-51.05472222,Biomassa,0.3011,0.565,0.0002,0.25,1
SAO MANUEL,SP,-22.702163415,-48.557670875,Biomassa,0.3011,0.565,0.0002,0.25,1
SANTA BARBARA D'OESTE,SP,-22.754690221666667,-47.401367825,Biomassa,0.3011,0.5648,0.0005,0.25,1
MONCOES,SP,-20.86324,-50.07932,Biomassa,0.3011,0.5652,0.0001,0.25,1
TABOAO DA SERRA,SP,-23.612769855714284,-46.765937982857146,Biomassa,0.3011,0.5647,0.0006,0.25,1
SANTA ALBERTINA,SP,-20.03781682,-50.671095699999995,Biomassa,0.3011,0.5653,0.0001,0.25,1
MATAO,SP,-21.61409957,-48.352878445,Biomassa,0.3011,0.565,0.0002,0.25,1
SEVERINIA,SP,-20.82110014,-48.82270001,Biomassa,0.301,0.5648,0.0001,0.25,1
CORDEIROPOLIS,SP,-22.4838209475,-47.435327405,Biomassa,0.301,0.5647,0.0004,0.25,1
ITAQUAQUECETUBA,SP,-23.45960104,-46.3414020875,Biomassa,0.301,0.5647,0.0004,0.25,1
SANTOS,SP,-23.92947901,-46.32652461799999,Biomassa,0.301,0.5647,0.0004,0.25,1
ITAI,SP,-23.512397375,-48.983392055,Biomassa,0.301,0.5648,0.0002,0.25,1
PALESTINA,SP,-20.31065667,-49.58983055,Biomassa,0.301,0.565,0.0001,0.25,1
PLANALTO,SP,-21.03051751,-49.924147669999996,Biomassa,0.301,0.5649,0.0001,0.25,1
SUMARE,SP,-22.82513437333333,-47.233826533333335,Biomassa,0.301,0.5648,0.0003,0.25,1
DIADEMA,SP,-23.681330432,-46.614157554,Biomassa,0.301,0.5647,0.0004,0.25,1
JAU,SP,-22.304119694999997,-48.58211431,Biomassa,0.301,0.5648,0.0002,0.25,1
CLEMENTINA,SP,-21.57972222,-50.43166667,Biomassa,0.301,0.5649,0.0001,0.25,1
GUARARAPES,SP,-21.356190974999997,-50.718212300000005,Biomassa,0.301,0.5649,0.0002,0.25,1
PORTO FELIZ,SP,-23.21210416,-47.57555169,Biomassa,0.301,0.5648,0.0002,0.25,1
CACAPAVA,SP,-23.1106961675,-45.7117189175,Biomassa,0.301,0.5647,0.0004,0.25,1
MIRANDOPOLIS,SP,-21.193634590000002,-51.19915562,Biomassa,0.301,0.5648,0.0003,0.25,1
NOVA ODESSA,SP,-22.78090161,-47.30658399833334,Biomassa,0.301,0.5647,0.0005,0.25,1
EMBU,SP,-23.649064206666665,-46.84972797166666,Biomassa,0.301,0.5647,0.0005,0.25,1
CAJATI,SP,-24.72636111,-48.105,Biomassa,0.301,0.5649,0.0001,0.25,1
IGARAPAVA,SP,-19.9881,-47.79816,Biomassa,0.301,0.565,0.0001,0.25,1
MARAPOAMA,SP,-21.19320283,-49.13722129,Biomassa,0.301,0.5648,0.0001,0.25,1
CAJAMAR,SP,-23.370214323333332,-46.859890416666666,Biomassa,0.301,0.5647,0.0003,0.25,1
PONTES GESTAL,SP,-20.11378297,-49.76029594,Biomassa,0.301,0.5649,0.0001,0.25,1
BORA,SP,-22.16160967,-50.47443455,Biomassa,0.301,0.5651,0.0001,0.25,1
RIO DAS PEDRAS,SP,-22.80763889,-47.614583335,Biomassa,0.301,0.5648,0.0002,0.25,1
SANTA GERTRUDES,SP,-22.450254835000003,-47.53443394,Biomassa,0.301,0.5648,0.0002,0.25,1
ONDA VERDE,SP,-20.59804967,-49.19000455,Biomassa,0.301,0.5649,0.0001,0.25,1
LUCELIA,SP,-21.56486967,-50.95939455,Biomassa,0.301,0.5649,0.0001,0.25,1
ITAPUI,SP,-22.23212805,-48.71887389,Biomassa,0.3009,0.5646,0.0001,0.25,1
POMPEIA,SP,-22.10614611,-50.17602806,Biomassa,0.3009,0.5647,0.0001,0.25,1
ITAPOLIS,SP,-21.62772593,-48.83048282,Biomassa,0.3009,0.5647,0.0001,0.25,1
FERRAZ DE VASCONCELOS,SP,-23.52798333,-46.37749167,Biomassa,0.3009,0.5646,0.0001,0.25,1
ITAPEVI,SP,-23.541915715000002,-46.9580689,Biomassa,0.3009,0.5646,0.0002,0.25,1
ROSEIRA,SP,-22.89160244,-45.33693736,Biomassa,0.3009,0.5646,0.0001,0.25,1
ASSIS,SP,-22.66199977,-50.41199989,Biomassa,0.3009,0.5646,0.0001,0.25,1
ITANHAEM,SP,-24.09157597,-46.609312375,Biomassa,0.3009,0.5646,0.0002,0.25,1
BRAGANCA PAULISTA,SP,-22.964662219999997,-46.54061092333333,Biomassa,0.3009,0.5646,0.0003,0.25,1
TAPIRATIBA,SP,-21.47666667,-46.80583333,Biomassa,0.3009,0.5647,0.0001,0.25,1
ITAJOBI,SP,-21.30539781,-49.04313591,Biomassa,0.3009,0.5647,0.0001,0.25,1
SANTA CRUZ DO RIO PARDO,SP,-22.90572306,-49.62460889,Biomassa,0.3009,0.5646,0.0001,0.25,1
AVANHANDAVA,SP,-21.40130021,-49.89350002,Biomassa,0.3009,0.5647,0.0001,0.25,1
TAQUARIVAI,SP,-23.92000967,-48.68353455,Biomassa,0.3009,0.5646,0.0001,0.25,1
TATUI,SP,-23.344101785,-47.861076839999996,Biomassa,0.3009,0.5647,0.0002,0.25,1
TIETE,SP,-23.072319999999998,-47.712604165,Biomassa,0.3009,0.5646,0.0002,0.25,1
IPERO,SP,-23.389721805,-47.619391385,Biomassa,0.3009,0.5647,0.0002,0.25,1
CARAPICUIBA,SP,-23.523707576666666,-46.82729971,Biomassa,0.3009,0.5647,0.0003,0.25,1
ARTUR NOGUEIRA,SP,-22.58601944,-47.157775,Biomassa,0.3009,0.5646,0.0001,0.25,1
ARUJA,SP,-23.39582694,-46.32049,Biomassa,0.3009,0.5646,0.0001,0.25,1
SAO PEDRO DO TURVO,SP,-22.67514966,-49.76271455,Biomassa,0.3009,0.5646,0.0001,0.25,1
SAO CAETANO DO SUL,SP,-23.619259176666663,-46.57016698,Biomassa,0.3009,0.5647,0.0003,0.25,1
SAO VICENTE,SP,-23.963644326666667,-46.37671880333334,Biomassa,0.3009,0.5647,0.0003,0.25,1
LORENA,SP,-22.741477054999997,-45.112211725,Biomassa,0.3009,0.5646,0.0002,0.25,1
LOUVEIRA,SP,-23.08600149,-46.95100413,Biomassa,0.3009,0.5646,0.0001,0.25,1
REGISTRO,SP,-24.47583333,-47.82833333,Biomassa,0.3009,0.5646,0.0001,0.25,1
SAO ROQUE,SP,-23.52517633,-47.12581233,Biomassa,0.3009,0.5646,0.0001,0.25,1
BOTUCATU,SP,-22.92220926,-48.46533333,Biomassa,0.3009,0.5646,0.0003,0.25,1
PRAIA GRANDE,SP,-24.01772222,-46.4555,Biomassa,0.3009,0.5646,0.0001,0.25,1
ELIAS FAUSTO,SP,-23.07075,-47.37063,Biomassa,0.3009,0.5647,0.0001,0.25,1
AGUDOS,SP,-22.46900716,-48.98803336,Biomassa,0.3009,0.5647,0.0001,0.25,1
CAPIVARI,SP,-22.87330621,-47.45355109,Biomassa,0.3009,0.5647,0.0001,0.25,1
PRESIDENTE ALVES,SP,-22.05632484,-49.32094528,Biomassa,0.3009,0.5646,0.0001,0.25,1
BOM SUCESSO DE ITARARE,SP,-24.31800001,-49.144,Biomassa,0.3009,0.5646,0.0001,0.25,1
AGUAS DE SAO PEDRO,SP,-23.61194445,-46.65916666,Biomassa,0.3009,0.5646,0.0001,0.25,1
SARAPUI,SP,-23.63700967,-47.81553455,Biomassa,0.3009,0.5646,0.0001,0.25,1
PIRANGI,SP,-21.09963194,-48.66984194,Biomassa,0.3009,0.5647,0.0001,0.25,1
PIRAPOZINHO,SP,-22.24111111,-51.42611111,Biomassa,0.3009,0.5646,0.0001,0.25,1
CAPAO BONITO,SP,-23.977150555,-48.41849528,Biomassa,0.3009,0.5646,0.0002,0.25,1
ESPIRITO SANTO DO TURVO,SP,-22.6777,-49.4202,Biomassa,0.3009,0.5647,0.0001,0.25,1
SANTO ANTONIO DO ARACANGUA,SP,-20.90855285,-50.41105429,Biomassa,0.3009,0.5647,0.0001,0.25,1
COLOMBIA,SP,-20.22999598,-48.62444503,Biomassa,0.3009,0.5648,0.0001,0.25,1
SANTO ANTONIO DE POSSE,SP,-22.60321398,-46.92949216,Biomassa,0.3009,0.5646,0.0001,0.25,1
JANDIRA,SP,-23.51666589,-46.91567289,Biomassa,0.3009,0.5646,0.0001,0.25,1
DOIS CORREGOS,SP,-22.33879999,-48.40660002,Biomassa,0.3009,0.5648,0.0001,0.25,1
NOVA ALIANCA,SP,-21.013735,-49.50713806,Biomassa,0.3009,0.5646,0.0001,0.25,1
DOBRADA,SP,-21.51480389,-48.40024306,Biomassa,0.3009,0.5646,0.0001,0.25,1
SANTA CRUZ DAS PALMEIRAS,SP,-21.82747807,-47.24949879,Biomassa,0.3009,0.5646,0.0001,0.25,1
JACI,SP,-20.88199986,-49.56999982,Biomassa,0.3009,0.5646,0.0001,0.25,1
PARAPUA,SP,-21.91459057,-50.86549965,Biomassa,0.3009,0.5647,0.0001,0.25,1
PLATINA,SP,-22.66365,-50.21668,Biomassa,0.3009,0.5646,0.0001,0.25,1
NOVA GRANADA,SP,-20.53000967,-49.30453455,Biomassa,0.3009,0.5646,0.0001,0.25,1
TREMEMBE,SP,-22.91541667,-45.61358056,Biomassa,0.3009,0.5647,0.0001,0.25,1
CABREUVA,SP,-23.25182017,-47.09190811,Biomassa,0.3009,0.5646,0.0001,0.25,1
FRANCA,SP,-20.55149258,-47.411360335,Biomassa,0.3009,0.5646,0.0002,0.25,1
GUATAPARA,SP,-21.39215583,-47.95279195,Biomassa,0.3009,0.5647,0.0001,0.25,1
PALMITAL,SP,-22.762117045,-50.20858602,Biomassa,0.3009,0.5646,0.0002,0.25,1
PORTO FERREIRA,SP,-21.883977055,-47.48832283,Biomassa,0.3009,0.5647,0.0002,0.25,1
TUPA,SP,-21.93075278,-50.51347222,Biomassa,0.3009,0.5646,0.0001,0.25,1
GUARUJA,SP,-23.98417394,-46.24808857333333,Biomassa,0.3009,0.5646,0.0003,0.25,1
OSVALDO CRUZ,SP,-21.77737497,-50.88740561,Biomassa,0.3009,0.5648,0.0001,0.25,1
DESCALVADO,SP,-21.8318,-47.7505,Biomassa,0.3009,0.5647,0.0001,0.25,1
BARRETOS,SP,-20.55323189,-48.55853455,Biomassa,0.3009,0.5646,0.0001,0.25,1
GUAPIACU,SP,-20.79288582,-49.21579928,Biomassa,0.3009,0.5647,0.0001,0.25,1
GARCA,SP,-22.21070889,-49.65653,Biomassa,0.3009,0.5646,0.0002,0.25,1
BENTO DE ABREU,SP,-21.23071457,-50.77811977,Biomassa,0.3009,0.5647,0.0001,0.25,1
QUADRA,SP,-23.301575,-48.052685,Biomassa,0.3009,0.5646,0.0001,0.25,1
GALIA,SP,-22.29100121,-49.55301195,Biomassa,0.3009,0.5646,0.0001,0.25,1
ITAIPULANDIA,PR,-12.58105278,-27.152500555,Solar,0.3004,0.5019,0.1252,0.207,1
URUGUAIANA,RS,-29.87434004,-56.611590045,Biomassa,0.3001,0.4689,0.1251,0.25,1
TAMARANA,PR,-23.732645554999998,-51.010249509999994,Solar,0.2995,0.4993,0.1252,0.2074,1
CAPITAO LEONIDAS MARQUES,PR,-25.54305498,-53.49805503,Solar,0.2987,0.5502,0.0001,0.262,1
PIRAI,RJ,-22.679827558,-43.870155018000005,H2 Verde,0.2985,0.4601,0.2504,0.1312,1
MATO VERDE,MG,-15.340949167,-42.89470389,Eolica,0.2983,0.3707,0.0,0.5,1
TANGARA,SC,-27.107937114285715,-51.23313967285714,Solar,0.298,0.4151,0.2506,0.1894,1
OLHOS-D'AGUA,MG,-17.561991666666668,-43.71887013833333,Eolica,0.2978,0.3695,0.0,0.5,1
MAFRA,SC,-26.131894900000002,-49.83427666,Solar,0.2968,0.4129,0.2503,0.1884,1
TRAIRI,CE,-3.27581282030303,-39.32221939848485,H2 Verde,0.2963,0.4794,0.1279,0.2205,1
DOM INOCENCIO,PI,-8.98533443016129,-41.75158910725806,Solar,0.296,0.4807,0.1275,0.2183,1
LUZIANIA,GO,-16.382627673,-47.798278438,Solar,0.2954,0.4395,0.2503,0.1483,1
QUEDAS DO IGUACU,PR,-25.53756844,-53.00896732,Solar,0.2953,0.5462,0.0001,0.256,1
CAVALCANTE,GO,-13.637411103333335,-47.9352881,Solar,0.2953,0.4835,0.1252,0.2144,1
UBERABA,MG,-19.700136639310347,-47.961675431034486,Biomassa,0.2947,0.5473,0.0025,0.25,1
FRUTAL,MG,-19.983153751666666,-49.03356230833333,Biomassa,0.294,0.5471,0.0005,0.25,1
TRIUNFO,RS,-29.88800322333333,-51.507270776666665,Biomassa,0.2938,0.453,0.1253,0.25,1
PORTO ALEGRE,RS,-30.02231208409091,-51.203213477272726,Biomassa,0.2934,0.4507,0.1269,0.25,1
SAO JOAO DA PONTE,MG,-15.854781817272727,-43.664606059090914,Eolica,0.2932,0.358,0.0,0.5,1
DELTA,MG,-19.950396904999998,-47.82496964,Biomassa,0.2931,0.5451,0.0002,0.25,1
OURO BRANCO,MG,-20.5246084,-43.67546915,Biomassa,0.2931,0.5451,0.0001,0.25,1
BELO ORIENTE,MG,-19.21600967,-42.47453455,Biomassa,0.293,0.545,0.0001,0.25,1
PIRAJUBA,MG,-19.95935386,-48.69663805,Biomassa,0.2929,0.5446,0.0001,0.25,1
LAGOA DA PRATA,MG,-20.04878928,-45.539523585,Biomassa,0.2929,0.5446,0.0002,0.25,1
SANTA JULIANA,MG,-19.30230967,-47.46403455,Biomassa,0.2928,0.5445,0.0001,0.25,1
NOVO HAMBURGO,RS,-29.687552136666667,-51.12631520666667,Biomassa,0.2927,0.45,0.1255,0.25,1
ALEGRETE,RS,-29.965611434285712,-56.05969165,Biomassa,0.2927,0.4503,0.1253,0.25,1
CAMPO FLORIDO,MG,-19.809037595,-48.727535415,Biomassa,0.2926,0.5438,0.0002,0.25,1
SAPIRANGA,RS,-29.62680914,-51.006284945,Biomassa,0.2926,0.45,0.1252,0.25,1
VERANOPOLIS,RS,-28.958555555,-51.504493055,Biomassa,0.2926,0.4501,0.1251,0.25,1
LIMEIRA DO OESTE,MG,-19.3639728825,-50.7042379025,Biomassa,0.2926,0.5439,0.0003,0.25,1
SAO LEOPOLDO,RS,-29.779790313333336,-51.143820946666665,Biomassa,0.2926,0.4501,0.1253,0.25,1
CAMARGO,RS,-28.593067599999998,-52.215516885,Biomassa,0.2925,0.4499,0.1252,0.25,1
POMPEU,MG,-19.251694,-44.984972,Biomassa,0.2925,0.5436,0.0001,0.25,1
BAMBUI,MG,-20.08634889,-46.042039455,Biomassa,0.2925,0.5437,0.0002,0.25,1
VIRGEM DA LAPA,MG,-16.768936388,-42.206206388,Eolica,0.2923,0.3557,0.0,0.5,1
CANAPOLIS,MG,-18.825772296666667,-49.210391146666666,Biomassa,0.2923,0.543,0.0003,0.25,1
SERRA DO SALITRE,MG,-19.06444801,-46.72980199,Biomassa,0.2922,0.543,0.0001,0.25,1
CARNEIRINHO,MG,-19.81176967,-50.77506455,Biomassa,0.2921,0.5428,0.0001,0.25,1
PATOS DE MINAS,MG,-18.58993515777778,-46.51657989333333,Biomassa,0.2921,0.5422,0.0008,0.25,1
MONTE BELO,MG,-21.38492484,-46.24766547,Biomassa,0.292,0.5425,0.0001,0.25,1
PITANGUI,MG,-19.6923894,-44.91620369,Biomassa,0.292,0.5423,0.0003,0.25,1
ITAPAGIPE,MG,-19.893971495,-49.524132550000004,Biomassa,0.292,0.5423,0.0002,0.25,1
GOVERNADOR VALADARES,MG,-18.8492569025,-41.919319045,Biomassa,0.292,0.5422,0.0004,0.25,1
MATOZINHOS,MG,-19.552405122499998,-44.07805027,Biomassa,0.292,0.5422,0.0004,0.25,1
RIBEIRAO DAS NEVES,MG,-19.800822263333334,-44.06813494666667,Biomassa,0.2919,0.5422,0.0003,0.25,1
UBA,MG,-21.14944444,-42.93888889,Biomassa,0.2919,0.5421,0.0001,0.25,1
OURO FINO,MG,-22.28352389,-46.38008111,Biomassa,0.2919,0.5421,0.0001,0.25,1
SANTA RITA DO SAPUCAI,MG,-22.24861111,-45.70398806,Biomassa,0.2919,0.5421,0.0001,0.25,1
DIVINO,MG,-20.14183333,-44.90594444,Biomassa,0.2919,0.5421,0.0001,0.25,1
PEDRO LEOPOLDO,MG,-19.628472225000003,-44.027777779999994,Biomassa,0.2919,0.5421,0.0002,0.25,1
CONFINS,MG,-19.63712078,-43.962479,Biomassa,0.2919,0.5421,0.0001,0.25,1
JAGUARACU,MG,-19.64500967,-42.74053455,Biomassa,0.2919,0.5421,0.0001,0.25,1
PARAOPEBA,MG,-19.17861111,-44.50609011,Biomassa,0.2919,0.5421,0.0001,0.25,1
CATAGUASES,MG,-21.401566076666665,-42.684070633333334,Biomassa,0.2919,0.5421,0.0003,0.25,1
PEDRA AZUL,MG,-15.89032128,-41.0510361,Biomassa,0.2919,0.5422,0.0001,0.25,1
ALFENAS,MG,-21.428471805,-45.945255275,Biomassa,0.2919,0.5421,0.0002,0.25,1
PRUDENTE DE MORAIS,MG,-19.46738079,-44.15820236,Biomassa,0.2919,0.5421,0.0001,0.25,1
ARAPUA,MG,-19.033855,-46.15459805,Biomassa,0.2919,0.5421,0.0001,0.25,1
SAO JOAO DO PARAISO,MG,-15.30908617,-41.93951117,Biomassa,0.2919,0.5421,0.0001,0.25,1
PATROCINIO DO MURIAE,MG,-21.15484456,-42.21301898,Biomassa,0.2919,0.5421,0.0001,0.25,1
BELO VALE,MG,-20.44583333,-43.9325,Biomassa,0.2919,0.5421,0.0001,0.25,1
SAO JOSE DA LAPA,MG,-19.70111111,-43.95555556,Biomassa,0.2919,0.5421,0.0001,0.25,1
MARTINHO CAMPOS,MG,-19.36769435,-45.26982094,Biomassa,0.2919,0.5421,0.0001,0.25,1
CARMO DA CACHOEIRA,MG,-21.39593911,-45.16385007,Biomassa,0.2919,0.5421,0.0001,0.25,1
MONTE CARMELO,MG,-18.733754299999998,-47.49727876666666,Biomassa,0.2919,0.5421,0.0003,0.25,1
URUCANIA,MG,-20.30130878,-42.69056232,Biomassa,0.2919,0.5422,0.0001,0.25,1
MADRE DE DEUS DE MINAS,MG,-21.47732194,-44.34088611,Biomassa,0.2919,0.5421,0.0001,0.25,1
SALTO DA DIVISA,MG,-18.222748595,-42.538655410000004,Biomassa,0.2919,0.5422,0.0002,0.25,1
MACHADO,MG,-21.67576859,-45.91053455,Biomassa,0.2919,0.5422,0.0001,0.25,1
SAO SEBASTIAO DO PARAISO,MG,-20.91128102,-46.99208719,Biomassa,0.2919,0.5421,0.0003,0.25,1
LAVRAS,MG,-21.25156075,-44.98800315,Biomassa,0.2919,0.5421,0.0002,0.25,1
SARZEDO,MG,-20.034535,-44.14586694,Biomassa,0.2919,0.5422,0.0001,0.25,1
LAGOAS,MG,-19.444,-44.338,Biomassa,0.2919,0.5422,0.0001,0.25,1
CAMPOS ALTOS,MG,-19.69889611,-46.17371,Biomassa,0.2919,0.5421,0.0001,0.25,1
PRATA,MG,-19.29862078,-48.927979,Biomassa,0.2919,0.5421,0.0001,0.25,1
SERRA DOS AIMORES,MG,-17.83747012,-40.18804968,Biomassa,0.2919,0.5422,0.0001,0.25,1
BRUMADINHO,MG,-20.116255115,-44.215086355,Biomassa,0.2919,0.5422,0.0002,0.25,1
ARCOS,MG,-20.285006256666666,-45.567248346666666,Biomassa,0.2919,0.5421,0.0003,0.25,1
FORMOSO,MG,-15.12572966,-46.14902455,Biomassa,0.2919,0.5421,0.0001,0.25,1
IBIA,MG,-19.475680245,-46.531060749999995,Biomassa,0.2919,0.5421,0.0002,0.25,1
VERISSIMO,MG,-19.631411399999998,-48.318888995,Biomassa,0.2919,0.5422,0.0002,0.25,1
ITABIRA,MG,-19.62388889,-43.22166667,Biomassa,0.2919,0.5421,0.0001,0.25,1
CONGONHAS,MG,-20.50321137,-43.91684278,Biomassa,0.2919,0.5422,0.0001,0.25,1
TIMOTEO,MG,-19.556525070000003,-42.627999296666665,Biomassa,0.2919,0.5421,0.0003,0.25,1
CORREGO FUNDO,MG,-20.38874676,-45.506165195,Biomassa,0.2919,0.5422,0.0002,0.25,1
SANTA LUZIA,MG,-19.76761695,-43.85000694,Biomassa,0.2919,0.5421,0.0001,0.25,1
CORONEL FABRICIANO,MG,-19.51930555,-42.627499994999994,Biomassa,0.2919,0.5421,0.0002,0.25,1
ITAGUARA,MG,-20.38138891,-44.48444452,Biomassa,0.2919,0.5421,0.0001,0.25,1
GUAXUPE,MG,-21.32694444,-46.7425,Biomassa,0.2919,0.5422,0.0001,0.25,1
TIROS,MG,-18.99598197,-45.95738221,Biomassa,0.2919,0.5421,0.0001,0.25,1
TRES PONTAS,MG,-21.37215797,-45.38637279666667,Biomassa,0.2919,0.5421,0.0003,0.25,1
CAMPO BELO,MG,-20.895583334999998,-45.269722220000006,Biomassa,0.2919,0.5421,0.0002,0.25,1
IPABA,MG,-19.41325111,-42.41816611,Biomassa,0.2919,0.5421,0.0001,0.25,1
TAPIRA,MG,-19.88028466,-46.84444566,Biomassa,0.2919,0.5421,0.0001,0.25,1
MONTALVANIA,MG,-14.39899444,-44.35994722,Biomassa,0.2918,0.5421,0.0,0.25,1
CAPITAO ENEAS,MG,-16.079111148333332,-43.655350185,Biomassa,0.2918,0.5421,0.0,0.25,1
PINTOPOLIS,MG,-16.0953083325,-45.6099402775,Biomassa,0.2918,0.5421,0.0,0.25,1
PRESIDENTE JUSCELINO,MG,-18.68161111,-44.10145,Biomassa,0.2918,0.5421,0.0,0.25,1
BOCAIUVA,MG,-17.561066666666665,-43.76546666666667,Biomassa,0.2918,0.5421,0.0,0.25,1
CAPINOPOLIS,MG,-18.70194778,-49.686178,Biomassa,0.2918,0.5421,0.0,0.25,1
SAO ROMAO,MG,-16.355923888,-45.093647222,Biomassa,0.2918,0.5421,0.0,0.25,1
AUGUSTO DE LIMA,MG,-18.17305556,-43.975,Biomassa,0.2918,0.5421,0.0,0.25,1
ARACUAI,MG,-16.82190825,-41.97066275,Biomassa,0.2918,0.5421,0.0,0.25,1
CAMPOS DE JULIO,MT,-13.333655752857142,-59.09857690928572,Solar,0.29,0.4037,0.2511,0.1773,1
NOVO PROGRESSO,PA,-8.957771436666667,-54.93877149333334,H2 Verde,0.2896,0.4788,0.1253,0.2018,1
DOM ELISEU,PA,-4.3887420850000005,-47.651237914999996,H2 Verde,0.2886,0.4776,0.1252,0.1999,1
CAMPO NOVO DO PARECIS,MT,-11.063338946363636,-47.246023582727275,Solar,0.2876,0.3099,0.3759,0.1697,1
SAO GABRIEL,BA,-11.207024336666668,-41.777805862499996,Eolica,0.2866,0.3101,0.125,0.4168,1
IPUACU,SC,-26.63445313,-52.539548965,Solar,0.2864,0.4759,0.1252,0.195,1
APIUNA,SC,-27.046340396666665,-49.41533322666667,Solar,0.286,0.4735,0.1253,0.1969,1
BENEDITO NOVO,SC,-23.964286663333333,-44.00006476666667,Solar,0.2845,0.4735,0.1258,0.1914,1
SAPEZAL,MT,-13.415038410000001,-58.91069786166667,Solar,0.2842,0.3971,0.2504,0.1674,1
PASSOS MAIA,SC,-26.725894485999998,-52.02853949599999,Solar,0.2838,0.4727,0.1254,0.1902,1
RIO FORTUNA,SC,-22.473741425999997,-39.314390248,Solar,0.2834,0.4722,0.1254,0.1895,1
TAIO,SC,-27.058725213846156,-50.12231166307693,Solar,0.2834,0.4721,0.1261,0.1893,1
VITORIA DA CONQUISTA,BA,-14.8549652775,-40.82704166,Solar,0.2833,0.3016,0.1254,0.4169,1
SAO BONIFACIO,SC,-28.055010502,-48.933407522,Solar,0.2833,0.4722,0.1254,0.1894,1
CAMPO BELO DO SUL,SC,-27.7387299,-50.64619244,Solar,0.2832,0.4721,0.1252,0.1893,1
SCHROEDER,SC,-13.165007195,-24.54768278,Solar,0.283,0.4719,0.1252,0.189,1
GUATAMBU,SC,-27.121137007999998,-52.774731008,Solar,0.2829,0.4717,0.1254,0.1887,1
SANTA ROSA DE LIMA,SC,-28.027083335,-49.12569444499999,Solar,0.2829,0.4718,0.1252,0.1889,1
MATOS COSTA,SC,-26.457177185,-51.12154588,Solar,0.2829,0.4718,0.1252,0.1888,1
MAJOR GERCINO,SC,-13.69977642,-24.516254465,Solar,0.2829,0.4718,0.1251,0.1888,1
SAO JOSE,SC,-18.39490537,-32.46299648,Solar,0.2828,0.4716,0.1253,0.1885,1
SAO JOAQUIM,SC,-28.211989726000002,-50.046032108,Solar,0.2828,0.4717,0.1252,0.1886,1
JARDINOPOLIS,SC,-26.6998109,-52.894655935,Solar,0.2828,0.4717,0.1252,0.1887,1
PONTE SERRADA,SC,-26.870702573333332,-51.97832900666666,Solar,0.2827,0.4715,0.1252,0.1885,1
CATANDUVAS,SC,-27.080397225,-51.725868055,Solar,0.2827,0.4715,0.1252,0.1884,1
SAO JOSE DO CEDRO,SC,-26.47979385,-53.462437295,Solar,0.2827,0.4715,0.1251,0.1884,1
IRACEMINHA,SC,-13.43652778,-26.70222222,Solar,0.2827,0.4715,0.1251,0.1884,1
PETROLANDIA,SC,-13.79826389,-24.870055555,Solar,0.2827,0.4715,0.1252,0.1885,1
LEBON REGIS,SC,-26.955694445,-50.71291667,Solar,0.2826,0.4715,0.1251,0.1884,1
TROMBUDO CENTRAL,SC,-27.300611115000002,-49.791166665,Solar,0.2826,0.4715,0.1251,0.1884,1
SERRA DO MEL,RN,-5.15447187877551,-37.052350590204085,H2 Verde,0.2826,0.4541,0.1287,0.2078,1
CAPINZAL,SC,-27.405007676666667,-51.69793367333333,Solar,0.2826,0.4715,0.1251,0.1884,1
ARACATI,CE,-4.674966417586207,-36.858122704827586,H2 Verde,0.282,0.4633,0.1261,0.1962,1
CASSILANDIA,MS,-17.088302630999998,-47.201293801999995,Solar,0.2819,0.4218,0.2504,0.1268,1
ICAPUI,CE,-4.754085328139535,-37.477461020813955,H2 Verde,0.281,0.4621,0.1259,0.1945,1
LAGOA DO BARRO DO PIAUI,PI,-8.676945474594595,-41.55448156810811,Solar,0.2798,0.4619,0.1268,0.19,1
MELGACO,PA,-1.783067663406998,-50.62103416768876,H2 Verde,0.2796,0.4776,0.0951,0.2,1
CALDEIRAO GRANDE DO PIAUI,PI,-7.389651259565217,-40.626540309130434,Solar,0.2793,0.4612,0.127,0.189,1
JABOATAO DOS GUARARAPES,PE,-8.155556376,-34.956931288,Biometano,0.2767,0.4102,0.1254,0.25,1
LUCAS DO RIO VERDE,MT,-10.287445106,-44.825162856,Solar,0.2763,0.2826,0.3754,0.1688,1
CAPANEMA,PR,-25.50333,-53.671666,Solar,0.2763,0.5239,0.0001,0.2225,1
VIDEIRA,SC,-23.148969128571427,-43.82909520142857,Solar,0.2761,0.3607,0.2506,0.1886,1
TIANGUA,CE,-3.823464005625,-41.165299976875,H2 Verde,0.2757,0.4562,0.1253,0.1856,1
GUARAPUAVA,PR,-25.398959835454548,-51.521253368181824,Solar,0.2756,0.3451,0.2509,0.2077,1
BOM JARDIM,RJ,-22.168651036,-42.361254896000005,H2 Verde,0.2751,0.4212,0.2504,0.1049,1
PONTA GROSSA,PR,-25.08641667,-50.11555242199999,Solar,0.2743,0.3427,0.2504,0.2071,1
COXIM,MS,-18.3143161275,-56.012335039999996,Solar,0.2738,0.4031,0.2504,0.1248,1
CIANORTE,PR,-11.8461281275,-26.2787907375,Solar,0.2734,0.3406,0.2503,0.2069,1
BENEVIDES,PA,-0.45374482666666666,-16.081813286666666,H2 Verde,0.2725,0.4375,0.1253,0.1999,1
ACU,RN,-5.498486809310345,-37.02624152068965,H2 Verde,0.2725,0.4426,0.1277,0.1905,1
XAXIM,SC,-17.971449815,-35.07682955833334,Solar,0.2723,0.3513,0.2505,0.1886,1
ABDON BATISTA,SC,-27.61442056,-51.155503065000005,Solar,0.2721,0.5032,0.0002,0.236,1
CURRAL NOVO DO PIAUI,PI,-7.982264218333333,-40.615277919166665,Solar,0.2719,0.4529,0.1261,0.1765,1
QUIXERE,CE,-5.044748837999999,-37.787830834,H2 Verde,0.2716,0.4441,0.1254,0.1877,1
PEDRAS GRANDES,SC,-28.47102671,-49.19430286,Solar,0.2715,0.4436,0.1253,0.1884,1
MARECHAL CANDIDO RONDON,PR,-18.38935244,-40.5620837275,Solar,0.2715,0.3355,0.2504,0.2071,1
LAJES,RN,-6.0600669908333336,-36.539650615,H2 Verde,0.2709,0.4407,0.1275,0.1878,1
PRUDENTOPOLIS,PR,-25.047548453333334,-51.11231616,Solar,0.269,0.5152,0.0002,0.2095,1
QUEIMADA NOVA,PI,-8.610197703,-41.445467936,Solar,0.2688,0.4493,0.1258,0.1711,1
CRUZEIRO DO IGUACU,PR,-25.594439649999998,-53.097382825,Solar,0.2685,0.5146,0.0002,0.2086,1
GUARATUBA,PR,-25.71494042,-48.97296714,Solar,0.2684,0.5146,0.0001,0.2085,1
SAO JOAO,PR,-25.80694445,-52.89861114,Solar,0.2683,0.5144,0.0001,0.2082,1
BOCAIUVA DO SUL,PR,-25.00056125,-48.6227515,Solar,0.2681,0.5142,0.0001,0.2079,1
LARANJAL,PR,-24.74790184,-52.46849337,Solar,0.268,0.5141,0.0001,0.2078,1
OURO VERDE DO OESTE,PR,-24.73305556,-53.89277778,Solar,0.2679,0.5139,0.0001,0.2075,1
LARANJEIRAS DO SUL,PR,-25.11859181,-52.38657496,Solar,0.2679,0.5139,0.0001,0.2075,1
ANAHY,PR,-24.63757778,-53.10264167,Solar,0.2678,0.5138,0.0001,0.2074,1
CORBELIA,PR,-16.462875463333333,-35.46357889,Solar,0.2677,0.5137,0.0003,0.2071,1
MANOEL RIBAS,PR,-24.520186903333336,-51.70778736,Solar,0.2677,0.5137,0.0003,0.2072,1
RESERVA DO IGUACU,PR,-25.76580251,-52.08843502,Solar,0.2677,0.5137,0.0001,0.2072,1
DOURADINA,PR,-23.381527775000002,-53.29736111,Solar,0.2676,0.5136,0.0002,0.207,1
MEDIANEIRA,PR,0.0,0.0,Solar,0.2676,0.5136,0.0002,0.207,1
PEABIRU,PR,-23.99530501,-52.23238902,Solar,0.2676,0.5136,0.0001,0.2071,1
PINHAO,PR,-25.683421296666666,-51.929879629999995,Solar,0.2676,0.5136,0.0003,0.207,1
SANTA HELENA,PR,0.0,0.0,Solar,0.2676,0.5136,0.0003,0.2071,1
GUAMIRANGA,PR,-25.16766944,-50.94234444,Solar,0.2676,0.5136,0.0001,0.2071,1
NOVA AURORA,PR,0.0,0.0,Solar,0.2676,0.5136,0.0001,0.207,1
MORRETES,PR,-25.42416667,-48.92111111,Solar,0.2676,0.5137,0.0001,0.2071,1
FRANCISCO BELTRAO,PR,-26.09117966,-53.12101395,Solar,0.2675,0.5135,0.0001,0.2069,1
CHOPINZINHO,PR,-25.79727566,-52.50576781,Solar,0.2675,0.5135,0.0001,0.2069,1
PINHALAO,PR,-23.77834074,-50.04221879,Solar,0.2675,0.5135,0.0001,0.207,1
PARANAVAI,PR,0.0,0.0,Solar,0.2675,0.5135,0.0001,0.2069,1
MARILANDIA DO SUL,PR,-23.85527778,-51.37611111,Solar,0.2675,0.5135,0.0001,0.207,1
IPIRANGA,PR,0.0,0.0,Solar,0.2675,0.5135,0.0001,0.2069,1
MATINHOS,PR,-25.80361111,-48.545556,Solar,0.2675,0.5135,0.0001,0.2069,1
PALMEIRA,PR,-25.70019189,-49.1002225,Solar,0.2675,0.5135,0.0001,0.2069,1
CANTAGALO,PR,-25.35853585,-52.08120739,Solar,0.2675,0.5135,0.0001,0.2069,1
CORONEL VIVIDA,PR,-26.06854248,-52.58979494,Solar,0.2675,0.5135,0.0001,0.207,1
CRUZ MACHADO,PR,-26.0346517,-51.18966673,Solar,0.2675,0.5135,0.0001,0.207,1
ALMIRANTE TAMANDARE,PR,-25.36472222,-49.295,Solar,0.2675,0.5136,0.0001,0.207,1
ASSIS CHATEAUBRIAND,PR,-24.41847675,-53.49560953,Solar,0.2675,0.5135,0.0001,0.2069,1
PORTO VITORIA,PR,-26.24801069,-51.28058158,Solar,0.2675,0.5135,0.0001,0.207,1
CAMPINA DO SIMAO,PR,-24.99778675,-51.83485646,Solar,0.2675,0.5135,0.0001,0.2069,1
SERTANOPOLIS,PR,-23.05833333,-51.0447221,Solar,0.2675,0.5135,0.0001,0.2069,1
NOVA FATIMA,PR,-23.43388889,-50.5525,Solar,0.2675,0.5135,0.0001,0.2069,1
ROLANDIA,PR,-11.65152778,-25.69402778,Solar,0.2675,0.5135,0.0002,0.2069,1
UBIRATA,PR,-24.61916669,-52.95777781,Solar,0.2675,0.5135,0.0001,0.2069,1
RIO BRANCO DO SUL,PR,-25.15190372,-49.41284586,Solar,0.2675,0.5136,0.0001,0.207,1
TUNAS DO PARANA,PR,-25.02033061,-49.05657781,Solar,0.2675,0.5135,0.0001,0.207,1
SAO GONCALO DO AMARANTE,CE,-3.5678354808333332,-38.897178176666664,Biomassa,0.2674,0.284,0.2511,0.2617,1
JACIARA,MT,-15.982531891818182,-55.08352303181818,Solar,0.267,0.3528,0.251,0.1686,1
MIGUEL PEREIRA,RJ,-22.53694682,-43.564411375,H2 Verde,0.2665,0.401,0.2504,0.1033,1
APORE,GO,-18.731709908333332,-52.0331715,Solar,0.264,0.3658,0.2504,0.1419,1
SALVADOR,BA,-11.3909484112,-33.8274187816,Solar,0.2633,0.25,0.1272,0.4171,1
CANDIOTA,RS,-31.498338445,-53.71780126,Biomassa,0.2632,0.4705,0.0002,0.25,1
PORTO DE MOZ,PA,-1.9818558352534967,-52.7025926925,Biomassa,0.2629,0.2256,0.3254,0.2501,1
CACU,GO,-18.767145996666667,-51.02217069833333,Solar,0.2629,0.3547,0.2504,0.153,1
UNIAO DA VITORIA,PR,-26.174355695,-51.11324629,Biomassa,0.2628,0.2816,0.2504,0.25,1
ALAGOINHAS,BA,-3.021085765,-9.5858975275,Solar,0.2627,0.25,0.1254,0.4169,1
MINAS DO LEAO,RS,-30.15078494,-52.0260286,Biometano,0.2622,0.4679,0.0001,0.25,1
CACHOEIRA DOURADA,GO,-18.499390769999998,-49.567377115,Solar,0.2613,0.434,0.1252,0.167,1
CALDAS NOVAS,GO,-17.866457905,-48.57764535,Solar,0.2611,0.4431,0.1252,0.1544,1
TAMBOARA,PR,-23.26589722,-52.49213889,Biometano,0.2611,0.4653,0.0001,0.25,1
SIMOES FILHO,BA,-11.520160478,-34.572333789,Biomassa,0.2607,0.3698,0.1259,0.25,1
JOAO CAMARA,RN,-5.413327395882353,-35.905394226176476,H2 Verde,0.2598,0.4277,0.1275,0.1682,1
CANOAS,RS,-29.8947259775,-51.1699220075,Biomassa,0.2589,0.4595,0.0004,0.25,1
GUAIBA,RS,-30.13144252,-51.29753455,Biomassa,0.2581,0.4578,0.0001,0.25,1
SANTA RITA DE CASSIA,BA,-10.691424494545455,-44.382469949090904,Eolica,0.258,0.3324,0.0,0.4168,1
SAO BENTO DO NORTE,RN,-5.4772600775,-36.304871891,H2 Verde,0.2561,0.4236,0.1266,0.1622,1
JANDAIRA,RN,-5.37696304090909,-36.10979311727272,H2 Verde,0.2559,0.4234,0.1266,0.1619,1
SAO BORJA,RS,-28.661747165,-55.905320384999996,Biomassa,0.2552,0.4503,0.0002,0.25,1
CACHOEIRA DO SUL,RS,-30.04582,-52.89341306,Biomassa,0.2551,0.45,0.0004,0.25,1
BAGE,RS,-31.347166545,-54.08865461,Biomassa,0.2551,0.45,0.0004,0.25,1
SAO SEPE,RS,-30.10144917,-53.65444417,Biomassa,0.2551,0.4501,0.0001,0.25,1
PIRATINI,RS,-31.41267667,-53.07386755,Biomassa,0.2551,0.4502,0.0001,0.25,1
ITAQUI,RS,-29.143982676666667,-56.53098585,Biomassa,0.2551,0.4501,0.0002,0.25,1
CAPAO DO LEAO,RS,-31.760232126666665,-52.442005746666666,Biomassa,0.2551,0.4502,0.0003,0.25,1
CAMBARA DO SUL,RS,-29.2062575,-50.23941028,Biomassa,0.255,0.4499,0.0,0.25,1
SAO LUIZ GONZAGA,RS,-28.40067633,-54.96256233,Biomassa,0.255,0.45,0.0001,0.25,1
ARROIO DO MEIO,RS,-29.35843966,-51.95562455,Biomassa,0.255,0.4499,0.0001,0.25,1
TRES PASSOS,RS,-27.44405548,-53.91408331,Biomassa,0.255,0.4499,0.0001,0.25,1
CRISTAL,RS,-31.0263889,-52.04944443,Biomassa,0.255,0.4499,0.0001,0.25,1
SAO JOSE DOS AUSENTES,RS,-28.536115555000002,-49.991597915,Biomassa,0.255,0.4499,0.0,0.25,1
ILOPOLIS,RS,-28.92333333,-52.13,Biomassa,0.255,0.4499,0.0001,0.25,1
ESTEIO,RS,-29.86249029,-51.18045629,Biomassa,0.255,0.4499,0.0002,0.25,1
SANTIAGO,RS,-29.17642503,-54.848741,Biomassa,0.255,0.4499,0.0001,0.25,1
PINHEIRO MACHADO,RS,-31.5803762325,-53.510379289999996,Biomassa,0.255,0.4499,0.0,0.25,1
SAO JOSE DO HORTENCIO,RS,-29.52656522,-51.2385901,Biomassa,0.255,0.4499,0.0001,0.25,1
MOSTARDAS,RS,-31.07475193,-50.89514418,Biomassa,0.255,0.4499,0.0001,0.25,1
CRUZEIRO DO SUL,RS,-29.51278785,-51.98529726,Biomassa,0.255,0.4499,0.0001,0.25,1
CACAPAVA DO SUL,RS,-30.58942966,-53.46847455,Biomassa,0.255,0.4499,0.0001,0.25,1
PASSO FUNDO,RS,-28.263437425,-52.394319769999996,Biomassa,0.255,0.45,0.0002,0.25,1
PALMEIRA DAS MISSOES,RS,-27.84725667,-53.37946167,Biomassa,0.255,0.4499,0.0001,0.25,1
DOM PEDRITO,RS,-30.97620861,-54.64368442,Biomassa,0.255,0.4499,0.0001,0.25,1
CAMAQUA,RS,-30.85664277,-51.77828833,Biomassa,0.255,0.45,0.0001,0.25,1
SARANDI,RS,-27.93989855,-52.91359011,Biomassa,0.255,0.4499,0.0001,0.25,1
HULHA NEGRA,RS,-31.40194444,-53.90166666,Biomassa,0.255,0.4499,0.0001,0.25,1
LIBERATO SALZANO,RS,-27.49999997,-53.155,Biomassa,0.255,0.4499,0.0,0.25,1
VACARIA,RS,-28.27048155,-50.82989407,Biomassa,0.255,0.4499,0.0,0.25,1
CANGUCU,RS,-31.45,-52.64055556,Biomassa,0.255,0.4499,0.0001,0.25,1
TUPANDI,RS,-29.49661764,-51.41499853,Biomassa,0.255,0.4499,0.0001,0.25,1
QUARAI,RS,-30.093751726,-56.211191744,Biomassa,0.255,0.4499,0.0,0.25,1
COQUEIRO BAIXO,RS,-29.15598889,-52.18705833,Biomassa,0.255,0.4499,0.0,0.25,1
ENCANTADO,RS,-29.21202778,-51.88925,Biomassa,0.255,0.4499,0.0001,0.25,1
PEDRO AVELINO,RN,-5.536422314782609,-36.24262895565217,H2 Verde,0.2548,0.4222,0.1263,0.16,1
BLUMENAU,SC,-13.449046928571429,-24.54053538642857,Solar,0.2546,0.3065,0.2512,0.1887,1
SAO MIGUEL DO GOSTOSO,RN,-5.6289615694736845,-36.09669319842106,H2 Verde,0.2545,0.4218,0.1266,0.1594,1
MASSARANDUBA,SC,-26.60328205,-48.981027275,Solar,0.2541,0.4001,0.1252,0.1884,1
LAGES,SC,-27.936947011428572,-50.38110423714286,Biomassa,0.2537,0.2589,0.2504,0.2502,1
SAO DOMINGOS,GO,-13.404504773333334,-46.367338483333334,Solar,0.2532,0.4339,0.1253,0.14,1
CONCORDIA,SC,-27.226537272,-52.0027315,Biomassa,0.2531,0.2574,0.2504,0.2502,1
JOINVILLE,SC,-26.286729157777778,-48.86447865555556,Biomassa,0.2531,0.2572,0.2508,0.2501,1
POMERODE,SC,-21.421289922,-39.328916834,Biomassa,0.253,0.2572,0.2504,0.25,1
INDAIAL,SC,-26.88174436,-49.215515458,Biomassa,0.253,0.2572,0.2504,0.25,1
RIANAPOLIS,GO,-7.758244775,-24.742610285,Solar,0.252,0.4325,0.1252,0.1379,1
ALTA FLORESTA D'OESTE,RO,-12.157108367272729,-62.12625106545455,H2 Verde,0.2518,0.3891,0.251,0.0695,1
CHAPADA DOS GUIMARAES,MT,-15.197578656666666,-55.557896416666665,Solar,0.2517,0.4031,0.1253,0.1764,1
IGARAPE-MIRI,PA,-1.97263889,-48.959444435,H2 Verde,0.2511,0.4776,0.0002,0.2,1
SONORA,MT,-17.572770105,-54.629939315,Solar,0.251,0.4023,0.1252,0.1752,1
REDENCAO,PA,0.0,0.0,H2 Verde,0.251,0.4775,0.0001,0.1999,1
BELTERRA,PA,-3.271,-54.898501,H2 Verde,0.251,0.4775,0.0001,0.1999,1
BRAGANCA,PA,-0.99071,-46.75361111,H2 Verde,0.251,0.4776,0.0001,0.1999,1
JACUNDA,PA,0.0,0.0,H2 Verde,0.251,0.4775,0.0001,0.1999,1
SENGES,PR,-24.16433322,-49.48208888333334,Solar,0.2508,0.3777,0.1253,0.2071,1
AREIA BRANCA,RN,-4.988172922857143,-36.98398545428571,H2 Verde,0.2507,0.4174,0.1262,0.1528,1
INDIAVAI,MT,-15.261335766666667,-58.72013142333333,Solar,0.2503,0.4014,0.1253,0.1738,1
ITIQUIRA,MT,-17.25582361,-54.84855,Solar,0.2501,0.4011,0.1254,0.1734,1
PONTES E LACERDA,MT,-15.0916954,-59.02904062333334,Solar,0.2494,0.4004,0.1252,0.1723,1
BRUNOPOLIS,SC,-27.49777778,-50.80463889,Solar,0.2487,0.4757,0.0001,0.1947,1
AGUA CLARA,MS,-19.64226917285714,-52.91906608428571,Solar,0.2486,0.4266,0.1256,0.1341,1
GENERAL CARNEIRO,PR,-26.444117490000004,-51.338310244,Solar,0.2481,0.371,0.1254,0.207,1
BRASNORTE,MT,-12.6191902875,-58.1008255875,Solar,0.2476,0.3982,0.1254,0.1691,1
BOM JARDIM DA SERRA,SC,-28.439906426,-49.58853732,Solar,0.2476,0.4742,0.0004,0.1925,1
GUAMARE,RN,-5.132611745555555,-36.35553824888889,H2 Verde,0.2476,0.4137,0.1258,0.1479,1
JUSCIMEIRA,MT,-16.181442055,-54.981530835,Solar,0.2475,0.3981,0.1254,0.1689,1
SANTO ANTONIO DO LEVERGER,MT,-16.123868855,-55.38083550375,Solar,0.247,0.3975,0.1255,0.1679,1
NOVA LACERDA,MT,-14.430731713333335,-59.495196480000004,Solar,0.2468,0.3973,0.1253,0.1677,1
PEDRA PRETA,MT,-16.658316815,-54.61334901,Solar,0.2467,0.3972,0.1252,0.1675,1
DIAMANTINO,MT,-13.910146525,-56.79490326,Solar,0.2467,0.3972,0.1252,0.1676,1
NORTELANDIA,MT,-14.368992935,-56.81171353,Solar,0.2465,0.397,0.1252,0.1672,1
ARVOREDO,SC,-27.060487546666668,-52.45944799,Solar,0.2464,0.4729,0.0003,0.1905,1
COMODORO,MT,-13.523357524,-59.942542890000006,Solar,0.2463,0.3967,0.1254,0.1668,1
SANTANA DO MATOS,RN,-5.871925551578947,-36.622111624210525,H2 Verde,0.2463,0.4125,0.1257,0.1454,1
PARAIBA DO SUL,RJ,-22.25874513,-43.17134306,H2 Verde,0.2461,0.4438,0.1252,0.1035,1
NOVA FRIBURGO,RJ,-22.24678195,-42.521815053333334,H2 Verde,0.246,0.4437,0.1252,0.1033,1
PORTO DOS GAUCHOS,MT,-12.00590583,-56.324305554999995,Solar,0.246,0.3964,0.1252,0.1664,1
DOMINGOS MARTINS,ES,-10.180388715,-20.302381955,H2 Verde,0.246,0.3848,0.2503,0.0567,1
CANARANA,MT,-13.164539000000001,-52.455583335,Solar,0.246,0.3964,0.1251,0.1663,1
FORTALEZA,CE,-3.2034880907142855,-33.02117116857143,Biomassa,0.2458,0.2383,0.2512,0.2503,1
IBIRAMA,SC,-27.03722222,-49.57083333,Solar,0.2457,0.4721,0.0001,0.1893,1
FLOR DO SERTAO,SC,-26.75559348,-53.3688445,Solar,0.2457,0.4721,0.0002,0.1893,1
IPIRA,SC,-27.42767481,-51.78823681,Solar,0.2457,0.4722,0.0001,0.1894,1
ANCHIETA,SC,-26.51999996,-53.374722225,Solar,0.2455,0.4718,0.0002,0.1889,1
PORTO UNIAO,SC,-26.391089033999997,-50.984604548,Solar,0.2454,0.4716,0.0004,0.1886,1
IRINEOPOLIS,SC,-26.498541665,-50.778472225,Solar,0.2454,0.4718,0.0002,0.1889,1
IBICARE,SC,-27.105972219999998,-51.379583335,Solar,0.2454,0.4718,0.0001,0.1888,1
BANDEIRANTE,SC,-26.799508990000003,-53.66575707333334,Solar,0.2454,0.4718,0.0003,0.1888,1
SANTA CECILIA,SC,-21.472973806,-40.388455828,Solar,0.2454,0.4717,0.0004,0.1887,1
LACERDOPOLIS,SC,-27.27155405,-51.54806029,Solar,0.2454,0.4718,0.0001,0.1888,1
DONA EMMA,SC,-26.992694235000002,-49.678271255,Solar,0.2453,0.4716,0.0002,0.1886,1
DOUTOR PEDRINHO,SC,-26.757204455,-49.45390511,Solar,0.2453,0.4716,0.0002,0.1886,1
ERVAL VELHO,SC,-27.301087850000002,-51.50121866666666,Solar,0.2453,0.4716,0.0003,0.1886,1
LEOBERTO LEAL,SC,-27.364569445,-49.230708335,Solar,0.2453,0.4716,0.0002,0.1886,1
ROMELANDIA,SC,-26.68361944,-53.27920833,Solar,0.2453,0.4716,0.0001,0.1886,1
IPUMIRIM,SC,-27.14714395,-52.05122498,Solar,0.2453,0.4716,0.0001,0.1886,1
JOACABA,SC,-27.157672453333333,-51.46671132666666,Solar,0.2453,0.4716,0.0003,0.1885,1
PALMA SOLA,SC,-26.456387149999998,-53.403114275,Solar,0.2452,0.4715,0.0002,0.1885,1
MIRIM DOCE,SC,-27.210379670000002,-50.112168005,Solar,0.2452,0.4715,0.0002,0.1885,1
RIO DO CAMPO,SC,-26.956234424999998,-50.158731044999996,Solar,0.2452,0.4715,0.0002,0.1885,1
ARABUTA,SC,-27.138081945,-52.166856945000006,Solar,0.2452,0.4715,0.0002,0.1885,1
AGUAS FRIAS,SC,-26.85333333,-52.90027778,Solar,0.2452,0.4716,0.0001,0.1886,1
SAO CRISTOVAO DO SUL,SC,-27.24694444,-50.41472222,Solar,0.2452,0.4715,0.0001,0.1884,1
ANITAPOLIS,SC,-27.98284326,-49.10183035,Solar,0.2452,0.4715,0.0001,0.1885,1
CAMPO ERE,SC,-26.40484533,-53.273322056666665,Solar,0.2452,0.4715,0.0003,0.1884,1
OURO VERDE,SC,-26.751944445,-52.304861110000004,Solar,0.2452,0.4715,0.0002,0.1884,1
RIO DO SUL,SC,-9.060555563333333,-16.532407406666668,Solar,0.2452,0.4715,0.0003,0.1884,1
CAXAMBU DO SUL,SC,-27.13452359,-52.84598386,Solar,0.2452,0.4715,0.0001,0.1884,1
SANTA TEREZINHA,SC,-26.65472222,-49.88138889,Solar,0.2452,0.4715,0.0001,0.1884,1
PERITIBA,SC,-27.30361111,-51.90361111,Solar,0.2452,0.4715,0.0001,0.1884,1
ANTONIO CARLOS,SC,-27.471195,-48.83606167,Solar,0.2452,0.4716,0.0001,0.1885,1
SAO PEDRO DE ALCANTARA,SC,-27.58166667,-48.73166667,Solar,0.2452,0.4715,0.0001,0.1885,1
GUABIRUBA,SC,-9.02923437,-16.32078563,Solar,0.2452,0.4715,0.0003,0.1884,1
ARMAZEM,SC,0.0,0.0,Solar,0.2452,0.4715,0.0002,0.1884,1
SUL BRASIL,SC,-26.75725917,-52.90779444,Solar,0.2452,0.4716,0.0001,0.1886,1
SERRA ALTA,SC,-26.73944161,-52.97861793,Solar,0.2452,0.4715,0.0001,0.1884,1
ARROIO TRINTA,SC,-26.87793611,-51.28107778,Solar,0.2452,0.4715,0.0001,0.1884,1
LAGUNA,SC,-28.54579639,-48.80999955,Solar,0.2452,0.4716,0.0001,0.1885,1
SAUDADES,SC,-26.89958333,-53.02958333,Solar,0.2452,0.4715,0.0001,0.1885,1
QUILOMBO,SC,-26.65222222,-52.6125,Solar,0.2452,0.4715,0.0001,0.1884,1
ITAIOPOLIS,SC,-26.62721667,-49.87986111,Solar,0.2452,0.4716,0.0001,0.1886,1
PONTE ALTA DO NORTE,SC,-27.14019095,-50.46996434,Solar,0.2452,0.4715,0.0001,0.1884,1
TIMBO,SC,0.0,0.0,Solar,0.2452,0.4715,0.0002,0.1884,1
ICARA,SC,0.0,0.0,Solar,0.2452,0.4716,0.0002,0.1885,1
CORUPA,SC,-26.4197083,-49.33509225,Solar,0.2452,0.4715,0.0001,0.1884,1
TREZE DE MAIO,SC,-28.560833329999998,-49.135925926666665,Solar,0.2452,0.4715,0.0003,0.1884,1
SAO LUDGERO,SC,-28.333224086666664,-49.19428599,Solar,0.2452,0.4715,0.0003,0.1884,1
AGROLANDIA,SC,-27.47467223,-49.87641965,Solar,0.2452,0.4716,0.0002,0.1885,1
PRESIDENTE NEREU,SC,-27.28194444,-49.37555556,Solar,0.2452,0.4715,0.0001,0.1884,1
BRACO DO NORTE,SC,-28.23777778,-49.16361111,Solar,0.2452,0.4715,0.0001,0.1884,1
RIO DAS ANTAS,SC,-26.90607487,-51.08315727,Solar,0.2451,0.4715,0.0001,0.1884,1
RODEIO,SC,0.0,0.0,Solar,0.2451,0.4715,0.0001,0.1884,1
CORDILHEIRA ALTA,SC,-27.00301111,-52.61735278,Solar,0.2451,0.4715,0.0001,0.1884,1
PINHEIRO PRETO,SC,-27.04924997,-51.23305368,Solar,0.2451,0.4715,0.0001,0.1884,1
LUIZ ALVES,SC,-26.72117221,-48.90002949,Solar,0.2451,0.4715,0.0001,0.1884,1
PRINCESA,SC,-26.42193056,-53.58982778,Solar,0.2451,0.4715,0.0001,0.1884,1
MODELO,SC,0.0,0.0,Solar,0.2451,0.4715,0.0001,0.1884,1
JABORA,SC,-27.08527778,-51.81833333,Solar,0.2451,0.4715,0.0001,0.1884,1
FREI ROGERIO,SC,-27.17916667,-50.72888889,Solar,0.2451,0.4715,0.0001,0.1884,1
URUBICI,SC,-27.96386111,-49.71369444,Solar,0.2451,0.4715,0.0001,0.1884,1
HERVAL D'OESTE,SC,0.0,0.0,Solar,0.2451,0.4715,0.0001,0.1884,1
ORTIGUEIRA,PR,-24.183337686666665,-50.730671773333334,Solar,0.2449,0.3509,0.1253,0.223,1
SAO GONCALO DO GURGUEIA,PI,-10.111494323333334,-45.28254998055556,Solar,0.2447,0.4649,0.0016,0.1944,1
IVINHEMA,MS,-22.38626007666667,-53.76320028,Biometano,0.2444,0.4235,0.0002,0.25,1
CEARA-MIRIM,RN,-5.511191924210526,-35.45792479421053,H2 Verde,0.2442,0.41,0.1255,0.1418,1
CURRAIS NOVOS,RN,-5.740751607857143,-33.854500315,H2 Verde,0.244,0.4098,0.1254,0.1414,1
ANGICOS,RN,-5.64425619875,-36.5628234075,H2 Verde,0.244,0.4099,0.1253,0.1416,1
PARAISO DAS AGUAS,MS,-19.3055679,-52.87969753,Solar,0.2437,0.4211,0.1251,0.1257,1
SAO GABRIEL DO OESTE,MS,-19.40636111,-54.516347225000004,Solar,0.2435,0.4208,0.1252,0.1253,1
ITAREMA,CE,-2.951100615833333,-39.855015191666666,H2 Verde,0.2435,0.4621,0.0011,0.1945,1
GALINHOS,RN,-5.206200379999999,-36.225454,H2 Verde,0.2434,0.4092,0.1252,0.1405,1
MAURITI,CE,-7.3772250011111105,-38.79799197555556,H2 Verde,0.2434,0.4621,0.0006,0.1945,1
LAGOA NOVA,RN,-6.0810248325,-36.53910986416667,H2 Verde,0.2432,0.4089,0.1254,0.1401,1
PIRANHAS,SE,-9.61958018,-37.7925598,Solar,0.2429,0.439,0.0001,0.2242,1
PARANATINGA,MT,-14.064416071666665,-54.241528214999995,Solar,0.2427,0.2939,0.2505,0.1665,1
SIMOES,PI,-7.644038057619047,-40.687777325238095,Solar,0.2424,0.462,0.0018,0.1902,1
BARREIRINHAS,MA,-2.658089313333333,-42.65410467444444,H2 Verde,0.2421,0.4195,0.1258,0.122,1
MACAU,RN,-5.2110673783333334,-36.52265512583333,H2 Verde,0.2421,0.4026,0.1261,0.1442,1
JAGUARETAMA,CE,-5.445370799512195,-38.83590053658536,H2 Verde,0.242,0.4605,0.0007,0.1921,1
PIMENTA BUENO,RO,-11.89295168,-61.078356465,H2 Verde,0.2417,0.3625,0.2503,0.072,1
AMONTADA,CE,-3.104270902631579,-39.67047830631579,H2 Verde,0.2416,0.46,0.0006,0.1913,1
RONDONOPOLIS,MT,-16.54879377,-54.667430366,Solar,0.2412,0.3834,0.1254,0.1675,1
JAGUARUANA,CE,-4.890714504615385,-37.67260999384615,H2 Verde,0.2412,0.4596,0.0004,0.1907,1
ICO,CE,-6.362163332727272,-38.859749525454546,H2 Verde,0.2409,0.4593,0.0003,0.1903,1
ARARIPINA,PE,-7.192698423125,-38.0794223475,Solar,0.2409,0.4227,0.1258,0.1136,1
CACHOEIRO DE ITAPEMIRIM,ES,-14.405143399999998,-28.46575418076923,H2 Verde,0.2408,0.3717,0.2511,0.0558,1
CAUCAIA,CE,-3.759646126923077,-38.875082882307694,Biometano,0.2404,0.3125,0.1259,0.2589,1
ABAIARA,CE,-7.389607503333334,-38.988013181666666,H2 Verde,0.2403,0.4585,0.0004,0.1891,1
LIMOEIRO DO NORTE,CE,-5.242686108,-37.975846666,H2 Verde,0.2401,0.4583,0.0004,0.1887,1
ACARAU,CE,-2.8898696063157896,-40.04267122631579,H2 Verde,0.2401,0.4583,0.0004,0.1888,1
CAETES,PE,-8.770784332222222,-36.74436759444445,Solar,0.2397,0.4213,0.1257,0.1115,1
FORTIM,CE,-4.447148202,-37.848761174,H2 Verde,0.2393,0.4573,0.0004,0.1873,1
TABULEIRO DO NORTE,CE,-5.2595871925,-37.97518264,H2 Verde,0.2393,0.4574,0.0004,0.1874,1
UBAJARA,CE,-3.88377241375,-41.105255227499995,H2 Verde,0.239,0.457,0.0004,0.1868,1
CAMOCIM,CE,-2.90509733,-41.03924765,H2 Verde,0.2387,0.4568,0.0001,0.1865,1
TACARATU,PE,-9.048965258571428,-38.11243940714286,Solar,0.2386,0.42,0.1256,0.1096,1
AQUIRAZ,CE,-3.563740454,-34.570043778,H2 Verde,0.2383,0.4562,0.0004,0.1857,1
CORUMBA,MS,-18.657075104235336,-56.71244099002793,Biomassa,0.2382,0.126,0.3759,0.2501,1
BEBERIBE,CE,-4.227413946666666,-38.03690878333334,H2 Verde,0.2381,0.456,0.0003,0.1854,1
CURURUPU,MA,-1.720107745,-44.812285595000006,H2 Verde,0.238,0.417,0.1252,0.1122,1
RIBEIRO GONCALVES,PI,-7.652541330909091,-45.185121460909095,Solar,0.2378,0.4569,0.0009,0.1826,1
PARACURU,CE,-3.434109045,-38.973667685,H2 Verde,0.2378,0.4557,0.0002,0.1848,1
MILAGRES,CE,-7.4233513900000005,-38.874341665,H2 Verde,0.2376,0.4554,0.0002,0.1845,1
IBIAPINA,CE,-3.9342117099999996,-41.05928951666667,H2 Verde,0.2375,0.4553,0.0003,0.1843,1
TAUA,CE,-5.998899073333333,-40.32281882666667,H2 Verde,0.2362,0.4538,0.0001,0.1821,1
PINDORETAMA,CE,-4.04305556,-38.29694444,H2 Verde,0.2362,0.4538,0.0001,0.1821,1
MARCO,CE,-3.12766667,-40.12588889,H2 Verde,0.2361,0.4537,0.0001,0.1819,1
QUIXADA,CE,-3.3249870366666663,-25.91985185333333,H2 Verde,0.2361,0.4537,0.0001,0.1819,1
IPAUMIRIM,CE,-6.80888889,-38.77444444,H2 Verde,0.2361,0.4537,0.0001,0.1819,1
JAGUARIBE,CE,0.0,0.0,H2 Verde,0.2361,0.4537,0.0001,0.1819,1
IBIMIRIM,PE,-8.578898617,-37.622810007,Solar,0.235,0.4157,0.1259,0.1031,1
OURICURI,PE,-7.9561244349999996,-40.316466930000004,Solar,0.2348,0.4157,0.1251,0.1032,1
SEROPEDICA,RJ,-22.742702186666666,-43.68253625,Biometano,0.2348,0.3994,0.0003,0.25,1
CHAPECO,SC,-27.138741385555555,-52.68564763,Solar,0.2346,0.3506,0.1258,0.1888,1
ESCADA,PE,-8.332288903333334,-35.28502866666667,Solar,0.2338,0.4145,0.1253,0.1013,1
BRASILEIRA,PI,-4.10452506074074,-41.44725137888889,Solar,0.2338,0.4521,0.0011,0.1753,1
JATOBA,PE,-9.14352303,-38.31240468,Solar,0.2334,0.4582,0.0001,0.1669,1
GUADALUPE,PI,-6.75349577,-43.56267317,Solar,0.2304,0.4485,0.0001,0.1699,1
VILHENA,RO,-11.705205399166667,-55.23910252666667,Biomassa,0.2302,0.1051,0.376,0.2512,1
SAO JOAO DO PIAUI,PI,-8.276226626785714,-42.1455061025,Solar,0.23,0.4478,0.0006,0.1689,1
GRAVATA,PE,-8.2607091425,-35.5883370125,Solar,0.2299,0.4044,0.1254,0.1019,1
RIBEIRA DO PIAUI,PI,-8.202175478181818,-42.55757516954546,Solar,0.2298,0.4477,0.0006,0.1686,1
BETANIA DO PIAUI,PI,-8.031663408,-40.707624196,Solar,0.2298,0.4477,0.0004,0.1687,1
MARCOLANDIA,PI,-7.4675294828571435,-40.73332679857143,Solar,0.2297,0.4475,0.0006,0.1685,1
MANSIDAO,BA,-10.725391666153847,-43.94923718076923,Eolica,0.2283,0.2582,0.0,0.4168,1
AGUIARNOPOLIS,MA,-6.58909741,-47.46648003,H2 Verde,0.2279,0.4492,0.0001,0.1605,1
CAMACARI,BA,-12.631590446153846,-38.279039884615386,Biomassa,0.2277,0.3809,0.0011,0.25,1
JATAI,GO,-15.314135877142858,-44.33181417285714,Biomassa,0.2269,0.1903,0.2505,0.2522,1
TELEMACO BORBA,PR,-24.183977055,-50.655128385,Biomassa,0.2267,0.2849,0.1252,0.2507,1
MIRACEMA DO TOCANTINS,TO,-9.648962529999999,-48.454892099999995,Solar,0.226,0.3963,0.1252,0.0999,1
COLORADO,PR,-22.855307263333334,-51.98520020666667,Biomassa,0.2259,0.2835,0.1252,0.25,1
SAO FRANCISCO DO CONDE,BA,-12.663898660000001,-38.61872905,Biomassa,0.2258,0.3768,0.0002,0.25,1
CURITIBA,PR,-22.641353235,-43.810012648333334,Biomassa,0.2257,0.2816,0.1266,0.2501,1
ILHA GRANDE,PI,-2.81152091,-41.773894444,Solar,0.2256,0.4428,0.0002,0.1614,1
MARINGA,PR,-19.15677354909091,-42.519142506363636,Biomassa,0.2255,0.2818,0.126,0.2501,1
UMUARAMA,PR,-18.996903246,-42.655093644,Biomassa,0.2253,0.2817,0.1254,0.2501,1
JOAO COSTA,PI,-8.548166,-43.78452978,Solar,0.2252,0.4423,0.0001,0.1607,1
BANDEIRANTES,PR,-15.359317593333335,-34.06574537,Biomassa,0.2252,0.2815,0.1253,0.2502,1
LONDRINA,PR,-23.313905933999997,-51.163579188,Biomassa,0.2252,0.2813,0.1254,0.25,1
FAZENDA RIO GRANDE,PR,-12.8301374,-24.672081845,Biomassa,0.2251,0.2814,0.1252,0.25,1
PITANGA,PR,-12.36554514,-26.0043475,Biomassa,0.2251,0.2814,0.1252,0.25,1
JANDAIA DO SUL,PR,-23.63303817,-51.672122775,Biomassa,0.2251,0.2813,0.1252,0.25,1
CARAMBEI,PR,-24.949611105,-50.1212778,Biomassa,0.2251,0.2813,0.1252,0.25,1
GOIOERE,PR,-24.200635203333334,-52.98893530666667,Biomassa,0.225,0.2811,0.1253,0.25,1
CAMBE,PR,-15.583984053333333,-34.24826293666667,Biomassa,0.225,0.2811,0.1253,0.25,1
FLORIANO,PI,-7.117884427540983,-43.14956870377049,Solar,0.2246,0.4415,0.0005,0.1594,1
ALEGRETE DO PIAUI,PI,-7.13621528,-40.80028139,Solar,0.2245,0.4415,0.0001,0.1594,1
SEBASTIAO LEAL,PI,0.0,0.0,Solar,0.2245,0.4415,0.0001,0.1594,1
VALENCA DO PIAUI,PI,0.0,0.0,Solar,0.2244,0.4415,0.0002,0.1593,1
ALTO ARAGUAIA,MT,-17.130029773333334,-53.28131763,Biomassa,0.2244,0.0918,0.3754,0.2502,1
URUCUI,PI,0.0,0.0,Solar,0.2244,0.4415,0.0001,0.1594,1
EUNAPOLIS,BA,-16.37400967,-39.57053455,Biomassa,0.2243,0.3732,0.0001,0.25,1
VILA PROPICIO,GO,-15.023431409230769,-48.84721602461538,Solar,0.2233,0.4428,0.0006,0.1533,1
LUIS EDUARDO MAGALHAES,BA,-12.102085335,-45.878600665,Biomassa,0.2232,0.3704,0.0002,0.25,1
ITAPETINGA,BA,-15.24578118,-40.24443225666666,Biomassa,0.223,0.3697,0.0003,0.25,1
FEIRA DE SANTANA,BA,-12.254752223333334,-38.963134595,Biomassa,0.223,0.3696,0.0005,0.25,1
DIAS D'AVILA,BA,-12.65077152,-38.3567934,Biomassa,0.2229,0.3696,0.0001,0.25,1
CATU,BA,-12.338425019999999,-38.370919369999996,Biomassa,0.2229,0.3695,0.0002,0.25,1
FIRMINO ALVES,BA,-14.98669772,-39.921966155,Biomassa,0.2229,0.3695,0.0002,0.25,1
IBIRAPUA,BA,-17.6419,-40.18175555,Biomassa,0.2229,0.3697,0.0001,0.25,1
ITAMBE,BA,-15.248019,-40.624042,Biomassa,0.2229,0.3695,0.0002,0.25,1
CONCEICAO DO JACUIPE,BA,-12.32704706,-38.771723015,Biomassa,0.2229,0.3695,0.0002,0.25,1
MACARANI,BA,-15.56731611,-40.42204389,Biomassa,0.2229,0.3695,0.0002,0.25,1
LAURO DE FREITAS,BA,-12.891638195,-38.317724995,Biomassa,0.2229,0.3696,0.0004,0.25,1
ITORORO,BA,-15.11903694,-40.07170306,Biomassa,0.2229,0.3695,0.0002,0.25,1
ITABUNA,BA,-14.79976063,-39.28952217,Biomassa,0.2228,0.3695,0.0001,0.25,1
ITARANTIM,BA,-15.65783,-40.061545,Biomassa,0.2228,0.3695,0.0001,0.25,1
MUQUEM DE SAO FRANCISCO,BA,-12.27869445,-43.32366667,Biomassa,0.2228,0.3695,0.0,0.25,1
MATA DE SAO JOAO,BA,-12.54916667,-38.29722222,Biomassa,0.2228,0.3695,0.0001,0.25,1
POTIRAGUA,BA,-15.59245611,-39.87565999,Biomassa,0.2228,0.3695,0.0001,0.25,1
SANTANA,BA,-12.22928389,-38.96003305,Biomassa,0.2228,0.3695,0.0001,0.25,1
TEIXEIRA DE FREITAS,BA,-17.54230555,-39.74130556,Biomassa,0.2228,0.3695,0.0001,0.25,1
PARATINGA,BA,-12.798575556,-43.11028111,Biomassa,0.2228,0.3695,0.0,0.25,1
JACOBINA,BA,-11.108550848333332,-40.68417618666667,Biomassa,0.2228,0.3695,0.0,0.25,1
RODELAS,BA,-9.018771913333334,-38.60482685222222,Biomassa,0.2228,0.3695,0.0,0.25,1
DOM BASILIO,BA,0.0,0.0,Biomassa,0.2228,0.3695,0.0,0.25,1
PARIPIRANGA,BA,-10.59490222,-37.93040218,Biomassa,0.2228,0.3695,0.0,0.25,1
SERRINHA,BA,-11.67233333,-39.00169444,Biomassa,0.2228,0.3695,0.0001,0.25,1
RIO DE CONTAS,BA,0.0,0.0,Biomassa,0.2228,0.3695,0.0,0.25,1
IBICUI,BA,-14.83767633,-39.97720122,Biomassa,0.2228,0.3695,0.0001,0.25,1
IGUAI,BA,-14.75239855,-40.07970122,Biomassa,0.2228,0.3695,0.0001,0.25,1
ADUSTINA,BA,-10.613155043999999,-37.98696028,Biomassa,0.2228,0.3695,0.0,0.25,1
MAIQUINIQUE,BA,-15.61977194,-40.260515,Biomassa,0.2228,0.3695,0.0001,0.25,1
IBITITA,BA,-11.58611388,-41.98676112,Biomassa,0.2228,0.3695,0.0,0.25,1
RIACHUELO,BA,-11.095506945,-42.410695829999995,Biomassa,0.2228,0.3695,0.0,0.25,1
MACURURE,BA,-9.619722222857144,-39.05492063428572,Biomassa,0.2228,0.3695,0.0,0.25,1
ILHEUS,BA,-14.80988889,-39.03533333,Biomassa,0.2228,0.3695,0.0001,0.25,1
MIGUEL CALMON,BA,-11.291352275,-40.823434565,Biomassa,0.2228,0.3695,0.0,0.25,1
CAATIBA,BA,-14.97267633,-40.39803455,Biomassa,0.2228,0.3695,0.0001,0.25,1
SAO GONCALO DOS CAMPOS,BA,-12.43031,-38.94977195,Biomassa,0.2228,0.3695,0.0001,0.25,1
IPUPIARA,BA,-11.796918267777777,-42.52708996888889,Biomassa,0.2228,0.3695,0.0,0.25,1
CHUPINGUAIA,RO,-9.86303,-48.77377729,H2 Verde,0.2225,0.3174,0.2504,0.068,1
PARAZINHO,RN,-5.27544565,-35.90649480318182,H2 Verde,0.2193,0.4244,0.0019,0.1632,1
SAO JOAO DA BARRA,RJ,-21.838610695,-41.079438296666666,Biomassa,0.2188,0.2655,0.1252,0.25,1
ITA,SC,-27.221581535,-52.292691024999996,Solar,0.2186,0.3111,0.1252,0.1885,1
CLAUDIA,MT,-11.26666667,-55.45,Solar,0.2186,0.4083,0.0001,0.1842,1
SAO JOSE DO BELMONTE,PE,-7.875680073888889,-38.764527200555555,Solar,0.2184,0.44,0.0018,0.1395,1
ARENOPOLIS,GO,-16.45014568,-51.4339788575,Solar,0.2171,0.4356,0.0004,0.1425,1
GOIANA,PE,-6.280951655,-29.149874648333334,Solar,0.217,0.3708,0.1254,0.1036,1
CACHOEIRA ALTA,GO,-18.72172588,-51.00279929,Solar,0.2166,0.4351,0.0001,0.1418,1
NOVA CANAA DO NORTE,MT,-10.98480528,-55.766005,Solar,0.216,0.4053,0.0001,0.1797,1
CORREIA PINTO,SC,-13.792404025,-25.181880555,Biomassa,0.2159,0.2582,0.1252,0.25,1
BRUSQUE,SC,-17.500861572222224,-32.61412073555555,Biomassa,0.2157,0.2574,0.1258,0.25,1
CACADOR,SC,-26.7706082325,-50.99877084125,Biomassa,0.2157,0.2574,0.1257,0.2501,1
OBIDOS,PA,-1.8718803033333333,-55.51618696,H2 Verde,0.2157,0.2952,0.1253,0.1999,1
FLORIANOPOLIS,SC,-21.45191429222222,-37.743779509999996,Biomassa,0.2157,0.2573,0.1258,0.25,1
RIO NEGRINHO,SC,-26.363663029999998,-49.572277983999996,Biomassa,0.2156,0.2574,0.1254,0.2501,1
URUSSANGA,SC,-28.492693854285715,-49.292163241428575,Biomassa,0.2156,0.2573,0.1256,0.2501,1
GOIANDIRA,GO,-18.102723245,-48.240133924999995,Solar,0.2156,0.4339,0.0002,0.1399,1
FRAIBURGO,SC,-27.05801717,-50.82393228,Biomassa,0.2155,0.2573,0.1252,0.2501,1
MARAVILHA,SC,-27.16375,-51.32944444,Biomassa,0.2155,0.2572,0.1252,0.25,1
BIGUACU,SC,-18.286481480000003,-32.44944444,Biomassa,0.2155,0.2573,0.1253,0.25,1
CRICIUMA,SC,-28.6788014725,-49.3750401325,Biomassa,0.2155,0.2571,0.1254,0.25,1
GUARAMIRIM,SC,-13.23897222,-24.507069445,Biomassa,0.2154,0.2571,0.1252,0.25,1
ARAQUARI,SC,-26.475438755,-48.74465037,Biomassa,0.2154,0.2572,0.1252,0.25,1
SAO JOAO BATISTA,SC,-18.20056681,-32.56546118333333,Biomassa,0.2154,0.2571,0.1253,0.25,1
SAO LOURENCO DO OESTE,SC,-13.177588165,-26.42082283,Biomassa,0.2154,0.2571,0.1252,0.25,1
BURITINOPOLIS,GO,-14.34515648,-46.23962522333333,Solar,0.2153,0.4336,0.0003,0.1395,1
CAPAO ALTO,SC,-9.339348146666667,-16.91531111,Biomassa,0.2153,0.2571,0.125,0.25,1
ACREUNA,GO,-17.65393059,-50.4769139,Solar,0.2151,0.4333,0.0001,0.1391,1
SAO TOME,RN,-6.0013635206250004,-36.154222153125,H2 Verde,0.215,0.4197,0.0008,0.1562,1
SITIO D'ABADIA,GO,-14.68821614,-46.29921973,Solar,0.2146,0.4328,0.0001,0.1383,1
LEOPOLDO DE BULHOES,GO,-16.61611111,-48.79361111,Solar,0.2144,0.4325,0.0001,0.1378,1
NOVA VENEZA,GO,-16.37702081,-49.29750169,Solar,0.2144,0.4326,0.0001,0.138,1
GAMELEIRA DE GOIAS,GO,-16.52196667,-48.63415833,Solar,0.2144,0.4325,0.0001,0.1378,1
PIRACANJUBA,GO,-17.38821667,-49.21722222,Solar,0.2144,0.4326,0.0001,0.138,1
HIDROLANDIA,GO,-16.96416667,-49.31194444,Solar,0.2143,0.4324,0.0001,0.1378,1
SAO JOAO DA PARAUNA,GO,0.0,0.0,Solar,0.2143,0.4324,0.0001,0.1378,1
CAMPESTRE DE GOIAS,GO,-14.297848412857144,-42.609917855714286,Solar,0.2143,0.4324,0.0001,0.1378,1
CORUMBIARA,RO,-12.852221369999999,-60.914763085000004,H2 Verde,0.2141,0.3902,0.1252,0.0681,1
ITATIAIA,RJ,-22.52881287,-44.56793131,H2 Verde,0.2139,0.45,0.0001,0.1128,1
PRAINHA,PA,-2.123046234521531,-53.45422727528708,Biomassa,0.2137,0.2255,0.1616,0.25,1
MOSSORO,RN,-2.079955048,-14.948782214,H2 Verde,0.2135,0.3382,0.1254,0.1354,1
CABO DE SANTO AGOSTINHO,PE,-7.546784590000001,-31.84028068909091,Biomassa,0.2119,0.1538,0.251,0.2501,1
PRESIDENTE FIGUEIREDO,AM,-1.31607542,-59.770784230000004,H2 Verde,0.2118,0.3666,0.1253,0.0919,1
CAMPO REDONDO,RN,-6.276388746,-36.297092096,H2 Verde,0.2109,0.4151,0.0004,0.1493,1
MACAE,RJ,-19.148754590000003,-35.84595572571429,Biomassa,0.2107,0.245,0.1256,0.25,1
CAICARA DO RIO DO VENTO,RN,-5.733815992,-36.036283052,H2 Verde,0.2105,0.4145,0.0004,0.1485,1
PEDRA GRANDE,RN,-5.099322822,-35.86017923333334,H2 Verde,0.2104,0.4141,0.0012,0.1479,1
TOUROS,RN,-3.789613384,-25.645028434,H2 Verde,0.2104,0.4142,0.0011,0.148,1
BODO,RN,-5.9617710441666665,-36.442924910833334,H2 Verde,0.2103,0.4141,0.0009,0.1478,1
MARACANAU,CE,-3.22025749,-32.17052210166667,Biomassa,0.2098,0.2427,0.1255,0.2502,1
ARAPUTANGA,MT,-15.086968315,-58.739388704999996,Solar,0.2097,0.3978,0.0002,0.1685,1
GUARANTA DO NORTE,MT,-9.71192821,-54.92660543666667,Solar,0.2097,0.3977,0.0004,0.1683,1
BOM JESUS DO ITABAPOANA,ES,-21.01231773,-41.724711825,H2 Verde,0.2095,0.386,0.1252,0.0584,1
CAMPINAPOLIS,MT,-13.85209361,-53.25631111,Solar,0.2092,0.3973,0.0001,0.1676,1
SAO FRANCISCO DE ITABAPOANA,RJ,-21.56572196,-41.07310692,H2 Verde,0.2091,0.4444,0.0001,0.1045,1
SANTA MARIA MADALENA,RJ,-21.9362708875,-42.053219685,H2 Verde,0.2091,0.4444,0.0003,0.1044,1
PARACAMBI,RJ,-22.67105423,-43.75560797,H2 Verde,0.2091,0.4443,0.0001,0.1043,1
AREAL,RJ,-22.217819475,-43.108231755,H2 Verde,0.2091,0.4444,0.0002,0.1044,1
FIGUEIROPOLIS D'OESTE,MT,-15.39260834,-58.63775833,Solar,0.209,0.397,0.0001,0.1672,1
TRAJANO DE MORAIS,RJ,-22.13928551,-42.09805831,H2 Verde,0.209,0.4442,0.0001,0.1041,1
NOVO SAO JOAQUIM,MT,-12.82842530142857,-45.65576475142858,Solar,0.2088,0.3966,0.0006,0.1667,1
SAO JOSE DO VALE DO RIO PRETO,RJ,-22.18986383,-42.89174642,H2 Verde,0.2088,0.444,0.0001,0.1038,1
PARELHAS,RN,-6.761740804444445,-36.66726707555555,H2 Verde,0.2087,0.4123,0.0008,0.1451,1
NOVA UBIRATA,MT,-13.09805555,-54.8175,Solar,0.2087,0.3966,0.0001,0.1666,1
POXOREO,MT,-15.609960945000001,-54.39696735,Solar,0.2087,0.3967,0.0002,0.1667,1
NOVA MARILANDIA,MT,-14.33293915,-57.61612676,Solar,0.2087,0.3967,0.0001,0.1668,1
NOBRES,MT,-11.01873861,-42.230178047500004,Solar,0.2087,0.3965,0.0004,0.1665,1
TABAPORA,MT,-11.394870303333335,-56.02144374333333,Solar,0.2086,0.3964,0.0003,0.1664,1
JUINA,MT,-11.31111111,-59.22333333,Solar,0.2086,0.3966,0.0001,0.1666,1
SAO JOSE DO RIO CLARO,MT,-13.666997219999999,-56.639812500000005,Solar,0.2086,0.3966,0.0002,0.1666,1
CONQUISTA D'OESTE,MT,-14.508607595,-59.4586474225,Solar,0.2086,0.3965,0.0004,0.1664,1
ITAUBA,MT,-5.51100119,-27.63633842,Solar,0.2085,0.3964,0.0002,0.1664,1
ITAPERUNA,RJ,-21.1857097,-42.09989709,H2 Verde,0.2085,0.4437,0.0001,0.1033,1
ALTO PARAGUAI,MT,-14.47829947,-56.39193309,Solar,0.2085,0.3964,0.0001,0.1664,1
SUMIDOURO,RJ,-22.08083240666667,-42.652535183333335,H2 Verde,0.2085,0.4436,0.0003,0.1032,1
CARMO,RJ,-21.86363333,-42.43552222,H2 Verde,0.2085,0.4437,0.0001,0.1033,1
AGUA BOA,MT,-14.06616956,-52.28454386,Solar,0.2085,0.3964,0.0001,0.1663,1
TORIXOREU,MT,-16.29972222,-52.7075,Solar,0.2085,0.3965,0.0001,0.1664,1
PATY DO ALFERES,RJ,-22.29388889,-43.41805556,H2 Verde,0.2085,0.4436,0.0001,0.1033,1
GAUCHA DO NORTE,MT,-13.15004444,-59.75270278,Solar,0.2085,0.3964,0.0001,0.1663,1
ROSARIO OESTE,MT,-14.62861111,-55.79861111,Solar,0.2085,0.3964,0.0001,0.1663,1
TESOURO,MT,-15.87972222,-53.58138889,Solar,0.2085,0.3964,0.0001,0.1664,1
NOVA MARINGA,MT,0.0,0.0,Solar,0.2085,0.3964,0.0001,0.1664,1
SANTO ANTONIO DO LESTE,MT,-15.01775,-53.93922222,Solar,0.2085,0.3964,0.0001,0.1664,1
MAGE,RJ,-22.53305555,-43.03916666,H2 Verde,0.2084,0.4436,0.0001,0.1032,1
JAPERI,RJ,-22.64355689,-43.65921689,H2 Verde,0.2084,0.4436,0.0001,0.1032,1
RIO DAS OSTRAS,RJ,-22.51222219,-41.95388889,H2 Verde,0.2084,0.4436,0.0001,0.1032,1
CASTELO,ES,-20.631861524999998,-41.24941139,H2 Verde,0.2082,0.3845,0.1252,0.0563,1
DIANOPOLIS,TO,-11.617478574285714,-46.69291406142857,Solar,0.2077,0.3744,0.1261,0.0671,1
COLATINA,ES,-19.525350115000002,-40.6227943925,H2 Verde,0.2077,0.3838,0.1254,0.0552,1
SOBRAL,CE,-3.67339578,-40.21070670428571,Biomassa,0.2076,0.2376,0.1252,0.25,1
EUSEBIO,CE,-3.8395498,-38.446505355,Biomassa,0.2076,0.2375,0.1252,0.25,1
VENDA NOVA DO IMIGRANTE,ES,-10.18277778,-20.56277778,H2 Verde,0.2076,0.3837,0.1252,0.0551,1
JUAZEIRO DO NORTE,CE,-7.237181675,-39.32379819,Biomassa,0.2076,0.2375,0.1252,0.25,1
ANGRA DOS REIS,RJ,-23.007203262,-44.409913556,Biomassa,0.2068,0.2354,0.1254,0.25,1
BENTO FERNANDES,RN,-5.743039835,-35.895085755,H2 Verde,0.2062,0.4096,0.0002,0.1411,1
RUY BARBOSA,RN,-5.87064007,-35.951364909999995,H2 Verde,0.206,0.4093,0.0002,0.1407,1
BELA VISTA,MS,-5.5253909025,-14.185663265,Solar,0.2058,0.4205,0.0004,0.1249,1
FERNANDO PEDROZA,RN,-5.78281696,-36.283264020000004,H2 Verde,0.2058,0.4091,0.0002,0.1403,1
PAULINO NEVES,MA,-2.701854559,-42.578551723,H2 Verde,0.2058,0.4231,0.0006,0.1213,1
ITAPORA,MS,-14.670438906666666,-36.495119433333336,Solar,0.2057,0.4205,0.0003,0.1248,1
RIBAS DO RIO PARDO,MS,-20.789033335,-53.54167986,Biomassa,0.2057,0.1379,0.2504,0.2514,1
AMAMBAI,MS,-22.7012514,-55.05503569,Solar,0.2056,0.4204,0.0001,0.1248,1
JARAGUARI,MS,-20.39991022,-54.44433525,Solar,0.2056,0.4204,0.0001,0.1248,1
SANTA RITA DO PARDO,MS,-21.56640411,-52.78415145,Solar,0.2056,0.4204,0.0001,0.1248,1
DEODAPOLIS,MS,-22.26601667,-54.16353333,Solar,0.2056,0.4204,0.0001,0.1248,1
MONTE DAS GAMELEIRAS,RN,-6.439508735,-35.78088488,H2 Verde,0.2055,0.4088,0.0002,0.1399,1
SAO JOSE DO CAMPESTRE,RN,-9.580691935,-38.88870607,H2 Verde,0.2054,0.4087,0.0002,0.1397,1
CAICARA DO NORTE,RN,-5.24335253,-36.080207445,H2 Verde,0.2052,0.4085,0.0002,0.1394,1
RIO DO FOGO,RN,-5.30693366,-35.38435271,H2 Verde,0.2049,0.408,0.0002,0.1387,1
CERRO CORA,RN,-5.8914315833333335,-36.28808386,H2 Verde,0.2048,0.4079,0.0003,0.1385,1
LAJES PINTADAS,RN,-6.16657036,-36.29008018,H2 Verde,0.2044,0.4075,0.0001,0.1379,1
JARDIM DE ANGICOS,RN,-5.51577764,-35.99971058,H2 Verde,0.2044,0.4075,0.0002,0.1379,1
PICUI,PB,-6.022041251818181,-33.04491155181818,Solar,0.2038,0.3784,0.1251,0.0496,1
PONTE ALTA DO BOM JESUS,TO,-11.953101495,-46.345898213750004,Solar,0.2036,0.3697,0.1256,0.0601,1
EQUADOR,RN,-6.71667081,-36.6375384,H2 Verde,0.2036,0.4065,0.0001,0.1365,1
TENENTE LAURENTINO CRUZ,RN,-6.13531074,-36.72199512,H2 Verde,0.2036,0.4066,0.0001,0.1365,1
AFONSO BEZERRA,RN,-5.409117,-36.492484,H2 Verde,0.2036,0.4066,0.0001,0.1366,1
TAGUATINGA,TO,-12.49893591,-46.355906185,Solar,0.2034,0.3696,0.1252,0.0599,1
PARAGOMINAS,PA,-3.142630463333333,-47.76063624666667,Biomassa,0.203,0.2259,0.1253,0.25,1
SAO JOSE DE MIPIBU,RN,-3.016162555,-17.624845,H2 Verde,0.203,0.4058,0.0004,0.1353,1
PENDENCIAS,RN,-5.26399169,-36.71959439,H2 Verde,0.203,0.4058,0.0001,0.1354,1
BREJINHO,RN,-6.20991667,-35.363,H2 Verde,0.2029,0.4057,0.0001,0.1353,1
CRUZETA,RN,0.0,0.0,H2 Verde,0.2029,0.4057,0.0001,0.1353,1
CAMPO GRANDE,MS,-16.23704289894737,-50.953859188421056,Biomassa,0.2028,0.1312,0.2511,0.25,1
PARANATAMA,PE,-8.89753805111111,-36.746388072222224,Solar,0.2025,0.4216,0.0008,0.112,1
COSTA RICA,MS,-18.639603761666667,-53.08956966333333,Biomassa,0.2023,0.1291,0.2504,0.2517,1
CHAPADAO DO SUL,MS,-18.986951246,-52.658291973999994,Biomassa,0.2018,0.1284,0.2504,0.251,1
BARAO DE GRAJAU,MA,-6.75305556,-43.03333333,H2 Verde,0.2005,0.4171,0.0001,0.1122,1
HUMBERTO DE CAMPOS,MA,-2.47427779,-43.57421666,H2 Verde,0.2005,0.417,0.0001,0.1122,1
BACABEIRA,MA,0.0,0.0,H2 Verde,0.2005,0.4171,0.0001,0.1123,1
RIO DE JANEIRO,RJ,-22.367801835813953,-42.33605257686047,Biomassa,0.1991,0.2109,0.1325,0.2501,1
TACAIMBO,PE,-8.33039185,-36.23993742818182,Solar,0.1988,0.4175,0.0003,0.1058,1
FLORES,PE,-7.88398911,-37.964170556,Solar,0.1984,0.4169,0.0004,0.105,1
VENTUROSA,PE,-8.74242376,-36.74597123666666,Solar,0.1983,0.4169,0.0003,0.105,1
POCAO,PE,-8.182458,-36.744318745,Solar,0.198,0.4165,0.0002,0.1044,1
SAO CAITANO,PE,-8.32981852,-36.202826853333335,Solar,0.1979,0.4164,0.0003,0.1042,1
SALGUEIRO,PE,-8.024375,-39.324750005,Solar,0.1977,0.4162,0.0002,0.1039,1
SALOA,PE,-8.98378694,-36.7880856,Solar,0.1972,0.4156,0.0001,0.103,1
PEDRA,PE,-8.82748442,-36.75920084,Solar,0.1972,0.4157,0.0002,0.1031,1
NOVA MUTUM,MT,-13.671328553999999,-56.197281832,Solar,0.1972,0.1798,0.2504,0.167,1
AGRESTINA,PE,-4.207998335,-17.97900139,Solar,0.1969,0.4153,0.0002,0.1025,1
APARECIDA DE GOIANIA,GO,-11.99066705,-35.18140397571428,Solar,0.1969,0.2946,0.1255,0.1378,1
MACAPARANA,PE,-7.490465315,-35.494589435,Solar,0.1969,0.4152,0.0002,0.1024,1
POMBOS,PE,-8.17499992,-35.38888887,Solar,0.1963,0.4146,0.0001,0.1014,1
SAO JOSE DO EGITO,PE,-7.50666667,-37.26947222,Solar,0.1962,0.4144,0.0001,0.1012,1
NAZARE DA MATA,PE,-7.78322805,-35.23886,Solar,0.1962,0.4144,0.0001,0.1013,1
GAMELEIRA,PE,-8.59486233,-35.39068085,Solar,0.1962,0.4145,0.0001,0.1013,1
CUMARU,PE,-7.96676906,-35.742113,Solar,0.1962,0.4144,0.0001,0.1012,1
SANTA CRUZ DO CAPIBARIBE,PE,-7.94666667,-36.22583333,Solar,0.1962,0.4144,0.0001,0.1012,1
CAMARAGIBE,PE,-7.96091389,-35.00984719,Solar,0.1962,0.4144,0.0001,0.1012,1
CATENDE,PE,-8.74313627,-35.81168699,Solar,0.1962,0.4144,0.0001,0.1012,1
JAQUEIRA,PE,-8.733773995,-35.84225329,Solar,0.1962,0.4144,0.0002,0.1012,1
ARCOVERDE,PE,0.0,0.0,Solar,0.1962,0.4144,0.0001,0.1012,1
SERRA TALHADA,PE,-6.3970745,-30.802185499999997,Solar,0.1962,0.4145,0.0002,0.1013,1
DUQUE DE CAXIAS,RJ,-19.49775914,-37.10447527142857,Biomassa,0.1958,0.2078,0.1256,0.2501,1
ARAUCARIA,PR,-25.573432458000003,-49.373919876,Biomassa,0.1942,0.2976,0.0004,0.25,1
CUIABA,MT,-14.745772273859648,-53.123493155789475,Eolica,0.1938,0.1707,0.252,0.1665,1
SANTA HELENA DE GOIAS,GO,-17.824742,-50.542153973333335,Solar,0.1931,0.2845,0.1253,0.1391,1
PALMEIRAS DE GOIAS,GO,-16.772928445,-49.921470055,Biomassa,0.1889,0.1909,0.1251,0.25,1
CHAPADAO DO CEU,GO,-18.430437146666666,-52.619111260000004,Biomassa,0.1888,0.1905,0.1253,0.25,1
GOIANESIA,GO,-11.3787595525,-36.8462589775,Biomassa,0.1887,0.1902,0.1254,0.25,1
GOIANIA,GO,-16.674136127,-49.27562456766667,Biomassa,0.1886,0.1882,0.1276,0.25,1
SANTO INACIO,PR,-22.68060725,-51.78755692,Biomassa,0.1884,0.2834,0.0002,0.25,1
SAO CARLOS DO IVAI,PR,-23.306463275,-52.484005965,Biomassa,0.1882,0.2829,0.0002,0.25,1
TAPEJARA,PR,-23.74800967,-52.87333455,Biomassa,0.1881,0.2826,0.0001,0.25,1
FLORESTOPOLIS,PR,-22.873834445,-51.385306775000004,Biomassa,0.188,0.2825,0.0002,0.25,1
CIDADE GAUCHA,PR,-23.3726,-52.905,Biomassa,0.1879,0.2823,0.0001,0.25,1
JUSSARA,PR,-23.56777222,-52.42850236,Biomassa,0.1879,0.2823,0.0001,0.25,1
PARANACITY,PR,-22.87555556,-52.18083333,Biomassa,0.1879,0.2822,0.0001,0.25,1
ANAPOLIS,GO,-15.01014627,-44.86449995583334,Biomassa,0.1878,0.1873,0.1261,0.2501,1
JACAREZINHO,PR,-15.417715953333333,-33.348452079999994,Biomassa,0.1878,0.2819,0.0002,0.25,1
MINEIROS,GO,-17.5409927,-52.793089066666674,Biomassa,0.1878,0.188,0.1253,0.2501,1
TERRA RICA,PR,-22.78307967,-52.70404455,Biomassa,0.1877,0.2816,0.0001,0.25,1
SAO PEDRO DO IVAI,PR,-23.87400967,-51.83653455,Biomassa,0.1877,0.2817,0.0001,0.25,1
MATELANDIA,PR,-25.20522554,-53.95331294,Biomassa,0.1876,0.2814,0.0002,0.25,1
ARARUNA,PR,-23.936306616666666,-52.49934420333333,Biomassa,0.1876,0.2812,0.0003,0.25,1
PIRAI DO SUL,PR,-24.532358,-49.941331,Biomassa,0.1876,0.2814,0.0001,0.25,1
IVATE,PR,-23.40958889,-53.37387889,Biomassa,0.1876,0.2814,0.0001,0.25,1
MOREIRA SALES,PR,-23.9396111,-53.08800001,Biomassa,0.1876,0.2816,0.0001,0.25,1
RONDON,PR,-23.37083709,-52.70887682,Biomassa,0.1876,0.2814,0.0001,0.25,1
PARANAGUA,PR,-25.5367994,-48.572367635000006,Biomassa,0.1876,0.2813,0.0002,0.25,1
NOVA LONDRINA,PR,-22.80010833,-52.98918055,Biomassa,0.1876,0.2813,0.0001,0.25,1
CEU AZUL,PR,-25.04586667,-53.78357778,Biomassa,0.1875,0.2811,0.0001,0.25,1
SAO JOAO DO IVAI,PR,-23.98864966,-51.83861455,Biomassa,0.1875,0.2812,0.0001,0.25,1
PATO BRANCO,PR,-26.24653333,-52.70111111,Biomassa,0.1875,0.2812,0.0001,0.25,1
RIO NEGRO,PR,-26.10040806,-49.797685,Biomassa,0.1875,0.2811,0.0001,0.25,1
ARAPONGAS,PR,-23.41351694,-51.43828,Biomassa,0.1875,0.2811,0.0001,0.25,1
PEROBAL,PR,-23.90916666,-53.47242222,Biomassa,0.1875,0.2812,0.0001,0.25,1
ALTO PARANA,PR,-24.18472222,-53.0275,Biomassa,0.1875,0.2811,0.0001,0.25,1
APUCARANA,PR,-23.538989766666663,-51.4304736,Biomassa,0.1875,0.2812,0.0003,0.25,1
SAO MATEUS DO SUL,PR,-26.00927078,-50.60844566,Biomassa,0.1875,0.2811,0.0001,0.25,1
COLOMBO,PR,-25.379321814999997,-49.157133404999996,Biomassa,0.1875,0.2812,0.0002,0.25,1
PALOTINA,PR,-24.23671694,-53.70384861,Biomassa,0.1875,0.2811,0.0001,0.25,1
ENGENHEIRO BELTRAO,PR,-23.69424444,-52.20846944,Biomassa,0.1875,0.2812,0.0001,0.25,1
IBAITI,PR,-23.68217301,-50.41424937,Biomassa,0.1875,0.2812,0.0001,0.25,1
DOIS VIZINHOS,PR,-24.74875088,-53.72958088,Biomassa,0.1875,0.2812,0.0001,0.25,1
CERRO AZUL,PR,-24.75833333,-49.33534722,Biomassa,0.1874,0.2811,0.0,0.25,1
ITAPERUCU,PR,-24.97527778,-49.59555556,Biomassa,0.1874,0.2811,0.0,0.25,1
NOVA CANTU,PR,-24.76786111,-52.59405556,Biomassa,0.1874,0.2811,0.0,0.25,1
PARANAPOEMA,PR,-22.61705556,-51.99680556,Biomassa,0.1874,0.2811,0.0,0.25,1
TUNEIRAS DO OESTE,PR,-23.97194444,-52.94777778,Biomassa,0.1874,0.2811,0.0,0.25,1
GOIOXIM,PR,-25.31080556,-51.96759722,Biomassa,0.1874,0.2811,0.0,0.25,1
RIO BRANCO DO IVAI,PR,-24.30348323,-51.34742901,Biomassa,0.1874,0.2811,0.0,0.25,1
SORRISO,MT,-12.49246334,-55.83030016666667,Biomassa,0.1873,0.0928,0.2505,0.25,1
IPAMERI,GO,-17.427150926666666,-47.79629444333333,Biomassa,0.1872,0.1865,0.1252,0.2501,1
NIQUELANDIA,GO,-14.702358125,-48.6686092075,Biomassa,0.1872,0.1868,0.1251,0.25,1
URUACU,GO,-14.483819445,-49.08812361,Biomassa,0.1869,0.1859,0.1251,0.25,1
SAO SIMAO,GO,-18.98179722,-50.610172225,Biomassa,0.1869,0.1859,0.1251,0.25,1
SERRANOPOLIS,GO,-18.219383821764705,-52.256517483529414,Biomassa,0.1869,0.186,0.1251,0.25,1
ITABERAI,GO,-16.01497428,-49.800356165,Biomassa,0.1869,0.1859,0.1252,0.25,1
PRIMAVERA DO LESTE,MT,-12.766382293333335,-45.17408491166666,Biomassa,0.1869,0.0918,0.2504,0.25,1
FORMOSA,GO,-15.52545,-47.37942222,Biomassa,0.1868,0.1858,0.1251,0.25,1
ITARUMA,GO,-18.54383611,-51.541590740000004,Biomassa,0.1868,0.1857,0.125,0.25,1
CAPIVARI DE BAIXO,SC,-28.454233336666665,-48.96906967,Biomassa,0.1867,0.279,0.0003,0.25,1
SERRA,ES,-10.602830385263157,-21.190998441578948,Biomassa,0.1851,0.0861,0.2517,0.2504,1
BARRA DO GARCAS,MT,-15.888963753333334,-52.26541379666667,Solar,0.1838,0.2408,0.1253,0.1663,1
NOVA IGUACU,RJ,-22.711240833333335,-43.46368836,Biomassa,0.1835,0.1771,0.1255,0.25,1
TERESOPOLIS,RJ,-22.317747575,-42.803842165000006,Biomassa,0.1831,0.1765,0.1252,0.25,1
SAO JOAO DE MERITI,RJ,-22.779241650000003,-43.34195138,Biomassa,0.1831,0.1764,0.1252,0.25,1
PORTO REAL,RJ,-11.20986111,-22.14513889,Biomassa,0.1831,0.1764,0.1251,0.25,1
PETROPOLIS,RJ,-22.41995374,-43.144600376666666,Biomassa,0.1831,0.1764,0.1253,0.25,1
ARIQUEMES,RO,-9.97861111,-63.06833333,H2 Verde,0.1804,0.3989,0.0002,0.0693,1
MONTE NEGRO,RO,-10.23041667,-63.23375,H2 Verde,0.1799,0.3983,0.0001,0.0684,1
BURITIS,RO,-10.21153028,-63.80520528,H2 Verde,0.1796,0.3979,0.0001,0.0679,1
MACHADINHO D'OESTE,RO,-9.45465278,-62.02678444,H2 Verde,0.1796,0.3979,0.0001,0.0679,1
PIMENTEIRAS DO OESTE,RO,-12.57412121,-61.49030303,H2 Verde,0.1795,0.3979,0.0001,0.0678,1
NOVA BRASILANDIA D'OESTE,RO,-11.6185486,-62.17280272,H2 Verde,0.1795,0.3979,0.0002,0.0678,1
TRES BARRAS,SC,-26.1089215,-50.310295055,Biomassa,0.1788,0.2595,0.0002,0.25,1
OTACILIO COSTA,SC,-27.51049059,-50.10109055,Biomassa,0.1783,0.2581,0.0001,0.25,1
PEIXE,TO,-12.23546655,-48.38636694,Solar,0.1782,0.3841,0.0001,0.0818,1
VARGEM BONITA,SC,-20.219960305,-38.816928665,Biomassa,0.1782,0.2579,0.0004,0.25,1
ITAJAI,SC,-26.917467980000005,-48.703090728,Biomassa,0.178,0.2572,0.0004,0.25,1
MORRO DA FUMACA,SC,-28.64393411,-49.23319037,Biomassa,0.178,0.2572,0.0004,0.25,1
NAVEGANTES,SC,-26.87956562,-48.64989171,Biomassa,0.1779,0.2571,0.0001,0.25,1
GASPAR,SC,-26.903887734999998,-48.96804776,Biomassa,0.1779,0.2571,0.0002,0.25,1
SALETE,SC,-26.97600967,-49.99053455,Biomassa,0.1779,0.2572,0.0001,0.25,1
SIDEROPOLIS,SC,-28.605555,-49.402222,Biomassa,0.1779,0.2571,0.0001,0.25,1
JAGUARUNA,SC,-28.62496389,-49.04912889,Biomassa,0.1779,0.2571,0.0001,0.25,1
BARRA VELHA,SC,-26.63472222,-48.70472222,Biomassa,0.1779,0.2572,0.0001,0.25,1
ITAPEMA,SC,-27.09478851,-48.61703204,Biomassa,0.1779,0.2571,0.0001,0.25,1
BALNEARIO CAMBORIU,SC,-26.98919389,-48.634617,Biomassa,0.1779,0.2571,0.0001,0.25,1
MELEIRO,SC,-28.84489861,-49.61997888,Biomassa,0.1779,0.2571,0.0001,0.25,1
COCAL DO SUL,SC,-28.598701355000003,-49.32583672,Biomassa,0.1779,0.2571,0.0002,0.25,1
ITUPORANGA,SC,-27.40194469,-49.6080561,Biomassa,0.1779,0.2571,0.0001,0.25,1
CAMBORIU,SC,-26.99711662,-48.65535039,Biomassa,0.1779,0.2571,0.0001,0.25,1
ILHOTA,SC,-26.90555555,-48.82333333,Biomassa,0.1779,0.2572,0.0001,0.25,1
MAREMA,SC,0.0,0.0,Biomassa,0.1779,0.2571,0.0001,0.25,1
POUSO REDONDO,SC,-27.25108611,-49.95565194,Biomassa,0.1779,0.2571,0.0001,0.25,1
TIJUCAS,SC,-27.24138876,-48.63361102,Biomassa,0.1779,0.2571,0.0001,0.25,1
CANOINHAS,SC,-26.18917383,-50.36919527,Biomassa,0.1779,0.2572,0.0001,0.25,1
LONTRAS,SC,-27.13566111,-49.53164722,Biomassa,0.1778,0.2571,0.0,0.25,1
XAVANTINA,SC,-26.94483611,-52.26243611,Biomassa,0.1778,0.2571,0.0,0.25,1
OURO,SC,-27.35093889,-51.64692222,Biomassa,0.1778,0.2571,0.0,0.25,1
SAO JOSE DO CERRITO,SC,-27.72758334,-50.56494446,Biomassa,0.1778,0.2571,0.0,0.25,1
NOVA ITABERABA,SC,-26.91722222,-52.85583333,Biomassa,0.1778,0.2571,0.0,0.25,1
IPOJUCA,PE,-6.994769701666667,-29.185220208333334,Biomassa,0.1768,0.1604,0.1254,0.25,1
ARAGUAINA,TO,-6.470932809,-43.394774867,Biomassa,0.1765,0.0656,0.2509,0.25,1
JUNCO DO SERIDO,PB,-6.993222009,-36.781301126,Solar,0.1764,0.39,0.0009,0.0671,1
SAO LUIS,MA,-2.6832083577777777,-44.243062967777774,Biomassa,0.1755,0.1568,0.1258,0.2501,1
PARNAMIRIM,RN,-4.5359672515384615,-27.113109416153844,H2 Verde,0.174,0.2388,0.1261,0.1355,1
TERESINA,PI,-3.682247088888889,-30.908533759999997,Biomassa,0.1738,0.1519,0.1266,0.2501,1
IMPERATRIZ,MA,-5.492248356666667,-47.484965718333335,Biomassa,0.1732,0.1514,0.1255,0.25,1
MACEIO,AL,-9.027571123529412,-33.63593758647059,Biomassa,0.1731,0.0566,0.2515,0.2502,1
PARANA,TO,-12.80843539,-48.23817967,Solar,0.1718,0.3766,0.0001,0.0704,1
ALEGRE,ES,-20.692160483333335,-41.50924885,H2 Verde,0.1716,0.3855,0.0003,0.0577,1
COREMAS,PB,-6.960975287777778,-37.993598681111116,Solar,0.1712,0.384,0.0006,0.058,1
SANTA LEOPOLDINA,ES,-20.08315133,-40.57701158,H2 Verde,0.1709,0.3848,0.0001,0.0567,1
MUNIZ FREIRE,ES,-20.45688002,-41.47934699,H2 Verde,0.1707,0.3845,0.0001,0.0562,1
ALFREDO CHAVES,ES,-20.60360012,-40.80552455,H2 Verde,0.1706,0.3844,0.0001,0.056,1
SANTA MARIA DE JETIBA,ES,-20.06007495,-40.6425863,H2 Verde,0.1706,0.3844,0.0001,0.0561,1
MIMOSO DO SUL,ES,-21.19861111,-41.37638889,H2 Verde,0.1705,0.3843,0.0001,0.056,1
LARANJA DA TERRA,ES,-19.96527778,-41.07611111,H2 Verde,0.1703,0.384,0.0001,0.0556,1
CONCEICAO DO CASTELO,ES,-20.3999529,-41.26649469,H2 Verde,0.1702,0.3839,0.0001,0.0553,1
ACAILANDIA,MA,-3.670747985,-35.558400954999996,Biomassa,0.1702,0.1441,0.1253,0.25,1
DORES DO RIO PRETO,ES,-20.74657479,-41.87479677,H2 Verde,0.1702,0.3839,0.0001,0.0553,1
CARIACICA,ES,-20.24624306,-40.377615,H2 Verde,0.1701,0.3838,0.0001,0.0551,1
SAO MATEUS,ES,0.0,0.0,H2 Verde,0.1701,0.3837,0.0001,0.0551,1
SAO GABRIEL DA PALHA,ES,-19.04583333,-40.53805556,H2 Verde,0.1701,0.3838,0.0001,0.0552,1
SANTA TERESA,ES,-19.86027778,-40.67888889,H2 Verde,0.1701,0.3837,0.0001,0.0551,1
HORIZONTE,CE,-4.09500966,-38.48653455,Biomassa,0.1701,0.2376,0.0001,0.25,1
RIO NOVO DO SUL,ES,-20.77358998,-40.98751668,H2 Verde,0.1701,0.3838,0.0001,0.0552,1
VARGEM ALTA,ES,-20.61024722,-41.0184,H2 Verde,0.1701,0.3838,0.0001,0.0552,1
BARRA DE SAO FRANCISCO,ES,-18.716286525,-40.781101664999994,H2 Verde,0.1701,0.3838,0.0002,0.0551,1
PARAIPABA,CE,0.0,0.0,Biomassa,0.17,0.2375,0.0,0.25,1
VICOSA DO CEARA,CE,-3.4195653425,-41.19897062,Biomassa,0.17,0.2375,0.0,0.25,1
UMARI,CE,-6.617596825714286,-38.85094166571429,Biomassa,0.17,0.2375,0.0,0.25,1
PACATUBA,CE,-3.89478889,-38.60228055,Biomassa,0.17,0.2375,0.0001,0.25,1
CARNAUBAL,CE,-4.14305973125,-40.99971064625,Biomassa,0.17,0.2375,0.0,0.25,1
IBICUITINGA,CE,-5.017227135185186,-38.617709383703705,Biomassa,0.17,0.2375,0.0,0.25,1
MORADA NOVA,CE,-5.036186727777778,-38.36830833333333,Biomassa,0.17,0.2375,0.0,0.25,1
URUBURETAMA,CE,-3.61882966,-39.50631455,Biomassa,0.17,0.2375,0.0001,0.25,1
MARTINOPOLE,CE,-3.0601805549999996,-40.735611115,Biomassa,0.17,0.2375,0.0,0.25,1
ITAPIPOCA,CE,-3.49333314,-39.59833348,Biomassa,0.17,0.2375,0.0001,0.25,1
CAXIAS,MA,-4.77367443,-43.660467954,Biomassa,0.17,0.1438,0.1251,0.25,1
GUARACIABA DO NORTE,CE,-1.1177536846666667,-10.940795537333333,Biomassa,0.17,0.2375,0.0,0.25,1
GRANJA,CE,-3.1043673829032254,-40.7652912183871,Biomassa,0.17,0.2375,0.0,0.25,1
RUSSAS,CE,-4.883582102857143,-37.992167738571425,Biomassa,0.17,0.2375,0.0,0.25,1
LAVRAS DA MANGABEIRA,CE,-6.757320063333334,-38.846138271111116,Biomassa,0.17,0.2375,0.0,0.25,1
RECIFE,PE,-6.669326733043477,-28.834010277826085,Biomassa,0.1697,0.1413,0.127,0.2501,1
SAO JOSE DO SABUGI,PB,-6.8597595425,-36.779138599999996,Solar,0.1697,0.3823,0.0004,0.0555,1
VITORIA DE SANTO ANTAO,PE,-8.158044635,-35.288642242499996,Biomassa,0.1692,0.1415,0.1254,0.25,1
SIRINHAEM,PE,-8.61222188,-35.15699841,Biomassa,0.1691,0.1412,0.1252,0.2502,1
RIO FORMOSO,PE,-8.645131495000001,-35.240033940000004,Biomassa,0.1691,0.1412,0.1252,0.2503,1
JOAQUIM NABUCO,PE,-8.53797761,-35.51180283,Biomassa,0.1691,0.141,0.1252,0.2503,1
AREIA DE BARAUNAS,PB,-7.0404878375,-36.954559745,Solar,0.169,0.3816,0.0004,0.0544,1
TIMBAUBA,PE,-2.5169444433333332,-11.75851852,Biomassa,0.169,0.141,0.1253,0.25,1
PRIMAVERA,PE,-8.351384645,-35.37537108,Biomassa,0.1689,0.1409,0.1252,0.25,1
ABREU E LIMA,PE,-7.92252632,-34.89984764,Biomassa,0.1689,0.1407,0.1253,0.25,1
CARUARU,PE,-8.28643585,-35.9676387325,Biomassa,0.1689,0.1407,0.1254,0.2501,1
MACAIBA,RN,-3.9179769833333333,-23.537009503333334,Biomassa,0.1681,0.1384,0.1258,0.2501,1
MATARACA,PB,-6.558372774166666,-34.97535224166666,Solar,0.1681,0.3802,0.0011,0.0524,1
ALTO DO RODRIGUES,RN,-5.38054153,-36.819848605000004,Biomassa,0.1681,0.1387,0.1252,0.25,1
SAO JOAO DO RIO DO PEIXE,PB,-6.797216755,-38.48035545,Solar,0.168,0.3804,0.0002,0.0527,1
NATAL,RN,-5.819158687647058,-35.22628891764706,Biomassa,0.1673,0.1358,0.1265,0.2501,1
POMBAL,PB,-6.8586257,-37.89166833,Solar,0.167,0.3792,0.0002,0.0508,1
MALTA,PB,-6.91449905,-37.55445583,Solar,0.1669,0.3792,0.0001,0.0508,1
CONDADO,PB,-6.91704135,-37.56017362,Solar,0.1669,0.3792,0.0001,0.0508,1
BARAUNA,RN,-4.957271295555556,-37.60785925777778,Biomassa,0.1667,0.1355,0.1251,0.25,1
PUREZA,RN,-5.353275795,-35.61593370111111,Biomassa,0.1667,0.1355,0.125,0.25,1
RIO BRILHANTE,MS,-21.63630415888889,-54.19428106,Biomassa,0.1665,0.1346,0.1254,0.25,1
BARCARENA,PA,-1.536718895,-48.7129876375,Biomassa,0.1665,0.2285,0.0002,0.25,1
MONTE DO CARMO,TO,-10.6988284,-47.79391384,Solar,0.1664,0.3702,0.0001,0.0609,1
SUME,PB,-7.70333331,-36.86361111,Solar,0.1663,0.3784,0.0001,0.0497,1
CAJAZEIRAS,PB,-6.89690375,-38.53025804,Solar,0.1663,0.3784,0.0002,0.0496,1
PATOS,PB,-7.02821081,-37.28153611,Solar,0.1663,0.3784,0.0001,0.0496,1
ITAPORANGA,PB,0.0,0.0,Solar,0.1663,0.3784,0.0001,0.0496,1
CATOLE DO ROCHA,PB,0.0,0.0,Solar,0.1663,0.3784,0.0003,0.0496,1
BELEM,PA,-1.8129068059999998,-48.807367584,Biomassa,0.1659,0.2261,0.0018,0.25,1
ORIXIMINA,PA,-1.76317248,-55.86071151666667,Biomassa,0.1659,0.2271,0.0003,0.25,1
ALMEIRIM,PA,-1.225197225,-52.50494528,Biomassa,0.1659,0.2272,0.0002,0.25,1
LAGOA DA CONFUSAO,TO,-10.82504169,-49.656725,Solar,0.1657,0.3694,0.0001,0.0597,1
NATIVIDADE,TO,-11.37138889,-47.57555556,Solar,0.1657,0.3694,0.0001,0.0596,1
WANDERLANDIA,TO,-6.78194444,-48.15083333,Solar,0.1657,0.3694,0.0001,0.0597,1
MATEIROS,TO,-10.543494445,-46.129415275,Solar,0.1657,0.3694,0.0002,0.0597,1
ULIANOPOLIS,PA,-3.71751,-47.4876,Biomassa,0.1654,0.2259,0.0001,0.25,1
ANANINDEUA,PA,-1.3705611528571429,-48.389604684285715,Biomassa,0.1654,0.2255,0.0006,0.25,1
JURUTI,PA,-2.342117835,-56.138555845,Biomassa,0.1654,0.2257,0.0002,0.25,1
SANTANA DO ARAGUAIA,PA,-9.3432816,-50.33387252,Biomassa,0.1653,0.2258,0.0001,0.25,1
MUANA,PA,-1.54083174,-49.25027579,Biomassa,0.1652,0.2255,0.0001,0.25,1
CHAVES,PA,-0.16089936,-50.0014821,Biomassa,0.1652,0.2253,0.0001,0.25,1
CASTANHAL,PA,-1.274896815,-47.931954575000006,Biomassa,0.1652,0.2254,0.0002,0.25,1
ANAJAS,PA,-0.98596678,-49.94593211,Biomassa,0.1652,0.2254,0.0001,0.25,1
ITAITUBA,PA,-5.35004636,-55.974073245,Biomassa,0.1652,0.2255,0.0002,0.25,1
TAILANDIA,PA,-2.52591667,-48.79791667,Biomassa,0.1652,0.2254,0.0001,0.25,1
PARAUAPEBAS,PA,-6.07273,-49.90078111,Biomassa,0.1652,0.2253,0.0001,0.25,1
AFUA,PA,-0.15667598,-50.38664855,Biomassa,0.1652,0.2255,0.0001,0.25,1
GURUPA,PA,-1.40416262,-51.63833053,Biomassa,0.1652,0.2255,0.0001,0.25,1
MARITUBA,PA,-1.39695833,-48.3369,Biomassa,0.1652,0.2253,0.0001,0.25,1
TUCUMA,PA,-6.84239855,-51.42359011,Biomassa,0.1652,0.2254,0.0001,0.25,1
TERRA SANTA,PA,-2.10444103,-56.48749194,Biomassa,0.1652,0.2255,0.0001,0.25,1
SANTA CRUZ DO ARARI,PA,-0.71848205,-49.18068195,Biomassa,0.1652,0.2253,0.0001,0.25,1
MARABA,PA,-5.36166139,-49.13903472,Biomassa,0.1652,0.2253,0.0002,0.25,1
ACARA,PA,-2.52591667,-48.79791667,Biomassa,0.1652,0.2253,0.0001,0.25,1
TOME-ACU,PA,-2.85512222,-48.23579444,Biomassa,0.1652,0.2253,0.0001,0.25,1
AVEIRO,PA,-3.60724188,-55.32992016,Biomassa,0.1652,0.2253,0.0001,0.25,1
SAO SEBASTIAO DA BOA VISTA,PA,-1.72110873,-49.52888922,Biomassa,0.1652,0.2255,0.0001,0.25,1
FARO,PA,-2.16973152,-56.74221191,Biomassa,0.1652,0.2254,0.0001,0.25,1
OEIRAS DO PARA,PA,-2.00250287,-49.86222416,Biomassa,0.1652,0.2254,0.0001,0.25,1
CONCEICAO DO ARAGUAIA,PA,-8.34977496,-49.31391389,Biomassa,0.1651,0.2253,0.0001,0.25,1
BREVES,PA,-1.69073694,-50.480895,Biomassa,0.1651,0.2253,0.0001,0.25,1
SAO FELIX DO XINGU,PA,-6.64161422,-51.95748438,Biomassa,0.1651,0.2253,0.0001,0.25,1
SALINOPOLIS,PA,-0.61860502,-47.35055523,Biomassa,0.1651,0.2253,0.0001,0.25,1
NOVA ALVORADA DO SUL,MS,-21.445027166666666,-54.422652019999994,Biomassa,0.1644,0.1296,0.1253,0.25,1
DOURADOS,MS,-22.286012205,-54.808540635,Biomassa,0.1636,0.1273,0.1254,0.2502,1
PARANAIBA,MS,-19.687802147692306,-51.420568485,Biomassa,0.1634,0.127,0.1253,0.25,1
PONTA PORA,MS,-22.4272244575,-55.435169665000004,Biomassa,0.1631,0.1262,0.1254,0.2501,1
APARECIDA DO TABOADO,MS,-10.043645555,-25.649505115,Biomassa,0.1628,0.1257,0.1252,0.25,1
BRASILIA,DF,-15.75964008125,-47.86952403541667,Solar,0.1625,0.2161,0.2521,0.0014,1
MATRIZ DE CAMARAGIBE,AL,-9.08527778,-35.57055556,Solar,0.1592,0.3664,0.0001,0.0421,1
JI-PARANA,RO,-10.84726389,-61.999588884999994,H2 Verde,0.1577,0.2497,0.1252,0.0677,1
FERREIRA GOMES,AP,0.8705514933333333,-51.25111741999999,Solar,0.1558,0.3556,0.0003,0.0449,1
SANTO ANTONIO DOS LOPES,MA,-10.89369655,-44.443211590000004,Biomassa,0.155,0.1995,0.0005,0.25,1
OIAPOQUE,AP,3.83329665,-51.83494717999999,Biomassa,0.1549,0.0119,0.2504,0.2502,1
COLORADO DO OESTE,RO,-13.1196364175,-60.6096109725,Biomassa,0.1542,0.104,0.1254,0.2502,1
NOVA MAMORE,RO,-10.426442755,-64.741896535,Biomassa,0.154,0.1036,0.1252,0.25,1
ITAGUAI,RJ,-22.433185415,-43.837660695,Biomassa,0.1524,0.1932,0.0004,0.25,1
QUIRINOPOLIS,GO,-18.505249206666665,-50.43753972333334,Biomassa,0.1513,0.1906,0.0003,0.25,1
MONTE ALEGRE DO PIAUI,PI,-9.44800539404762,-45.08909483071428,Eolica,0.1512,0.2585,0.0,0.1593,1
ITUMBIARA,GO,-18.375659594285715,-49.342353824285716,Biomassa,0.1507,0.1887,0.0006,0.25,1
EDEIA,GO,-17.510010110000003,-50.01878061,Biomassa,0.1507,0.1891,0.0002,0.25,1
GOIATUBA,GO,-17.989867643333334,-49.80449141666667,Biomassa,0.1506,0.1888,0.0003,0.25,1
PEROLANDIA,GO,-17.52016266,-52.03963455,Biomassa,0.1503,0.1881,0.0001,0.25,1
SINOP,MT,-11.898010589090909,-55.55019654545454,Biomassa,0.1502,0.0935,0.126,0.2502,1
ALTO TAQUARI,MT,-17.88306639,-53.331690975,Biomassa,0.1502,0.0935,0.1252,0.2509,1
TURVELANDIA,GO,-17.969363225000002,-50.309155845,Biomassa,0.1501,0.1877,0.0002,0.25,1
PARAUNA,GO,-17.33041666,-50.49572222,Biomassa,0.1499,0.1871,0.0001,0.25,1
RUBIATABA,GO,-15.17540966,-49.74883455,Biomassa,0.1498,0.1869,0.0001,0.25,1
MORRINHOS,GO,-17.781806093333334,-49.14020944333333,Biomassa,0.1497,0.1865,0.0003,0.25,1
SANTO ANTONIO DA BARRA,GO,-17.61775002,-50.71438891,Biomassa,0.1496,0.1863,0.0001,0.25,1
CARMO DO RIO VERDE,GO,-15.38205966,-49.72719455,Biomassa,0.1495,0.1862,0.0002,0.25,1
BELA VISTA DE GOIAS,GO,-16.978411660000003,-48.97331037666667,Biomassa,0.1495,0.186,0.0003,0.25,1
NAZARIO,GO,-16.59035047,-49.86455253,Biomassa,0.1494,0.1859,0.0001,0.25,1
JANDAIA,GO,-17.27425967,-50.13953455,Biomassa,0.1494,0.1859,0.0001,0.25,1
NEROPOLIS,GO,-16.40676859,-49.20953455,Biomassa,0.1494,0.1858,0.0001,0.25,1
FIRMINOPOLIS,GO,-16.6048541625,-50.324849305,Biomassa,0.1493,0.1857,0.0,0.25,1
PLANALTINA,GO,-15.17777778,-47.74222222,Biomassa,0.1493,0.1858,0.0001,0.25,1
BARRO ALTO,GO,-14.9791189925,-49.162670915625,Biomassa,0.1493,0.1857,0.0,0.25,1
AGUA FRIA DE GOIAS,GO,-15.13377722,-48.01710833,Biomassa,0.1493,0.1857,0.0,0.25,1
CORUMBA DE GOIAS,GO,-15.802333335,-48.664541665,Biomassa,0.1493,0.1857,0.0,0.25,1
GOIANIRA,GO,-16.49865,-49.43028001,Biomassa,0.1493,0.1857,0.0001,0.25,1
PADRE BERNARDO,GO,-15.593935714285715,-48.519295237142856,Biomassa,0.1493,0.1857,0.0,0.25,1
TURVANIA,GO,-16.5309715275,-50.17774756875,Biomassa,0.1493,0.1857,0.0,0.25,1
VALPARAISO DE GOIAS,GO,-16.09352103,-47.98323016,Biomassa,0.1493,0.1858,0.0001,0.25,1
PIRENOPOLIS,GO,-15.85334195,-48.96252693,Biomassa,0.1493,0.1858,0.0001,0.25,1
ITAPACI,GO,-14.88542361,-49.5328472225,Biomassa,0.1493,0.1857,0.0,0.25,1
DAVINOPOLIS,GO,-18.13250278,-47.63995278,Biomassa,0.1493,0.1857,0.0,0.25,1
MONTES CLAROS DE GOIAS,GO,-15.91443611,-51.50776389,Biomassa,0.1493,0.1857,0.0,0.25,1
ALTO GARCAS,MT,-16.799708324999997,-53.585405030000004,Biomassa,0.1489,0.0908,0.1252,0.25,1
VOLTA REDONDA,RJ,-22.5185763625,-44.10525686,Biomassa,0.148,0.1823,0.0004,0.25,1
ITAPEMIRIM,ES,-20.900538335,-41.03465,H2 Verde,0.1468,0.2316,0.1252,0.0553,1
MANAUS,AM,-2.7045509128,-57.597531253999996,Biomassa,0.1468,0.0841,0.1271,0.2501,1
LINHARES,ES,-12.960658118888889,-26.654295874444443,Biomassa,0.1466,0.0845,0.1258,0.2501,1
CAMPOS DOS GOYTACAZES,RJ,-21.727614198571427,-41.33299136857143,Biomassa,0.1463,0.1779,0.0006,0.25,1
CABO FRIO,RJ,-22.821951720999998,-42.049097396,Biomassa,0.1459,0.1767,0.0009,0.25,1
SAO GONCALO,RJ,-22.834687166000002,-43.038922556,Biomassa,0.1458,0.1768,0.0004,0.25,1
ARARUAMA,RJ,-22.650740736666666,-42.23416666333333,Biomassa,0.1457,0.1767,0.0003,0.25,1
NITEROI,RJ,-22.8896715575,-43.111586185,Biomassa,0.1457,0.1765,0.0004,0.25,1
SAO PEDRO DA ALDEIA,RJ,-22.801407830000002,-42.1257720825,Biomassa,0.1457,0.1764,0.0004,0.25,1
IGUABA GRANDE,RJ,-22.844027775,-42.229722225,Biomassa,0.1456,0.1763,0.0002,0.25,1
TANGUA,RJ,-22.74666667,-42.78222222,Biomassa,0.1456,0.1764,0.0001,0.25,1
ARMACAO DE BUZIOS,RJ,-22.776249999999997,-41.93083333,Biomassa,0.1456,0.1763,0.0002,0.25,1
QUEIMADOS,RJ,-22.74119144,-43.62056431,Biomassa,0.1456,0.1764,0.0001,0.25,1
BELFORD ROXO,RJ,-22.76083577,-43.38234967,Biomassa,0.1456,0.1764,0.0001,0.25,1
MACUCO,RJ,-21.98548189,-42.23817344,Biomassa,0.1456,0.1764,0.0001,0.25,1
ITABORAI,RJ,-22.64535556,-42.860825,Biomassa,0.1455,0.1763,0.0,0.25,1
MEDEIROS NETO,RJ,-17.45693889,-40.14275278,Biomassa,0.1455,0.1763,0.0,0.25,1
VITORIA,ES,-20.275379286363634,-40.27643375,Biomassa,0.1427,0.0748,0.126,0.25,1
VILA VELHA,ES,-17.80697303,-35.27049256125,Biomassa,0.1426,0.0747,0.1257,0.25,1
JOAO PESSOA,PB,-6.568007315,-31.967332797500003,Biomassa,0.1417,0.072,0.1261,0.2502,1
CAMPINA GRANDE,PB,-7.31094610923077,-36.03027304153846,Biomassa,0.1391,0.0665,0.1251,0.25,1
IGARASSU,PE,-7.851015752,-34.990346596,Biomassa,0.1376,0.1563,0.0004,0.25,1
BARRA DOS COQUEIROS,SE,-10.812806890000001,-36.93316129,Biomassa,0.1371,0.0602,0.1252,0.2515,1
MIRANDA DO NORTE,MA,-3.5661887,-44.55871817,Biomassa,0.1365,0.1536,0.0002,0.25,1
UNIAO,PI,-4.85472222,-42.88611111,Biomassa,0.1359,0.1522,0.0001,0.25,1
FRONTEIRAS,PI,-6.95488898,-40.52030541,Biomassa,0.1357,0.1516,0.0001,0.25,1
GILBUES,PI,-9.757057778,-45.461336666,Biomassa,0.1356,0.1515,0.0,0.25,1
AFRANIO,PI,-8.53761,-41.14887436,Biomassa,0.1356,0.1515,0.0,0.25,1
SAO JOSE DO PEIXE,PI,-7.34764579875,-42.78524457625,Biomassa,0.1356,0.1515,0.0,0.25,1
LUIS CORREIA,PI,-3.10969396,-41.52849837181818,Biomassa,0.1356,0.1515,0.0,0.25,1
BREJO DO PIAUI,PI,-8.19050104375,-42.5388951375,Biomassa,0.1356,0.1515,0.0,0.25,1
BURITI DOS LOPES,PI,-3.146944446,-41.80285185333333,Biomassa,0.1356,0.1515,0.0,0.25,1
CAMPO MAIOR,PI,-4.7216690329629625,-42.04143991814814,Biomassa,0.1356,0.1515,0.0,0.25,1
CRISTINO CASTRO,PI,-8.854027773333334,-44.17171296,Biomassa,0.1356,0.1515,0.0,0.25,1
PARNAGUA,PI,-10.69272778,-44.678480555,Biomassa,0.1356,0.1515,0.0,0.25,1
ELISEU MARTINS,PI,-8.0782561925,-43.672628544999995,Biomassa,0.1356,0.1515,0.0,0.25,1
BOM PRINCIPIO DO PIAUI,PI,-3.137298990454546,-41.56310239909091,Biomassa,0.1356,0.1515,0.0,0.25,1
NOVA SANTA RITA,PI,-8.088028125,-42.05098993,Biomassa,0.1356,0.1515,0.0,0.25,1
SAO PEDRO DO PIAUI,PI,-5.81818738,-42.78659719,Biomassa,0.1356,0.1515,0.0001,0.25,1
PIRIPIRI,PI,-4.1733017672727275,-41.49008409272727,Biomassa,0.1356,0.1515,0.0,0.25,1
SAO LUIS DO QUITUNDE,AL,-9.30202096,-35.608431165,Biomassa,0.1354,0.057,0.1252,0.25,1
SAO JOSE DA LAJE,AL,-8.99868724,-36.0747107925,Biomassa,0.1353,0.0568,0.1254,0.2501,1
RIO LARGO,AL,-9.489051244999999,-35.850655415,Biomassa,0.1352,0.0565,0.1252,0.25,1
ARAPIRACA,AL,-7.3232211425,-27.489258815,Biomassa,0.1351,0.0562,0.1254,0.25,1
PENEDO,AL,-10.290583335,-36.514250000000004,Biomassa,0.1351,0.0563,0.1252,0.25,1
ITACOATIARA,AM,-2.31008411625,-44.02583642125,Biomassa,0.133,0.0508,0.1254,0.25,1
PETROLINA,PE,-9.39359083,-40.494249445,Biomassa,0.1329,0.1446,0.0002,0.25,1
BALSAS,MA,-7.993787005,-46.483942725000006,Biomassa,0.1329,0.1446,0.0002,0.25,1
PARINTINS,AM,-1.6912817616666667,-37.96782739,Biomassa,0.1326,0.05,0.1253,0.25,1
SAO JOSE DE RIBAMAR,MA,-2.58249952,-44.09554651,Biomassa,0.1326,0.1438,0.0001,0.25,1
CODO,MA,-4.45133806,-43.88608,Biomassa,0.1326,0.1438,0.0001,0.25,1
MAUES,AM,-3.424136964,-57.83968659,Biomassa,0.1326,0.0499,0.1254,0.25,1
ALDEIAS ALTAS,MA,-4.62388889,-43.61416667,Biomassa,0.1326,0.1439,0.0001,0.25,1
COELHO NETO,MA,-4.28624954,-42.98831793,Biomassa,0.1326,0.1439,0.0001,0.25,1
AUTAZES,AM,-3.5811796975,-59.16033976,Biomassa,0.1324,0.0495,0.1254,0.25,1
NOVO AIRAO,AM,-2.141029076,-61.166079086,Biomassa,0.1324,0.0493,0.1254,0.25,1
TAPAUA,AM,-2.8463877925,-31.898055137500002,Biomassa,0.1323,0.0493,0.1252,0.25,1
BARCELOS,AM,-1.31367795,-62.177543926666665,Biomassa,0.1323,0.0493,0.1254,0.25,1
EIRUNEPE,AM,-6.7428633079999996,-69.89258552599999,Biomassa,0.1323,0.0493,0.1254,0.25,1
BERURI,AM,-4.365842043333333,-61.90183898666667,Biomassa,0.1323,0.0493,0.1253,0.25,1
CAREIRO DA VARZEA,AM,-1.5961057975,-29.832399997499998,Biomassa,0.1323,0.0493,0.1252,0.25,1
JAPURA,AM,-0.9259722225,-33.398194445,Biomassa,0.1322,0.0491,0.1252,0.25,1
LAGOA DO ITAENGA,PE,-7.8967757899999995,-35.264346384999996,Biomassa,0.1321,0.1427,0.0002,0.25,1
CAMUTANGA,PE,-7.41761966,-35.24413455,Biomassa,0.1316,0.1415,0.0001,0.25,1
PAULISTA,PE,-7.940794163333333,-34.871060226666664,Biomassa,0.1313,0.1406,0.0003,0.25,1
FERNANDO DE NORONHA,PE,-3.84993525,-32.41720121,Biomassa,0.1313,0.1407,0.0001,0.25,1
CARPINA,PE,-7.81867745,-35.30713881,Biomassa,0.1313,0.1407,0.0001,0.25,1
TAMANDARE,PE,-8.76422222,-35.31622222,Biomassa,0.1313,0.1407,0.0001,0.25,1
ITAPISSUMA,PE,-7.794343,-34.91664566,Biomassa,0.1313,0.1407,0.0001,0.25,1
VICENCIA,PE,-7.65666667,-35.36083333,Biomassa,0.1313,0.1408,0.0001,0.25,1
PALMARES,PE,-8.6925,-35.60583333,Biomassa,0.1313,0.1407,0.0001,0.25,1
AMARAJI,PE,-8.38972222,-35.445,Biomassa,0.1312,0.1406,0.0,0.25,1
BREJAO,PE,-9.697037036666666,-40.465648146666666,Biomassa,0.1312,0.1406,0.0,0.25,1
RIACHO DAS ALMAS,PE,-8.14576111,-35.88139722,Biomassa,0.1312,0.1406,0.0,0.25,1
FLORESTA,PE,-8.705344445833333,-38.54424513916667,Biomassa,0.1312,0.1406,0.0,0.25,1
BUIQUE,PE,-8.637471130833333,-37.23066325083334,Biomassa,0.1312,0.1406,0.0,0.25,1
ACAUA,PE,-8.51920884,-41.14185238,Biomassa,0.1312,0.1406,0.0,0.25,1
BAIA FORMOSA,RN,-6.41613439,-35.0557286,Biomassa,0.1297,0.1366,0.0001,0.25,1
ARES,RN,-6.22663966,-35.19802455,Biomassa,0.1295,0.1361,0.0001,0.25,1
SANTA CRUZ,RN,-6.06513333,-36.01942229,Biomassa,0.1292,0.1355,0.0,0.25,1
CARAUBAS,RN,-5.736908333333333,-37.47251388666667,Biomassa,0.1292,0.1355,0.0,0.25,1
CARNAUBAIS,RN,-5.30558534,-37.0233854175,Biomassa,0.1292,0.1355,0.0,0.25,1
CAARAPO,MS,-22.610608220000003,-54.749301415,Biomassa,0.1269,0.1296,0.0002,0.25,1
ANGELICA,MS,-22.039657406666667,-53.84107411333334,Biomassa,0.1266,0.1288,0.0002,0.25,1
MARACAJU,MS,-21.778254015,-55.271168044999996,Biomassa,0.1262,0.1279,0.0002,0.25,1
SIDROLANDIA,MS,-20.89694444,-54.90166667,Biomassa,0.1259,0.1271,0.0001,0.25,1
BATAIPORA,MS,-22.45413334,-53.30467222,Biomassa,0.1257,0.1266,0.0001,0.25,1
NAVIRAI,MS,-23.12600967,-54.19243455,Biomassa,0.1254,0.1259,0.0001,0.25,1
NOVA ANDRADINA,MS,-22.0774472075,-53.405687725,Biomassa,0.1254,0.126,0.0002,0.25,1
FATIMA DO SUL,MS,-22.336396225,-54.52739169,Biomassa,0.1254,0.1258,0.0002,0.25,1
VICENTINA,MS,-22.44805556,-54.442125,Biomassa,0.1253,0.1256,0.0001,0.25,1
IGUATEMI,MS,-23.16267633,-54.38453455,Biomassa,0.1253,0.1257,0.0001,0.25,1
INOCENCIA,MS,-19.5742,-52.1025,Biomassa,0.1252,0.1256,0.0,0.25,1
ARACAJU,SE,-10.932726433571428,-37.0619199125,Biomassa,0.1184,0.0129,0.1275,0.25,1
ESTANCIA,SE,-5.64095322,-18.72340998,Biometano,0.1174,0.012,0.1252,0.25,1
ESTANCIA,SE,-5.64095322,-18.72340998,Biomassa,0.1174,0.0121,0.1252,0.25,1
ROLIM DE MOURA,RO,-11.72357364,-61.74882503,Biomassa,0.1165,0.1035,0.0002,0.25,1
GUAJARA-MIRIM,RO,-11.154773333333333,-65.19802036,Biomassa,0.1165,0.1035,0.0003,0.25,1
COSTA MARQUES,RO,-12.43831043,-64.22856358,Biomassa,0.1164,0.1035,0.0001,0.25,1
HUMAITA,RO,-8.02277778,-62.77277778,Biomassa,0.1164,0.1035,0.0001,0.25,1
SAO FRANCISCO DO GUAPORE,RO,-12.85105927,-62.90259268,Biomassa,0.1164,0.1035,0.0001,0.25,1
MARECHAL THAUMATURGO,AC,-9.001694445,-72.51820444500001,Biomassa,0.1156,0.0076,0.1252,0.25,1
PACARAIMA,RR,4.295089498888888,-61.01319524722222,Biomassa,0.1147,0.0042,0.1266,0.25,1
SAO JOAO DA BALIZA,RR,0.9349301475,-59.789238097500004,Biomassa,0.1147,0.0049,0.1254,0.2504,1
AMAJARI,RR,3.3009560444444443,-54.54753518333334,Biomassa,0.1144,0.0042,0.1258,0.25,1
NOVA OLIMPIA,MT,-14.75879801,-57.19577445,Biomassa,0.1118,0.0919,0.0001,0.25,1
VARZEA GRANDE,MT,-15.641521723333334,-56.127643041666666,Biomassa,0.1116,0.0911,0.0005,0.25,1
MIRASSOL D'OESTE,MT,-15.7044,-58.1253,Biomassa,0.1115,0.0911,0.0001,0.25,1
NOVA BANDEIRANTES,MT,-9.84295282,-57.8184758,Biomassa,0.1114,0.0908,0.0001,0.25,1
PORTO ESPERIDIAO,MT,-15.85961129,-58.468715865,Biomassa,0.1114,0.0908,0.0002,0.25,1
CONFRESA,MT,-10.65453607,-51.41867782,Biomassa,0.1114,0.0909,0.0001,0.25,1
QUERENCIA,MT,0.0,0.0,Biomassa,0.1113,0.0907,0.0,0.25,1
TAPURAH,MT,-12.36721889,-56.29749905,Biomassa,0.1113,0.0908,0.0001,0.25,1
SAO FELIX DO ARAGUAIA,MT,-11.63242544,-50.68594226,Biomassa,0.1113,0.0907,0.0001,0.25,1
RESERVA DO CABACAL,MT,-14.83868888,-58.62180833,Biomassa,0.1113,0.0907,0.0,0.25,1
COLNIZA,MT,-9.45790389,-59.21894889,Biomassa,0.1113,0.0908,0.0001,0.25,1
NOVO MUNDO,MT,-9.687177345,-55.33522424,Biomassa,0.1113,0.0907,0.0,0.25,1
VERA,MT,-12.394414585,-55.64611096,Biomassa,0.1113,0.0908,0.0001,0.25,1
PORTO ALEGRE DO NORTE,MT,-10.87797147,-51.63299291,Biomassa,0.1113,0.0908,0.0001,0.25,1
VALE DE SAO DOMINGOS,MT,-14.89435389,-58.87204871,Biomassa,0.1113,0.0907,0.0,0.25,1
ARACRUZ,ES,-19.84295367,-40.07470155,Biomassa,0.1076,0.0815,0.0001,0.25,1
VIANA,ES,-20.3938485,-40.454650406666666,Biomassa,0.1074,0.0807,0.0003,0.25,1
CONCEICAO DA BARRA,ES,-18.45735773,-39.9453552,Biomassa,0.1052,0.0754,0.0001,0.25,1
MONTANHA,ES,-18.12685694,-40.36342111,Biomassa,0.1048,0.0744,0.0001,0.25,1
JOAO NEIVA,ES,-19.75400967,-40.37653455,Biomassa,0.1048,0.0745,0.0001,0.25,1
SAO MAMEDE,PB,-6.9460959835416665,-37.035767365625,Eolica,0.103,0.2204,0.0,0.0496,1
PEDRO AFONSO,TO,-9.19801513,-48.14333793,Biomassa,0.1022,0.0679,0.0001,0.25,1
PORTO NACIONAL,TO,-10.60711019,-48.37341185,Biomassa,0.1014,0.0658,0.0001,0.25,1
ARRAIAS,TO,-12.93442,-46.94610694,Biomassa,0.1013,0.0657,0.0001,0.25,1
TOCANTINOPOLIS,TO,-6.32897182,-47.433333045,Biomassa,0.1013,0.0655,0.0002,0.25,1
GURUPI,TO,-11.773810183333334,-48.92797685,Biomassa,0.1012,0.0655,0.0,0.25,1
GUARAI,TO,-8.8669492,-48.48608076,Biomassa,0.1012,0.0655,0.0001,0.25,1
NOVA OLINDA,TO,-7.633315,-48.42480694,Biomassa,0.1012,0.0655,0.0001,0.25,1
RIO DA CONCEICAO,TO,-11.39980278,-46.88812778,Biomassa,0.1012,0.0655,0.0,0.25,1
PARAISO DO TOCANTINS,TO,-10.16694707,-48.87610711,Biomassa,0.1012,0.0655,0.0001,0.25,1
MONTE SANTO DO TOCANTINS,TO,-10.10212077,-48.92331233,Biomassa,0.1012,0.0655,0.0001,0.25,1
SANTA RITA,PB,-7.0280567000000005,-35.04681338666666,Biomassa,0.1002,0.0628,0.0003,0.25,1
PEDRAS DE FOGO,PB,-7.35327785,-35.02966974,Biomassa,0.1,0.0624,0.0001,0.25,1
MAMANGUAPE,PB,-6.68319366,-35.14897261,Biomassa,0.0999,0.0621,0.0001,0.25,1
CAAPORA,PB,-7.50838722,-34.87588028,Biomassa,0.0998,0.0619,0.0001,0.25,1
SAO JOAO DO TIGRE,PB,-8.132431281,-36.771737958,Biomassa,0.0996,0.0615,0.0,0.25,1
PEDRA LAVRADA,PB,-6.757572745,-36.386360296,Biomassa,0.0996,0.0615,0.0,0.25,1
SAO VICENTE DO SERIDO,PB,-4.5160222,-24.278601626666667,Biomassa,0.0996,0.0615,0.0,0.25,1
NOVA PALMEIRA,PB,-6.713828541,-36.394753698,Biomassa,0.0996,0.0615,0.0,0.25,1
BAYEUX,PB,-7.14718849,-34.95042855,Biomassa,0.0996,0.0615,0.0001,0.25,1
POCINHOS,PB,-7.0362075125,-35.9702556075,Biomassa,0.0996,0.0615,0.0,0.25,1
CORONEL EZEQUIEL,PB,-6.03732806,-36.13237762,Biomassa,0.0996,0.0615,0.0,0.25,1
JUAZEIRINHO,PB,0.0,0.0,Biomassa,0.0996,0.0615,0.0,0.25,1
CORURIPE,AL,-10.0948784875,-36.2812496275,Biomassa,0.0987,0.0589,0.0004,0.25,1
TEOTONIO VILELA,AL,-9.91194459,-36.344767565,Biomassa,0.0983,0.058,0.0002,0.25,1
SAO MIGUEL DOS CAMPOS,AL,-9.77704647,-36.08536859,Biomassa,0.0982,0.058,0.0001,0.25,1
IGREJA NOVA,AL,-10.15063889,-36.542,Biomassa,0.0977,0.0568,0.0001,0.25,1
MARECHAL DEODORO,AL,-9.705282323333334,-35.86806835666667,Biomassa,0.0977,0.0565,0.0003,0.25,1
JEQUIA DA PRAIA,AL,-9.88113966,-36.15073455,Biomassa,0.0977,0.0567,0.0001,0.25,1
BOCA DA MATA,AL,-9.62667,-36.19892,Biomassa,0.0977,0.0566,0.0001,0.25,1
UNIAO DOS PALMARES,AL,-9.12085,-36.01421,Biomassa,0.0976,0.0563,0.0001,0.25,1
PORTO CALVO,AL,-9.05244806,-35.39833389,Biomassa,0.0976,0.0563,0.0001,0.25,1
ATALAIA,AL,-9.50138694,-36.02142694,Biomassa,0.0976,0.0565,0.0001,0.25,1
COLONIA LEOPOLDINA,AL,-8.905083914999999,-35.69319546,Biomassa,0.0976,0.0563,0.0002,0.25,1
CAJUEIRO,AL,-9.33352966,-36.15008455,Biomassa,0.0975,0.0563,0.0001,0.25,1
MANICORE,AM,-5.886132551666666,-61.38540220666667,Biomassa,0.0952,0.0502,0.0005,0.25,1
COARI,AM,-4.15547988,-63.14960584,Biomassa,0.0951,0.0502,0.0001,0.25,1
TEFE,AM,-3.4098797383333337,-64.65055325833333,Biomassa,0.0951,0.0499,0.0004,0.25,1
SILVES,AM,-2.76409944,-58.188875628000005,Biomassa,0.095,0.05,0.0002,0.25,1
CAREIRO,AM,-3.61123714,-60.134710975000004,Biomassa,0.095,0.0499,0.0002,0.25,1
SAO GABRIEL DA CACHOEIRA,AM,0.13415074999999999,-67.024100034,Biomassa,0.0949,0.0494,0.0004,0.25,1
TABATINGA,AM,-4.200429625,-69.8356690175,Biomassa,0.0949,0.0496,0.0004,0.25,1
LABREA,AM,-7.28121389,-64.77726944,Biomassa,0.0949,0.0496,0.0001,0.25,1
NOVO ARIPUANA,AM,-5.117453815,-60.372244555,Biomassa,0.0948,0.0495,0.0002,0.25,1
SANTO ANTONIO DO ICA,AM,-3.0422431175,-68.6769582175,Biomassa,0.0948,0.0492,0.0004,0.25,1
BARREIRINHA,AM,-2.799945345,-57.14204437,Biomassa,0.0948,0.0493,0.0002,0.25,1
MANACAPURU,AM,-3.3968107025,-60.931370827500004,Biomassa,0.0948,0.0492,0.0004,0.25,1
APUI,AM,-7.068647406666667,-59.607532219999996,Biomassa,0.0948,0.0492,0.0003,0.25,1
BENJAMIN CONSTANT,AM,-4.326666664999999,-69.78611111000001,Biomassa,0.0948,0.0493,0.0002,0.25,1
CARAUARI,AM,-4.876835460000001,-66.898223535,Biomassa,0.0948,0.0493,0.0002,0.25,1
BORBA,AM,-4.1647545599999996,-59.44694380000001,Biomassa,0.0948,0.0494,0.0003,0.25,1
BOCA DO ACRE,AM,-8.76931107,-67.32919716,Biomassa,0.0948,0.0496,0.0001,0.25,1
URUCURITUBA,AM,-2.9454784050000002,-57.95846412,Biomassa,0.0948,0.0493,0.0002,0.25,1
CODAJAS,AM,-3.822916685,-62.25805556,Biomassa,0.0947,0.0492,0.0002,0.25,1
NHAMUNDA,AM,-2.18929485,-56.71437611,Biomassa,0.0947,0.0492,0.0001,0.25,1
JUTAI,AM,-2.74222222,-66.76833333,Biomassa,0.0947,0.0492,0.0001,0.25,1
MARAA,AM,-1.8289593,-65.60696942,Biomassa,0.0947,0.0491,0.0001,0.25,1
FONTE BOA,AM,-2.52416661,-66.03861108,Biomassa,0.0947,0.0492,0.0001,0.25,1
ATALAIA DO NORTE,AM,-4.679558146666667,-70.83424073666667,Biomassa,0.0947,0.049,0.0002,0.25,1
ITAPIRANGA,AM,-2.74968043,-58.02233714,Biomassa,0.0947,0.0492,0.0001,0.25,1
IPIXUNA,AM,-7.05472225,-71.691389,Biomassa,0.0947,0.0491,0.0001,0.25,1
JURUA,AM,-3.0725196,-65.869806025,Biomassa,0.0947,0.0491,0.0002,0.25,1
ITAMARATI,AM,-6.43944444,-68.24611111,Biomassa,0.0947,0.0491,0.0001,0.25,1
NOVA OLINDA DO NORTE,AM,-3.88630556,-59.07238889,Biomassa,0.0947,0.0493,0.0001,0.25,1
URUCARA,AM,-2.53472222,-57.76055556,Biomassa,0.0947,0.0492,0.0001,0.25,1
CAAPIRANGA,AM,-3.3480201566666667,-61.26273282333333,Biomassa,0.0947,0.0492,0.0003,0.25,1
ANORI,AM,-3.729775725,-61.66126692500001,Biomassa,0.0947,0.0492,0.0002,0.25,1
SAO SEBASTIAO DO UATUMA,AM,-2.575691285,-57.92724986,Biomassa,0.0947,0.0492,0.0002,0.25,1
UARINI,AM,-2.98611111,-65.15777778,Biomassa,0.0947,0.0491,0.0001,0.25,1
ANAMA,AM,-3.5796249949999996,-61.405013885,Biomassa,0.0947,0.0492,0.0002,0.25,1
PAUINI,AM,-7.71559029,-66.99410287,Biomassa,0.0947,0.0492,0.0001,0.25,1
ALVARAES,AM,-3.23472222,-64.78666667,Biomassa,0.0947,0.0491,0.0001,0.25,1
RIO PRETO DA EVA,AM,-2.69500966,-59.69053455,Biomassa,0.0947,0.0493,0.0001,0.25,1
SAO PAULO DE OLIVENCA,AM,-4.497841660000001,-69.45079755500001,Biomassa,0.0947,0.0492,0.0002,0.25,1
ENVIRA,AM,-7.44083333,-70.02972222,Biomassa,0.0947,0.0491,0.0001,0.25,1
TONANTINS,AM,-2.8877777,-67.79416658,Biomassa,0.0947,0.0491,0.0001,0.25,1
MANAQUIRI,AM,-3.43187485,-60.45961901,Biomassa,0.0947,0.0493,0.0001,0.25,1
CANUTAMA,AM,-6.387387465,-64.315862665,Biomassa,0.0947,0.0492,0.0002,0.25,1
BOA VISTA DO RAMOS,AM,-2.96537386,-57.5863244,Biomassa,0.0947,0.0492,0.0001,0.25,1
AMATURA,AM,-3.36916667,-68.19111093,Biomassa,0.0947,0.0491,0.0001,0.25,1
SANTA ISABEL DO RIO NEGRO,AM,-0.42055556,-65.03527778,Biomassa,0.0946,0.049,0.0,0.25,1
IAURETE,AM,-0.12600966,-67.07953455,Biomassa,0.0946,0.049,0.0001,0.25,1
VILA BITTENCOURT,AM,-1.39138889,-69.42416667,Biomassa,0.0946,0.049,0.0001,0.25,1
BOA VISTA,RR,2.974181965882353,-60.67683633941176,Biomassa,0.0817,0.0156,0.0015,0.25,1
NOSSA SENHORA DAS DORES,SE,-10.46812336,-37.18153455,Biomassa,0.0801,0.0128,0.0001,0.25,1
CAPELA,SE,-10.5061,-37.054833056666666,Biomassa,0.0801,0.0125,0.0003,0.25,1
NOSSA SENHORA DO SOCORRO,SE,-10.879601222,-37.083778608,Biomassa,0.08,0.0122,0.0004,0.25,1
LARANJEIRAS,SE,-10.76470966,-37.20453455,Biomassa,0.08,0.0125,0.0001,0.25,1
SIMAO DIAS,SE,-10.704670069999999,-37.81108594,Biomassa,0.0799,0.0121,0.0002,0.25,1
SIMAO DIAS,SE,-10.704670069999999,-37.81108594,Biometano,0.0799,0.012,0.0002,0.25,1
JAPARATUBA,SE,-10.52103611,-36.86424097,Biometano,0.0798,0.012,0.0,0.25,1
JAPARATUBA,SE,-10.52103611,-36.86424097,Biomassa,0.0798,0.012,0.0,0.25,1
MURIBECA,SE,-10.42212528,-36.92247056,Biometano,0.0798,0.012,0.0001,0.25,1
NEOPOLIS,SE,-10.31587806,-36.57671805,Biometano,0.0798,0.012,0.0001,0.25,1
CANINDE DE SAO FRANCISCO,SE,-9.75478287,-37.96453004666667,Biometano,0.0798,0.012,0.0,0.25,1
CANINDE DE SAO FRANCISCO,SE,-9.75478287,-37.96453004666667,Biomassa,0.0798,0.012,0.0,0.25,1
NEOPOLIS,SE,-10.31587806,-36.57671805,Biomassa,0.0798,0.012,0.0001,0.25,1
MURIBECA,SE,-10.42212528,-36.92247056,Biomassa,0.0798,0.012,0.0001,0.25,1
MACAPA,AP,0.026047643333333332,-51.09835822333333,Biomassa,0.0796,0.0114,0.0003,0.25,1
RIO BRANCO,AC,-9.95967899,-67.82951204071428,Biomassa,0.0784,0.0077,0.0012,0.25,1
TARAUACA,AC,-8.157028885,-70.773682915,Biomassa,0.0782,0.0079,0.0002,0.25,1
FEIJO,AC,-8.170266945000002,-70.35661644499999,Biomassa,0.0782,0.0078,0.0002,0.25,1
JORDAO,AC,-9.43416667,-71.88388888,Biomassa,0.078,0.0075,0.0001,0.25,1
ASSIS BRASIL,AC,-10.94286568,-69.56345917,Biomassa,0.078,0.0075,0.0001,0.25,1
PORTO WALTER,AC,-8.26333333,-72.74138889,Biomassa,0.078,0.0075,0.0001,0.25,1
MANOEL URBANO,AC,-8.87363671,-69.2806454,Biomassa,0.078,0.0075,0.0001,0.25,1
SANTA ROSA DO PURUS,AC,-9.44086903,-70.48358544,Biomassa,0.078,0.0075,0.0001,0.25,1
UIRAMUTA,RR,4.54788865347826,-60.214430416956525,Biomassa,0.0772,0.004,0.002,0.25,1
CARACARAI,RR,0.47867138000000004,-61.61194752142857,Biomassa,0.0772,0.0046,0.0012,0.25,1
NORMANDIA,RR,3.945740155714286,-59.98794749761905,Biomassa,0.0772,0.0041,0.0018,0.25,1
CANTA,RR,2.6773053562499998,-60.5838322875,Biomassa,0.0771,0.0047,0.0007,0.25,1
RORAINOPOLIS,RR,-0.030097463571428562,-60.91133971214286,Biomassa,0.0771,0.0044,0.0012,0.25,1
CAROEBE,RR,0.63022259,-59.331345925,Biomassa,0.0767,0.0039,0.0005,0.25,1
MUCAJAI,RR,2.47977195,-60.91151888,Biomassa,0.0766,0.0039,0.0001,0.25,1
ALTO ALEGRE,RR,2.9094363999999997,-62.485952749999996,Biomassa,0.0766,0.004,0.0002,0.25,1
IRACEMA,RR,2.18123141,-61.03153455,Biomassa,0.0766,0.004,0.0001,0.25,1
